{"type":"FeatureCollection","features":[{"type":"Feature","properties":{"osmId":"4323187","railway_type":"rail","name":"Zagreb Gk – Rijeka","electrified":"contact_line","voltage":"25000","frequency":"50","bounds":[15.9103169,45.7519002,15.9135724,45.7532585],"tags":{"electrified":"contact_line","frequency":"50","gauge":"1435","loading_gauge":"TSI_GC","maxspeed":"90","maxspeed:tilting":"110","name":"Zagreb Gk – Rijeka","operator":"HŽ Infrastruktura","passenger_lines":"1","railway":"rail","railway:pzb":"yes","ref":"M202","usage":"main","voltage":"25000"}},"geometry":{"type":"LineString","coordinates":[[15.9135724,45.7532585],[15.913503,45.7532295],[15.9124152,45.7527757],[15.9110442,45.7522036],[15.9109884,45.7521804],[15.9103169,45.7519002]]}},{"type":"Feature","properties":{"osmId":"8313269","railway_type":"rail","name":"Zagreb Zk – Trešnjevka","electrified":"contact_line","voltage":"25000","frequency":"50","bounds":[15.9626018,45.802269,15.9626537,45.8023453],"tags":{"bridge":"yes","electrified":"contact_line","frequency":"50","gauge":"1435","layer":"1","maxaxleload":"22","maxspeed":"40","name":"Zagreb Zk – Trešnjevka","operator":"HŽ Infrastruktura","passenger_lines":"1","railway":"rail","railway:pzb":"yes","railway:traffic_mode":"freight","ref":"M405","usage":"main","voltage":"25000"}},"geometry":{"type":"LineString","coordinates":[[15.9626018,45.802269],[15.9626537,45.8023453]]}},{"type":"Feature","properties":{"osmId":"18129602","railway_type":"rail","name":null,"electrified":"no","voltage":null,"frequency":null,"bounds":[16.0067719,45.7551262,16.018824,45.7560681],"tags":{"electrified":"no","gauge":"1435","maxaxleload":"22.5","operator":"HŽ Infrastruktura","railway":"rail","service":"yard"}},"geometry":{"type":"LineString","coordinates":[[16.018824,45.7551262],[16.018717,45.7551373],[16.0185995,45.7551521],[16.0184586,45.7551761],[16.0183254,45.7551983],[16.0181877,45.7552165],[16.0175604,45.7552671],[16.0075268,45.7560603],[16.0073728,45.7560673],[16.0072264,45.7560681],[16.0070919,45.7560609],[16.0069884,45.7560524],[16.0067719,45.7560336]]}},{"type":"Feature","properties":{"osmId":"18129603","railway_type":"rail","name":null,"electrified":"no","voltage":null,"frequency":null,"bounds":[16.0062248,45.7562808,16.0164253,45.7571212],"tags":{"electrified":"no","gauge":"1435","maxaxleload":"22.5","operator":"HŽ Infrastruktura","railway":"rail","service":"yard"}},"geometry":{"type":"LineString","coordinates":[[16.0062248,45.7565575],[16.0063761,45.7566026],[16.0064691,45.7566339],[16.0065196,45.7566511],[16.0066174,45.7566909],[16.0067152,45.7567315],[16.0069887,45.756867],[16.007116,45.7569244],[16.0072497,45.7569725],[16.0074225,45.7570247],[16.0075621,45.757059],[16.0077042,45.7570837],[16.0080569,45.7571212],[16.0083788,45.7571139],[16.0144057,45.7566281],[16.0146143,45.7566063],[16.0151999,45.7565082],[16.0156259,45.7564348],[16.016107,45.756351],[16.0162037,45.7563329],[16.0162991,45.7563109],[16.0164253,45.7562808]]}},{"type":"Feature","properties":{"osmId":"22375207","railway_type":"rail","name":"Sesvete – Sava","electrified":"contact_line","voltage":"25000","frequency":"50","bounds":[16.0446774,45.7576404,16.0454788,45.7615346],"tags":{"bridge":"yes","electrified":"contact_line","frequency":"50","gauge":"1435","layer":"1","loading_gauge":"TSI_GC","maxaxleload":"22.5","maxspeed":"20","name":"Sesvete – Sava","operator":"HŽ Infrastruktura","passenger_lines":"2","railway":"rail","railway:pzb":"yes","railway:traffic_mode":"freight","ref":"M401","usage":"main","voltage":"25000"}},"geometry":{"type":"LineString","coordinates":[[16.0454788,45.7615346],[16.0446774,45.7576404]]}},{"type":"Feature","properties":{"osmId":"27907381","railway_type":"rail","name":"Zagreb Gk – Dugo Selo","electrified":"contact_line","voltage":"25000","frequency":"50","bounds":[16.0380361,45.8164821,16.063776,45.8207777],"tags":{"electrified":"contact_line","frequency":"50","gauge":"1435","loading_gauge":"TSI_GB","maxaxleload":"22.5","maxspeed":"140","name":"Zagreb Gk – Dugo Selo","operator":"HŽ Infrastruktura","passenger_lines":"2","railway":"rail","railway:pzb":"yes","railway:traffic_mode":"mixed","ref":"M102","usage":"main","voltage":"25000"}},"geometry":{"type":"LineString","coordinates":[[16.0380361,45.8164821],[16.0389009,45.8166296],[16.0395155,45.8167337],[16.0407195,45.8169336],[16.0420593,45.817164],[16.0436873,45.8174378],[16.0459232,45.8178154],[16.0484008,45.818232],[16.0488367,45.8183028],[16.0495333,45.8184249],[16.0509964,45.8186688],[16.0512039,45.8187027],[16.0557326,45.8194686],[16.0617469,45.8204383],[16.062218,45.8205191],[16.0625861,45.8205809],[16.0633609,45.8207072],[16.063776,45.8207777]]}},{"type":"Feature","properties":{"osmId":"27907382","railway_type":"rail","name":"DG – S. Marof – Zagreb Gk","electrified":"contact_line","voltage":"25000","frequency":"50","bounds":[15.9656537,45.8046679,15.9660371,45.8048491],"tags":{"bridge":"viaduct","electrified":"contact_line","frequency":"50","gauge":"1435","layer":"1","loading_gauge":"TSI_GC","maxaxleload":"22","maxspeed":"60","name":"DG – S. Marof – Zagreb Gk","operator":"HŽ Infrastruktura","passenger_lines":"2","railway":"rail","railway:pzb":"yes","railway:traffic_mode":"mixed","ref":"M101","usage":"main","voltage":"25000"}},"geometry":{"type":"LineString","coordinates":[[15.9660371,45.8046679],[15.9656537,45.8048491]]}},{"type":"Feature","properties":{"osmId":"29231549","railway_type":"rail","name":"Zagreb Gk – Rijeka","electrified":"contact_line","voltage":"25000","frequency":"50","bounds":[15.9554583,45.7837449,15.9567515,45.7863808],"tags":{"bridge":"yes","electrified":"contact_line","frequency":"50","gauge":"1435","layer":"1","loading_gauge":"TSI_GC","maxaxleload":"22","maxspeed":"80","maxspeed:tilting":"100","name":"Zagreb Gk – Rijeka","operator":"HŽ Infrastruktura","passenger_lines":"1","railway":"rail","railway:pzb":"yes","railway:traffic_mode":"mixed","ref":"M202","usage":"main","voltage":"25000"}},"geometry":{"type":"LineString","coordinates":[[15.9567515,45.7837449],[15.9554583,45.7863808]]}},{"type":"Feature","properties":{"osmId":"29231608","railway_type":"rail","name":"Zagreb Zk – Trešnjevka","electrified":"contact_line","voltage":"25000","frequency":"50","bounds":[15.9616452,45.8035166,15.9633462,45.8074444],"tags":{"electrified":"contact_line","embankment":"yes","frequency":"50","gauge":"1435","maxaxleload":"22","maxspeed":"40","name":"Zagreb Zk – Trešnjevka","operator":"HŽ Infrastruktura","passenger_lines":"1","railway":"rail","railway:pzb":"yes","railway:traffic_mode":"freight","ref":"M405","usage":"main","voltage":"25000"}},"geometry":{"type":"LineString","coordinates":[[15.9632269,45.8035166],[15.9632662,45.8036733],[15.9632976,45.8038286],[15.9633203,45.8039899],[15.9633329,45.8041102],[15.9633462,45.8042712],[15.9633434,45.8044603],[15.9633374,45.8046177],[15.9633226,45.8047529],[15.9633072,45.8048722],[15.963296,45.8049591],[15.9632745,45.805058],[15.9632366,45.8052142],[15.963192,45.8053631],[15.9631524,45.8054946],[15.9631278,45.8055648],[15.9630863,45.8056633],[15.963015,45.8058285],[15.9629548,45.8059529],[15.9629049,45.806047],[15.9628096,45.8062107],[15.9627674,45.8062857],[15.9627013,45.806382],[15.9626422,45.806471],[15.9625975,45.8065296],[15.9625566,45.806582],[15.9625214,45.8066259],[15.9624603,45.8066977],[15.962408,45.806758],[15.9622966,45.8068795],[15.9622206,45.80696],[15.9620756,45.8070963],[15.961915,45.8072348],[15.9617861,45.8073392],[15.9616452,45.8074444]]}},{"type":"Feature","properties":{"osmId":"29231609","railway_type":"rail","name":"Zagreb Zk – Trešnjevka","electrified":"contact_line","voltage":"25000","frequency":"50","bounds":[15.9630672,45.8030736,15.9631015,45.8031548],"tags":{"bridge":"viaduct","electrified":"contact_line","frequency":"50","gauge":"1435","layer":"1","maxaxleload":"22","maxspeed":"40","name":"Zagreb Zk – Trešnjevka","operator":"HŽ Infrastruktura","passenger_lines":"1","railway":"rail","railway:pzb":"yes","railway:traffic_mode":"freight","ref":"M405","usage":"main","voltage":"25000"}},"geometry":{"type":"LineString","coordinates":[[15.9630672,45.8030736],[15.9631015,45.8031548]]}},{"type":"Feature","properties":{"osmId":"29231610","railway_type":"rail","name":"Zagreb Gk – Rijeka","electrified":"contact_line","voltage":"25000","frequency":"50","bounds":[15.9645255,45.8024632,15.9694452,45.8035389],"tags":{"electrified":"contact_line","frequency":"50","gauge":"1435","loading_gauge":"TSI_GC","maxaxleload":"22","maxspeed":"50","maxspeed:tilting":"50","name":"Zagreb Gk – Rijeka","operator":"HŽ Infrastruktura","passenger_lines":"1","railway":"rail","railway:pzb":"yes","railway:traffic_mode":"mixed","ref":"M202","usage":"main","voltage":"25000"}},"geometry":{"type":"LineString","coordinates":[[15.9694452,45.8035389],[15.9664403,45.8029032],[15.9657052,45.8027482],[15.9650998,45.8026144],[15.9645255,45.8024632]]}},{"type":"Feature","properties":{"osmId":"29231612","railway_type":"rail","name":"Zagreb Gk – Rijeka","electrified":"contact_line","voltage":"25000","frequency":"50","bounds":[15.9638887,45.8022704,15.9645255,45.8024632],"tags":{"bridge":"yes","electrified":"contact_line","frequency":"50","gauge":"1435","layer":"1","loading_gauge":"TSI_GC","maxspeed":"50","maxspeed:tilting":"50","name":"Zagreb Gk – Rijeka","operator":"HŽ Infrastruktura","passenger_lines":"1","railway":"rail","railway:pzb":"yes","railway:traffic_mode":"mixed","ref":"M202","usage":"main","voltage":"25000"}},"geometry":{"type":"LineString","coordinates":[[15.9645255,45.8024632],[15.9641061,45.8023387],[15.9638887,45.8022704]]}},{"type":"Feature","properties":{"osmId":"29231613","railway_type":"rail","name":"DG – S. Marof – Zagreb Gk","electrified":"contact_line","voltage":"25000","frequency":"50","bounds":[15.9614642,45.8074856,15.9616992,45.8076404],"tags":{"bridge":"yes","electrified":"contact_line","frequency":"50","gauge":"1435","layer":"1","loading_gauge":"TSI_GC","maxaxleload":"22","maxspeed":"60","name":"DG – S. Marof – Zagreb Gk","operator":"HŽ Infrastruktura","passenger_lines":"2","railway":"rail","railway:pzb":"yes","railway:traffic_mode":"mixed","ref":"M101","usage":"main","voltage":"25000"}},"geometry":{"type":"LineString","coordinates":[[15.9616992,45.8074856],[15.9614642,45.8076404]]}},{"type":"Feature","properties":{"osmId":"29231614","railway_type":"rail","name":"DG – S. Marof – Zagreb Gk","electrified":"contact_line","voltage":"25000","frequency":"50","bounds":[15.9588952,45.8076404,15.9614642,45.8087288],"tags":{"electrified":"contact_line","frequency":"50","gauge":"1435","loading_gauge":"TSI_GC","maxaxleload":"22","maxspeed":"60","name":"DG – S. Marof – Zagreb Gk","operator":"HŽ Infrastruktura","passenger_lines":"2","railway":"rail","railway:pzb":"yes","railway:traffic_mode":"mixed","ref":"M101","usage":"main","voltage":"25000"}},"geometry":{"type":"LineString","coordinates":[[15.9614642,45.8076404],[15.9613171,45.807732],[15.9611481,45.8078268],[15.9610323,45.8078906],[15.9608562,45.8079844],[15.9606842,45.8080698],[15.9604937,45.8081611],[15.9603013,45.8082536],[15.9600508,45.8083546],[15.9597856,45.8084549],[15.9594869,45.8085579],[15.9592065,45.8086466],[15.9588952,45.8087288]]}},{"type":"Feature","properties":{"osmId":"29231615","railway_type":"rail","name":"DG – S. Marof – Zagreb Gk","electrified":"contact_line","voltage":"25000","frequency":"50","bounds":[15.9692919,45.803984,15.9693505,45.8039853],"tags":{"bridge":"yes","electrified":"contact_line","frequency":"50","gauge":"1435","layer":"1","loading_gauge":"TSI_GC","maxaxleload":"22","maxspeed":"60","name":"DG – S. Marof – Zagreb Gk","operator":"HŽ Infrastruktura","passenger_lines":"2","railway":"rail","railway:pzb":"yes","railway:traffic_mode":"mixed","ref":"M101","usage":"main","voltage":"25000"}},"geometry":{"type":"LineString","coordinates":[[15.9693505,45.803984],[15.9692919,45.8039853]]}},{"type":"Feature","properties":{"osmId":"29231616","railway_type":"rail","name":"Zagreb Gk – Rijeka","electrified":"contact_line","voltage":"25000","frequency":"50","bounds":[15.9694452,45.8035389,15.9695197,45.8035551],"tags":{"bridge":"yes","electrified":"contact_line","frequency":"50","gauge":"1435","layer":"1","loading_gauge":"TSI_GC","maxaxleload":"22","maxspeed":"50","maxspeed:tilting":"50","name":"Zagreb Gk – Rijeka","operator":"HŽ Infrastruktura","passenger_lines":"1","railway":"rail","railway:pzb":"yes","railway:traffic_mode":"mixed","ref":"M202","usage":"main","voltage":"25000"}},"geometry":{"type":"LineString","coordinates":[[15.9695197,45.8035551],[15.9694452,45.8035389]]}},{"type":"Feature","properties":{"osmId":"29301463","railway_type":"rail","name":null,"electrified":null,"voltage":null,"frequency":null,"bounds":[16.0117416,45.7766639,16.0491097,45.7823794],"tags":{"disused":"yes","gauge":"1435","maxaxleload":"22.5","railway":"rail","service":"spur","usage":"industrial"}},"geometry":{"type":"LineString","coordinates":[[16.0489158,45.7787021],[16.0490933,45.779584],[16.0491097,45.7798681],[16.049076,45.780087],[16.0490426,45.7802013],[16.0489853,45.7803369],[16.048933,45.7804422],[16.0487895,45.7806563],[16.048684,45.7807695],[16.0484284,45.7810078],[16.0482711,45.7811176],[16.0480153,45.7812577],[16.0469446,45.7817985],[16.0469079,45.7818145],[16.0468821,45.7818258],[16.046822,45.7818521],[16.0465436,45.7819692],[16.0462865,45.7820584],[16.0460907,45.7821138],[16.0458589,45.7821696],[16.0456627,45.7822079],[16.045426,45.7822445],[16.0451864,45.7822709],[16.0450019,45.7822833],[16.0448126,45.7822894],[16.0445535,45.7822875],[16.0443387,45.7822767],[16.0440363,45.782247],[16.0438613,45.7822221],[16.0435992,45.7821728],[16.0432994,45.7821007],[16.0411617,45.7814694],[16.0400797,45.7811465],[16.0390616,45.7808467],[16.0390052,45.7808279],[16.0383447,45.780634],[16.0363608,45.7800451],[16.0332144,45.7791112],[16.0311753,45.7785061],[16.0305326,45.7783176],[16.0297852,45.7780923],[16.0288978,45.7778324],[16.0272347,45.777339],[16.025851,45.7769278],[16.0255818,45.7768501],[16.0254005,45.7768051],[16.0251966,45.776759],[16.0249937,45.7767263],[16.0247767,45.7766971],[16.0245054,45.7766741],[16.0241976,45.7766639],[16.0239059,45.7766702],[16.0236822,45.776685],[16.0234953,45.7767065],[16.0233729,45.7767249],[16.0232355,45.7767525],[16.0228279,45.7768308],[16.0227563,45.7768455],[16.0225517,45.7768875],[16.0222705,45.7769539],[16.0217984,45.7770754],[16.0214941,45.7771387],[16.0211616,45.7772193],[16.0198829,45.7775243],[16.0192962,45.7776596],[16.0190973,45.7777137],[16.0188618,45.7777969],[16.0185499,45.7779128],[16.0183028,45.7780105],[16.0180794,45.7781111],[16.0178789,45.778199],[16.0177017,45.7782952],[16.0173981,45.7784996],[16.0143451,45.7805911],[16.013282,45.7813202],[16.0117416,45.7823794]]}},{"type":"Feature","properties":{"osmId":"29301758","railway_type":"rail","name":"Zagreb Gk – Rijeka","electrified":"contact_line","voltage":"25000","frequency":"50","bounds":[15.9592089,45.7972848,15.9592729,45.7973802],"tags":{"bridge":"yes","electrified":"contact_line","frequency":"50","gauge":"1435","layer":"1","loading_gauge":"TSI_GC","maxaxleload":"22","maxspeed":"80","maxspeed:tilting":"100","name":"Zagreb Gk – Rijeka","operator":"HŽ Infrastruktura","passenger_lines":"1","railway":"rail","railway:pzb":"yes","railway:traffic_mode":"mixed","ref":"M202","usage":"main","voltage":"25000"}},"geometry":{"type":"LineString","coordinates":[[15.9592089,45.7972848],[15.9592729,45.7973802]]}},{"type":"Feature","properties":{"osmId":"29301759","railway_type":"rail","name":"Zagreb Gk – Rijeka","electrified":"contact_line","voltage":"25000","frequency":"50","bounds":[15.9572586,45.7944323,15.9592089,45.7972848],"tags":{"electrified":"contact_line","embankment":"yes","frequency":"50","gauge":"1435","loading_gauge":"TSI_GC","maxaxleload":"22","maxspeed":"80","maxspeed:tilting":"100","name":"Zagreb Gk – Rijeka","operator":"HŽ Infrastruktura","passenger_lines":"1","railway":"rail","railway:pzb":"yes","railway:traffic_mode":"mixed","ref":"M202","usage":"main","voltage":"25000"}},"geometry":{"type":"LineString","coordinates":[[15.9572586,45.7944323],[15.9592089,45.7972848]]}},{"type":"Feature","properties":{"osmId":"29979703","railway_type":"rail","name":"Zagreb RkOs – Mićevac","electrified":"contact_line","voltage":"25000","frequency":"50","bounds":[16.0332549,45.746113,16.0412597,45.7539884],"tags":{"electrified":"contact_line","frequency":"50","gauge":"1435","maxaxleload":"22.5","maxspeed":"20","name":"Zagreb RkOs – Mićevac","operator":"HŽ Infrastruktura","passenger_lines":"1","railway":"rail","railway:pzb":"yes","railway:traffic_mode":"freight","ref":"M408","usage":"main","voltage":"25000"}},"geometry":{"type":"LineString","coordinates":[[16.0404389,45.746113],[16.0405509,45.7464314],[16.0406199,45.7466328],[16.0408306,45.7472889],[16.040997,45.7478017],[16.0410921,45.7481153],[16.0411528,45.7483126],[16.0412099,45.748582],[16.0412385,45.7487686],[16.0412582,45.7489568],[16.0412597,45.7491408],[16.041244,45.7494321],[16.0412155,45.7496299],[16.0411815,45.7498084],[16.0411431,45.7499949],[16.0410904,45.7501777],[16.0409857,45.750431],[16.040865,45.7506823],[16.040783,45.75083],[16.04068,45.751003],[16.0404571,45.7513161],[16.0403257,45.7514754],[16.040186,45.7516299],[16.040034,45.7517765],[16.0398781,45.751926],[16.0396743,45.7520908],[16.0394882,45.7522314],[16.0392774,45.7523813],[16.0390583,45.7525204],[16.0388623,45.752635],[16.038654,45.7527428],[16.0384456,45.7528461],[16.0382297,45.752941],[16.0380502,45.7530202],[16.037878,45.7530898],[16.0376415,45.7531723],[16.0375074,45.753216],[16.0373093,45.7532771],[16.0371737,45.7533178],[16.0370875,45.7533422],[16.0368768,45.7533964],[16.0367257,45.7534276],[16.0366516,45.7534429],[16.036125,45.7535406],[16.0355664,45.7536295],[16.0344029,45.7538098],[16.0339403,45.7538831],[16.0335508,45.7539445],[16.0332549,45.7539884]]}},{"type":"Feature","properties":{"osmId":"34793747","railway_type":"rail","name":null,"electrified":"contact_line","voltage":"25000","frequency":"50","bounds":[15.9843537,45.8045084,15.9904617,45.8050155],"tags":{"electrified":"contact_line","frequency":"50","gauge":"1435","maxaxleload":"22","operator":"HŽ Infrastruktura","railway":"rail","service":"yard","voltage":"25000"}},"geometry":{"type":"LineString","coordinates":[[15.9843537,45.8045084],[15.9848052,45.8045341],[15.9850134,45.8045539],[15.9852562,45.8045794],[15.9853911,45.8045944],[15.9855205,45.8046131],[15.9857955,45.8046624],[15.9862371,45.8047417],[15.9865588,45.8047781],[15.9867838,45.8048002],[15.9869513,45.8048075],[15.9871077,45.8048061],[15.9876402,45.8047891],[15.987872,45.8047841],[15.9879858,45.8047819],[15.9881544,45.8047831],[15.9882734,45.804791],[15.9887278,45.8048163],[15.9888789,45.8048316],[15.9890139,45.8048475],[15.9891371,45.8048604],[15.9892739,45.8048667],[15.9895524,45.8048811],[15.9896915,45.8048869],[15.9898321,45.8048991],[15.9899793,45.8049164],[15.9901148,45.804935],[15.9902299,45.804958],[15.9903686,45.8049895],[15.9904617,45.8050155]]}},{"type":"Feature","properties":{"osmId":"42013372","railway_type":"rail","name":"DG – S. Marof – Zagreb Gk","electrified":"contact_line","voltage":"25000","frequency":"50","bounds":[15.8221524,45.8340898,15.8223336,45.834762],"tags":{"bridge":"yes","bridge:name":"Most Krapina","electrified":"contact_line","frequency":"50","gauge":"1435","layer":"1","loading_gauge":"TSI_GB","maxaxleload":"22.5","maxspeed":"100","name":"DG – S. Marof – Zagreb Gk","operator":"HŽ Infrastruktura","passenger_lines":"2","railway":"rail","railway:pzb":"yes","railway:traffic_mode":"mixed","ref":"M101","usage":"main","voltage":"25000"}},"geometry":{"type":"LineString","coordinates":[[15.8223336,45.8340898],[15.8221524,45.834762]]}},{"type":"Feature","properties":{"osmId":"42015860","railway_type":"rail","name":"Zagreb Gk – Dugo Selo","electrified":"contact_line","voltage":"25000","frequency":"50","bounds":[16.063776,45.8207777,16.0639315,45.8208035],"tags":{"bridge":"yes","electrified":"contact_line","frequency":"50","gauge":"1435","layer":"1","loading_gauge":"TSI_GB","maxaxleload":"22.5","maxspeed":"140","name":"Zagreb Gk – Dugo Selo","operator":"HŽ Infrastruktura","passenger_lines":"2","railway":"rail","railway:pzb":"yes","railway:traffic_mode":"mixed","ref":"M102","usage":"main","voltage":"25000"}},"geometry":{"type":"LineString","coordinates":[[16.063776,45.8207777],[16.0639315,45.8208035]]}},{"type":"Feature","properties":{"osmId":"43210900","railway_type":"rail","name":null,"electrified":"no","voltage":null,"frequency":null,"bounds":[16.0059084,45.752904,16.0152172,45.7550548],"tags":{"electrified":"no","gauge":"1435","maxaxleload":"22.5","operator":"HŽ Infrastruktura","railway":"rail","service":"yard"}},"geometry":{"type":"LineString","coordinates":[[16.0059084,45.7550548],[16.0061542,45.7548959],[16.0062749,45.7548172],[16.0063639,45.7547477],[16.0065718,45.7545714],[16.0066743,45.7544943],[16.0067538,45.7544393],[16.006877,45.7543677],[16.0075962,45.7539861],[16.0082027,45.7537456],[16.0085806,45.7535911],[16.0087726,45.7535244],[16.0089269,45.7534818],[16.0090961,45.7534431],[16.0092544,45.7534127],[16.0100312,45.7533184],[16.0112511,45.7531724],[16.0113543,45.7531588],[16.0114381,45.7531453],[16.011555,45.7531239],[16.011886,45.7530492],[16.0122672,45.7529664],[16.0123934,45.7529442],[16.012522,45.752928],[16.0126527,45.7529147],[16.012815,45.7529066],[16.0129474,45.752904],[16.0130905,45.7529071],[16.0132424,45.7529176],[16.0134088,45.7529341],[16.0135958,45.7529552],[16.01417,45.7530215],[16.0143197,45.7530466],[16.0144715,45.7530798],[16.0146431,45.7531265],[16.0147927,45.753176],[16.014912,45.7532184],[16.0150147,45.7532621],[16.0151219,45.7533157],[16.0152172,45.7533656]]}},{"type":"Feature","properties":{"osmId":"45759570","railway_type":"rail","name":"Zagreb Zk – Trešnjevka","electrified":"contact_line","voltage":"25000","frequency":"50","bounds":[15.9614177,45.8074444,15.9616452,45.8076047],"tags":{"bridge":"yes","electrified":"contact_line","frequency":"50","gauge":"1435","layer":"1","maxaxleload":"22","maxspeed":"40","name":"Zagreb Zk – Trešnjevka","operator":"HŽ Infrastruktura","passenger_lines":"1","railway":"rail","railway:pzb":"yes","railway:traffic_mode":"freight","ref":"M405","usage":"main","voltage":"25000"}},"geometry":{"type":"LineString","coordinates":[[15.9616452,45.8074444],[15.9614177,45.8076047]]}},{"type":"Feature","properties":{"osmId":"45759571","railway_type":"rail","name":null,"electrified":"contact_line","voltage":"25000","frequency":"50","bounds":[15.9420686,45.808847,15.957845,45.8097373],"tags":{"electrified":"contact_line","frequency":"50","gauge":"1435","maxaxleload":"22","railway":"rail","railway:pzb":"yes","railway:traffic_mode":"freight","service":"yard","voltage":"25000"}},"geometry":{"type":"LineString","coordinates":[[15.957845,45.808847],[15.9577059,45.8088614],[15.9575603,45.808872],[15.9569612,45.8089035],[15.9559288,45.8089606],[15.9555202,45.8089834],[15.9541206,45.809059],[15.9511889,45.8092195],[15.9485403,45.8093673],[15.9480752,45.8093921],[15.9476404,45.8094164],[15.9470656,45.8094469],[15.9455086,45.8095345],[15.9433443,45.809654],[15.9423016,45.809724],[15.9420686,45.8097373]]}},{"type":"Feature","properties":{"osmId":"45763936","railway_type":"rail","name":null,"electrified":null,"voltage":null,"frequency":null,"bounds":[15.9706464,45.8040737,15.973316,45.8042118],"tags":{"gauge":"1435","maxaxleload":"22","operator":"HŽ Infrastruktura","railway":"rail","service":"yard"}},"geometry":{"type":"LineString","coordinates":[[15.9706464,45.8040737],[15.9711362,45.8040983],[15.9720947,45.8041463],[15.972438,45.8041643],[15.9729607,45.8041924],[15.973316,45.8042118]]}},{"type":"Feature","properties":{"osmId":"45763937","railway_type":"rail","name":"DG – S. Marof – Zagreb Gk","electrified":"contact_line","voltage":"25000","frequency":"50","bounds":[15.9617286,45.8048754,15.9656825,45.807508],"tags":{"electrified":"contact_line","embankment":"yes","frequency":"50","gauge":"1435","loading_gauge":"TSI_GC","maxaxleload":"22","maxspeed":"60","name":"DG – S. Marof – Zagreb Gk","operator":"HŽ Infrastruktura","passenger_lines":"2","railway":"rail","railway:pzb":"yes","railway:traffic_mode":"mixed","ref":"M101","usage":"main","voltage":"25000"}},"geometry":{"type":"LineString","coordinates":[[15.9656825,45.8048754],[15.9655286,45.8049582],[15.9653813,45.8050437],[15.9652709,45.8051055],[15.9650906,45.8052137],[15.9649163,45.8053287],[15.9647195,45.8054642],[15.9645221,45.805602],[15.9642564,45.8057827],[15.9640804,45.8059002],[15.9638224,45.80608],[15.9635538,45.8062648],[15.963411,45.8063627],[15.9631996,45.8065087],[15.9629769,45.8066582],[15.9628562,45.8067408],[15.9627133,45.8068398],[15.9625512,45.8069512],[15.9623424,45.807096],[15.9621865,45.807199],[15.96192,45.8073837],[15.9617286,45.807508]]}},{"type":"Feature","properties":{"osmId":"45847757","railway_type":"rail","name":null,"electrified":null,"voltage":null,"frequency":null,"bounds":[16.013282,45.7770754,16.0217984,45.7815904],"tags":{"gauge":"1435","maxaxleload":"22.5","railway":"rail","service":"spur"}},"geometry":{"type":"LineString","coordinates":[[16.013282,45.7813202],[16.0133794,45.7812286],[16.0134728,45.7811472],[16.01355,45.7810773],[16.0136014,45.7810349],[16.0138346,45.780874],[16.0142973,45.780557],[16.0150433,45.7800364],[16.016018,45.7793615],[16.0164586,45.7790583],[16.0167552,45.7788527],[16.0172901,45.7784934],[16.0175284,45.7783403],[16.017675,45.7782482],[16.0178868,45.7781305],[16.0179853,45.7780904],[16.0180009,45.7780832],[16.0180676,45.7780527],[16.018272,45.7779609],[16.0185093,45.7778625],[16.0186566,45.777809],[16.0188217,45.7777499],[16.0189973,45.7776932],[16.0191473,45.7776499],[16.0194132,45.777581],[16.0199793,45.7774476],[16.0204695,45.7773214],[16.0207302,45.7772614],[16.0210611,45.7771979],[16.0212492,45.7771656],[16.0217984,45.7770754],[16.0215196,45.77717],[16.0212832,45.7772537],[16.0210642,45.7773499],[16.0208281,45.7774988],[16.0206191,45.7776361],[16.0205001,45.7777268],[16.0204003,45.7778119],[16.0202846,45.7779197],[16.0201515,45.7780686],[16.020046,45.7782071],[16.019895,45.7784193],[16.0197642,45.7786598],[16.0196285,45.7790158],[16.0195062,45.7793288],[16.0194518,45.7795374],[16.0194108,45.7797743],[16.0193783,45.7799678],[16.0193428,45.78012],[16.0193167,45.7802098],[16.0192847,45.7802865],[16.0192384,45.7803934],[16.0191905,45.7804735],[16.019139,45.7805538],[16.0190624,45.7806609],[16.0189288,45.7808163],[16.0188357,45.7809024],[16.0187329,45.7809884],[16.0186249,45.7810714],[16.0184904,45.781162],[16.0180285,45.7814511],[16.0178061,45.7815904]]}},{"type":"Feature","properties":{"osmId":"45847758","railway_type":"rail","name":null,"electrified":null,"voltage":null,"frequency":null,"bounds":[16.0187054,45.7786598,16.0197642,45.7803459],"tags":{"gauge":"1435","maxaxleload":"22.5","railway":"rail","service":"spur"}},"geometry":{"type":"LineString","coordinates":[[16.0197642,45.7786598],[16.0196153,45.7789186],[16.0195037,45.7791214],[16.0193373,45.7794065],[16.0191833,45.7797021],[16.0190659,45.779913],[16.0189862,45.7800366],[16.0189113,45.7801354],[16.0188252,45.7802357],[16.0187835,45.7802749],[16.0187054,45.7803459]]}},{"type":"Feature","properties":{"osmId":"45847759","railway_type":"rail","name":null,"electrified":null,"voltage":null,"frequency":null,"bounds":[16.0141225,45.7784193,16.019895,45.78262],"tags":{"gauge":"1435","maxaxleload":"22.5","railway":"rail","service":"spur"}},"geometry":{"type":"LineString","coordinates":[[16.019895,45.7784193],[16.0198282,45.7784981],[16.019764,45.7785821],[16.0196584,45.7787238],[16.019618,45.7787705],[16.0195722,45.7788226],[16.0194797,45.7789199],[16.0193646,45.7790198],[16.0193199,45.7790528],[16.0192853,45.7790787],[16.019265,45.7790938],[16.018074,45.7799244],[16.0177959,45.7801183],[16.0161642,45.7812562],[16.0160615,45.7813278],[16.0157234,45.7815636],[16.0144185,45.7824247],[16.014221,45.782555],[16.0141225,45.78262]]}},{"type":"Feature","properties":{"osmId":"46429206","railway_type":"rail","name":null,"electrified":null,"voltage":null,"frequency":null,"bounds":[16.0547031,45.7882579,16.0602349,45.7892086],"tags":{"gauge":"1435","maxaxleload":"22.5","railway":"rail","service":"spur"}},"geometry":{"type":"LineString","coordinates":[[16.0602349,45.7892034],[16.0598089,45.7892002],[16.0594793,45.7891685],[16.0593155,45.7891606],[16.0587233,45.789162],[16.0582178,45.7891632],[16.057871,45.7891612],[16.0578449,45.7891615],[16.0575377,45.7891653],[16.0572283,45.7891961],[16.0569996,45.7892086],[16.0568142,45.7892034],[16.0566652,45.7891925],[16.0564226,45.7891622],[16.0561999,45.7891215],[16.0559986,45.789068],[16.0558158,45.789009],[16.0555897,45.7889187],[16.0553644,45.788813],[16.0551729,45.788703],[16.0550542,45.7886124],[16.0549367,45.7885127],[16.0548248,45.7883951],[16.0547031,45.7882579]]}},{"type":"Feature","properties":{"osmId":"46429209","railway_type":"rail","name":null,"electrified":null,"voltage":null,"frequency":null,"bounds":[16.066862,45.7939323,16.0749353,45.7939448],"tags":{"gauge":"1435","maxaxleload":"22.5","railway":"rail","service":"spur"}},"geometry":{"type":"LineString","coordinates":[[16.066862,45.7939448],[16.0672019,45.7939443],[16.0674606,45.7939426],[16.0676287,45.7939438],[16.0679209,45.7939433],[16.0681628,45.7939429],[16.0712094,45.7939378],[16.0728335,45.7939346],[16.0739496,45.7939334],[16.0742084,45.7939331],[16.0749353,45.7939323]]}},{"type":"Feature","properties":{"osmId":"46429210","railway_type":"rail","name":null,"electrified":null,"voltage":null,"frequency":null,"bounds":[16.0676287,45.7939438,16.0756272,45.7941694],"tags":{"gauge":"1435","maxaxleload":"22.5","railway":"rail","service":"spur"}},"geometry":{"type":"LineString","coordinates":[[16.0676287,45.7939438],[16.0678997,45.793962],[16.0685172,45.7940177],[16.0685725,45.7940235],[16.0687987,45.7940467],[16.0690661,45.7940825],[16.0693208,45.7941182],[16.0694973,45.7941426],[16.069641,45.7941551],[16.0698129,45.7941632],[16.0715782,45.7941694],[16.0718039,45.7941608],[16.0721704,45.7941246],[16.0723839,45.7941167],[16.0729369,45.7941179],[16.0756272,45.7941327]]}},{"type":"Feature","properties":{"osmId":"46429211","railway_type":"rail","name":null,"electrified":null,"voltage":null,"frequency":null,"bounds":[16.0685725,45.7940235,16.0696631,45.7942358],"tags":{"gauge":"1435","maxaxleload":"22.5","railway":"rail","service":"spur"}},"geometry":{"type":"LineString","coordinates":[[16.0685725,45.7940235],[16.0689732,45.794102],[16.0693049,45.7941665],[16.0696631,45.7942358]]}},{"type":"Feature","properties":{"osmId":"46429212","railway_type":"rail","name":null,"electrified":null,"voltage":null,"frequency":null,"bounds":[16.0584125,45.7936408,16.066862,45.7939546],"tags":{"gauge":"1435","maxaxleload":"22.5","railway":"rail","service":"spur"}},"geometry":{"type":"LineString","coordinates":[[16.0584125,45.7936408],[16.0586003,45.7937205],[16.0587815,45.7937854],[16.0589814,45.7938463],[16.0591841,45.7938897],[16.0594057,45.7939256],[16.0595859,45.7939438],[16.0597643,45.7939546],[16.0600361,45.7939516],[16.0620659,45.7939535],[16.066862,45.7939448]]}},{"type":"Feature","properties":{"osmId":"46429213","railway_type":"rail","name":null,"electrified":null,"voltage":null,"frequency":null,"bounds":[16.0540522,45.7806701,16.0551083,45.7874167],"tags":{"gauge":"1435","maxaxleload":"22.5","railway":"rail","service":"spur"}},"geometry":{"type":"LineString","coordinates":[[16.0541954,45.7874167],[16.0541263,45.7872535],[16.0540921,45.7871548],[16.0540677,45.7870484],[16.0540545,45.786975],[16.0540524,45.7868494],[16.0540522,45.7867251],[16.0540579,45.7866129],[16.0540698,45.7865209],[16.0540927,45.7864137],[16.0541263,45.7862063],[16.0541729,45.7859951],[16.0542587,45.7855741],[16.0542991,45.7853827],[16.0543978,45.7849155],[16.0545938,45.7839873],[16.054643,45.7837544],[16.0547185,45.7834192],[16.0547265,45.7833837],[16.0547908,45.7832157],[16.0548424,45.7830846],[16.0548675,45.7829952],[16.0548869,45.7828955],[16.0549152,45.7827383],[16.0549288,45.7825802],[16.0550058,45.7817742],[16.0550666,45.7811375],[16.0550722,45.7810755],[16.0551083,45.7806701]]}},{"type":"Feature","properties":{"osmId":"46429214","railway_type":"rail","name":null,"electrified":"contact_line","voltage":"25000","frequency":"50","bounds":[16.0487735,45.7773931,16.0541954,45.7874167],"tags":{"electrified":"contact_line","frequency":"50","gauge":"1435","maxaxleload":"22.5","operator":"HŽ Infrastruktura","railway":"rail","service":"yard","voltage":"25000"}},"geometry":{"type":"LineString","coordinates":[[16.0487735,45.7773931],[16.0489103,45.7777953],[16.0490048,45.7782254],[16.0490587,45.7784403],[16.0491877,45.7788864],[16.049351,45.7793196],[16.0496661,45.7799977],[16.050213,45.7809391],[16.0512571,45.7825898],[16.0535885,45.786425],[16.0541954,45.7874167]]}},{"type":"Feature","properties":{"osmId":"46429216","railway_type":"rail","name":"Sesvete – Sava","electrified":"contact_line","voltage":"25000","frequency":"50","bounds":[16.0454286,45.7615397,16.0576512,45.7933338],"tags":{"electrified":"contact_line","frequency":"50","gauge":"1435","loading_gauge":"TSI_GC","maxaxleload":"22.5","maxspeed":"100","name":"Sesvete – Sava","operator":"HŽ Infrastruktura","passenger_lines":"2","railway":"rail","railway:pzb":"yes","railway:traffic_mode":"freight","ref":"M401","usage":"main","voltage":"25000"}},"geometry":{"type":"LineString","coordinates":[[16.0576512,45.7933338],[16.0565711,45.7915587],[16.0501299,45.7810031],[16.0495656,45.78004],[16.0492394,45.779336],[16.0490764,45.7789025],[16.0489456,45.7784546],[16.0486116,45.776968],[16.0483222,45.7755499],[16.0468827,45.7686106],[16.0468111,45.7682327],[16.0454286,45.7615397]]}},{"type":"Feature","properties":{"osmId":"46429217","railway_type":"rail","name":null,"electrified":"contact_line","voltage":"25000","frequency":"50","bounds":[16.0484751,45.7765957,16.0575521,45.7933331],"tags":{"electrified":"contact_line","frequency":"50","gauge":"1435","maxaxleload":"22.5","operator":"HŽ Infrastruktura","railway":"rail","service":"yard","voltage":"25000"}},"geometry":{"type":"LineString","coordinates":[[16.0484751,45.7765957],[16.0489158,45.7787021],[16.0491626,45.7793257],[16.0494961,45.7800552],[16.0500825,45.7810168],[16.0505865,45.7819098],[16.0529478,45.7857923],[16.0564853,45.791585],[16.057409,45.7930975],[16.0575521,45.7933331]]}},{"type":"Feature","properties":{"osmId":"46429237","railway_type":"rail","name":null,"electrified":null,"voltage":null,"frequency":null,"bounds":[16.0579196,45.7933221,16.0584125,45.7936408],"tags":{"bridge":"yes","gauge":"1435","layer":"1","maxaxleload":"22.5","railway":"rail","service":"spur"}},"geometry":{"type":"LineString","coordinates":[[16.0579196,45.7933221],[16.0581401,45.7934917],[16.0584125,45.7936408]]}},{"type":"Feature","properties":{"osmId":"46429239","railway_type":"rail","name":"Sesvete – Sava","electrified":"contact_line","voltage":"25000","frequency":"50","bounds":[16.0576512,45.7933338,16.0578308,45.7936284],"tags":{"bridge":"yes","electrified":"contact_line","frequency":"50","gauge":"1435","layer":"1","loading_gauge":"TSI_GC","maxaxleload":"22.5","maxspeed":"100","name":"Sesvete – Sava","operator":"HŽ Infrastruktura","passenger_lines":"2","railway":"rail","railway:pzb":"yes","railway:traffic_mode":"freight","ref":"M401","usage":"main","voltage":"25000"}},"geometry":{"type":"LineString","coordinates":[[16.0576512,45.7933338],[16.0578308,45.7936284]]}},{"type":"Feature","properties":{"osmId":"46429241","railway_type":"rail","name":"Sesvete – Sava","electrified":"contact_line","voltage":"25000","frequency":"50","bounds":[16.0577083,45.7933362,16.0578828,45.7936198],"tags":{"bridge":"yes","electrified":"contact_line","frequency":"50","gauge":"1435","layer":"1","loading_gauge":"TSI_GC","maxaxleload":"22.5","maxspeed":"100","name":"Sesvete – Sava","operator":"HŽ Infrastruktura","passenger_lines":"2","railway":"rail","railway:pzb":"yes","railway:traffic_mode":"freight","ref":"M401","usage":"main","voltage":"25000"}},"geometry":{"type":"LineString","coordinates":[[16.0578828,45.7936198],[16.0577083,45.7933362]]}},{"type":"Feature","properties":{"osmId":"46429242","railway_type":"rail","name":"Sesvete – Sava","electrified":"contact_line","voltage":"25000","frequency":"50","bounds":[16.0454788,45.7615346,16.0577083,45.7933362],"tags":{"electrified":"contact_line","frequency":"50","gauge":"1435","loading_gauge":"TSI_GC","maxaxleload":"22.5","maxspeed":"100","name":"Sesvete – Sava","operator":"HŽ Infrastruktura","passenger_lines":"2","railway":"rail","railway:pzb":"yes","railway:traffic_mode":"freight","ref":"M401","usage":"main","voltage":"25000"}},"geometry":{"type":"LineString","coordinates":[[16.0577083,45.7933362],[16.0566173,45.7915431],[16.0501708,45.7809754],[16.0496122,45.7800153],[16.0492851,45.7793287],[16.0491269,45.7788907],[16.0490007,45.778451],[16.0487735,45.7773931],[16.0483799,45.7755319],[16.0467805,45.7677882],[16.0454788,45.7615346]]}},{"type":"Feature","properties":{"osmId":"46506712","railway_type":"rail","name":null,"electrified":null,"voltage":null,"frequency":null,"bounds":[16.0512571,45.7825898,16.0535885,45.786425],"tags":{"gauge":"1435","maxaxleload":"22.5","railway":"rail","service":"spur"}},"geometry":{"type":"LineString","coordinates":[[16.0512571,45.7825898],[16.0513947,45.7827705],[16.0515145,45.7829141],[16.0534724,45.7861342],[16.0535885,45.786425]]}},{"type":"Feature","properties":{"osmId":"46506713","railway_type":"rail","name":null,"electrified":null,"voltage":null,"frequency":null,"bounds":[16.0512588,45.7796723,16.0546135,45.7829141],"tags":{"gauge":"1435","maxaxleload":"22.5","railway":"rail","service":"spur","usage":"industrial"}},"geometry":{"type":"LineString","coordinates":[[16.0515145,45.7829141],[16.051401,45.7827288],[16.0513422,45.7825819],[16.0513014,45.7824764],[16.0512761,45.7823441],[16.0512638,45.7822608],[16.0512599,45.782159],[16.0512588,45.7820666],[16.051271,45.7819726],[16.0512922,45.7818803],[16.0513399,45.781734],[16.0513866,45.7816359],[16.0514347,45.7815458],[16.0514985,45.7814516],[16.0515706,45.7813526],[16.0516527,45.7812626],[16.0517637,45.7811553],[16.0518581,45.7810778],[16.0519818,45.7809916],[16.0520657,45.7809315],[16.0522228,45.7808464],[16.052378,45.78077],[16.0546135,45.7796723]]}},{"type":"Feature","properties":{"osmId":"46725805","railway_type":"rail","name":null,"electrified":null,"voltage":null,"frequency":null,"bounds":[16.116153,45.8203587,16.1193078,45.8233171],"tags":{"gauge":"1435","railway":"rail","service":"spur"}},"geometry":{"type":"LineString","coordinates":[[16.116153,45.8233171],[16.1163818,45.8232474],[16.1165872,45.8231765],[16.1169541,45.8230238],[16.117457,45.8228762],[16.1179265,45.8227609],[16.1183593,45.8226365],[16.1186903,45.8224742],[16.1189261,45.822296],[16.1190935,45.8221098],[16.1192104,45.8219217],[16.1192749,45.8217469],[16.1193078,45.821532],[16.1193045,45.8212987],[16.1192597,45.8209911],[16.1191462,45.8203587]]}},{"type":"Feature","properties":{"osmId":"46733160","railway_type":"rail","name":"Zagreb Gk – Dugo Selo","electrified":"contact_line","voltage":"25000","frequency":"50","bounds":[16.0873444,45.8247961,16.1025094,45.8266498],"tags":{"electrified":"contact_line","frequency":"50","gauge":"1435","loading_gauge":"TSI_GB","maxaxleload":"22.5","maxspeed":"60","name":"Zagreb Gk – Dugo Selo","operator":"HŽ Infrastruktura","passenger_lines":"2","railway":"rail","railway:pzb":"yes","railway:traffic_mode":"mixed","ref":"M102","usage":"main","voltage":"25000"}},"geometry":{"type":"LineString","coordinates":[[16.0873444,45.8247961],[16.0898361,45.8252127],[16.0929293,45.8257387],[16.0966123,45.8263544],[16.0969438,45.8264051],[16.0972323,45.8264456],[16.0975072,45.8264813],[16.0977776,45.8265139],[16.0981189,45.8265486],[16.0983602,45.8265713],[16.0985294,45.8265855],[16.0987143,45.8265984],[16.0989735,45.8266143],[16.0992422,45.8266279],[16.0995938,45.82664],[16.0999245,45.8266477],[16.1002832,45.8266498],[16.1006693,45.826645],[16.1010274,45.8266385],[16.1012899,45.8266288],[16.1015427,45.8266158],[16.1018377,45.8265973],[16.1020682,45.8265804],[16.1022961,45.8265626],[16.1025094,45.8265424]]}},{"type":"Feature","properties":{"osmId":"69908196","railway_type":"rail","name":null,"electrified":"contact_line","voltage":"25000","frequency":"50","bounds":[15.9788258,45.804303,15.9855955,45.8046958],"tags":{"electrified":"contact_line","frequency":"50","gauge":"1435","loading_gauge":"TSI_GC","maxaxleload":"22","operator":"HŽ Infrastruktura","railway":"rail","railway:pzb":"yes","railway:track_ref":"4","service":"siding","voltage":"25000"}},"geometry":{"type":"LineString","coordinates":[[15.9855955,45.8046958],[15.98541,45.8046673],[15.9852924,45.8046554],[15.9851429,45.8046439],[15.9847648,45.8046256],[15.9808482,45.8044081],[15.9788258,45.804303]]}},{"type":"Feature","properties":{"osmId":"69908197","railway_type":"rail","name":null,"electrified":"no","voltage":null,"frequency":null,"bounds":[15.9829472,45.8015161,15.9857476,45.8020557],"tags":{"electrified":"no","gauge":"1435","maxaxleload":"22","railway":"rail","service":"spur","source":"Yahoo"}},"geometry":{"type":"LineString","coordinates":[[15.9829472,45.8020557],[15.9830092,45.8020296],[15.9834882,45.8018342],[15.9836871,45.8017755],[15.9838794,45.8017264],[15.9842158,45.8016675],[15.9845016,45.8016217],[15.9846194,45.801607],[15.9850263,45.8015555],[15.9854864,45.8015161],[15.9857476,45.8015197]]}},{"type":"Feature","properties":{"osmId":"71821206","railway_type":"rail","name":"DG – S. Marof – Zagreb Gk","electrified":"contact_line","voltage":"25000","frequency":"50","bounds":[15.9068112,45.8107999,15.9233106,45.8117012],"tags":{"electrified":"contact_line","frequency":"50","gauge":"1435","loading_gauge":"TSI_GC","maxaxleload":"22","maxspeed":"120","name":"DG – S. Marof – Zagreb Gk","operator":"HŽ Infrastruktura","passenger_lines":"2","railway":"rail","railway:pzb":"yes","railway:traffic_mode":"mixed","ref":"M101","usage":"main","voltage":"25000"}},"geometry":{"type":"LineString","coordinates":[[15.9233106,45.8107999],[15.9216745,45.8108888],[15.9213526,45.8109047],[15.9191148,45.8110295],[15.9157107,45.8112155],[15.9131,45.8113592],[15.9119695,45.8114202],[15.9068112,45.8117012]]}},{"type":"Feature","properties":{"osmId":"71821209","railway_type":"rail","name":"DG – S. Marof – Zagreb Gk","electrified":"contact_line","voltage":"25000","frequency":"50","bounds":[15.9294604,45.8104521,15.9296367,45.810462],"tags":{"bridge":"yes","electrified":"contact_line","frequency":"50","gauge":"1435","layer":"1","loading_gauge":"TSI_GC","maxaxleload":"22","maxspeed":"55","name":"DG – S. Marof – Zagreb Gk","operator":"HŽ Infrastruktura","passenger_lines":"2","railway":"rail","railway:pzb":"yes","railway:traffic_mode":"mixed","ref":"M101","usage":"main","voltage":"25000"}},"geometry":{"type":"LineString","coordinates":[[15.9296367,45.8104521],[15.9294604,45.810462]]}},{"type":"Feature","properties":{"osmId":"71821211","railway_type":"rail","name":"DG – S. Marof – Zagreb Gk","electrified":"contact_line","voltage":"25000","frequency":"50","bounds":[15.9238217,45.8105009,15.9295071,45.8108154],"tags":{"electrified":"contact_line","frequency":"50","gauge":"1435","loading_gauge":"TSI_GC","maxaxleload":"22","maxspeed":"55","name":"DG – S. Marof – Zagreb Gk","operator":"HŽ Infrastruktura","passenger_lines":"2","railway":"rail","railway:pzb":"yes","railway:traffic_mode":"mixed","ref":"M101","usage":"main","voltage":"25000"}},"geometry":{"type":"LineString","coordinates":[[15.9295071,45.8105009],[15.9285047,45.8105558],[15.9279703,45.8105851],[15.9270631,45.8106365],[15.9255605,45.8107193],[15.9249758,45.8107507],[15.9238217,45.8108154]]}},{"type":"Feature","properties":{"osmId":"71821214","railway_type":"rail","name":"DG – S. Marof – Zagreb Gk","electrified":"contact_line","voltage":"25000","frequency":"50","bounds":[15.9295071,45.8104899,15.9296848,45.8105009],"tags":{"bridge":"yes","electrified":"contact_line","frequency":"50","gauge":"1435","layer":"1","loading_gauge":"TSI_GC","maxaxleload":"22","maxspeed":"55","name":"DG – S. Marof – Zagreb Gk","operator":"HŽ Infrastruktura","passenger_lines":"2","railway":"rail","railway:pzb":"yes","railway:traffic_mode":"mixed","ref":"M101","usage":"main","voltage":"25000"}},"geometry":{"type":"LineString","coordinates":[[15.9296848,45.8104899],[15.9295071,45.8105009]]}},{"type":"Feature","properties":{"osmId":"71821219","railway_type":"rail","name":"DG – S. Marof – Zagreb Gk","electrified":"contact_line","voltage":"25000","frequency":"50","bounds":[15.9296367,45.8097768,15.9419614,45.8104521],"tags":{"electrified":"contact_line","frequency":"50","gauge":"1435","loading_gauge":"TSI_GC","maxaxleload":"22","maxspeed":"55","name":"DG – S. Marof – Zagreb Gk","operator":"HŽ Infrastruktura","passenger_lines":"2","railway":"rail","railway:pzb":"yes","railway:traffic_mode":"mixed","ref":"M101","usage":"main","voltage":"25000"}},"geometry":{"type":"LineString","coordinates":[[15.9419614,45.8097768],[15.9411983,45.8098196],[15.9405669,45.8098537],[15.9391255,45.8099281],[15.9326332,45.8102847],[15.9314118,45.8103513],[15.9302224,45.8104159],[15.9296367,45.8104521]]}},{"type":"Feature","properties":{"osmId":"77764329","railway_type":"rail","name":null,"electrified":null,"voltage":null,"frequency":null,"bounds":[15.8634218,45.814237,15.8636313,45.8142501],"tags":{"bridge":"yes","gauge":"1435","layer":"1","maxaxleload":"22.5","railway":"rail","service":"spur"}},"geometry":{"type":"LineString","coordinates":[[15.8636313,45.814237],[15.8634218,45.8142501]]}},{"type":"Feature","properties":{"osmId":"77764330","railway_type":"rail","name":"DG – S. Marof – Zagreb Gk","electrified":"contact_line","voltage":"25000","frequency":"50","bounds":[15.8634108,45.8140624,15.8636092,45.8140743],"tags":{"bridge":"yes","electrified":"contact_line","frequency":"50","gauge":"1435","layer":"1","loading_gauge":"TSI_GC","maxaxleload":"22.5","maxspeed":"120","name":"DG – S. Marof – Zagreb Gk","operator":"HŽ Infrastruktura","passenger_lines":"2","railway":"rail","railway:pzb":"yes","railway:traffic_mode":"mixed","ref":"M101","usage":"main","voltage":"25000"}},"geometry":{"type":"LineString","coordinates":[[15.8636092,45.8140624],[15.8634108,45.8140743]]}},{"type":"Feature","properties":{"osmId":"77764331","railway_type":"rail","name":"DG – S. Marof – Zagreb Gk","electrified":"contact_line","voltage":"25000","frequency":"50","bounds":[15.8379692,45.8140743,15.8634108,45.8154468],"tags":{"electrified":"contact_line","frequency":"50","gauge":"1435","loading_gauge":"TSI_GC","maxaxleload":"22.5","maxspeed":"120","name":"DG – S. Marof – Zagreb Gk","operator":"HŽ Infrastruktura","railway":"rail","railway:pzb":"yes","railway:traffic_mode":"mixed","ref":"M101","usage":"main","voltage":"25000"}},"geometry":{"type":"LineString","coordinates":[[15.8634108,45.8140743],[15.8603442,45.8142397],[15.858147,45.8143594],[15.8547237,45.8145436],[15.8540564,45.8145796],[15.8473766,45.8149414],[15.8379692,45.8154468]]}},{"type":"Feature","properties":{"osmId":"77769297","railway_type":"rail","name":"Zagreb Gk – Rijeka","electrified":"contact_line","voltage":"25000","frequency":"50","bounds":[15.9559049,45.7924487,15.9570707,45.7941575],"tags":{"electrified":"contact_line","embankment":"yes","frequency":"50","gauge":"1435","loading_gauge":"TSI_GC","maxaxleload":"22","maxspeed":"80","maxspeed:tilting":"100","name":"Zagreb Gk – Rijeka","operator":"HŽ Infrastruktura","passenger_lines":"1","railway":"rail","railway:pzb":"yes","railway:traffic_mode":"mixed","ref":"M202","usage":"main","voltage":"25000"}},"geometry":{"type":"LineString","coordinates":[[15.9559049,45.7924487],[15.9559127,45.7924599],[15.956054,45.7926735],[15.9563458,45.7930992],[15.9565664,45.7934204],[15.957014,45.7940808],[15.9570707,45.7941575]]}},{"type":"Feature","properties":{"osmId":"77769298","railway_type":"rail","name":"Zagreb Gk – Rijeka","electrified":"contact_line","voltage":"25000","frequency":"50","bounds":[15.9570707,45.7941575,15.9572586,45.7944323],"tags":{"bridge":"yes","electrified":"contact_line","frequency":"50","gauge":"1435","layer":"1","loading_gauge":"TSI_GC","maxspeed":"80","maxspeed:tilting":"100","name":"Zagreb Gk – Rijeka","operator":"HŽ Infrastruktura","passenger_lines":"1","railway":"rail","railway:pzb":"yes","railway:traffic_mode":"mixed","ref":"M202","usage":"main","voltage":"25000"}},"geometry":{"type":"LineString","coordinates":[[15.9570707,45.7941575],[15.9572586,45.7944323]]}},{"type":"Feature","properties":{"osmId":"77836499","railway_type":"rail","name":null,"electrified":null,"voltage":null,"frequency":null,"bounds":[15.8601663,45.8145043,15.8607681,45.8147096],"tags":{"bridge":"yes","gauge":"1435","layer":"1","maxaxleload":"22.5","railway":"rail","service":"spur"}},"geometry":{"type":"LineString","coordinates":[[15.8607681,45.8145043],[15.8606868,45.8145278],[15.8606062,45.8145527],[15.8602976,45.8146647],[15.8601663,45.8147096]]}},{"type":"Feature","properties":{"osmId":"77836510","railway_type":"rail","name":null,"electrified":null,"voltage":null,"frequency":null,"bounds":[15.8516774,45.8147096,15.8601663,45.8152805],"tags":{"gauge":"1435","maxaxleload":"22.5","railway":"rail","service":"spur"}},"geometry":{"type":"LineString","coordinates":[[15.8601663,45.8147096],[15.8599894,45.8147683],[15.8599398,45.8147818],[15.859487,45.8149554],[15.8591131,45.8151262],[15.8589242,45.8151792],[15.8587064,45.8152299],[15.8584658,45.8152582],[15.8581669,45.8152768],[15.8579028,45.8152805],[15.8577075,45.8152568],[15.8575136,45.8152173],[15.8572836,45.8151452],[15.8570401,45.815074],[15.8568085,45.8150303],[15.8565126,45.8150115],[15.8560434,45.8150368],[15.8556418,45.8150585],[15.8554207,45.8150705],[15.8516774,45.8152738]]}},{"type":"Feature","properties":{"osmId":"83378260","railway_type":"rail","name":"Zagreb Gk – Rijeka","electrified":"contact_line","voltage":"25000","frequency":"50","bounds":[15.9610234,45.7999418,15.9638887,45.8022704],"tags":{"electrified":"contact_line","embankment":"yes","frequency":"50","gauge":"1435","loading_gauge":"TSI_GC","maxaxleload":"22","maxspeed":"50","maxspeed:tilting":"50","name":"Zagreb Gk – Rijeka","operator":"HŽ Infrastruktura","passenger_lines":"1","railway":"rail","railway:pzb":"yes","railway:traffic_mode":"mixed","ref":"M202","usage":"main","voltage":"25000"}},"geometry":{"type":"LineString","coordinates":[[15.9638887,45.8022704],[15.9636294,45.8021802],[15.9635144,45.8021391],[15.9633951,45.8020912],[15.9632725,45.802038],[15.9631503,45.8019814],[15.9630049,45.8019119],[15.9629128,45.8018637],[15.9628277,45.8018169],[15.9627006,45.8017399],[15.9625978,45.8016758],[15.962509,45.8016173],[15.962404,45.8015448],[15.9622533,45.801433],[15.9621796,45.8013694],[15.962076,45.8012832],[15.9619361,45.8011502],[15.9618054,45.8010124],[15.961739,45.8009325],[15.9616249,45.8007951],[15.9614154,45.8005093],[15.9613592,45.8004298],[15.9610234,45.7999418]]}},{"type":"Feature","properties":{"osmId":"84658810","railway_type":"rail","name":null,"electrified":"no","voltage":null,"frequency":null,"bounds":[15.9251109,45.8103528,15.928874,45.8104887],"tags":{"electrified":"no","gauge":"1435","maxaxleload":"22","railway":"rail","service":"yard"}},"geometry":{"type":"LineString","coordinates":[[15.928874,45.8104392],[15.9287246,45.8104433],[15.9285881,45.8104432],[15.9284404,45.8104402],[15.9282963,45.8104327],[15.9281699,45.8104192],[15.9280865,45.8104088],[15.9279599,45.8103908],[15.9277334,45.8103627],[15.9275662,45.8103533],[15.9274287,45.8103528],[15.9273209,45.8103562],[15.9261187,45.8104291],[15.9251109,45.8104887]]}},{"type":"Feature","properties":{"osmId":"84658814","railway_type":"rail","name":null,"electrified":"no","voltage":null,"frequency":null,"bounds":[15.9091571,45.8108775,15.9171822,45.8112837],"tags":{"electrified":"no","gauge":"1435","maxaxleload":"22","railway":"rail","service":"yard"}},"geometry":{"type":"LineString","coordinates":[[15.9171822,45.8108885],[15.9168105,45.8108775],[15.9166013,45.8108792],[15.9163958,45.8108878],[15.9091571,45.8112837]]}},{"type":"Feature","properties":{"osmId":"88356334","railway_type":"rail","name":null,"electrified":"no","voltage":null,"frequency":null,"bounds":[15.8729732,45.8031023,15.8748811,45.8036951],"tags":{"electrified":"no","gauge":"1435","railway":"rail","service":"spur"}},"geometry":{"type":"LineString","coordinates":[[15.8729732,45.8036951],[15.8730182,45.8036649],[15.8733981,45.8034099],[15.8736148,45.8033047],[15.8737907,45.8032323],[15.8739567,45.8031849],[15.8741568,45.8031555],[15.8743307,45.8031442],[15.8748156,45.8031073],[15.8748811,45.8031023]]}},{"type":"Feature","properties":{"osmId":"88356335","railway_type":"rail","name":null,"electrified":"no","voltage":null,"frequency":null,"bounds":[15.8728858,45.8036951,15.8729732,45.803758],"tags":{"bridge":"yes","electrified":"no","gauge":"1435","layer":"1","railway":"rail","service":"spur"}},"geometry":{"type":"LineString","coordinates":[[15.8728858,45.803758],[15.8729732,45.8036951]]}},{"type":"Feature","properties":{"osmId":"88356336","railway_type":"rail","name":null,"electrified":"no","voltage":null,"frequency":null,"bounds":[15.8673656,45.803758,15.8728858,45.8065116],"tags":{"electrified":"no","gauge":"1435","railway":"rail","service":"spur"}},"geometry":{"type":"LineString","coordinates":[[15.8673743,45.8065116],[15.8673656,45.8063127],[15.8673877,45.806122],[15.867439,45.8059899],[15.8674937,45.8058765],[15.8676083,45.8057061],[15.8677323,45.8055627],[15.867842,45.8054697],[15.8680405,45.8053339],[15.8681349,45.8052794],[15.8684086,45.8051581],[15.8686758,45.8050777],[15.8687595,45.8050621],[15.8689123,45.8050335],[15.8692124,45.8049984],[15.869348,45.804983],[15.8699454,45.8049165],[15.8704727,45.804849],[15.8709918,45.8047836],[15.8712233,45.8047496],[15.8714548,45.8046861],[15.871716,45.8045851],[15.8720064,45.8044149],[15.8728607,45.8037767],[15.8728858,45.803758]]}},{"type":"Feature","properties":{"osmId":"92046860","railway_type":"rail","name":null,"electrified":"no","voltage":null,"frequency":null,"bounds":[15.9307109,45.8091843,15.9338944,45.8102375],"tags":{"electrified":"no","gauge":"1435","maxaxleload":"22","operator":"HŽ Infrastruktura","railway":"rail","service":"spur"}},"geometry":{"type":"LineString","coordinates":[[15.9307109,45.8102375],[15.931048,45.8101724],[15.9311929,45.8101439],[15.9313047,45.8101169],[15.9314087,45.810089],[15.9315417,45.8100497],[15.9318551,45.809953],[15.9319518,45.8099171],[15.9320226,45.8098902],[15.932169,45.8098297],[15.9328873,45.8095234],[15.9332908,45.8093495],[15.9333811,45.8093129],[15.933484,45.8092776],[15.9336203,45.8092404],[15.9337213,45.8092171],[15.9338944,45.8091843]]}},{"type":"Feature","properties":{"osmId":"92046867","railway_type":"rail","name":null,"electrified":"no","voltage":null,"frequency":null,"bounds":[15.9328873,45.8092168,15.9338977,45.8095234],"tags":{"electrified":"no","gauge":"1435","maxaxleload":"22","railway":"rail","service":"spur"}},"geometry":{"type":"LineString","coordinates":[[15.9328873,45.8095234],[15.9330399,45.8094619],[15.9332183,45.8093967],[15.933374,45.8093452],[15.9335052,45.8093024],[15.9336522,45.8092652],[15.9337405,45.8092451],[15.9338977,45.8092168]]}},{"type":"Feature","properties":{"osmId":"114597836","railway_type":"rail","name":"DG – S. Marof – Zagreb Gk","electrified":"contact_line","voltage":"25000","frequency":"50","bounds":[15.9066648,45.8117012,15.9068112,45.8117095],"tags":{"bridge":"yes","electrified":"contact_line","frequency":"50","gauge":"1435","layer":"1","loading_gauge":"TSI_GC","maxaxleload":"22.5","maxspeed":"120","name":"DG – S. Marof – Zagreb Gk","operator":"HŽ Infrastruktura","passenger_lines":"2","railway":"rail","railway:pzb":"yes","railway:traffic_mode":"mixed","ref":"M101","usage":"main","voltage":"25000"}},"geometry":{"type":"LineString","coordinates":[[15.9068112,45.8117012],[15.9066648,45.8117095]]}},{"type":"Feature","properties":{"osmId":"114597837","railway_type":"rail","name":"DG – S. Marof – Zagreb Gk","electrified":"contact_line","voltage":"25000","frequency":"50","bounds":[15.9066484,45.8117403,15.9067945,45.8117479],"tags":{"bridge":"yes","electrified":"contact_line","frequency":"50","gauge":"1435","layer":"1","loading_gauge":"TSI_GC","maxaxleload":"22.5","maxspeed":"120","name":"DG – S. Marof – Zagreb Gk","operator":"HŽ Infrastruktura","passenger_lines":"2","railway":"rail","railway:pzb":"yes","railway:traffic_mode":"mixed","ref":"M101","usage":"main","voltage":"25000"}},"geometry":{"type":"LineString","coordinates":[[15.9067945,45.8117403],[15.9066484,45.8117479]]}},{"type":"Feature","properties":{"osmId":"114597841","railway_type":"rail","name":"DG – S. Marof – Zagreb Gk","electrified":"contact_line","voltage":"25000","frequency":"50","bounds":[15.9064518,45.8117479,15.9066484,45.8117581],"tags":{"electrified":"contact_line","frequency":"50","gauge":"1435","loading_gauge":"TSI_GC","maxaxleload":"22.5","maxspeed":"120","name":"DG – S. Marof – Zagreb Gk","operator":"HŽ Infrastruktura","passenger_lines":"2","railway":"rail","railway:pzb":"yes","railway:traffic_mode":"mixed","ref":"M101","usage":"main","voltage":"25000"}},"geometry":{"type":"LineString","coordinates":[[15.9066484,45.8117479],[15.906479,45.8117567],[15.9064518,45.8117581]]}},{"type":"Feature","properties":{"osmId":"116038608","railway_type":"rail","name":"Zagreb Gk – Dugo Selo","electrified":"contact_line","voltage":"25000","frequency":"50","bounds":[16.1054824,45.8227586,16.1190349,45.8260229],"tags":{"electrified":"contact_line","frequency":"50","gauge":"1435","loading_gauge":"TSI_GC","maxaxleload":"22.5","maxspeed":"35","name":"Zagreb Gk – Dugo Selo","operator":"HŽ Infrastruktura","passenger_lines":"2","railway":"rail","railway:pzb":"yes","railway:track_ref":"3","railway:traffic_mode":"mixed","ref":"M102","usage":"main","voltage":"25000"}},"geometry":{"type":"LineString","coordinates":[[16.1054824,45.8260229],[16.1060947,45.8258814],[16.1098944,45.8249656],[16.109971,45.8249471],[16.1137078,45.8240452],[16.115619,45.8235812],[16.1190349,45.8227586]]}},{"type":"Feature","properties":{"osmId":"116041684","railway_type":"rail","name":null,"electrified":"contact_line","voltage":"25000","frequency":"35","bounds":[16.118217,45.8227586,16.1190349,45.8229111],"tags":{"electrified":"contact_line","frequency":"35","gauge":"1435","operator":"HŽ Infrastruktura","railway":"rail","railway:pzb":"yes","service":"crossover","voltage":"25000"}},"geometry":{"type":"LineString","coordinates":[[16.118217,45.8229111],[16.1190349,45.8227586]]}},{"type":"Feature","properties":{"osmId":"116043959","railway_type":"rail","name":null,"electrified":"contact_line","voltage":"25000","frequency":"50","bounds":[16.0512039,45.8187027,16.0521145,45.8189016],"tags":{"electrified":"contact_line","frequency":"50","gauge":"1435","maxspeed":"140","operator":"HŽ Infrastruktura","railway":"rail","railway:pzb":"yes","service":"crossover","voltage":"25000"}},"geometry":{"type":"LineString","coordinates":[[16.0512039,45.8187027],[16.0513485,45.8187306],[16.0514943,45.8187629],[16.051859,45.8188496],[16.0519665,45.8188742],[16.0521145,45.8189016]]}},{"type":"Feature","properties":{"osmId":"116043960","railway_type":"rail","name":null,"electrified":"contact_line","voltage":"25000","frequency":"50","bounds":[16.0607454,45.8203588,16.062218,45.8205191],"tags":{"electrified":"contact_line","frequency":"50","gauge":"1435","maxspeed":"140","operator":"HŽ Infrastruktura","railway":"rail","railway:pzb":"yes","service":"crossover","voltage":"25000"}},"geometry":{"type":"LineString","coordinates":[[16.0607454,45.8203588],[16.0618828,45.8204805],[16.062218,45.8205191]]}},{"type":"Feature","properties":{"osmId":"116043961","railway_type":"rail","name":"Sesvete – Sava","electrified":"contact_line","voltage":"25000","frequency":"50","bounds":[16.1060554,45.8229724,16.1179686,45.825797],"tags":{"electrified":"contact_line","frequency":"50","gauge":"1435","loading_gauge":"TSI_GC","maxaxleload":"22.5","maxspeed":"35","name":"Sesvete – Sava","operator":"HŽ Infrastruktura","passenger_lines":"2","railway":"rail","railway:pzb":"yes","railway:track_ref":"5","railway:traffic_mode":"freight","ref":"M401","usage":"main","voltage":"25000"}},"geometry":{"type":"LineString","coordinates":[[16.1179686,45.8229724],[16.1173386,45.8230777],[16.1155893,45.8234986],[16.1099366,45.8248608],[16.1070464,45.825554],[16.1064624,45.8256968],[16.1060554,45.825797]]}},{"type":"Feature","properties":{"osmId":"116044547","railway_type":"rail","name":null,"electrified":"contact_line","voltage":"25000","frequency":"50","bounds":[16.0381806,45.8165515,16.0389009,45.8166296],"tags":{"electrified":"contact_line","frequency":"50","gauge":"1435","maxspeed":"140","operator":"HŽ Infrastruktura","railway":"rail","railway:pzb":"yes","service":"crossover","voltage":"25000"}},"geometry":{"type":"LineString","coordinates":[[16.0381806,45.8165515],[16.0389009,45.8166296]]}},{"type":"Feature","properties":{"osmId":"116044549","railway_type":"rail","name":"Zagreb Gk – Dugo Selo","electrified":"contact_line","voltage":"25000","frequency":"50","bounds":[15.9978503,45.8072629,16.0170455,45.8124642],"tags":{"bridge":"yes","electrified":"contact_line","frequency":"50","gauge":"1435","layer":"1","loading_gauge":"TSI_GB","maxaxleload":"22.5","maxspeed":"50","name":"Zagreb Gk – Dugo Selo","operator":"HŽ Infrastruktura","passenger_lines":"2","railway":"rail","railway:pzb":"yes","railway:traffic_mode":"mixed","ref":"M102","start_date":"1970","usage":"main","voltage":"25000"}},"geometry":{"type":"LineString","coordinates":[[15.9978503,45.8072629],[15.9992552,45.8076427],[16.0003414,45.8079402],[16.0004562,45.8079717],[16.0006195,45.8080164],[16.0024443,45.80851],[16.0033625,45.808759],[16.0055468,45.80936],[16.0066767,45.8096672],[16.0081271,45.8100539],[16.0096936,45.8104779],[16.010844,45.8107809],[16.0144579,45.8117643],[16.0165244,45.8123335],[16.0170455,45.8124642]]}},{"type":"Feature","properties":{"osmId":"116044551","railway_type":"rail","name":null,"electrified":"contact_line","voltage":"25000","frequency":"50","bounds":[16.0292301,45.8150036,16.0303222,45.8151302],"tags":{"electrified":"contact_line","frequency":"50","gauge":"1435","maxspeed":"80","operator":"HŽ Infrastruktura","railway":"rail","railway:pzb":"yes","service":"crossover","voltage":"25000"}},"geometry":{"type":"LineString","coordinates":[[16.0292301,45.8150036],[16.0293682,45.8150241],[16.0295101,45.815043],[16.0296205,45.8150548],[16.0298934,45.8150775],[16.0300086,45.8150892],[16.0301696,45.8151085],[16.0303222,45.8151302]]}},{"type":"Feature","properties":{"osmId":"116049667","railway_type":"rail","name":"DG – S. Marof – Zagreb Gk","electrified":"contact_line","voltage":"25000","frequency":"50","bounds":[15.9742725,45.8041755,15.9753054,45.8042302],"tags":{"electrified":"contact_line","frequency":"50","gauge":"1435","loading_gauge":"TSI_GC","maxaxleload":"22","maxspeed":"50","name":"DG – S. Marof – Zagreb Gk","operator":"HŽ Infrastruktura","passenger_lines":"2","railway":"rail","railway:pzb":"yes","railway:traffic_mode":"mixed","ref":"M101","usage":"main","voltage":"25000"}},"geometry":{"type":"LineString","coordinates":[[15.9753054,45.8042302],[15.9742725,45.8041755]]}},{"type":"Feature","properties":{"osmId":"116049672","railway_type":"rail","name":"Zagreb Gk – Dugo Selo","electrified":"contact_line","voltage":"25000","frequency":"50","bounds":[15.978818,45.8044681,15.9870111,45.8049107],"tags":{"electrified":"contact_line","frequency":"50","gauge":"1435","loading_gauge":"TSI_GB","maxaxleload":"22","maxspeed":"50","name":"Zagreb Gk – Dugo Selo","operator":"HŽ Infrastruktura","passenger_lines":"2","railway":"rail","railway:pzb":"yes","railway:track_ref":"1","railway:traffic_mode":"mixed","ref":"M102","usage":"main","voltage":"25000"}},"geometry":{"type":"LineString","coordinates":[[15.978818,45.8044681],[15.9817034,45.8046276],[15.981878,45.804635],[15.9854994,45.8048306],[15.9861419,45.8048637],[15.9870111,45.8049107]]}},{"type":"Feature","properties":{"osmId":"116124098","railway_type":"rail","name":null,"electrified":"contact_line","voltage":"25000","frequency":"50","bounds":[15.980805,45.8046211,15.9870111,45.8049166],"tags":{"electrified":"contact_line","frequency":"50","gauge":"1435","maxaxleload":"22","operator":"HŽ Infrastruktura","railway":"rail","service":"siding","voltage":"25000"}},"geometry":{"type":"LineString","coordinates":[[15.980805,45.8046211],[15.9809317,45.8046277],[15.982748,45.8047261],[15.9854951,45.8048752],[15.9862848,45.8049166],[15.9866073,45.8049105],[15.9867786,45.8049068],[15.9868838,45.8049077],[15.9870111,45.8049107]]}},{"type":"Feature","properties":{"osmId":"116124099","railway_type":"rail","name":null,"electrified":"no","voltage":null,"frequency":null,"bounds":[15.9751829,45.8040605,15.9773984,45.8041886],"tags":{"electrified":"no","gauge":"1435","maxaxleload":"22","railway":"rail","service":"spur","source":"Yahoo"}},"geometry":{"type":"LineString","coordinates":[[15.9751829,45.804183],[15.9753185,45.8041884],[15.975429,45.8041886],[15.9755355,45.8041883],[15.97564,45.8041841],[15.975752,45.8041743],[15.9758614,45.8041588],[15.976108,45.8041277],[15.9763317,45.8041106],[15.9773984,45.8040605]]}},{"type":"Feature","properties":{"osmId":"116124100","railway_type":"rail","name":"Zagreb Gk – Dugo Selo","electrified":"contact_line","voltage":"25000","frequency":"50","bounds":[15.9923076,45.8058818,15.9929841,45.806063],"tags":{"bridge":"yes","electrified":"contact_line","frequency":"50","gauge":"1435","layer":"1","loading_gauge":"TSI_GB","maxaxleload":"22.5","maxspeed":"50","name":"Zagreb Gk – Dugo Selo","operator":"HŽ Infrastruktura","passenger_lines":"2","railway":"rail","railway:pzb":"yes","railway:traffic_mode":"mixed","ref":"M102","usage":"main","voltage":"25000"}},"geometry":{"type":"LineString","coordinates":[[15.9923076,45.8058818],[15.9929841,45.806063]]}},{"type":"Feature","properties":{"osmId":"116124101","railway_type":"rail","name":null,"electrified":"contact_line","voltage":"25000","frequency":"50","bounds":[15.9808482,45.8044081,15.9816496,45.8044954],"tags":{"electrified":"contact_line","frequency":"50","gauge":"1435","operator":"HŽ Infrastruktura","railway":"rail","railway:pzb":"yes","service":"siding","voltage":"25000"}},"geometry":{"type":"LineString","coordinates":[[15.9808482,45.8044081],[15.9809979,45.8044206],[15.9811442,45.8044377],[15.9814265,45.8044752],[15.981526,45.804485],[15.9816496,45.8044954]]}},{"type":"Feature","properties":{"osmId":"116124102","railway_type":"rail","name":"Zagreb Gk – Dugo Selo","electrified":"contact_line","voltage":"25000","frequency":"50","bounds":[15.9929841,45.806063,15.9978503,45.8072629],"tags":{"electrified":"contact_line","frequency":"50","gauge":"1435","loading_gauge":"TSI_GB","maxaxleload":"22.5","maxspeed":"50","name":"Zagreb Gk – Dugo Selo","operator":"HŽ Infrastruktura","passenger_lines":"2","railway":"rail","railway:pzb":"yes","railway:traffic_mode":"mixed","ref":"M102","usage":"main","voltage":"25000"}},"geometry":{"type":"LineString","coordinates":[[15.9929841,45.806063],[15.9938708,45.8062968],[15.9941564,45.8063693],[15.9944374,45.8064396],[15.9947383,45.8065113],[15.9955672,45.8067031],[15.9965688,45.8069337],[15.9969755,45.8070302],[15.9973885,45.8071354],[15.9978503,45.8072629]]}},{"type":"Feature","properties":{"osmId":"116124105","railway_type":"rail","name":null,"electrified":"contact_line","voltage":"25000","frequency":"50","bounds":[15.9807723,45.8045333,15.9817034,45.8046276],"tags":{"electrified":"contact_line","frequency":"50","gauge":"1435","operator":"HŽ Infrastruktura","railway":"rail","railway:pzb":"yes","service":"siding","voltage":"25000"}},"geometry":{"type":"LineString","coordinates":[[15.9807723,45.8045333],[15.9809878,45.8045506],[15.9811655,45.804571],[15.9814464,45.804605],[15.9815623,45.8046157],[15.9817034,45.8046276]]}},{"type":"Feature","properties":{"osmId":"116124106","railway_type":"rail","name":null,"electrified":"contact_line","voltage":"25000","frequency":"50","bounds":[15.977622,45.8041252,15.9850478,45.8045301],"tags":{"electrified":"contact_line","frequency":"50","gauge":"1435","maxaxleload":"22","operator":"HŽ Infrastruktura","railway":"rail","service":"yard","voltage":"25000"}},"geometry":{"type":"LineString","coordinates":[[15.977622,45.8041313],[15.977774,45.8041266],[15.9779305,45.8041252],[15.9782138,45.804136],[15.9808327,45.8042772],[15.9846064,45.8044799],[15.9847726,45.8044926],[15.9849209,45.8045113],[15.9850478,45.8045301]]}},{"type":"Feature","properties":{"osmId":"116124107","railway_type":"rail","name":null,"electrified":"contact_line","voltage":"25000","frequency":"50","bounds":[15.9788373,45.8042146,15.9855955,45.8046958],"tags":{"electrified":"contact_line","frequency":"50","gauge":"1435","maxaxleload":"22","operator":"HŽ Infrastruktura","railway":"rail","railway:pzb":"yes","railway:track_ref":"5","service":"siding","voltage":"25000"}},"geometry":{"type":"LineString","coordinates":[[15.9788373,45.8042146],[15.98165,45.8043645],[15.9843537,45.8045084],[15.9844904,45.8045197],[15.9846085,45.8045322],[15.98473,45.8045461],[15.9848505,45.8045663],[15.9850341,45.8045953],[15.9855955,45.8046958]]}},{"type":"Feature","properties":{"osmId":"116124109","railway_type":"rail","name":null,"electrified":"contact_line","voltage":"25000","frequency":"50","bounds":[15.9742601,45.8041496,15.9782309,45.8042534],"tags":{"electrified":"contact_line","frequency":"50","gauge":"1435","maxaxleload":"22","operator":"HŽ Infrastruktura","railway":"rail","railway:pzb":"yes","service":"siding","voltage":"25000"}},"geometry":{"type":"LineString","coordinates":[[15.9742601,45.8042534],[15.9747155,45.8042453],[15.9753054,45.8042302],[15.9760573,45.8042224],[15.9762651,45.8042171],[15.9768794,45.80418],[15.97735,45.8041496],[15.9775985,45.8041496],[15.9777461,45.804154],[15.9782309,45.8041775]]}},{"type":"Feature","properties":{"osmId":"116124110","railway_type":"rail","name":null,"electrified":"contact_line","voltage":"25000","frequency":"50","bounds":[15.9808327,45.8042772,15.98165,45.8043645],"tags":{"electrified":"contact_line","frequency":"50","gauge":"1435","operator":"HŽ Infrastruktura","railway":"rail","service":"siding","voltage":"25000"}},"geometry":{"type":"LineString","coordinates":[[15.9808327,45.8042772],[15.9809896,45.80429],[15.9811323,45.8043052],[15.9814344,45.804345],[15.9815145,45.8043526],[15.98165,45.8043645]]}},{"type":"Feature","properties":{"osmId":"116124111","railway_type":"rail","name":"Zagreb Gk – Dugo Selo","electrified":"contact_line","voltage":"25000","frequency":"50","bounds":[15.9930063,45.8060238,15.9978705,45.8072275],"tags":{"electrified":"contact_line","frequency":"50","gauge":"1435","loading_gauge":"TSI_GB","maxaxleload":"22.5","maxspeed":"50","name":"Zagreb Gk – Dugo Selo","operator":"HŽ Infrastruktura","passenger_lines":"2","railway":"rail","railway:pzb":"yes","railway:traffic_mode":"mixed","ref":"M102","usage":"main","voltage":"25000"}},"geometry":{"type":"LineString","coordinates":[[15.9930063,45.8060238],[15.9938938,45.8062583],[15.9941999,45.8063357],[15.9945013,45.8064109],[15.9954354,45.8066303],[15.9962344,45.8068157],[15.9967314,45.8069314],[15.9972362,45.8070558],[15.9975502,45.8071395],[15.9978705,45.8072275]]}},{"type":"Feature","properties":{"osmId":"116124112","railway_type":"rail","name":"DG – S. Marof – Zagreb Gk","electrified":"contact_line","voltage":"25000","frequency":"50","bounds":[15.9752438,45.8042757,15.978818,45.8044681],"tags":{"electrified":"contact_line","frequency":"50","gauge":"1435","loading_gauge":"TSI_GC","maxaxleload":"22","maxspeed":"50","name":"DG – S. Marof – Zagreb Gk","operator":"HŽ Infrastruktura","passenger_lines":"2","railway":"rail","railway:pzb":"yes","railway:track_ref":"1","railway:traffic_mode":"mixed","ref":"M101","usage":"main","voltage":"25000"}},"geometry":{"type":"LineString","coordinates":[[15.978818,45.8044681],[15.9773126,45.8043881],[15.9752438,45.8042757]]}},{"type":"Feature","properties":{"osmId":"116124113","railway_type":"rail","name":"Zagreb Gk – Dugo Selo","electrified":"contact_line","voltage":"25000","frequency":"50","bounds":[15.9923286,45.80584,15.9930063,45.8060238],"tags":{"bridge":"yes","electrified":"contact_line","frequency":"50","gauge":"1435","layer":"1","loading_gauge":"TSI_GB","maxaxleload":"22.5","maxspeed":"50","name":"Zagreb Gk – Dugo Selo","operator":"HŽ Infrastruktura","passenger_lines":"2","railway":"rail","railway:pzb":"yes","railway:traffic_mode":"mixed","ref":"M102","usage":"main","voltage":"25000"}},"geometry":{"type":"LineString","coordinates":[[15.9923286,45.80584],[15.9930063,45.8060238]]}},{"type":"Feature","properties":{"osmId":"116124114","railway_type":"rail","name":null,"electrified":"contact_line","voltage":"25000","frequency":"50","bounds":[15.9929651,45.8060963,15.9950242,45.8066758],"tags":{"electrified":"contact_line","frequency":"50","gauge":"1435","maxaxleload":"22.5","operator":"HŽ Infrastruktura","railway":"rail","service":"yard","voltage":"25000"}},"geometry":{"type":"LineString","coordinates":[[15.9929651,45.8060963],[15.9950242,45.8066758]]}},{"type":"Feature","properties":{"osmId":"116124115","railway_type":"rail","name":null,"electrified":"contact_line","voltage":"25000","frequency":"50","bounds":[15.9912999,45.8056527,15.9914446,45.8056925],"tags":{"bridge":"yes","electrified":"contact_line","frequency":"50","gauge":"1435","layer":"1","maxaxleload":"22","operator":"HŽ Infrastruktura","railway":"rail","service":"yard","voltage":"25000"}},"geometry":{"type":"LineString","coordinates":[[15.9912999,45.8056527],[15.9914446,45.8056925]]}},{"type":"Feature","properties":{"osmId":"116124116","railway_type":"rail","name":null,"electrified":"contact_line","voltage":"25000","frequency":"50","bounds":[15.9788213,45.8043407,15.9859359,45.8047551],"tags":{"electrified":"contact_line","frequency":"50","gauge":"1435","maxaxleload":"22","operator":"HŽ Infrastruktura","railway":"rail","railway:pzb":"yes","railway:track_ref":"3","service":"siding","voltage":"25000"}},"geometry":{"type":"LineString","coordinates":[[15.9788213,45.8043407],[15.9816496,45.8044954],[15.9847609,45.804664],[15.9854928,45.8047079],[15.9856197,45.8047183],[15.9857584,45.8047323],[15.9859359,45.8047551]]}},{"type":"Feature","properties":{"osmId":"116131330","railway_type":"rail","name":"DG – S. Marof – Zagreb Gk","electrified":"contact_line","voltage":"25000","frequency":"50","bounds":[15.9692939,45.8040223,15.9693525,45.8040236],"tags":{"bridge":"yes","electrified":"contact_line","frequency":"50","gauge":"1435","layer":"1","loading_gauge":"TSI_GC","maxaxleload":"22","maxspeed":"60","name":"DG – S. Marof – Zagreb Gk","operator":"HŽ Infrastruktura","passenger_lines":"2","railway":"rail","railway:pzb":"yes","railway:traffic_mode":"mixed","ref":"M101","usage":"main","voltage":"25000"}},"geometry":{"type":"LineString","coordinates":[[15.9693525,45.8040223],[15.9692939,45.8040236]]}},{"type":"Feature","properties":{"osmId":"116131332","railway_type":"rail","name":null,"electrified":null,"voltage":null,"frequency":null,"bounds":[15.969512,45.8040697,15.9729607,45.8041991],"tags":{"gauge":"1435","maxaxleload":"22","operator":"HŽ Infrastruktura","railway":"rail","service":"yard"}},"geometry":{"type":"LineString","coordinates":[[15.969512,45.8040697],[15.9696893,45.8040731],[15.9699533,45.8040833],[15.9702373,45.8040954],[15.9709349,45.8041321],[15.9717352,45.8041706],[15.9721494,45.8041947],[15.9722766,45.8041984],[15.9723707,45.8041991],[15.9726334,45.8041911],[15.9727885,45.8041893],[15.9729607,45.8041924]]}},{"type":"Feature","properties":{"osmId":"116134324","railway_type":"rail","name":null,"electrified":"contact_line","voltage":"25000","frequency":"50","bounds":[15.9732107,45.8041625,15.9740143,45.8042676],"tags":{"electrified":"contact_line","frequency":"50","gauge":"1435","maxaxleload":"22","operator":"HŽ Infrastruktura","railway":"rail","service":"siding","voltage":"25000"}},"geometry":{"type":"LineString","coordinates":[[15.9732107,45.8041625],[15.9737811,45.8042371],[15.9740143,45.8042676]]}},{"type":"Feature","properties":{"osmId":"116134326","railway_type":"rail","name":"Zagreb Gk – Velika Gorica","electrified":"contact_line","voltage":"25000","frequency":"50","bounds":[15.9695368,45.8035183,15.9726224,45.8040883],"tags":{"electrified":"contact_line","frequency":"50","gauge":"1435","loading_gauge":"TSI_GC","maxaxleload":"22","maxspeed":"50","name":"Zagreb Gk – Velika Gorica","operator":"HŽ Infrastruktura","passenger_lines":"1","railway":"rail","railway:pzb":"yes","railway:traffic_mode":"mixed","ref":"M502-1","usage":"main","voltage":"25000"}},"geometry":{"type":"LineString","coordinates":[[15.9695368,45.8035183],[15.9704977,45.8037209],[15.9711577,45.803862],[15.9713701,45.803905],[15.9715926,45.8039458],[15.9718028,45.803979],[15.9720046,45.8040074],[15.9723954,45.8040573],[15.9726224,45.8040883]]}},{"type":"Feature","properties":{"osmId":"116371916","railway_type":"rail","name":null,"electrified":"contact_line","voltage":"25000","frequency":"50","bounds":[15.990067,45.8052272,15.9912205,45.8056319],"tags":{"electrified":"contact_line","frequency":"50","gauge":"1435","operator":"HŽ Infrastruktura","railway":"rail","service":"yard","voltage":"25000"}},"geometry":{"type":"LineString","coordinates":[[15.990067,45.8052272],[15.9901752,45.8052595],[15.9902962,45.8053031],[15.9904118,45.8053434],[15.9908825,45.8055196],[15.9910129,45.8055681],[15.9911004,45.805596],[15.9912205,45.8056319]]}},{"type":"Feature","properties":{"osmId":"116382871","railway_type":"rail","name":null,"electrified":null,"voltage":null,"frequency":null,"bounds":[15.866455,45.8138787,15.8670064,45.8139503],"tags":{"gauge":"1435","maxaxleload":"22.5","railway":"rail","railway:pzb":"yes","service":"siding"}},"geometry":{"type":"LineString","coordinates":[[15.8670064,45.8138787],[15.866455,45.8139503]]}},{"type":"Feature","properties":{"osmId":"116391360","railway_type":"rail","name":null,"electrified":"contact_line","voltage":"25000","frequency":"50","bounds":[15.9742518,45.8043051,15.9772102,45.8045458],"tags":{"electrified":"contact_line","frequency":"50","gauge":"1435","maxaxleload":"22","operator":"HŽ Infrastruktura","railway":"rail","railway:track_ref":"1","service":"siding","voltage":"25000"}},"geometry":{"type":"LineString","coordinates":[[15.9742518,45.8043051],[15.9743163,45.8043201],[15.9744547,45.8043502],[15.9745859,45.8043681],[15.9747674,45.8044009],[15.9748951,45.8044178],[15.9749912,45.8044246],[15.9769056,45.8045292],[15.9772102,45.8045458]]}},{"type":"Feature","properties":{"osmId":"116395233","railway_type":"rail","name":null,"electrified":null,"voltage":null,"frequency":null,"bounds":[15.9684603,45.8032425,15.9694805,45.8034627],"tags":{"gauge":"1435","maxaxleload":"22","operator":"HŽ Infrastruktura","railway":"rail","service":"yard"}},"geometry":{"type":"LineString","coordinates":[[15.9684603,45.8032425],[15.9694805,45.8034627]]}},{"type":"Feature","properties":{"osmId":"116395764","railway_type":"rail","name":null,"electrified":"contact_line","voltage":"25000","frequency":"50","bounds":[15.9710066,45.8039987,15.9719516,45.8040936],"tags":{"electrified":"contact_line","frequency":"50","gauge":"1435","operator":"HŽ Infrastruktura","railway":"rail","railway:pzb":"yes","service":"crossover","voltage":"25000"}},"geometry":{"type":"LineString","coordinates":[[15.9710066,45.8039987],[15.9711462,45.8040097],[15.9712605,45.8040185],[15.9716924,45.8040714],[15.9718108,45.804083],[15.9719516,45.8040936]]}},{"type":"Feature","properties":{"osmId":"117071120","railway_type":"rail","name":"Zagreb Gk – Dugo Selo","electrified":"contact_line","voltage":"25000","frequency":"50","bounds":[16.0807686,45.823724,16.10252,45.8266953],"tags":{"electrified":"contact_line","frequency":"50","gauge":"1435","loading_gauge":"TSI_GB","maxaxleload":"22.5","maxspeed":"120","name":"Zagreb Gk – Dugo Selo","operator":"HŽ Infrastruktura","passenger_lines":"2","railway":"rail","railway:pzb":"yes","railway:traffic_mode":"mixed","ref":"M102","usage":"main","voltage":"25000"}},"geometry":{"type":"LineString","coordinates":[[16.0807686,45.823724],[16.0809985,45.8237644],[16.0817643,45.8238991],[16.0825962,45.8240454],[16.083644,45.8242485],[16.0842346,45.824359],[16.0854422,45.8245662],[16.0865698,45.8247562],[16.0874962,45.8249103],[16.0876315,45.8249315],[16.0878654,45.824966],[16.0881597,45.8250068],[16.0898239,45.8252468],[16.0898953,45.8252582],[16.0929146,45.8257717],[16.0967624,45.8264167],[16.0973,45.826496],[16.097652,45.8265419],[16.0979991,45.8265802],[16.0982853,45.8266086],[16.0984976,45.8266257],[16.0987546,45.8266449],[16.0990127,45.8266589],[16.0993591,45.8266754],[16.0996444,45.8266862],[16.0999397,45.8266931],[16.1001948,45.8266953],[16.1007142,45.8266902],[16.101123,45.8266793],[16.1014116,45.8266669],[16.1017251,45.8266509],[16.1019609,45.826635],[16.1023391,45.8266043],[16.10252,45.826586]]}},{"type":"Feature","properties":{"osmId":"117071123","railway_type":"rail","name":"Zagreb Gk – Dugo Selo","electrified":"contact_line","voltage":"25000","frequency":"50","bounds":[16.0639348,45.8208916,16.0807686,45.823724],"tags":{"electrified":"contact_line","frequency":"50","gauge":"1435","loading_gauge":"TSI_GB","maxaxleload":"22.5","maxspeed":"140","name":"Zagreb Gk – Dugo Selo","operator":"HŽ Infrastruktura","passenger_lines":"2","railway":"rail","railway:pzb":"yes","railway:traffic_mode":"mixed","ref":"M102","usage":"main","voltage":"25000"}},"geometry":{"type":"LineString","coordinates":[[16.0639348,45.8208916],[16.0647543,45.8210324],[16.0657851,45.8212076],[16.0670569,45.8214114],[16.0684449,45.8216445],[16.0695997,45.8218432],[16.0703422,45.8219629],[16.0723966,45.8223193],[16.0741295,45.8226034],[16.0745241,45.8226678],[16.0761701,45.8229501],[16.0773656,45.8231545],[16.0802215,45.8236324],[16.0807686,45.823724]]}},{"type":"Feature","properties":{"osmId":"117085551","railway_type":"rail","name":null,"electrified":"no","voltage":null,"frequency":null,"bounds":[15.9131739,45.8109459,15.9186398,45.8112509],"tags":{"electrified":"no","gauge":"1435","maxaxleload":"22","railway":"rail","service":"yard"}},"geometry":{"type":"LineString","coordinates":[[15.9186398,45.8109459],[15.9185169,45.8109586],[15.9184274,45.8109643],[15.918302,45.8109708],[15.9178905,45.8109947],[15.9131739,45.8112509]]}},{"type":"Feature","properties":{"osmId":"117085552","railway_type":"rail","name":"DG – S. Marof – Zagreb Gk","electrified":"contact_line","voltage":"25000","frequency":"50","bounds":[15.8379631,45.8141146,15.8634103,45.8154918],"tags":{"electrified":"contact_line","frequency":"50","gauge":"1435","loading_gauge":"TSI_GC","maxaxleload":"22.5","maxspeed":"120","name":"DG – S. Marof – Zagreb Gk","operator":"HŽ Infrastruktura","railway":"rail","railway:pzb":"yes","railway:traffic_mode":"mixed","ref":"M101","usage":"main","voltage":"25000"}},"geometry":{"type":"LineString","coordinates":[[15.8634103,45.8141146],[15.8603499,45.8142822],[15.8582248,45.8143978],[15.8547145,45.8145895],[15.8539139,45.8146291],[15.853525,45.8146484],[15.8510848,45.8147842],[15.8485387,45.8149218],[15.8425803,45.8152459],[15.8379631,45.8154918]]}},{"type":"Feature","properties":{"osmId":"117085553","railway_type":"rail","name":"DG – S. Marof – Zagreb Gk","electrified":"contact_line","voltage":"25000","frequency":"50","bounds":[15.8634103,45.8141023,15.863612,45.8141146],"tags":{"bridge":"yes","electrified":"contact_line","frequency":"50","gauge":"1435","layer":"1","loading_gauge":"TSI_GC","maxaxleload":"22.5","maxspeed":"120","name":"DG – S. Marof – Zagreb Gk","operator":"HŽ Infrastruktura","passenger_lines":"2","railway":"rail","railway:pzb":"yes","railway:traffic_mode":"mixed","ref":"M101","usage":"main","voltage":"25000"}},"geometry":{"type":"LineString","coordinates":[[15.863612,45.8141023],[15.8634103,45.8141146]]}},{"type":"Feature","properties":{"osmId":"117085554","railway_type":"rail","name":"DG – S. Marof – Zagreb Gk","electrified":"contact_line","voltage":"25000","frequency":"50","bounds":[15.8636092,45.813771,15.8689935,45.8140624],"tags":{"electrified":"contact_line","frequency":"50","gauge":"1435","loading_gauge":"TSI_GC","maxaxleload":"22.5","maxspeed":"120","name":"DG – S. Marof – Zagreb Gk","operator":"HŽ Infrastruktura","passenger_lines":"2","railway":"rail","railway:pzb":"yes","railway:traffic_mode":"mixed","ref":"M101","usage":"main","voltage":"25000"}},"geometry":{"type":"LineString","coordinates":[[15.8689935,45.813771],[15.8670064,45.8138787],[15.8647235,45.8140015],[15.8636092,45.8140624]]}},{"type":"Feature","properties":{"osmId":"117841279","railway_type":"rail","name":"DG – S. Marof – Zagreb Gk","electrified":"contact_line","voltage":"25000","frequency":"50","bounds":[15.8222042,45.8341096,15.8223912,45.8347699],"tags":{"bridge":"yes","bridge:name":"Most Krapina","electrified":"contact_line","frequency":"50","gauge":"1435","layer":"1","loading_gauge":"TSI_GB","maxaxleload":"22.5","maxspeed":"100","name":"DG – S. Marof – Zagreb Gk","operator":"HŽ Infrastruktura","passenger_lines":"2","railway":"rail","railway:pzb":"yes","railway:traffic_mode":"mixed","ref":"M101","usage":"main","voltage":"25000"}},"geometry":{"type":"LineString","coordinates":[[15.8223912,45.8341096],[15.8222042,45.8347699]]}},{"type":"Feature","properties":{"osmId":"117994200","railway_type":"rail","name":null,"electrified":"contact_line","voltage":"25000","frequency":"50","bounds":[15.97735,45.8040493,15.9795243,45.8041496],"tags":{"electrified":"contact_line","frequency":"50","gauge":"1435","maxaxleload":"22","operator":"HŽ Infrastruktura","railway":"rail","service":"yard","voltage":"25000"}},"geometry":{"type":"LineString","coordinates":[[15.97735,45.8041496],[15.977622,45.8041313],[15.9779685,45.8041106],[15.9783196,45.8040883],[15.9786338,45.8040677],[15.9787625,45.8040614],[15.978958,45.804061],[15.9790363,45.8040606],[15.979228,45.8040586],[15.9795243,45.8040493]]}},{"type":"Feature","properties":{"osmId":"118097374","railway_type":"rail","name":"DG – S. Marof – Zagreb Gk","electrified":"contact_line","voltage":"25000","frequency":"50","bounds":[15.9557486,45.8076638,15.9614949,45.8090558],"tags":{"electrified":"contact_line","frequency":"50","gauge":"1435","loading_gauge":"TSI_GC","maxaxleload":"22","maxspeed":"60","name":"DG – S. Marof – Zagreb Gk","operator":"HŽ Infrastruktura","passenger_lines":"2","railway":"rail","railway:pzb":"yes","railway:traffic_mode":"mixed","ref":"M101","usage":"main","voltage":"25000"}},"geometry":{"type":"LineString","coordinates":[[15.9614949,45.8076638],[15.9611006,45.8078963],[15.9609472,45.8079824],[15.9607619,45.8080751],[15.9606278,45.8081437],[15.9604704,45.808218],[15.960317,45.8082889],[15.9600815,45.8083829],[15.9598006,45.8084893],[15.9595185,45.8085859],[15.9592376,45.8086775],[15.9589048,45.808769],[15.9587021,45.8088141],[15.9585683,45.8088391],[15.9584447,45.8088627],[15.9583203,45.8088807],[15.9581859,45.8089009],[15.957963,45.8089259],[15.9577902,45.8089408],[15.9574742,45.808961],[15.9569716,45.8089888],[15.9557486,45.8090558]]}},{"type":"Feature","properties":{"osmId":"118097375","railway_type":"rail","name":"DG – S. Marof – Zagreb Gk","electrified":"contact_line","voltage":"25000","frequency":"50","bounds":[15.9660608,45.8040236,15.9692939,45.8047018],"tags":{"electrified":"contact_line","embankment":"yes","frequency":"50","gauge":"1435","loading_gauge":"TSI_GC","maxaxleload":"22","maxspeed":"60","name":"DG – S. Marof – Zagreb Gk","operator":"HŽ Infrastruktura","passenger_lines":"2","railway":"rail","railway:pzb":"yes","railway:traffic_mode":"mixed","ref":"M101","usage":"main","voltage":"25000"}},"geometry":{"type":"LineString","coordinates":[[15.9692939,45.8040236],[15.9691388,45.8040268],[15.9689767,45.8040326],[15.9686984,45.8040526],[15.9685299,45.8040691],[15.9683648,45.8040863],[15.9679922,45.8041402],[15.9677448,45.8041846],[15.9675449,45.8042254],[15.9673097,45.8042816],[15.9671957,45.8043112],[15.9670006,45.8043652],[15.9668477,45.8044104],[15.9665106,45.804525],[15.9662078,45.8046407],[15.9660608,45.8047018]]}},{"type":"Feature","properties":{"osmId":"118097376","railway_type":"rail","name":"DG – S. Marof – Zagreb Gk","electrified":"contact_line","voltage":"25000","frequency":"50","bounds":[15.9656825,45.8047018,15.9660608,45.8048754],"tags":{"bridge":"yes","electrified":"contact_line","frequency":"50","gauge":"1435","layer":"1","loading_gauge":"TSI_GC","maxaxleload":"22","maxspeed":"60","name":"DG – S. Marof – Zagreb Gk","operator":"HŽ Infrastruktura","passenger_lines":"2","railway":"rail","railway:pzb":"yes","railway:traffic_mode":"mixed","ref":"M101","usage":"main","voltage":"25000"}},"geometry":{"type":"LineString","coordinates":[[15.9660608,45.8047018],[15.9656825,45.8048754]]}},{"type":"Feature","properties":{"osmId":"118097377","railway_type":"rail","name":"DG – S. Marof – Zagreb Gk","electrified":"contact_line","voltage":"25000","frequency":"50","bounds":[15.9614949,45.807508,15.9617286,45.8076638],"tags":{"bridge":"yes","electrified":"contact_line","frequency":"50","gauge":"1435","layer":"1","loading_gauge":"TSI_GC","maxaxleload":"22","maxspeed":"60","name":"DG – S. Marof – Zagreb Gk","operator":"HŽ Infrastruktura","passenger_lines":"2","railway":"rail","railway:pzb":"yes","railway:traffic_mode":"mixed","ref":"M101","usage":"main","voltage":"25000"}},"geometry":{"type":"LineString","coordinates":[[15.9617286,45.807508],[15.9614949,45.8076638]]}},{"type":"Feature","properties":{"osmId":"118437855","railway_type":"rail","name":"Zagreb Gk – Velika Gorica","electrified":"contact_line","voltage":"25000","frequency":"50","bounds":[15.9645127,45.8024204,15.9694616,45.8035026],"tags":{"electrified":"contact_line","frequency":"50","gauge":"1435","loading_gauge":"TSI_GC","maxaxleload":"22","maxspeed":"50","name":"Zagreb Gk – Velika Gorica","operator":"HŽ Infrastruktura","passenger_lines":"1","railway":"rail","railway:pzb":"yes","railway:traffic_mode":"mixed","ref":"M502-1","usage":"main","voltage":"25000"}},"geometry":{"type":"LineString","coordinates":[[15.9645127,45.8024204],[15.9648708,45.8025154],[15.9651229,45.8025783],[15.9657221,45.8027119],[15.9659837,45.8027665],[15.9667432,45.8029291],[15.9674748,45.8030834],[15.9694616,45.8035026]]}},{"type":"Feature","properties":{"osmId":"118437856","railway_type":"rail","name":null,"electrified":"contact_line","voltage":"25000","frequency":"50","bounds":[15.9694805,45.8034627,15.9695549,45.8034793],"tags":{"bridge":"yes","electrified":"contact_line","frequency":"50","gauge":"1435","layer":"1","maxaxleload":"22","operator":"HŽ Infrastruktura","railway":"rail","service":"yard","voltage":"25000"}},"geometry":{"type":"LineString","coordinates":[[15.9694805,45.8034627],[15.9695549,45.8034793]]}},{"type":"Feature","properties":{"osmId":"118437858","railway_type":"rail","name":"Zagreb Gk – Velika Gorica","electrified":"contact_line","voltage":"25000","frequency":"50","bounds":[15.9694616,45.8035026,15.9695368,45.8035183],"tags":{"bridge":"yes","electrified":"contact_line","frequency":"50","gauge":"1435","layer":"1","loading_gauge":"TSI_GC","maxaxleload":"22","maxspeed":"50","name":"Zagreb Gk – Velika Gorica","operator":"HŽ Infrastruktura","passenger_lines":"1","railway":"rail","railway:pzb":"yes","railway:traffic_mode":"mixed","ref":"M502-1","usage":"main","voltage":"25000"}},"geometry":{"type":"LineString","coordinates":[[15.9694616,45.8035026],[15.9695368,45.8035183]]}},{"type":"Feature","properties":{"osmId":"118437860","railway_type":"rail","name":null,"electrified":"contact_line","voltage":"25000","frequency":"50","bounds":[15.9695549,45.8034793,15.9723954,45.8040573],"tags":{"electrified":"contact_line","frequency":"50","gauge":"1435","maxaxleload":"22","operator":"HŽ Infrastruktura","railway":"rail","service":"yard","voltage":"25000"}},"geometry":{"type":"LineString","coordinates":[[15.9695549,45.8034793],[15.9705882,45.8036932],[15.9713016,45.8038413],[15.971623,45.8039066],[15.9720831,45.804003],[15.9722257,45.80403],[15.9723954,45.8040573]]}},{"type":"Feature","properties":{"osmId":"119335602","railway_type":"rail","name":"Zagreb Gk – Velika Gorica","electrified":"contact_line","voltage":"25000","frequency":"50","bounds":[15.9593209,45.7973647,15.9602254,45.7986879],"tags":{"electrified":"contact_line","frequency":"50","gauge":"1435","loading_gauge":"TSI_GC","maxaxleload":"22","maxspeed":"90","name":"Zagreb Gk – Velika Gorica","operator":"HŽ Infrastruktura","passenger_lines":"1","railway":"rail","railway:pzb":"yes","railway:traffic_mode":"mixed","ref":"M502-1","usage":"main","voltage":"25000"}},"geometry":{"type":"LineString","coordinates":[[15.9593209,45.7973647],[15.9602254,45.7986879]]}},{"type":"Feature","properties":{"osmId":"119335603","railway_type":"rail","name":"Zagreb Gk – Velika Gorica","electrified":"contact_line","voltage":"25000","frequency":"50","bounds":[15.9602254,45.7986879,15.9610696,45.7999266],"tags":{"bridge":"yes","electrified":"contact_line","frequency":"50","gauge":"1435","layer":"1","loading_gauge":"TSI_GC","maxaxleload":"22","maxspeed":"90","name":"Zagreb Gk – Velika Gorica","operator":"HŽ Infrastruktura","passenger_lines":"1","railway":"rail","railway:pzb":"yes","railway:traffic_mode":"mixed","ref":"M502-1","usage":"main","voltage":"25000"}},"geometry":{"type":"LineString","coordinates":[[15.9602254,45.7986879],[15.9610327,45.7998724],[15.9610696,45.7999266]]}},{"type":"Feature","properties":{"osmId":"119346975","railway_type":"rail","name":"Zagreb Gk – Velika Gorica","electrified":"contact_line","voltage":"25000","frequency":"50","bounds":[15.9547155,45.7863931,15.9555096,45.7880197],"tags":{"electrified":"contact_line","embankment":"yes","frequency":"50","gauge":"1435","loading_gauge":"TSI_GC","maxaxleload":"22","maxspeed":"90","name":"Zagreb Gk – Velika Gorica","operator":"HŽ Infrastruktura","passenger_lines":"1","railway":"rail","railway:pzb":"yes","railway:traffic_mode":"mixed","ref":"M502-1","usage":"main","voltage":"25000"}},"geometry":{"type":"LineString","coordinates":[[15.9555096,45.7863931],[15.9550163,45.7873815],[15.9547456,45.787947],[15.9547155,45.7880197]]}},{"type":"Feature","properties":{"osmId":"119346978","railway_type":"rail","name":"Zagreb Gk – Rijeka","electrified":"contact_line","voltage":"25000","frequency":"50","bounds":[15.9543807,45.7884189,15.9558322,45.7923434],"tags":{"electrified":"contact_line","embankment":"yes","frequency":"50","gauge":"1435","loading_gauge":"TSI_GC","maxaxleload":"22","maxspeed":"80","maxspeed:tilting":"100","name":"Zagreb Gk – Rijeka","operator":"HŽ Infrastruktura","passenger_lines":"1","railway":"rail","railway:pzb":"yes","railway:traffic_mode":"mixed","ref":"M202","usage":"main","voltage":"25000"}},"geometry":{"type":"LineString","coordinates":[[15.9545111,45.7884189],[15.9544752,45.7885431],[15.9544719,45.7885524],[15.9544299,45.788749],[15.9544054,45.7889104],[15.9543933,45.7890396],[15.9543825,45.7891509],[15.9543807,45.7893679],[15.9543966,45.7895796],[15.9544281,45.7897909],[15.9544564,45.7899315],[15.9544898,45.7900678],[15.9545818,45.7903402],[15.9546259,45.7904489],[15.9546984,45.7906024],[15.9547874,45.7907746],[15.9548776,45.7909313],[15.9549937,45.7911095],[15.9554296,45.7917537],[15.9558164,45.7923205],[15.9558322,45.7923434]]}},{"type":"Feature","properties":{"osmId":"119346979","railway_type":"rail","name":"Zagreb Gk – Velika Gorica","electrified":"contact_line","voltage":"25000","frequency":"50","bounds":[15.9558828,45.7923268,15.9559551,45.7924323],"tags":{"bridge":"yes","electrified":"contact_line","frequency":"50","gauge":"1435","layer":"1","loading_gauge":"TSI_GC","maxaxleload":"22","maxspeed":"90","name":"Zagreb Gk – Velika Gorica","operator":"HŽ Infrastruktura","passenger_lines":"1","railway":"rail","railway:pzb":"yes","railway:traffic_mode":"mixed","ref":"M502-1","usage":"main","voltage":"25000"}},"geometry":{"type":"LineString","coordinates":[[15.9558828,45.7923268],[15.9559551,45.7924323]]}},{"type":"Feature","properties":{"osmId":"119346984","railway_type":"rail","name":"Zagreb Gk – Velika Gorica","electrified":"contact_line","voltage":"25000","frequency":"50","bounds":[15.9571275,45.7941533,15.9573158,45.7944312],"tags":{"bridge":"yes","electrified":"contact_line","frequency":"50","gauge":"1435","layer":"1","loading_gauge":"TSI_GC","maxspeed":"90","name":"Zagreb Gk – Velika Gorica","operator":"HŽ Infrastruktura","passenger_lines":"1","railway":"rail","railway:pzb":"yes","railway:traffic_mode":"mixed","ref":"M502-1","usage":"main","voltage":"25000"}},"geometry":{"type":"LineString","coordinates":[[15.9571275,45.7941533],[15.9573158,45.7944312]]}},{"type":"Feature","properties":{"osmId":"119346986","railway_type":"rail","name":"Zagreb Gk – Velika Gorica","electrified":"contact_line","voltage":"25000","frequency":"50","bounds":[15.959256,45.7972696,15.9593209,45.7973647],"tags":{"bridge":"yes","electrified":"contact_line","frequency":"50","gauge":"1435","layer":"1","loading_gauge":"TSI_GC","maxaxleload":"22","maxspeed":"90","name":"Zagreb Gk – Velika Gorica","operator":"HŽ Infrastruktura","passenger_lines":"1","railway":"rail","railway:pzb":"yes","railway:traffic_mode":"mixed","ref":"M502-1","usage":"main","voltage":"25000"}},"geometry":{"type":"LineString","coordinates":[[15.959256,45.7972696],[15.9593209,45.7973647]]}},{"type":"Feature","properties":{"osmId":"119346992","railway_type":"rail","name":"Zagreb Gk – Velika Gorica","electrified":"contact_line","voltage":"25000","frequency":"50","bounds":[15.954432,45.7884596,15.9558828,45.7923268],"tags":{"electrified":"contact_line","embankment":"yes","frequency":"50","gauge":"1435","loading_gauge":"TSI_GC","maxaxleload":"22","maxspeed":"90","name":"Zagreb Gk – Velika Gorica","operator":"HŽ Infrastruktura","passenger_lines":"1","railway":"rail","railway:pzb":"yes","railway:traffic_mode":"mixed","ref":"M502-1","usage":"main","voltage":"25000"}},"geometry":{"type":"LineString","coordinates":[[15.9545544,45.7884596],[15.9545244,45.7885609],[15.9544923,45.7886903],[15.9544622,45.7888616],[15.9544498,45.7889743],[15.9544375,45.7891364],[15.954432,45.7892422],[15.9544362,45.7894134],[15.9544512,45.7895805],[15.9544824,45.7897997],[15.9545053,45.7899222],[15.9545476,45.7900686],[15.9546279,45.7903152],[15.9546618,45.790395],[15.954733,45.7905572],[15.9548467,45.7907782],[15.9549361,45.7909281],[15.9550467,45.7911034],[15.9552436,45.7913936],[15.9554376,45.791677],[15.9556758,45.7920304],[15.9558664,45.7923028],[15.9558828,45.7923268]]}},{"type":"Feature","properties":{"osmId":"119346995","railway_type":"rail","name":"Zagreb Gk – Velika Gorica","electrified":"contact_line","voltage":"25000","frequency":"50","bounds":[15.9573158,45.7944312,15.959256,45.7972696],"tags":{"electrified":"contact_line","embankment":"yes","frequency":"50","gauge":"1435","loading_gauge":"TSI_GC","maxaxleload":"22","maxspeed":"90","name":"Zagreb Gk – Velika Gorica","operator":"HŽ Infrastruktura","passenger_lines":"1","railway":"rail","railway:pzb":"yes","railway:traffic_mode":"mixed","ref":"M502-1","usage":"main","voltage":"25000"}},"geometry":{"type":"LineString","coordinates":[[15.9573158,45.7944312],[15.9575448,45.7947687],[15.9577035,45.7950034],[15.957891,45.7952725],[15.9580798,45.7955509],[15.9582652,45.7958205],[15.9585053,45.7961768],[15.958714,45.7964822],[15.959256,45.7972696]]}},{"type":"Feature","properties":{"osmId":"119346997","railway_type":"rail","name":"Zagreb Gk – Velika Gorica","electrified":"contact_line","voltage":"25000","frequency":"50","bounds":[15.9545544,45.7880197,15.9547155,45.7884596],"tags":{"bridge":"yes","electrified":"contact_line","frequency":"50","gauge":"1435","layer":"1","loading_gauge":"TSI_GC","maxaxleload":"22","maxspeed":"90","name":"Zagreb Gk – Velika Gorica","operator":"HŽ Infrastruktura","passenger_lines":"1","railway":"rail","railway:pzb":"yes","railway:traffic_mode":"mixed","ref":"M502-1","usage":"main","voltage":"25000"}},"geometry":{"type":"LineString","coordinates":[[15.9547155,45.7880197],[15.9546892,45.7880769],[15.9545544,45.7884596]]}},{"type":"Feature","properties":{"osmId":"119346999","railway_type":"rail","name":"Zagreb Gk – Velika Gorica","electrified":"contact_line","voltage":"25000","frequency":"50","bounds":[15.9559551,45.7924323,15.9571275,45.7941533],"tags":{"electrified":"contact_line","embankment":"yes","frequency":"50","gauge":"1435","loading_gauge":"TSI_GC","maxaxleload":"22","maxspeed":"90","name":"Zagreb Gk – Velika Gorica","operator":"HŽ Infrastruktura","passenger_lines":"1","railway":"rail","railway:pzb":"yes","railway:traffic_mode":"mixed","ref":"M502-1","usage":"main","voltage":"25000"}},"geometry":{"type":"LineString","coordinates":[[15.9559551,45.7924323],[15.9563681,45.7930429],[15.9566426,45.7934465],[15.9570684,45.7940669],[15.9571275,45.7941533]]}},{"type":"Feature","properties":{"osmId":"119351173","railway_type":"rail","name":"Zagreb Gk – Velika Gorica","electrified":"contact_line","voltage":"25000","frequency":"50","bounds":[15.9568009,45.7775235,15.959566,45.7837569],"tags":{"electrified":"contact_line","embankment":"yes","frequency":"50","gauge":"1435","loading_gauge":"TSI_GC","maxaxleload":"22","maxspeed":"90","name":"Zagreb Gk – Velika Gorica","operator":"HŽ Infrastruktura","passenger_lines":"1","railway":"rail","railway:pzb":"yes","railway:traffic_mode":"mixed","ref":"M502-1","usage":"main","voltage":"25000"}},"geometry":{"type":"LineString","coordinates":[[15.959566,45.7775235],[15.9594063,45.7779471],[15.9593116,45.7782132],[15.9592203,45.7784631],[15.959155,45.7786324],[15.9591187,45.7787122],[15.9590716,45.7788228],[15.9589296,45.7791566],[15.9588513,45.7793206],[15.9587782,45.7794801],[15.9585787,45.7799191],[15.9583098,45.7805194],[15.9580904,45.7809984],[15.9578633,45.7815024],[15.957688,45.7818803],[15.9575679,45.7821466],[15.9573598,45.7826006],[15.9570962,45.7831541],[15.9568009,45.7837569]]}},{"type":"Feature","properties":{"osmId":"119351174","railway_type":"rail","name":"Zagreb Gk – Velika Gorica","electrified":"contact_line","voltage":"25000","frequency":"50","bounds":[15.9555096,45.7837569,15.9568009,45.7863931],"tags":{"bridge":"yes","electrified":"contact_line","frequency":"50","gauge":"1435","layer":"1","loading_gauge":"TSI_GC","maxaxleload":"22","maxspeed":"80","name":"Zagreb Gk – Velika Gorica","operator":"HŽ Infrastruktura","passenger_lines":"1","railway":"rail","railway:pzb":"yes","railway:traffic_mode":"mixed","ref":"M502-1","usage":"main","voltage":"25000"}},"geometry":{"type":"LineString","coordinates":[[15.9568009,45.7837569],[15.9555096,45.7863931]]}},{"type":"Feature","properties":{"osmId":"119351265","railway_type":"rail","name":"Zagreb Gk – Velika Gorica","electrified":"contact_line","voltage":"25000","frequency":"50","bounds":[15.9610696,45.7999266,15.963909,45.802235],"tags":{"electrified":"contact_line","embankment":"yes","frequency":"50","gauge":"1435","loading_gauge":"TSI_GC","maxaxleload":"22","maxspeed":"50","name":"Zagreb Gk – Velika Gorica","operator":"HŽ Infrastruktura","passenger_lines":"1","railway":"rail","railway:pzb":"yes","railway:traffic_mode":"mixed","ref":"M502-1","usage":"main","voltage":"25000"}},"geometry":{"type":"LineString","coordinates":[[15.9610696,45.7999266],[15.9613539,45.8003339],[15.9615736,45.8006458],[15.9616848,45.8007897],[15.9617906,45.8009211],[15.9618831,45.8010268],[15.9619803,45.8011296],[15.9621086,45.8012539],[15.962266,45.8013844],[15.9624123,45.8014988],[15.9625838,45.8016185],[15.962715,45.8017028],[15.9628847,45.8018011],[15.9630208,45.8018727],[15.9631344,45.8019302],[15.9632322,45.8019778],[15.9633789,45.8020428],[15.963517,45.8021001],[15.9636763,45.8021565],[15.963909,45.802235]]}},{"type":"Feature","properties":{"osmId":"119351266","railway_type":"rail","name":"Zagreb Gk – Velika Gorica","electrified":"contact_line","voltage":"25000","frequency":"50","bounds":[15.963909,45.802235,15.9645127,45.8024204],"tags":{"bridge":"yes","electrified":"contact_line","frequency":"50","gauge":"1435","layer":"1","loading_gauge":"TSI_GC","maxspeed":"50","name":"Zagreb Gk – Velika Gorica","operator":"HŽ Infrastruktura","passenger_lines":"1","railway":"rail","railway:pzb":"yes","railway:traffic_mode":"mixed","ref":"M502-1","usage":"main","voltage":"25000"}},"geometry":{"type":"LineString","coordinates":[[15.963909,45.802235],[15.964141,45.8023092],[15.9645127,45.8024204]]}},{"type":"Feature","properties":{"osmId":"119459137","railway_type":"rail","name":"DG – S. Marof – Zagreb Gk","electrified":"contact_line","voltage":"25000","frequency":"50","bounds":[15.9419644,45.80981,15.9420727,45.8098158],"tags":{"bridge":"yes","electrified":"contact_line","frequency":"50","gauge":"1435","layer":"1","loading_gauge":"TSI_GC","maxaxleload":"22","maxspeed":"55","name":"DG – S. Marof – Zagreb Gk","operator":"HŽ Infrastruktura","passenger_lines":"2","railway":"rail","railway:pzb":"yes","railway:traffic_mode":"mixed","ref":"M101","usage":"main","voltage":"25000"}},"geometry":{"type":"LineString","coordinates":[[15.9420727,45.80981],[15.9419644,45.8098158]]}},{"type":"Feature","properties":{"osmId":"119459140","railway_type":"rail","name":"DG – S. Marof – Zagreb Gk","electrified":"contact_line","voltage":"25000","frequency":"50","bounds":[15.9420727,45.8090558,15.9557486,45.80981],"tags":{"electrified":"contact_line","frequency":"50","gauge":"1435","loading_gauge":"TSI_GC","maxaxleload":"22","maxspeed":"55","name":"DG – S. Marof – Zagreb Gk","operator":"HŽ Infrastruktura","passenger_lines":"2","railway":"rail","railway:pzb":"yes","railway:traffic_mode":"mixed","ref":"M101","usage":"main","voltage":"25000"}},"geometry":{"type":"LineString","coordinates":[[15.9557486,45.8090558],[15.954908,45.8091039],[15.9542332,45.809141],[15.954051,45.809152],[15.951191,45.8093026],[15.9498122,45.8093816],[15.9496393,45.8093909],[15.9490593,45.8094201],[15.9485539,45.8094525],[15.9475136,45.8095091],[15.9452212,45.8096375],[15.9423026,45.8097973],[15.9420727,45.80981]]}},{"type":"Feature","properties":{"osmId":"119459141","railway_type":"rail","name":"DG – S. Marof – Zagreb Gk","electrified":"contact_line","voltage":"25000","frequency":"50","bounds":[15.9420691,45.8087288,15.9588952,45.8097703],"tags":{"electrified":"contact_line","frequency":"50","gauge":"1435","loading_gauge":"TSI_GC","maxaxleload":"22","maxspeed":"55","name":"DG – S. Marof – Zagreb Gk","operator":"HŽ Infrastruktura","passenger_lines":"2","railway":"rail","railway:pzb":"yes","railway:traffic_mode":"mixed","ref":"M101","usage":"main","voltage":"25000"}},"geometry":{"type":"LineString","coordinates":[[15.9588952,45.8087288],[15.9586877,45.808776],[15.9585773,45.8087956],[15.9584434,45.8088228],[15.9583107,45.8088423],[15.9581284,45.808867],[15.9579498,45.8088851],[15.9577741,45.8088991],[15.957488,45.8089178],[15.9570517,45.8089415],[15.9569664,45.8089465],[15.9568704,45.8089511],[15.956444,45.8089759],[15.955585,45.8090223],[15.9540465,45.8091066],[15.9511747,45.8092617],[15.9493786,45.8093629],[15.9486957,45.8094018],[15.9485472,45.8094104],[15.9484517,45.8094158],[15.9476449,45.8094595],[15.9454948,45.8095753],[15.9424596,45.8097512],[15.9423021,45.8097582],[15.9420691,45.8097703]]}},{"type":"Feature","properties":{"osmId":"119459150","railway_type":"rail","name":"DG – S. Marof – Zagreb Gk","electrified":"contact_line","voltage":"25000","frequency":"50","bounds":[15.9419614,45.8097703,15.9420691,45.8097768],"tags":{"bridge":"yes","electrified":"contact_line","frequency":"50","gauge":"1435","layer":"1","loading_gauge":"TSI_GC","maxaxleload":"22","maxspeed":"55","name":"DG – S. Marof – Zagreb Gk","operator":"HŽ Infrastruktura","passenger_lines":"2","railway":"rail","railway:pzb":"yes","railway:traffic_mode":"mixed","ref":"M101","usage":"main","voltage":"25000"}},"geometry":{"type":"LineString","coordinates":[[15.9420691,45.8097703],[15.9419614,45.8097768]]}},{"type":"Feature","properties":{"osmId":"119459153","railway_type":"rail","name":"DG – S. Marof – Zagreb Gk","electrified":"contact_line","voltage":"25000","frequency":"50","bounds":[15.9296848,45.8098158,15.9419644,45.8104899],"tags":{"electrified":"contact_line","frequency":"50","gauge":"1435","loading_gauge":"TSI_GC","maxaxleload":"22","maxspeed":"55","name":"DG – S. Marof – Zagreb Gk","operator":"HŽ Infrastruktura","passenger_lines":"2","railway":"rail","railway:pzb":"yes","railway:traffic_mode":"mixed","ref":"M101","usage":"main","voltage":"25000"}},"geometry":{"type":"LineString","coordinates":[[15.9419644,45.8098158],[15.9412337,45.8098544],[15.9326459,45.8103252],[15.9305208,45.8104449],[15.9296848,45.8104899]]}},{"type":"Feature","properties":{"osmId":"120032703","railway_type":"rail","name":"Sava – Zagreb Klara","electrified":"contact_line","voltage":"25000","frequency":"50","bounds":[15.9899082,45.7535048,16.0444525,45.7576533],"tags":{"electrified":"contact_line","frequency":"50","gauge":"1435","loading_gauge":"TSI_GC","maxaxleload":"22.5","maxspeed":"20","name":"Sava – Zagreb Klara","operator":"HŽ Infrastruktura","railway":"rail","railway:pzb":"yes","railway:traffic_mode":"freight","ref":"M402","usage":"main","voltage":"25000"}},"geometry":{"type":"LineString","coordinates":[[16.0444525,45.7565597],[16.0443602,45.7562738],[16.0442679,45.7560017],[16.0442214,45.7558811],[16.0441476,45.7557087],[16.0440663,45.75555],[16.0439937,45.7554249],[16.043909,45.7552955],[16.0438169,45.7551681],[16.0437386,45.7550703],[16.0436247,45.754944],[16.0435183,45.7548324],[16.0434027,45.754727],[16.0433138,45.7546463],[16.0432185,45.754567],[16.0431167,45.7544873],[16.0429899,45.7543999],[16.0427546,45.7542531],[16.0425796,45.7541584],[16.0424072,45.7540725],[16.0422033,45.753978],[16.0420524,45.7539139],[16.0419032,45.7538556],[16.0416568,45.7537749],[16.0414046,45.7537048],[16.0412891,45.7536754],[16.0411753,45.7536487],[16.0410621,45.7536256],[16.0409477,45.7536043],[16.0407382,45.7535703],[16.0405284,45.7535461],[16.0403547,45.7535291],[16.0401754,45.7535172],[16.0400044,45.7535083],[16.0398274,45.7535048],[16.0394442,45.7535076],[16.039073,45.7535253],[16.0367894,45.7537066],[16.0339498,45.7539337],[16.0332549,45.7539884],[16.0327997,45.7540592],[16.0324592,45.7541115],[16.0320086,45.7541759],[16.0317019,45.7542123],[16.0314356,45.7542386],[16.0308403,45.7542883],[16.0297949,45.7543696],[16.0286524,45.7544599],[16.0275294,45.7545491],[16.0263788,45.7546372],[16.0248722,45.7547592],[16.0237621,45.7548472],[16.0227443,45.754924],[16.0223659,45.7549566],[16.0217688,45.7550039],[16.0215329,45.7550227],[16.0210931,45.755056],[16.0209585,45.7550692],[16.0208547,45.7550834],[16.0207658,45.7550973],[16.0206554,45.7551202],[16.020501,45.7551552],[16.0196294,45.755398],[16.0186728,45.7556609],[16.0173124,45.7560343],[16.0171205,45.7560884],[16.0169091,45.7561468],[16.0164253,45.7562808],[16.0159198,45.7564178],[16.0156134,45.7565013],[16.0152737,45.7565814],[16.0151121,45.7566162],[16.014943,45.7566475],[16.0146856,45.7566879],[16.0145588,45.7567067],[16.0143832,45.7567262],[16.0141986,45.7567439],[16.0112751,45.7569797],[16.0091949,45.7571454],[16.0077273,45.7572589],[16.0063927,45.7573646],[16.0060524,45.7573889],[16.0058711,45.7573961],[16.0055746,45.7573992],[16.0052613,45.7573942],[16.0045968,45.757364],[16.004423,45.757355],[16.0043182,45.7573475],[16.0041664,45.7573299],[16.003878,45.7572884],[16.0027457,45.7571327],[16.0019055,45.7570108],[16.0017661,45.7569955],[16.0016302,45.7569834],[16.0015177,45.7569789],[16.0014153,45.7569775],[16.0012675,45.7569817],[16.0011015,45.7569923],[15.9990526,45.757154],[15.9975228,45.7572705],[15.9960678,45.7573878],[15.9935189,45.7575905],[15.992857,45.7576412],[15.9926451,45.7576533],[15.992419,45.7576532],[15.9922531,45.7576476],[15.9920908,45.7576395],[15.9918992,45.757621],[15.9916968,45.7575949],[15.9913949,45.7575502],[15.9912338,45.7575267],[15.9910696,45.7575106],[15.9909338,45.757504],[15.9908358,45.7574991],[15.9907187,45.7574969],[15.9904775,45.7574972],[15.9899082,45.7575016]]}},{"type":"Feature","properties":{"osmId":"120040069","railway_type":"rail","name":"Sesvete – Sava","electrified":"contact_line","voltage":"25000","frequency":"50","bounds":[16.0446239,45.7576461,16.0454286,45.7615397],"tags":{"bridge":"yes","electrified":"contact_line","frequency":"50","gauge":"1435","layer":"1","loading_gauge":"TSI_GC","maxaxleload":"22.5","maxspeed":"20","name":"Sesvete – Sava","operator":"HŽ Infrastruktura","passenger_lines":"2","railway":"rail","railway:pzb":"yes","railway:traffic_mode":"freight","ref":"M401","usage":"main","voltage":"25000"}},"geometry":{"type":"LineString","coordinates":[[16.0454286,45.7615397],[16.0446239,45.7576461]]}},{"type":"Feature","properties":{"osmId":"120040074","railway_type":"rail","name":"Sesvete – Sava","electrified":"contact_line","voltage":"25000","frequency":"50","bounds":[16.0445994,45.7575311,16.0446239,45.7576461],"tags":{"electrified":"contact_line","frequency":"50","gauge":"1435","loading_gauge":"TSI_GC","maxaxleload":"22.5","maxspeed":"100","name":"Sesvete – Sava","operator":"HŽ Infrastruktura","passenger_lines":"2","railway":"rail","railway:pzb":"yes","railway:traffic_mode":"freight","ref":"M401","usage":"main","voltage":"25000"}},"geometry":{"type":"LineString","coordinates":[[16.0446239,45.7576461],[16.0445994,45.7575311]]}},{"type":"Feature","properties":{"osmId":"120040076","railway_type":"rail","name":"Sesvete – Sava","electrified":"contact_line","voltage":"25000","frequency":"50","bounds":[16.0578308,45.7936284,16.0628072,45.8017934],"tags":{"electrified":"contact_line","frequency":"50","gauge":"1435","loading_gauge":"TSI_GC","maxaxleload":"22.5","maxspeed":"100","name":"Sesvete – Sava","operator":"HŽ Infrastruktura","passenger_lines":"2","railway":"rail","railway:pzb":"yes","railway:traffic_mode":"freight","ref":"M401","usage":"main","voltage":"25000"}},"geometry":{"type":"LineString","coordinates":[[16.0628072,45.8017934],[16.0578308,45.7936284]]}},{"type":"Feature","properties":{"osmId":"120040081","railway_type":"rail","name":"Sesvete – Sava","electrified":"contact_line","voltage":"25000","frequency":"50","bounds":[16.0628072,45.8017934,16.0631469,45.802355],"tags":{"bridge":"yes","electrified":"contact_line","frequency":"50","gauge":"1435","layer":"1","loading_gauge":"TSI_GC","maxaxleload":"22.5","maxspeed":"100","name":"Sesvete – Sava","operator":"HŽ Infrastruktura","passenger_lines":"2","railway":"rail","railway:pzb":"yes","railway:traffic_mode":"freight","ref":"M401","usage":"main","voltage":"25000"}},"geometry":{"type":"LineString","coordinates":[[16.0631469,45.802355],[16.0628072,45.8017934]]}},{"type":"Feature","properties":{"osmId":"120449743","railway_type":"rail","name":null,"electrified":"contact_line","voltage":"25000","frequency":"50","bounds":[16.0662443,45.8076602,16.0664528,45.8079897],"tags":{"electrified":"contact_line","frequency":"50","gauge":"1435","maxaxleload":"22.5","operator":"HŽ Infrastruktura","railway":"rail","service":"spur","voltage":"25000"}},"geometry":{"type":"LineString","coordinates":[[16.0664528,45.8079897],[16.0662443,45.8076602]]}},{"type":"Feature","properties":{"osmId":"120449745","railway_type":"rail","name":null,"electrified":"yes","voltage":"25000","frequency":"50","bounds":[16.0542017,45.8056797,16.0629879,45.8073776],"tags":{"electrified":"yes","frequency":"50","gauge":"1435","railway":"rail","service":"spur","voltage":"25000"}},"geometry":{"type":"LineString","coordinates":[[16.0542017,45.8073236],[16.0544385,45.8073497],[16.0545898,45.8073612],[16.0547943,45.8073715],[16.0550115,45.8073776],[16.0551798,45.8073741],[16.0553988,45.8073571],[16.0555949,45.8073402],[16.0557367,45.8073225],[16.0558825,45.8072968],[16.0565213,45.8071595],[16.0566877,45.8071242],[16.056878,45.8070838],[16.0571158,45.8070327],[16.0573692,45.8069655],[16.0576607,45.8068741],[16.0580353,45.8067551],[16.0584833,45.8066139],[16.0588527,45.8064953],[16.0595273,45.8062824],[16.0597634,45.8062082],[16.060293,45.8060389],[16.0607097,45.8059065],[16.060988,45.8058214],[16.0611837,45.8057702],[16.0613721,45.8057326],[16.0615043,45.8057104],[16.0616514,45.8056941],[16.0618254,45.8056838],[16.0620214,45.8056797],[16.0621618,45.8056827],[16.0621856,45.8056843],[16.0623304,45.8056939],[16.0625861,45.8057299],[16.0629879,45.8058209]]}},{"type":"Feature","properties":{"osmId":"120449747","railway_type":"rail","name":null,"electrified":"no","voltage":null,"frequency":null,"bounds":[16.0653988,45.8046173,16.069907,45.8061646],"tags":{"electrified":"no","gauge":"1435","maxaxleload":"22.5","railway":"rail","service":"spur"}},"geometry":{"type":"LineString","coordinates":[[16.0655398,45.8061646],[16.0654298,45.8059113],[16.0654143,45.80582],[16.0653988,45.8057288],[16.0654067,45.8055467],[16.065477,45.8053287],[16.0656091,45.8051301],[16.0656917,45.8049838],[16.0660243,45.8047968],[16.0664427,45.8046622],[16.0668289,45.8046173],[16.067183,45.8046397],[16.0676019,45.8047067],[16.0681808,45.8048492],[16.0688138,45.8049613],[16.069907,45.8050953]]}},{"type":"Feature","properties":{"osmId":"120449749","railway_type":"rail","name":null,"electrified":"no","voltage":null,"frequency":null,"bounds":[16.0418795,45.7998298,16.0662443,45.8076602],"tags":{"electrified":"no","gauge":"1435","maxaxleload":"22.5","railway":"rail","service":"spur"}},"geometry":{"type":"LineString","coordinates":[[16.0418795,45.7998298],[16.0420644,45.7998384],[16.0422058,45.7998394],[16.0424818,45.7998484],[16.042783,45.7998689],[16.043144,45.799927],[16.0437365,45.8000287],[16.0440372,45.800062],[16.0442724,45.8000857],[16.0448125,45.8001278],[16.0449843,45.8001492],[16.0469124,45.8004752],[16.0469865,45.8004869],[16.0482697,45.8007088],[16.0486596,45.8007757],[16.0487321,45.8007893],[16.0488798,45.8008132],[16.0489388,45.8008243],[16.0501199,45.8010216],[16.0515892,45.8012732],[16.052249,45.8013862],[16.0537264,45.801633],[16.0541531,45.8017109],[16.0543035,45.8017458],[16.0545067,45.8018065],[16.0546991,45.8018748],[16.0549392,45.8019767],[16.0555682,45.8022467],[16.0570239,45.8028643],[16.0583595,45.8034302],[16.0585467,45.8035138],[16.0597761,45.8040313],[16.0602723,45.8042775],[16.061309,45.8048523],[16.0617796,45.8051072],[16.0619904,45.8052136],[16.062198,45.8053049],[16.0625966,45.8054723],[16.06306,45.8056713],[16.064004,45.8060677],[16.0646595,45.8063219],[16.0653428,45.8066751],[16.0658448,45.8070937],[16.0660439,45.8073319],[16.0662443,45.8076602]]}},{"type":"Feature","properties":{"osmId":"120471851","railway_type":"rail","name":null,"electrified":"no","voltage":null,"frequency":null,"bounds":[15.8670207,45.8021143,15.8707201,45.8025998],"tags":{"electrified":"no","gauge":"1435","railway":"rail","service":"spur"}},"geometry":{"type":"LineString","coordinates":[[15.8670207,45.8025998],[15.8680907,45.8024626],[15.8685181,45.8024046],[15.8707201,45.8021143]]}},{"type":"Feature","properties":{"osmId":"120471864","railway_type":"rail","name":null,"electrified":"no","voltage":null,"frequency":null,"bounds":[15.8649092,45.8086586,15.8682679,45.8098416],"tags":{"electrified":"no","gauge":"1435","maxaxleload":"22.5","railway":"rail","service":"spur"}},"geometry":{"type":"LineString","coordinates":[[15.8649092,45.8088333],[15.8653309,45.8087759],[15.8658766,45.8087016],[15.8660081,45.8086837],[15.8662619,45.8086586],[15.8665183,45.808661],[15.8667435,45.8086824],[15.8669836,45.8087314],[15.8672059,45.8088045],[15.8673883,45.8088778],[15.8675547,45.8089662],[15.8677314,45.8090817],[15.8678144,45.8091412],[15.8679641,45.8092807],[15.8680407,45.8093669],[15.8681246,45.8094881],[15.8682056,45.809648],[15.8682679,45.8098416]]}},{"type":"Feature","properties":{"osmId":"120471865","railway_type":"rail","name":null,"electrified":"no","voltage":null,"frequency":null,"bounds":[15.8683545,45.8081992,15.8712083,45.8104532],"tags":{"electrified":"no","gauge":"1435","maxaxleload":"22.5","railway":"rail","service":"spur"}},"geometry":{"type":"LineString","coordinates":[[15.8712083,45.8081992],[15.8711026,45.8082207],[15.8705338,45.8083363],[15.8703634,45.8083739],[15.8702548,45.8084021],[15.8701437,45.8084319],[15.8699457,45.8085009],[15.8696106,45.8086542],[15.8695743,45.8086705],[15.8694008,45.8087524],[15.8691299,45.8089191],[15.8689975,45.8090187],[15.8688687,45.8091365],[15.8687555,45.8092552],[15.8686789,45.8093441],[15.8686012,45.8094595],[15.8685338,45.8095794],[15.8684875,45.8096799],[15.8684523,45.8097764],[15.8684167,45.8098888],[15.8683949,45.8099851],[15.8683727,45.8101176],[15.8683602,45.8102475],[15.8683545,45.8104532]]}},{"type":"Feature","properties":{"osmId":"120552027","railway_type":"rail","name":null,"electrified":"no","voltage":null,"frequency":null,"bounds":[15.8688685,45.8025613,15.8707225,45.804983],"tags":{"electrified":"no","gauge":"1435","railway":"rail","service":"spur"}},"geometry":{"type":"LineString","coordinates":[[15.8688685,45.8026296],[15.8690496,45.8025841],[15.869234,45.8025613],[15.8694798,45.8025702],[15.8697788,45.8026101],[15.8700276,45.8026799],[15.870196,45.802777],[15.8703629,45.8028979],[15.870507,45.8030403],[15.8706202,45.8031917],[15.8706749,45.8033104],[15.8707149,45.8034518],[15.8707225,45.8035876],[15.8706814,45.8037687],[15.8705881,45.803982],[15.870514,45.8041264],[15.8703713,45.8044338],[15.8702653,45.8045732],[15.870112,45.8047058],[15.8699868,45.8047828],[15.8698534,45.8048505],[15.8696204,45.8049285],[15.869348,45.804983]]}},{"type":"Feature","properties":{"osmId":"120552028","railway_type":"rail","name":null,"electrified":"no","voltage":null,"frequency":null,"bounds":[15.8565126,45.8147818,15.8599398,45.8150115],"tags":{"electrified":"no","gauge":"1435","maxaxleload":"22.5","railway":"rail","service":"spur"}},"geometry":{"type":"LineString","coordinates":[[15.8599398,45.8147818],[15.8596411,45.8148294],[15.8593946,45.8148548],[15.858849,45.8148824],[15.858363,45.8149097],[15.8579467,45.8149324],[15.8565126,45.8150115]]}},{"type":"Feature","properties":{"osmId":"120552031","railway_type":"rail","name":null,"electrified":"no","voltage":null,"frequency":null,"bounds":[15.8645644,45.810103,15.8683297,45.8114802],"tags":{"electrified":"no","gauge":"1435","maxaxleload":"22.5","railway":"rail","service":"spur"}},"geometry":{"type":"LineString","coordinates":[[15.8645644,45.8103409],[15.8653049,45.8102402],[15.865711,45.810189],[15.8663927,45.810103],[15.8664589,45.810107],[15.8665926,45.8101151],[15.8670172,45.8101681],[15.8672423,45.810219],[15.8674434,45.8102932],[15.8676563,45.8104058],[15.8678688,45.8105711],[15.8680238,45.810721],[15.8681646,45.8109107],[15.8682424,45.8110727],[15.8683297,45.8114802]]}},{"type":"Feature","properties":{"osmId":"120552033","railway_type":"rail","name":null,"electrified":"no","voltage":null,"frequency":null,"bounds":[15.8706814,45.802724,15.8708944,45.8037687],"tags":{"electrified":"no","gauge":"1435","railway":"rail","service":"spur"}},"geometry":{"type":"LineString","coordinates":[[15.8708215,45.802724],[15.8708669,45.802865],[15.8708944,45.803063],[15.8708795,45.8032565],[15.8708291,45.8034871],[15.8706814,45.8037687]]}},{"type":"Feature","properties":{"osmId":"120654381","railway_type":"rail","name":null,"electrified":"no","voltage":null,"frequency":null,"bounds":[15.8635949,45.8065116,15.8683545,45.8140198],"tags":{"electrified":"no","gauge":"1435","maxaxleload":"22.5","railway":"rail","service":"spur"}},"geometry":{"type":"LineString","coordinates":[[15.8673743,45.8065116],[15.8675961,45.8072784],[15.8676754,45.8075525],[15.8676869,45.8075923],[15.8677532,45.8078301],[15.8680968,45.8090088],[15.8682171,45.8095017],[15.8682679,45.8098416],[15.8682759,45.8099069],[15.8683092,45.8101171],[15.8683545,45.8104532],[15.8683507,45.810596],[15.8683297,45.8114802],[15.8683282,45.8119238],[15.8683254,45.8119952],[15.868324,45.8120482],[15.8683169,45.8123068],[15.8682954,45.8124807],[15.8682616,45.8126275],[15.8682066,45.8127575],[15.8681319,45.8128958],[15.8680976,45.8129511],[15.8680289,45.81304],[15.8679922,45.8130836],[15.8679555,45.8131231],[15.8679061,45.8131692],[15.8678374,45.8132277],[15.8677545,45.8132902],[15.8676839,45.8133373],[15.8676371,45.8133679],[15.8675879,45.813398],[15.8675032,45.8134481],[15.8673797,45.8135098],[15.8672862,45.8135515],[15.8671762,45.8135986],[15.8670997,45.8136271],[15.8669534,45.8136817],[15.8667743,45.813739],[15.8665935,45.8137943],[15.8665011,45.8138192],[15.8664088,45.8138403],[15.8662806,45.8138638],[15.8661567,45.8138773],[15.8659135,45.8138954],[15.8652113,45.8139308],[15.8641708,45.8139867],[15.8635949,45.8140198]]}},{"type":"Feature","properties":{"osmId":"120654382","railway_type":"rail","name":null,"electrified":"no","voltage":null,"frequency":null,"bounds":[15.866613,45.8024626,15.8680907,45.8065116],"tags":{"electrified":"no","gauge":"1435","railway":"rail","service":"spur"}},"geometry":{"type":"LineString","coordinates":[[15.8673743,45.8065116],[15.86705,45.8053851],[15.8669348,45.8049943],[15.8667072,45.8042113],[15.8666594,45.8040358],[15.8666236,45.8038513],[15.866613,45.8037098],[15.8666251,45.8036355],[15.8666619,45.8034645],[15.8667679,45.803238],[15.8668769,45.8030913],[15.8670602,45.8029237],[15.8672729,45.8027579],[15.8674797,45.8026496],[15.8676204,45.8025891],[15.8677815,45.8025347],[15.8678974,45.8025027],[15.8680907,45.8024626]]}},{"type":"Feature","properties":{"osmId":"120746838","railway_type":"rail","name":"Sesvete – Sava","electrified":"contact_line","voltage":"25000","frequency":"50","bounds":[16.0444525,45.7565597,16.0446774,45.7576404],"tags":{"electrified":"contact_line","frequency":"50","gauge":"1435","loading_gauge":"TSI_GC","maxaxleload":"22.5","maxspeed":"100","name":"Sesvete – Sava","operator":"HŽ Infrastruktura","passenger_lines":"2","railway":"rail","railway:pzb":"yes","railway:traffic_mode":"freight","ref":"M401","usage":"main","voltage":"25000"}},"geometry":{"type":"LineString","coordinates":[[16.0444525,45.7565597],[16.0445402,45.7569979],[16.0446774,45.7576404]]}},{"type":"Feature","properties":{"osmId":"120747683","railway_type":"rail","name":"Sava rasputnica – Velika Gorica","electrified":"contact_line","voltage":"25000","frequency":"50","bounds":[16.0309275,45.7066211,16.0496011,45.7545329],"tags":{"electrified":"contact_line","frequency":"50","gauge":"1435","loading_gauge":"TSI_GC","maxaxleload":"22.5","maxspeed":"100","name":"Sava rasputnica – Velika Gorica","operator":"HŽ Infrastruktura","passenger_lines":"1","railway":"rail","railway:pzb":"yes","railway:traffic_mode":"freight","ref":"M407","usage":"main","voltage":"25000"}},"geometry":{"type":"LineString","coordinates":[[16.0496011,45.7066211],[16.0494143,45.7067747],[16.0492213,45.7069446],[16.0491238,45.7070206],[16.0490261,45.7070953],[16.0487347,45.7073056],[16.0472394,45.7083792],[16.0467584,45.7087253],[16.0440561,45.7106696],[16.0432882,45.7112254],[16.0426134,45.7117088],[16.0423228,45.7119175],[16.0417879,45.7123044],[16.0414485,45.7125487],[16.0412064,45.7127219],[16.0406486,45.7131228],[16.0399493,45.7136264],[16.0392282,45.7141527],[16.0378295,45.7151901],[16.0364121,45.7162317],[16.0349818,45.7172601],[16.0346946,45.7174689],[16.0344164,45.7176772],[16.0341504,45.7178826],[16.0338923,45.7180954],[16.0336739,45.7182852],[16.0334615,45.7184797],[16.0332609,45.7186736],[16.0330657,45.7188733],[16.032861,45.7190965],[16.0326636,45.7193263],[16.0324809,45.7195555],[16.0323081,45.7197837],[16.0321432,45.7200224],[16.0319899,45.7202594],[16.0318535,45.7204908],[16.0317256,45.720723],[16.0316526,45.7208645],[16.0315838,45.7210057],[16.0315154,45.7211508],[16.0314534,45.721298],[16.0313354,45.7216001],[16.0312798,45.7217571],[16.0312309,45.7219058],[16.0311412,45.7222135],[16.0310688,45.722521],[16.0310109,45.7228279],[16.0309686,45.7231397],[16.0309514,45.723315],[16.0309425,45.7234866],[16.0309309,45.7236645],[16.0309275,45.7238475],[16.0309427,45.724299],[16.0309659,45.7245314],[16.0309911,45.7247488],[16.0310416,45.7250439],[16.0311041,45.7253376],[16.0311883,45.725651],[16.0312867,45.7259608],[16.0313807,45.7262163],[16.031482,45.7264682],[16.0316522,45.7268596],[16.0317399,45.7270524],[16.0318464,45.7272845],[16.0321674,45.7279905],[16.0323619,45.7284147],[16.0324798,45.7286856],[16.0332603,45.7303884],[16.0340398,45.7320959],[16.0350097,45.7342445],[16.0353223,45.7349038],[16.0360121,45.7363953],[16.0378819,45.7405189],[16.0397648,45.7446339],[16.0404389,45.746113],[16.0430832,45.7519064],[16.0432573,45.7522942],[16.0434188,45.7526807],[16.0436616,45.7533259],[16.0437686,45.7536433],[16.0438648,45.7539595],[16.0440233,45.7545329]]}},{"type":"Feature","properties":{"osmId":"121018107","railway_type":"rail","name":"Zagreb RkOs – Zagreb RkPs","electrified":"contact_line","voltage":"25000","frequency":"50","bounds":[16.0061734,45.7572466,16.0070271,45.7575796],"tags":{"bridge":"yes","electrified":"contact_line","frequency":"50","gauge":"1435","layer":"1","loading_gauge":"TSI_GC","maxaxleload":"22.5","maxspeed":"20","name":"Zagreb RkOs – Zagreb RkPs","railway":"rail","railway:pzb":"yes","ref":"M410","usage":"main","voltage":"25000"}},"geometry":{"type":"LineString","coordinates":[[16.0070271,45.7575796],[16.0061734,45.7572466]]}},{"type":"Feature","properties":{"osmId":"121018108","railway_type":"rail","name":"Zagreb RkOs – Zagreb RkPs","electrified":"contact_line","voltage":"25000","frequency":"50","bounds":[16.0070271,45.7537967,16.0362048,45.7582462],"tags":{"electrified":"contact_line","frequency":"50","gauge":"1435","loading_gauge":"TSI_GC","maxaxleload":"22.5","maxspeed":"20","name":"Zagreb RkOs – Zagreb RkPs","railway":"rail","railway:pzb":"yes","ref":"M410","usage":"main","voltage":"25000"}},"geometry":{"type":"LineString","coordinates":[[16.0362048,45.7537967],[16.0359258,45.7538251],[16.0357688,45.7538447],[16.0355201,45.7538814],[16.035176,45.7539444],[16.0345209,45.7540784],[16.033697,45.7542524],[16.0319641,45.754606],[16.0312274,45.754741],[16.0307563,45.7548109],[16.0298299,45.754909],[16.0276068,45.7550874],[16.0252713,45.7552742],[16.0247972,45.7553234],[16.0242986,45.7553898],[16.0238847,45.755456],[16.0234812,45.7555268],[16.0230834,45.7556121],[16.0226806,45.7557063],[16.0222082,45.7558272],[16.0217199,45.7559611],[16.020289,45.7563571],[16.0188298,45.7567527],[16.0164323,45.7574119],[16.0160988,45.7575032],[16.0156103,45.7576195],[16.0153347,45.7576797],[16.0149445,45.7577565],[16.0145255,45.7578284],[16.0141817,45.7578802],[16.0138483,45.7579242],[16.0134515,45.7579673],[16.013179,45.7579934],[16.0125251,45.7580475],[16.010401,45.7582174],[16.010111,45.7582345],[16.0098751,45.7582442],[16.0096572,45.7582462],[16.0092291,45.7582253],[16.0088112,45.7581711],[16.0083155,45.758062],[16.0077772,45.757883],[16.0073945,45.7577355],[16.0070271,45.7575796]]}},{"type":"Feature","properties":{"osmId":"121018110","railway_type":"rail","name":"Zagreb RkOs – Zagreb RkPs","electrified":"contact_line","voltage":"25000","frequency":"50","bounds":[16.0027417,45.7565415,16.0061734,45.7572466],"tags":{"electrified":"contact_line","frequency":"50","gauge":"1435","loading_gauge":"TSI_GC","maxaxleload":"22.5","maxspeed":"20","name":"Zagreb RkOs – Zagreb RkPs","operator":"HŽ Infrastruktura","railway":"rail","railway:pzb":"yes","ref":"M410","usage":"main","voltage":"25000"}},"geometry":{"type":"LineString","coordinates":[[16.0061734,45.7572466],[16.0052068,45.7568714],[16.0049157,45.7567714],[16.0045594,45.756679],[16.0042098,45.7566103],[16.00388,45.7565672],[16.0036197,45.7565481],[16.0033672,45.7565415],[16.0031736,45.7565442],[16.0029658,45.7565589],[16.0027417,45.7565731]]}},{"type":"Feature","properties":{"osmId":"121040341","railway_type":"rail","name":null,"electrified":"contact_line","voltage":"25000","frequency":"50","bounds":[15.9881963,45.7566674,16.0017716,45.7576802],"tags":{"electrified":"contact_line","frequency":"50","gauge":"1435","maxaxleload":"22.5","operator":"HŽ Infrastruktura","railway":"rail","service":"yard","voltage":"25000"}},"geometry":{"type":"LineString","coordinates":[[16.0017716,45.7566674],[16.001578,45.7566965],[16.0014708,45.7567114],[16.0013582,45.7567237],[16.0008527,45.7567668],[15.9991658,45.7568999],[15.9934653,45.757347],[15.9929889,45.757386],[15.9928223,45.7573985],[15.9926388,45.7574014],[15.9917155,45.7574065],[15.9915938,45.757412],[15.9914239,45.7574239],[15.9909527,45.7574594],[15.9904775,45.7574972],[15.9889278,45.7576229],[15.9881963,45.7576802]]}},{"type":"Feature","properties":{"osmId":"121040342","railway_type":"rail","name":null,"electrified":"no","voltage":null,"frequency":null,"bounds":[16.00418,45.7547089,16.0175208,45.7563741],"tags":{"electrified":"no","gauge":"1435","maxaxleload":"22.5","operator":"HŽ Infrastruktura","railway":"rail","service":"yard"}},"geometry":{"type":"LineString","coordinates":[[16.00418,45.7563741],[16.0042757,45.7563639],[16.0043505,45.7563531],[16.0044735,45.756331],[16.0047989,45.7562739],[16.0049959,45.756233],[16.0052676,45.75617],[16.0053639,45.7561462],[16.0055974,45.7560934],[16.0057689,45.7560505],[16.0059734,45.7559941],[16.0061941,45.7559344],[16.0063067,45.7559025],[16.0064222,45.7558631],[16.0064706,45.755845],[16.0065646,45.755809],[16.0066716,45.7557642],[16.0067688,45.7557173],[16.0068687,45.7556644],[16.0069956,45.7556038],[16.0070994,45.7555616],[16.0072193,45.7555178],[16.0073461,45.7554791],[16.0074914,45.7554426],[16.0076214,45.755416],[16.0077922,45.7553882],[16.0080038,45.7553659],[16.016253,45.7547164],[16.0164195,45.7547092],[16.0165612,45.7547089],[16.0167184,45.7547148],[16.0168717,45.7547267],[16.0171945,45.7547628],[16.0173059,45.754774],[16.0174094,45.7547893],[16.0175208,45.7548081]]}},{"type":"Feature","properties":{"osmId":"121043326","railway_type":"rail","name":"Sava – Zagreb Klara","electrified":"contact_line","voltage":"25000","frequency":"50","bounds":[15.9880629,45.7572089,16.0063962,45.7577253],"tags":{"electrified":"contact_line","frequency":"50","gauge":"1435","maxaxleload":"22","maxspeed":"20","name":"Sava – Zagreb Klara","operator":"HŽ Infrastruktura","railway":"rail","railway:pzb":"yes","ref":"M402","usage":"main","voltage":"25000"}},"geometry":{"type":"LineString","coordinates":[[16.0063962,45.7574182],[16.0063506,45.7574217],[16.0058746,45.7574605],[16.0051936,45.7575113],[16.0049673,45.7575269],[16.0047063,45.757542],[16.0044873,45.7575476],[16.0043,45.7575483],[16.0040964,45.7575452],[16.0039171,45.7575389],[16.003724,45.7575254],[16.0034975,45.7575054],[16.0032659,45.7574819],[16.0015478,45.7572675],[16.0013027,45.7572401],[16.0010576,45.7572234],[16.0007561,45.757209],[16.0003909,45.7572089],[16.0001285,45.7572161],[15.9998584,45.7572278],[15.9990159,45.757291],[15.9963003,45.7575062],[15.9940007,45.7576875],[15.9938456,45.7576986],[15.9936842,45.7577068],[15.9934765,45.7577165],[15.9932264,45.7577232],[15.992972,45.7577253],[15.9904279,45.7577253],[15.9880629,45.7577164]]}},{"type":"Feature","properties":{"osmId":"121107844","railway_type":"rail","name":null,"electrified":"no","voltage":null,"frequency":null,"bounds":[16.0052676,45.754415,16.0206119,45.75617],"tags":{"electrified":"no","gauge":"1435","maxaxleload":"22.5","operator":"HŽ Infrastruktura","railway":"rail","service":"yard"}},"geometry":{"type":"LineString","coordinates":[[16.0052676,45.75617],[16.0053621,45.7561439],[16.0054926,45.7561028],[16.0056048,45.7560626],[16.0057212,45.7560157],[16.0059183,45.7559237],[16.0061273,45.7558261],[16.0062268,45.755776],[16.0063235,45.7557215],[16.006364,45.7556994],[16.0064357,45.7556535],[16.0065319,45.7555875],[16.0067242,45.7554431],[16.0068478,45.7553501],[16.0069323,45.7552966],[16.007015,45.7552501],[16.0071433,45.7551883],[16.0072378,45.755147],[16.0073436,45.7551089],[16.0074585,45.7550736],[16.0076005,45.7550392],[16.0077333,45.7550105],[16.0078587,45.7549909],[16.0079828,45.7549736],[16.0082246,45.7549595],[16.0149493,45.7544256],[16.0150905,45.7544196],[16.0151903,45.754415],[16.0152993,45.7544157],[16.0154975,45.7544272],[16.0156773,45.754446],[16.0158317,45.7544704],[16.0162267,45.7545471],[16.0166594,45.7546351],[16.0170904,45.7547224],[16.0175208,45.7548081],[16.0180808,45.7549215],[16.0181411,45.7549325],[16.0182662,45.7549577],[16.0183703,45.7549754],[16.0185066,45.7549934],[16.0186765,45.7550089],[16.0188432,45.7550162],[16.019015,45.7550184],[16.0194532,45.7550236],[16.0195782,45.755022],[16.0197452,45.7550146],[16.0201399,45.7549812],[16.0203784,45.7549836],[16.0206119,45.7549859]]}},{"type":"Feature","properties":{"osmId":"121108055","railway_type":"rail","name":"Zagreb RkOs – Zagreb RkPs","electrified":"contact_line","voltage":"25000","frequency":"50","bounds":[15.9990526,45.7565731,16.0027417,45.757154],"tags":{"electrified":"contact_line","frequency":"50","gauge":"1435","loading_gauge":"TSI_GC","maxaxleload":"22.5","maxspeed":"20","name":"Zagreb RkOs – Zagreb RkPs","operator":"HŽ Infrastruktura","railway":"rail","railway:pzb":"yes","ref":"M410","usage":"main","voltage":"25000"}},"geometry":{"type":"LineString","coordinates":[[16.0027417,45.7565731],[16.0026083,45.756587],[16.0024487,45.7566073],[16.0022515,45.7566356],[16.0018729,45.7566973],[16.0016816,45.7567222],[16.0011696,45.7567896],[16.0009461,45.7568367],[16.0006012,45.7569075],[16.000457,45.7569336],[16.0002326,45.7569665],[15.9999085,45.7570179],[15.9993429,45.7571176],[15.9991997,45.7571396],[15.9990526,45.757154]]}},{"type":"Feature","properties":{"osmId":"121108531","railway_type":"rail","name":null,"electrified":"contact_line","voltage":"25000","frequency":"50","bounds":[15.9921179,45.7564541,16.0026382,45.7573595],"tags":{"electrified":"contact_line","frequency":"50","gauge":"1435","maxaxleload":"22.5","operator":"HŽ Infrastruktura","railway":"rail","service":"yard","voltage":"25000"}},"geometry":{"type":"LineString","coordinates":[[16.0026382,45.7564541],[16.0025202,45.7564667],[16.0024352,45.7564796],[16.0023073,45.7565023],[16.0020694,45.7565427],[16.0017248,45.7565992],[16.0015712,45.7566197],[16.0014578,45.7566302],[15.9934552,45.7572633],[15.9928796,45.7573074],[15.9924062,45.7573459],[15.9922564,45.7573557],[15.9921179,45.7573595]]}},{"type":"Feature","properties":{"osmId":"121108532","railway_type":"rail","name":null,"electrified":"contact_line","voltage":"25000","frequency":"50","bounds":[15.9909527,45.7567896,16.0011696,45.7574594],"tags":{"electrified":"contact_line","frequency":"50","gauge":"1435","maxaxleload":"22.5","operator":"HŽ Infrastruktura","railway":"rail","service":"yard","voltage":"25000"}},"geometry":{"type":"LineString","coordinates":[[16.0011696,45.7567896],[16.0009844,45.7568134],[16.0007757,45.7568361],[15.9934697,45.7574151],[15.9932202,45.7574317],[15.9929926,45.7574403],[15.9912367,45.7574492],[15.9911008,45.7574525],[15.9909527,45.7574594]]}},{"type":"Feature","properties":{"osmId":"121108533","railway_type":"rail","name":null,"electrified":"contact_line","voltage":"25000","frequency":"50","bounds":[15.991424,45.7569665,16.0002326,45.7575443],"tags":{"electrified":"contact_line","frequency":"50","gauge":"1435","maxaxleload":"22.5","operator":"HŽ Infrastruktura","railway":"rail","service":"yard","voltage":"25000"}},"geometry":{"type":"LineString","coordinates":[[15.991424,45.7575356],[15.9915601,45.7575424],[15.9916857,45.7575443],[15.9929534,45.757536],[15.9935009,45.7575002],[15.9950503,45.7573772],[15.9999075,45.7569897],[16.0002326,45.7569665]]}},{"type":"Feature","properties":{"osmId":"121108534","railway_type":"rail","name":null,"electrified":"contact_line","voltage":"25000","frequency":"50","bounds":[15.9915321,45.7565731,16.0027417,45.7573705],"tags":{"electrified":"contact_line","frequency":"50","gauge":"1435","maxaxleload":"22.5","operator":"HŽ Infrastruktura","railway":"rail","service":"yard","voltage":"25000"}},"geometry":{"type":"LineString","coordinates":[[15.9915321,45.7573705],[15.991652,45.7573649],[15.9917739,45.7573624],[15.9921179,45.7573595],[15.9926987,45.7573576],[15.9928509,45.7573509],[15.9930323,45.7573391],[15.9934402,45.7573082],[15.9963975,45.7570744],[16.0017169,45.7566537],[16.0020094,45.7566326],[16.0027417,45.7565731]]}},{"type":"Feature","properties":{"osmId":"121108535","railway_type":"rail","name":null,"electrified":"contact_line","voltage":"25000","frequency":"50","bounds":[15.9907187,45.7568367,16.0009461,45.7574969],"tags":{"electrified":"contact_line","frequency":"50","gauge":"1435","maxaxleload":"22.5","operator":"HŽ Infrastruktura","railway":"rail","service":"yard","voltage":"25000"}},"geometry":{"type":"LineString","coordinates":[[15.9907187,45.7574969],[15.9919032,45.7574908],[15.9929521,45.7574841],[15.9931798,45.7574747],[15.9934885,45.7574541],[15.9939821,45.7574144],[16.0005553,45.7568929],[16.0007073,45.7568764],[16.000796,45.7568623],[16.0009461,45.7568367]]}},{"type":"Feature","properties":{"osmId":"121108536","railway_type":"rail","name":null,"electrified":"contact_line","voltage":"25000","frequency":"50","bounds":[15.9910696,45.7570179,15.9999085,45.7575869],"tags":{"electrified":"contact_line","frequency":"50","gauge":"1435","maxaxleload":"22.5","operator":"HŽ Infrastruktura","railway":"rail","service":"yard","voltage":"25000"}},"geometry":{"type":"LineString","coordinates":[[15.9910696,45.7575106],[15.991424,45.7575356],[15.9919531,45.7575719],[15.9921414,45.7575813],[15.9923268,45.7575869],[15.9928593,45.7575865],[15.9934946,45.7575383],[15.9995791,45.7570603],[15.999668,45.757052],[15.9997876,45.7570358],[15.9999085,45.7570179]]}},{"type":"Feature","properties":{"osmId":"121108537","railway_type":"rail","name":null,"electrified":null,"voltage":null,"frequency":null,"bounds":[16.0002326,45.7569165,16.0019055,45.7570108],"tags":{"gauge":"1435","maxaxleload":"22.5","operator":"HŽ Infrastruktura","railway":"rail","service":"yard"}},"geometry":{"type":"LineString","coordinates":[[16.0002326,45.7569665],[16.0007713,45.7569214],[16.0009319,45.7569165],[16.0010879,45.7569173],[16.0012444,45.756926],[16.0013865,45.7569397],[16.0019055,45.7570108]]}},{"type":"Feature","properties":{"osmId":"121108827","railway_type":"rail","name":null,"electrified":"contact_line","voltage":"25000","frequency":"50","bounds":[16.0032208,45.7564367,16.0077273,45.7572679],"tags":{"electrified":"contact_line","frequency":"50","gauge":"1435","maxaxleload":"22.5","operator":"HŽ Infrastruktura","railway":"rail","service":"yard","voltage":"25000"}},"geometry":{"type":"LineString","coordinates":[[16.0032208,45.756448],[16.0033639,45.7564402],[16.0035021,45.7564367],[16.0036672,45.7564443],[16.0038963,45.7564643],[16.0040022,45.7564756],[16.0045588,45.7565356],[16.0048033,45.7565666],[16.00498,45.7565981],[16.0051671,45.7566444],[16.0053107,45.7566871],[16.0054356,45.7567331],[16.0056784,45.7568274],[16.0060578,45.7569794],[16.0064148,45.7571148],[16.0065972,45.75717],[16.0067552,45.757199],[16.0069863,45.7572391],[16.0072144,45.7572583],[16.0073728,45.7572679],[16.0075048,45.7572673],[16.0076012,45.7572652],[16.0077273,45.7572589]]}},{"type":"Feature","properties":{"osmId":"121109034","railway_type":"rail","name":null,"electrified":"no","voltage":null,"frequency":null,"bounds":[16.0040022,45.7564756,16.0058679,45.7570147],"tags":{"electrified":"no","gauge":"1435","maxaxleload":"22.5","operator":"HŽ Infrastruktura","railway":"rail","service":"yard"}},"geometry":{"type":"LineString","coordinates":[[16.0040022,45.7564756],[16.0041617,45.7564973],[16.0043062,45.7565233],[16.0045733,45.7565787],[16.0048569,45.7566431],[16.0050274,45.7566898],[16.0052391,45.7567634],[16.0058679,45.7570147]]}},{"type":"Feature","properties":{"osmId":"121674385","railway_type":"rail","name":"Zagreb Gk – Rijeka","electrified":"contact_line","voltage":"25000","frequency":"50","bounds":[15.9092942,45.7514788,15.9103169,45.7519002],"tags":{"bridge":"yes","electrified":"contact_line","frequency":"50","gauge":"1435","layer":"1","loading_gauge":"TSI_GC","maxspeed":"90","maxspeed:tilting":"110","name":"Zagreb Gk – Rijeka","operator":"HŽ Infrastruktura","passenger_lines":"1","railway":"rail","railway:pzb":"yes","ref":"M202","usage":"main","voltage":"25000"}},"geometry":{"type":"LineString","coordinates":[[15.9103169,45.7519002],[15.9092942,45.7514788]]}},{"type":"Feature","properties":{"osmId":"121674386","railway_type":"rail","name":"Zagreb Gk – Rijeka","electrified":"contact_line","voltage":"25000","frequency":"50","bounds":[15.8230171,45.7160076,15.9092942,45.7514788],"tags":{"electrified":"contact_line","frequency":"50","gauge":"1435","loading_gauge":"TSI_GC","maxspeed":"90","maxspeed:tilting":"110","name":"Zagreb Gk – Rijeka","operator":"HŽ Infrastruktura","passenger_lines":"1","railway":"rail","railway:pzb":"yes","ref":"M202","usage":"main","voltage":"25000"}},"geometry":{"type":"LineString","coordinates":[[15.9092942,45.7514788],[15.9048027,45.7496464],[15.9002847,45.747784],[15.8999778,45.7476576],[15.8991331,45.7473096],[15.8980874,45.7468811],[15.8971804,45.7465084],[15.8920819,45.7444138],[15.8911547,45.7440363],[15.8904063,45.7437273],[15.8897925,45.7434749],[15.889404,45.7433138],[15.8892481,45.7432498],[15.8805941,45.7397045],[15.8784192,45.7388016],[15.8764839,45.7380124],[15.8720285,45.736167],[15.8677927,45.7344364],[15.8598661,45.731177],[15.8324804,45.7199329],[15.8238369,45.7163477],[15.8230171,45.7160076]]}},{"type":"Feature","properties":{"osmId":"122505472","railway_type":"rail","name":null,"electrified":null,"voltage":null,"frequency":null,"bounds":[15.8636313,45.8139814,15.8658669,45.814237],"tags":{"gauge":"1435","maxaxleload":"22.5","railway":"rail","service":"spur"}},"geometry":{"type":"LineString","coordinates":[[15.8658669,45.8139814],[15.8653081,45.8140601],[15.8646315,45.8141012],[15.8642997,45.8141522],[15.8639102,45.8142122],[15.8636313,45.814237]]}},{"type":"Feature","properties":{"osmId":"122527225","railway_type":"rail","name":null,"electrified":"no","voltage":null,"frequency":null,"bounds":[15.8553418,45.8140292,15.8634036,45.8144623],"tags":{"electrified":"no","gauge":"1435","maxaxleload":"22.5","railway":"rail","service":"spur"}},"geometry":{"type":"LineString","coordinates":[[15.8634036,45.8140292],[15.8604226,45.8141912],[15.8556762,45.8144482],[15.8553418,45.8144623]]}},{"type":"Feature","properties":{"osmId":"122527226","railway_type":"rail","name":null,"electrified":null,"voltage":null,"frequency":null,"bounds":[15.8641708,45.8139867,15.8647235,45.8140015],"tags":{"gauge":"1435","maxaxleload":"22.5","railway":"rail","service":"siding"}},"geometry":{"type":"LineString","coordinates":[[15.8647235,45.8140015],[15.8641708,45.8139867]]}},{"type":"Feature","properties":{"osmId":"122527227","railway_type":"rail","name":null,"electrified":"no","voltage":null,"frequency":null,"bounds":[15.8634036,45.8140198,15.8635949,45.8140292],"tags":{"bridge":"yes","electrified":"no","gauge":"1435","layer":"1","maxaxleload":"22.5","railway":"rail","service":"spur"}},"geometry":{"type":"LineString","coordinates":[[15.8635949,45.8140198],[15.8634036,45.8140292]]}},{"type":"Feature","properties":{"osmId":"136993729","railway_type":"rail","name":null,"electrified":null,"voltage":null,"frequency":null,"bounds":[16.0547031,45.7882579,16.0579196,45.7933221],"tags":{"gauge":"1435","maxaxleload":"22.5","railway":"rail","service":"spur"}},"geometry":{"type":"LineString","coordinates":[[16.0547031,45.7882579],[16.0566911,45.7915184],[16.0575164,45.792872],[16.0577043,45.7931164],[16.0579196,45.7933221]]}},{"type":"Feature","properties":{"osmId":"137125654","railway_type":"rail","name":null,"electrified":"contact_line","voltage":"25000","frequency":"50","bounds":[15.889404,45.7433138,15.8980874,45.7468811],"tags":{"electrified":"contact_line","frequency":"50","gauge":"1435","railway":"rail","railway:pzb":"yes","service":"siding","voltage":"25000"}},"geometry":{"type":"LineString","coordinates":[[15.889404,45.7433138],[15.8896892,45.7434125],[15.8899113,45.7434836],[15.89001,45.7435159],[15.890314,45.7436363],[15.8908093,45.7438404],[15.8912365,45.7440164],[15.8921288,45.7443813],[15.892212,45.7444153],[15.8930045,45.7447386],[15.8943252,45.7452842],[15.8952242,45.7456572],[15.8956816,45.745843],[15.8961587,45.7460397],[15.8966147,45.7462256],[15.8968854,45.7463374],[15.8971774,45.7464573],[15.89739,45.7465452],[15.897618,45.7466476],[15.8978505,45.7467675],[15.8980874,45.7468811]]}},{"type":"Feature","properties":{"osmId":"137554106","railway_type":"rail","name":null,"electrified":"contact_line","voltage":"25000","frequency":"50","bounds":[15.9295733,45.8097431,15.9419583,45.8104028],"tags":{"electrified":"contact_line","frequency":"50","gauge":"1435","maxaxleload":"22","railway":"rail","railway:pzb":"yes","railway:traffic_mode":"freight","service":"yard","voltage":"25000"}},"geometry":{"type":"LineString","coordinates":[[15.9419583,45.8097431],[15.9409543,45.8097985],[15.9403477,45.8098314],[15.9399435,45.809845],[15.9395906,45.8098507],[15.9377753,45.809947],[15.93113,45.8103126],[15.9295733,45.8104028]]}},{"type":"Feature","properties":{"osmId":"137554107","railway_type":"rail","name":null,"electrified":"contact_line","voltage":"25000","frequency":"50","bounds":[15.9293996,45.8104028,15.9295733,45.8104113],"tags":{"bridge":"yes","electrified":"contact_line","frequency":"50","gauge":"1435","layer":"1","maxaxleload":"22","railway":"rail","railway:pzb":"yes","railway:traffic_mode":"freight","service":"yard","voltage":"25000"}},"geometry":{"type":"LineString","coordinates":[[15.9295733,45.8104028],[15.9293996,45.8104113]]}},{"type":"Feature","properties":{"osmId":"137554109","railway_type":"rail","name":null,"electrified":"no","voltage":"25000","frequency":"50","bounds":[15.9307109,45.8097177,15.9396384,45.8102375],"tags":{"electrified":"no","frequency":"50","gauge":"1435","maxaxleload":"22","operator":"HŽ Infrastruktura","railway":"rail","service":"yard","voltage":"25000"}},"geometry":{"type":"LineString","coordinates":[[15.9396384,45.8097581],[15.9392969,45.8097329],[15.939025,45.8097177],[15.9387968,45.8097184],[15.9369817,45.8098173],[15.9336622,45.8100006],[15.9320177,45.8100922],[15.9318695,45.8100989],[15.9317341,45.8101082],[15.9315806,45.8101247],[15.9312402,45.8101697],[15.9311615,45.8101802],[15.9307109,45.8102375]]}},{"type":"Feature","properties":{"osmId":"137554110","railway_type":"rail","name":null,"electrified":"no","voltage":null,"frequency":null,"bounds":[15.9420645,45.8091621,15.9479559,45.8096909],"tags":{"electrified":"no","gauge":"1435","maxaxleload":"22","railway":"rail","service":"yard","usage":"industrial"}},"geometry":{"type":"LineString","coordinates":[[15.9420645,45.8096909],[15.9421317,45.809685],[15.9427779,45.8096322],[15.9430394,45.8096021],[15.9432666,45.8095646],[15.9434864,45.8095308],[15.9437117,45.8094957],[15.944016,45.8094519],[15.9441482,45.8094301],[15.9445841,45.8093577],[15.9448482,45.8093378],[15.9450659,45.8093264],[15.9463197,45.8092592],[15.9472098,45.8092064],[15.9479559,45.8091621]]}},{"type":"Feature","properties":{"osmId":"137554113","railway_type":"rail","name":null,"electrified":"contact_line","voltage":"25000","frequency":"50","bounds":[15.9419583,45.8097373,15.9420686,45.8097431],"tags":{"bridge":"yes","electrified":"contact_line","frequency":"50","gauge":"1435","layer":"1","maxaxleload":"22","railway":"rail","railway:pzb":"yes","railway:traffic_mode":"freight","service":"yard","voltage":"25000"}},"geometry":{"type":"LineString","coordinates":[[15.9420686,45.8097373],[15.9419583,45.8097431]]}},{"type":"Feature","properties":{"osmId":"137554115","railway_type":"rail","name":null,"electrified":"contact_line","voltage":"25000","frequency":"50","bounds":[15.9271571,45.8104113,15.9293996,45.8105882],"tags":{"electrified":"contact_line","frequency":"50","gauge":"1435","maxaxleload":"22","railway":"rail","railway:pzb":"yes","railway:traffic_mode":"freight","service":"yard","voltage":"25000"}},"geometry":{"type":"LineString","coordinates":[[15.9293996,45.8104113],[15.9289542,45.8104348],[15.928874,45.8104392],[15.9285257,45.8104585],[15.9283113,45.8104698],[15.9281132,45.8104847],[15.9278315,45.8105157],[15.9276042,45.8105445],[15.9274795,45.810561],[15.9273163,45.8105769],[15.9271571,45.8105882]]}},{"type":"Feature","properties":{"osmId":"142433734","railway_type":"rail","name":"Zagreb Gk – Rijeka","electrified":"contact_line","voltage":"25000","frequency":"50","bounds":[15.9558322,45.7923434,15.9559049,45.7924487],"tags":{"bridge":"yes","electrified":"contact_line","frequency":"50","gauge":"1435","layer":"1","loading_gauge":"TSI_GC","maxaxleload":"22","maxspeed":"80","maxspeed:tilting":"100","name":"Zagreb Gk – Rijeka","operator":"HŽ Infrastruktura","passenger_lines":"1","railway":"rail","railway:pzb":"yes","railway:traffic_mode":"mixed","ref":"M202","usage":"main","voltage":"25000"}},"geometry":{"type":"LineString","coordinates":[[15.9558322,45.7923434],[15.9559049,45.7924487]]}},{"type":"Feature","properties":{"osmId":"142433928","railway_type":"rail","name":"Zagreb Gk – Rijeka","electrified":"contact_line","voltage":"25000","frequency":"50","bounds":[15.9546742,45.7863808,15.9554583,45.7879847],"tags":{"electrified":"contact_line","embankment":"yes","frequency":"50","gauge":"1435","loading_gauge":"TSI_GC","maxaxleload":"22","maxspeed":"80","maxspeed:tilting":"100","name":"Zagreb Gk – Rijeka","operator":"HŽ Infrastruktura","passenger_lines":"1","railway":"rail","railway:pzb":"yes","railway:traffic_mode":"mixed","ref":"M202","usage":"main","voltage":"25000"}},"geometry":{"type":"LineString","coordinates":[[15.9554583,45.7863808],[15.9546988,45.7879256],[15.9546742,45.7879847]]}},{"type":"Feature","properties":{"osmId":"142433929","railway_type":"rail","name":"Zagreb Gk – Rijeka","electrified":"contact_line","voltage":"25000","frequency":"50","bounds":[15.9545111,45.7879847,15.9546742,45.7884189],"tags":{"bridge":"yes","electrified":"contact_line","frequency":"50","gauge":"1435","layer":"1","loading_gauge":"TSI_GC","maxaxleload":"22","maxspeed":"80","maxspeed:tilting":"100","name":"Zagreb Gk – Rijeka","operator":"HŽ Infrastruktura","passenger_lines":"1","railway":"rail","railway:pzb":"yes","railway:traffic_mode":"mixed","ref":"M202","usage":"main","voltage":"25000"}},"geometry":{"type":"LineString","coordinates":[[15.9546742,45.7879847],[15.9546445,45.7880566],[15.9546136,45.7881257],[15.9545904,45.788192],[15.9545336,45.7883526],[15.9545111,45.7884189]]}},{"type":"Feature","properties":{"osmId":"142703307","railway_type":"rail","name":"DG – S. Marof – Zagreb Gk","electrified":"contact_line","voltage":"25000","frequency":"50","bounds":[15.9660371,45.8039853,15.9692919,45.8046679],"tags":{"electrified":"contact_line","embankment":"yes","frequency":"50","gauge":"1435","loading_gauge":"TSI_GC","maxaxleload":"22","maxspeed":"60","name":"DG – S. Marof – Zagreb Gk","operator":"HŽ Infrastruktura","passenger_lines":"2","railway":"rail","railway:pzb":"yes","railway:traffic_mode":"mixed","ref":"M101","usage":"main","voltage":"25000"}},"geometry":{"type":"LineString","coordinates":[[15.9692919,45.8039853],[15.9691367,45.8039898],[15.9688375,45.8040062],[15.9685409,45.8040271],[15.968386,45.8040462],[15.9680816,45.8040895],[15.9679036,45.8041179],[15.9674579,45.8042094],[15.9672002,45.8042705],[15.9669383,45.8043425],[15.9667994,45.8043858],[15.9664967,45.8044893],[15.9660371,45.8046679]]}},{"type":"Feature","properties":{"osmId":"142703878","railway_type":"rail","name":"DG – S. Marof – Zagreb Gk","electrified":"contact_line","voltage":"25000","frequency":"50","bounds":[15.9693505,45.8039724,15.9720615,45.8040573],"tags":{"electrified":"contact_line","frequency":"50","gauge":"1435","loading_gauge":"TSI_GC","maxaxleload":"22","maxspeed":"50","name":"DG – S. Marof – Zagreb Gk","operator":"HŽ Infrastruktura","passenger_lines":"2","railway":"rail","railway:pzb":"yes","railway:traffic_mode":"mixed","ref":"M101","usage":"main","voltage":"25000"}},"geometry":{"type":"LineString","coordinates":[[15.9720615,45.8040573],[15.9717367,45.8040386],[15.9710066,45.8039987],[15.9707892,45.8039887],[15.9704592,45.8039781],[15.970116,45.8039724],[15.9696966,45.8039745],[15.9693505,45.803984]]}},{"type":"Feature","properties":{"osmId":"142703879","railway_type":"rail","name":"Zagreb Gk – Rijeka","electrified":"contact_line","voltage":"25000","frequency":"50","bounds":[15.9695197,45.8035551,15.9720615,45.8040573],"tags":{"electrified":"contact_line","frequency":"50","gauge":"1435","loading_gauge":"TSI_GC","maxaxleload":"22","maxspeed":"50","maxspeed:tilting":"50","name":"Zagreb Gk – Rijeka","operator":"HŽ Infrastruktura","passenger_lines":"1","railway":"rail","railway:pzb":"yes","railway:traffic_mode":"mixed","ref":"M202","usage":"main","voltage":"25000"}},"geometry":{"type":"LineString","coordinates":[[15.9720615,45.8040573],[15.9715081,45.8039851],[15.9713402,45.8039606],[15.9711571,45.8039309],[15.9709969,45.8038996],[15.9708205,45.8038621],[15.9706891,45.8038331],[15.9704341,45.8037703],[15.9699806,45.8036577],[15.9698205,45.803621],[15.9696581,45.8035837],[15.9695197,45.8035551]]}},{"type":"Feature","properties":{"osmId":"142948404","railway_type":"rail","name":"Zagreb Gk – Rijeka","electrified":"contact_line","voltage":"25000","frequency":"50","bounds":[15.9567515,45.7775358,15.9590294,45.7837449],"tags":{"electrified":"contact_line","embankment":"yes","frequency":"50","gauge":"1435","loading_gauge":"TSI_GC","maxaxleload":"22","maxspeed":"80","maxspeed:tilting":"100","name":"Zagreb Gk – Rijeka","operator":"HŽ Infrastruktura","passenger_lines":"1","railway":"rail","railway:pzb":"yes","railway:traffic_mode":"mixed","ref":"M202","usage":"main","voltage":"25000"}},"geometry":{"type":"LineString","coordinates":[[15.9567515,45.7837449],[15.957048,45.7831417],[15.9572966,45.7826266],[15.9573881,45.7824241],[15.9575156,45.782143],[15.9576548,45.7818374],[15.9578218,45.7814717],[15.9580256,45.7810291],[15.9582268,45.7805827],[15.958458,45.7800723],[15.9585856,45.7797762],[15.958682,45.7795398],[15.9587708,45.7793037],[15.9588586,45.7790499],[15.9589092,45.7788813],[15.9589611,45.7786721],[15.9589919,45.778509],[15.9590232,45.7782775],[15.9590294,45.7780708],[15.9590222,45.7777861],[15.959003,45.7775358]]}},{"type":"Feature","properties":{"osmId":"142948405","railway_type":"rail","name":"Zagreb Gk – Rijeka","electrified":"contact_line","voltage":"25000","frequency":"50","bounds":[15.9589075,45.77646,15.959003,45.7775358],"tags":{"bridge":"yes","electrified":"contact_line","frequency":"50","gauge":"1435","layer":"1","loading_gauge":"TSI_GC","maxaxleload":"22","maxspeed":"80","maxspeed:tilting":"100","name":"Zagreb Gk – Rijeka","operator":"HŽ Infrastruktura","passenger_lines":"1","railway":"rail","railway:pzb":"yes","railway:traffic_mode":"mixed","ref":"M202","usage":"main","voltage":"25000"}},"geometry":{"type":"LineString","coordinates":[[15.959003,45.7775358],[15.9589347,45.7767696],[15.9589075,45.77646]]}},{"type":"Feature","properties":{"osmId":"142948407","railway_type":"rail","name":"Zagreb Klara – Delta","electrified":"contact_line","voltage":"25000","frequency":"50","bounds":[15.9622535,45.7528788,15.9852516,45.7684907],"tags":{"electrified":"contact_line","frequency":"50","gauge":"1435","maxaxleload":"22","maxspeed":"70","name":"Zagreb Klara – Delta","operator":"HŽ Infrastruktura","passenger_lines":"1","railway":"rail","railway:pzb":"yes","railway:traffic_mode":"freight","ref":"M404","usage":"main","voltage":"25000"}},"geometry":{"type":"LineString","coordinates":[[15.9852516,45.7528788],[15.9849882,45.7530339],[15.9847339,45.7531902],[15.9845537,45.7533151],[15.9826497,45.7546822],[15.9802808,45.756387],[15.9784553,45.7576946],[15.978222,45.7578621],[15.9775849,45.7583194],[15.9749689,45.7601939],[15.9692735,45.7642924],[15.966958,45.7659488],[15.966273,45.7664379],[15.9660907,45.7665611],[15.9658946,45.766686],[15.9649675,45.7672527],[15.9643571,45.7675917],[15.964082,45.7677329],[15.963586,45.7679727],[15.9632355,45.7681245],[15.9629463,45.7682417],[15.962617,45.7683654],[15.9622535,45.7684907]]}},{"type":"Feature","properties":{"osmId":"142948408","railway_type":"rail","name":"Zagreb Gk – Rijeka","electrified":"contact_line","voltage":"25000","frequency":"50","bounds":[15.958704,45.7754035,15.9589075,45.77646],"tags":{"electrified":"contact_line","embankment":"yes","frequency":"50","gauge":"1435","loading_gauge":"TSI_GC","maxaxleload":"22","maxspeed":"80","maxspeed:tilting":"90","name":"Zagreb Gk – Rijeka","operator":"HŽ Infrastruktura","passenger_lines":"1","railway":"rail","railway:pzb":"yes","railway:traffic_mode":"mixed","ref":"M202","usage":"main","voltage":"25000"}},"geometry":{"type":"LineString","coordinates":[[15.9589075,45.77646],[15.9588667,45.7760496],[15.9588384,45.7759074],[15.9588199,45.775796],[15.958704,45.7754035]]}},{"type":"Feature","properties":{"osmId":"142949584","railway_type":"rail","name":"Zagreb Gk – Velika Gorica","electrified":"contact_line","voltage":"25000","frequency":"50","bounds":[15.9648098,45.7558647,15.9810886,45.7677818],"tags":{"electrified":"contact_line","frequency":"50","gauge":"1435","loading_gauge":"TSI_GC","maxaxleload":"22","maxspeed":"90","name":"Zagreb Gk – Velika Gorica","operator":"HŽ Infrastruktura","passenger_lines":"1","railway":"rail","railway:pzb":"yes","railway:traffic_mode":"mixed","ref":"M502-1","usage":"main","voltage":"25000"}},"geometry":{"type":"LineString","coordinates":[[15.9810886,45.7558647],[15.9803273,45.7564093],[15.9785021,45.7577208],[15.9778745,45.7581723],[15.9776312,45.7583458],[15.9757937,45.7596664],[15.9755634,45.7598265],[15.9749071,45.7603023],[15.9693131,45.7643195],[15.9672221,45.7658147],[15.9670006,45.7659753],[15.9661244,45.7666154],[15.9656238,45.7670049],[15.9652713,45.7673135],[15.9648098,45.7677818]]}},{"type":"Feature","properties":{"osmId":"142949881","railway_type":"rail","name":"Z. Klara – Zagreb RkPs (S)","electrified":"contact_line","voltage":"25000","frequency":"50","bounds":[15.9841938,45.7513187,15.9899082,45.757508],"tags":{"electrified":"contact_line","frequency":"50","gauge":"1435","maxaxleload":"22","maxspeed":"20","name":"Z. Klara – Zagreb RkPs (S)","operator":"HŽ Infrastruktura","passenger_lines":"1","railway":"rail","railway:pzb":"yes","railway:traffic_mode":"freight","ref":"M409","usage":"main","voltage":"25000"}},"geometry":{"type":"LineString","coordinates":[[15.9874248,45.7513187],[15.987072,45.7516216],[15.9867927,45.7518349],[15.9852416,45.7529557],[15.9850633,45.7530963],[15.9848864,45.7532583],[15.9847476,45.7534006],[15.9846629,45.7535025],[15.9846043,45.7535787],[15.9845122,45.7537207],[15.9844111,45.7538993],[15.9843145,45.7541185],[15.9842747,45.7542537],[15.9842108,45.7545193],[15.9841938,45.7547364],[15.9841967,45.7549862],[15.9842238,45.7551678],[15.9842589,45.7553284],[15.9843015,45.7554603],[15.984364,45.7556136],[15.9844345,45.7557586],[15.9845133,45.7558957],[15.9846033,45.756029],[15.9847159,45.7561742],[15.9848259,45.7562962],[15.9850215,45.756484],[15.9851727,45.7566076],[15.9853809,45.7567653],[15.9855884,45.7568902],[15.9858268,45.7570186],[15.9859603,45.7570792],[15.9861752,45.7571706],[15.9863586,45.7572385],[15.9865142,45.7572868],[15.9867019,45.7573387],[15.9868993,45.7573846],[15.9871358,45.7574321],[15.9873792,45.7574691],[15.9876373,45.7574921],[15.9878597,45.7575053],[15.9882086,45.7575079],[15.9884297,45.757508],[15.9893197,45.757504],[15.9899082,45.7575016]]}},{"type":"Feature","properties":{"osmId":"142949882","railway_type":"rail","name":null,"electrified":"contact_line","voltage":"25000","frequency":"50","bounds":[15.9884297,45.7564984,16.0018692,45.757508],"tags":{"electrified":"contact_line","frequency":"50","gauge":"1435","maxaxleload":"22.5","operator":"HŽ Infrastruktura","railway":"rail","service":"yard","voltage":"25000"}},"geometry":{"type":"LineString","coordinates":[[15.9884297,45.757508],[15.988605,45.7575048],[15.9887768,45.7574984],[15.9889235,45.7574901],[15.9890642,45.757481],[15.9904262,45.7573732],[15.9913862,45.7572969],[15.9921952,45.7572383],[15.9934388,45.757136],[16.0013248,45.7565154],[16.0015526,45.7565025],[16.0016695,45.7564984],[16.0018692,45.7564995]]}},{"type":"Feature","properties":{"osmId":"142971969","railway_type":"rail","name":"Sesvete – Sava","electrified":"contact_line","voltage":"25000","frequency":"50","bounds":[16.0578828,45.7936198,16.0628609,45.8017819],"tags":{"electrified":"contact_line","frequency":"50","gauge":"1435","loading_gauge":"TSI_GC","maxaxleload":"22.5","maxspeed":"100","name":"Sesvete – Sava","operator":"HŽ Infrastruktura","passenger_lines":"2","railway":"rail","railway:pzb":"yes","railway:traffic_mode":"freight","ref":"M401","usage":"main","voltage":"25000"}},"geometry":{"type":"LineString","coordinates":[[16.0578828,45.7936198],[16.0628609,45.8017819]]}},{"type":"Feature","properties":{"osmId":"143222899","railway_type":"rail","name":"DG – S. Marof – Zagreb Gk","electrified":"contact_line","voltage":"25000","frequency":"50","bounds":[15.8764047,45.811766,15.9063006,45.8133996],"tags":{"electrified":"contact_line","frequency":"50","gauge":"1435","loading_gauge":"TSI_GC","maxaxleload":"22.5","maxspeed":"120","name":"DG – S. Marof – Zagreb Gk","operator":"HŽ Infrastruktura","passenger_lines":"2","railway":"rail","railway:pzb":"yes","railway:traffic_mode":"mixed","ref":"M101","usage":"main","voltage":"25000"}},"geometry":{"type":"LineString","coordinates":[[15.9063006,45.811766],[15.8965134,45.8123087],[15.8947765,45.8124035],[15.8861466,45.8128713],[15.8764047,45.8133996]]}},{"type":"Feature","properties":{"osmId":"143222900","railway_type":"rail","name":"DG – S. Marof – Zagreb Gk","electrified":"contact_line","voltage":"25000","frequency":"50","bounds":[15.9063006,45.8117581,15.9064518,45.811766],"tags":{"bridge":"yes","electrified":"contact_line","frequency":"50","gauge":"1435","layer":"1","loading_gauge":"TSI_GC","maxaxleload":"22.5","maxspeed":"120","name":"DG – S. Marof – Zagreb Gk","operator":"HŽ Infrastruktura","passenger_lines":"2","railway":"rail","railway:pzb":"yes","railway:traffic_mode":"mixed","ref":"M101","usage":"main","voltage":"25000"}},"geometry":{"type":"LineString","coordinates":[[15.9064518,45.8117581],[15.9063006,45.811766]]}},{"type":"Feature","properties":{"osmId":"143222902","railway_type":"rail","name":"DG – S. Marof – Zagreb Gk","electrified":"contact_line","voltage":"25000","frequency":"50","bounds":[15.9062984,45.8117218,15.9064464,45.8117301],"tags":{"bridge":"yes","electrified":"contact_line","frequency":"50","gauge":"1435","layer":"1","loading_gauge":"TSI_GC","maxaxleload":"22.5","maxspeed":"120","name":"DG – S. Marof – Zagreb Gk","operator":"HŽ Infrastruktura","passenger_lines":"2","railway":"rail","railway:pzb":"yes","railway:traffic_mode":"mixed","ref":"M101","usage":"main","voltage":"25000"}},"geometry":{"type":"LineString","coordinates":[[15.9064464,45.8117218],[15.9062984,45.8117301]]}},{"type":"Feature","properties":{"osmId":"143222906","railway_type":"rail","name":"DG – S. Marof – Zagreb Gk","electrified":"contact_line","voltage":"25000","frequency":"50","bounds":[15.9064464,45.8117095,15.9066648,45.8117218],"tags":{"electrified":"contact_line","frequency":"50","gauge":"1435","loading_gauge":"TSI_GC","maxaxleload":"22.5","maxspeed":"120","name":"DG – S. Marof – Zagreb Gk","operator":"HŽ Infrastruktura","passenger_lines":"2","railway":"rail","railway:pzb":"yes","railway:traffic_mode":"mixed","ref":"M101","usage":"main","voltage":"25000"}},"geometry":{"type":"LineString","coordinates":[[15.9066648,45.8117095],[15.9064841,45.8117196],[15.9064464,45.8117218]]}},{"type":"Feature","properties":{"osmId":"143242405","railway_type":"rail","name":"Zagreb Gk – Dugo Selo","electrified":"contact_line","voltage":"25000","frequency":"50","bounds":[16.0653247,45.8210361,16.0873444,45.8247961],"tags":{"electrified":"contact_line","frequency":"50","gauge":"1435","loading_gauge":"TSI_GB","maxaxleload":"22.5","maxspeed":"140","name":"Zagreb Gk – Dugo Selo","operator":"HŽ Infrastruktura","passenger_lines":"2","railway":"rail","railway:pzb":"yes","railway:traffic_mode":"mixed","ref":"M102","usage":"main","voltage":"25000"}},"geometry":{"type":"LineString","coordinates":[[16.0653247,45.8210361],[16.0661152,45.8211717],[16.0671751,45.8213629],[16.0682416,45.8215597],[16.0696494,45.8218099],[16.0716296,45.8221396],[16.0754463,45.8227902],[16.0763234,45.822927],[16.0773898,45.8231182],[16.080269,45.8236046],[16.0810109,45.8237299],[16.0814717,45.8238078],[16.0817789,45.8238597],[16.0826197,45.8240016],[16.0861194,45.8245897],[16.0873444,45.8247961]]}},{"type":"Feature","properties":{"osmId":"144114909","railway_type":"rail","name":"Zagreb Gk – Rijeka","electrified":"contact_line","voltage":"25000","frequency":"50","bounds":[15.9135724,45.7532585,15.9164782,45.7544501],"tags":{"bridge":"yes","electrified":"contact_line","frequency":"50","gauge":"1435","layer":"1","loading_gauge":"TSI_GC","maxspeed":"90","maxspeed:tilting":"110","name":"Zagreb Gk – Rijeka","operator":"HŽ Infrastruktura","passenger_lines":"1","railway":"rail","railway:pzb":"yes","railway:traffic_mode":"mixed","ref":"M202","usage":"main","voltage":"25000"}},"geometry":{"type":"LineString","coordinates":[[15.9164782,45.7544501],[15.9135724,45.7532585]]}},{"type":"Feature","properties":{"osmId":"144114910","railway_type":"rail","name":"Zagreb Gk – Rijeka","electrified":"contact_line","voltage":"25000","frequency":"50","bounds":[15.9563285,45.7718465,15.9586891,45.7753635],"tags":{"electrified":"contact_line","embankment":"yes","frequency":"50","gauge":"1435","loading_gauge":"TSI_GC","maxaxleload":"22","maxspeed":"80","maxspeed:tilting":"90","name":"Zagreb Gk – Rijeka","operator":"HŽ Infrastruktura","passenger_lines":"1","railway":"rail","railway:pzb":"yes","railway:traffic_mode":"mixed","ref":"M202","usage":"main","voltage":"25000"}},"geometry":{"type":"LineString","coordinates":[[15.9586891,45.7753635],[15.9585322,45.7750046],[15.9584615,45.7748686],[15.9582947,45.7745744],[15.9581333,45.7743023],[15.9579225,45.773955],[15.9575501,45.7733413],[15.9574603,45.7731991],[15.957433,45.7731625],[15.9572692,45.7729427],[15.9571593,45.7727878],[15.9568793,45.7724438],[15.9567046,45.7722467],[15.9566251,45.7721563],[15.9565959,45.7721255],[15.9564606,45.7719829],[15.9563685,45.7718878],[15.9563285,45.7718465]]}},{"type":"Feature","properties":{"osmId":"144121132","railway_type":"rail","name":"Zagreb Gk – Velika Gorica","electrified":"contact_line","voltage":"25000","frequency":"50","bounds":[15.959566,45.7765034,15.9599871,45.7775235],"tags":{"bridge":"yes","electrified":"contact_line","frequency":"50","gauge":"1435","layer":"1","loading_gauge":"TSI_GC","maxaxleload":"22","maxspeed":"90","name":"Zagreb Gk – Velika Gorica","operator":"HŽ Infrastruktura","passenger_lines":"1","railway":"rail","railway:pzb":"yes","railway:traffic_mode":"mixed","ref":"M502-1","usage":"main","voltage":"25000"}},"geometry":{"type":"LineString","coordinates":[[15.9599871,45.7765034],[15.959566,45.7775235]]}},{"type":"Feature","properties":{"osmId":"144123062","railway_type":"rail","name":"Zagreb Gk – Rijeka","electrified":"contact_line","voltage":"25000","frequency":"50","bounds":[15.9592729,45.7973802,15.960177,45.7987024],"tags":{"electrified":"contact_line","frequency":"50","gauge":"1435","loading_gauge":"TSI_GC","maxaxleload":"22","maxspeed":"80","maxspeed:tilting":"100","name":"Zagreb Gk – Rijeka","operator":"HŽ Infrastruktura","passenger_lines":"1","railway":"rail","railway:pzb":"yes","railway:traffic_mode":"mixed","ref":"M202","usage":"main","voltage":"25000"}},"geometry":{"type":"LineString","coordinates":[[15.9592729,45.7973802],[15.9593724,45.7975276],[15.9593957,45.7975642],[15.9596674,45.7979584],[15.960177,45.7987024]]}},{"type":"Feature","properties":{"osmId":"144123063","railway_type":"rail","name":"Zagreb Zk – Trešnjevka","electrified":"contact_line","voltage":"25000","frequency":"50","bounds":[15.9614154,45.8005093,15.9626018,45.802269],"tags":{"electrified":"contact_line","embankment":"yes","frequency":"50","gauge":"1435","maxaxleload":"22","maxspeed":"40","name":"Zagreb Zk – Trešnjevka","operator":"HŽ Infrastruktura","passenger_lines":"1","railway":"rail","railway:pzb":"yes","railway:traffic_mode":"freight","ref":"M405","usage":"main","voltage":"25000"}},"geometry":{"type":"LineString","coordinates":[[15.9614154,45.8005093],[15.9614825,45.8006076],[15.9615246,45.8006756],[15.9615624,45.8007404],[15.9616426,45.8008849],[15.9616956,45.8009799],[15.9617183,45.8010236],[15.961762,45.801095],[15.9618199,45.8011838],[15.9619042,45.8013029],[15.9621877,45.8016881],[15.9624417,45.8020393],[15.9624701,45.8020775],[15.9626018,45.802269]]}},{"type":"Feature","properties":{"osmId":"144123064","railway_type":"rail","name":"Zagreb Gk – Rijeka","electrified":"contact_line","voltage":"25000","frequency":"50","bounds":[15.960177,45.7987024,15.9610234,45.7999418],"tags":{"bridge":"yes","electrified":"contact_line","frequency":"50","gauge":"1435","layer":"1","loading_gauge":"TSI_GC","maxaxleload":"22","maxspeed":"80","maxspeed:tilting":"100","name":"Zagreb Gk – Rijeka","operator":"HŽ Infrastruktura","passenger_lines":"1","railway":"rail","railway:pzb":"yes","railway:traffic_mode":"mixed","ref":"M202","usage":"main","voltage":"25000"}},"geometry":{"type":"LineString","coordinates":[[15.960177,45.7987024],[15.9610234,45.7999418]]}},{"type":"Feature","properties":{"osmId":"144128688","railway_type":"rail","name":"DG – S. Marof – Zagreb Gk","electrified":"contact_line","voltage":"25000","frequency":"50","bounds":[15.9616992,45.8048491,15.9656537,45.8074856],"tags":{"electrified":"contact_line","embankment":"yes","frequency":"50","gauge":"1435","loading_gauge":"TSI_GC","maxaxleload":"22","maxspeed":"60","name":"DG – S. Marof – Zagreb Gk","operator":"HŽ Infrastruktura","passenger_lines":"2","railway":"rail","railway:pzb":"yes","railway:traffic_mode":"mixed","ref":"M101","usage":"main","voltage":"25000"}},"geometry":{"type":"LineString","coordinates":[[15.9656537,45.8048491],[15.9654043,45.8049849],[15.9652253,45.8050878],[15.965093,45.8051678],[15.9649424,45.805266],[15.9647498,45.8053949],[15.9644881,45.8055746],[15.96426,45.8057295],[15.9639228,45.8059607],[15.9636066,45.8061788],[15.9633204,45.8063742],[15.963016,45.8065832],[15.9628087,45.8067259],[15.9622832,45.8070861],[15.9620091,45.807276],[15.9616992,45.8074856]]}},{"type":"Feature","properties":{"osmId":"144475847","railway_type":"rail","name":null,"electrified":null,"voltage":null,"frequency":null,"bounds":[15.8607681,45.8142501,15.8634218,45.8145043],"tags":{"gauge":"1435","maxaxleload":"22.5","railway":"rail","service":"spur"}},"geometry":{"type":"LineString","coordinates":[[15.8634218,45.8142501],[15.8632391,45.814259],[15.8626084,45.814334],[15.8623229,45.8143508],[15.8613294,45.8144077],[15.8612284,45.814417],[15.8611007,45.8144341],[15.8608888,45.8144749],[15.8607681,45.8145043]]}},{"type":"Feature","properties":{"osmId":"149541494","railway_type":"rail","name":"Zagreb Gk – Dugo Selo","electrified":"contact_line","voltage":"25000","frequency":"50","bounds":[16.0381806,45.8165515,16.0637756,45.8208642],"tags":{"electrified":"contact_line","frequency":"50","gauge":"1435","loading_gauge":"TSI_GB","maxaxleload":"22.5","maxspeed":"140","name":"Zagreb Gk – Dugo Selo","operator":"HŽ Infrastruktura","passenger_lines":"2","railway":"rail","railway:pzb":"yes","railway:traffic_mode":"mixed","ref":"M102","usage":"main","voltage":"25000"}},"geometry":{"type":"LineString","coordinates":[[16.0381806,45.8165515],[16.0394136,45.8167574],[16.0407113,45.8169777],[16.0450868,45.8177189],[16.0476901,45.8181558],[16.0488272,45.8183453],[16.0495202,45.8184624],[16.0521145,45.8189016],[16.0556829,45.8195028],[16.0573359,45.8197774],[16.0607454,45.8203588],[16.0633404,45.8207895],[16.0637756,45.8208642]]}},{"type":"Feature","properties":{"osmId":"149541500","railway_type":"rail","name":"Zagreb Gk – Dugo Selo","electrified":"contact_line","voltage":"25000","frequency":"50","bounds":[16.0637756,45.8208642,16.0639348,45.8208916],"tags":{"bridge":"yes","electrified":"contact_line","frequency":"50","gauge":"1435","layer":"1","loading_gauge":"TSI_GB","maxaxleload":"22.5","maxspeed":"140","name":"Zagreb Gk – Dugo Selo","operator":"HŽ Infrastruktura","passenger_lines":"2","railway":"rail","railway:pzb":"yes","railway:traffic_mode":"mixed","ref":"M102","usage":"main","voltage":"25000"}},"geometry":{"type":"LineString","coordinates":[[16.0637756,45.8208642],[16.0639348,45.8208916]]}},{"type":"Feature","properties":{"osmId":"154942875","railway_type":"rail","name":null,"electrified":"no","voltage":null,"frequency":null,"bounds":[15.8654581,45.8025998,15.8670207,45.8045454],"tags":{"electrified":"no","gauge":"1435","railway":"rail","service":"spur"}},"geometry":{"type":"LineString","coordinates":[[15.8656054,45.8045454],[15.8655432,45.8043107],[15.8655085,45.8041894],[15.865492,45.8040989],[15.8654753,45.8040074],[15.8654693,45.8038952],[15.8654581,45.8037702],[15.8654724,45.8035942],[15.8654965,45.8034977],[15.8655341,45.8034058],[15.8655752,45.8033224],[15.8656495,45.8032202],[15.8657331,45.8031323],[15.8658322,45.8030504],[15.865988,45.8029474],[15.8661746,45.8028626],[15.866312,45.8028079],[15.866707,45.8026658],[15.8670207,45.8025998]]}},{"type":"Feature","properties":{"osmId":"154942878","railway_type":"rail","name":null,"electrified":"no","voltage":null,"frequency":null,"bounds":[15.8643893,45.8026658,15.866707,45.8030913],"tags":{"electrified":"no","gauge":"1435","railway":"rail","service":"spur"}},"geometry":{"type":"LineString","coordinates":[[15.8643893,45.8030913],[15.8656499,45.8029212],[15.8658443,45.8028801],[15.8661099,45.8028127],[15.8664143,45.8027313],[15.866707,45.8026658]]}},{"type":"Feature","properties":{"osmId":"155886959","railway_type":"rail","name":null,"electrified":null,"voltage":null,"frequency":null,"bounds":[16.053295,45.8062646,16.0588527,45.8067885],"tags":{"gauge":"1435","railway":"rail","service":"spur"}},"geometry":{"type":"LineString","coordinates":[[16.053295,45.8062646],[16.0542179,45.8064006],[16.0542605,45.8064069],[16.0551365,45.8065316],[16.0557266,45.8066162],[16.0563297,45.8067045],[16.056712,45.8067602],[16.0568642,45.8067743],[16.0570149,45.8067842],[16.0571759,45.8067885],[16.0572892,45.8067855],[16.0575042,45.8067709],[16.0578381,45.8067223],[16.0582082,45.8066438],[16.0583223,45.8066201],[16.0586329,45.8065522],[16.0588527,45.8064953]]}},{"type":"Feature","properties":{"osmId":"155886960","railway_type":"rail","name":null,"electrified":null,"voltage":null,"frequency":null,"bounds":[16.0560242,45.8049723,16.0576118,45.8051127],"tags":{"gauge":"1435","railway":"rail","service":"spur"}},"geometry":{"type":"LineString","coordinates":[[16.0560242,45.8049723],[16.0560828,45.8049802],[16.0564168,45.8050252],[16.0567348,45.8050537],[16.0570857,45.8050732],[16.0573043,45.8050867],[16.0576118,45.8051127]]}},{"type":"Feature","properties":{"osmId":"155886961","railway_type":"rail","name":null,"electrified":"contact_line","voltage":null,"frequency":null,"bounds":[16.0562444,45.8042441,16.0614665,45.8053621],"tags":{"electrified":"contact_line","gauge":"1435","railway":"rail","service":"spur"}},"geometry":{"type":"LineString","coordinates":[[16.0562444,45.8042441],[16.0562938,45.804251],[16.0577019,45.8044465],[16.0580347,45.8044971],[16.0582964,45.80454],[16.0585796,45.8045901],[16.058864,45.8046453],[16.0593802,45.8047605],[16.0597206,45.8048463],[16.0602806,45.8050008],[16.0610018,45.8052185],[16.0614665,45.8053621]]}},{"type":"Feature","properties":{"osmId":"155886962","railway_type":"rail","name":null,"electrified":null,"voltage":null,"frequency":null,"bounds":[16.053272,45.806333,16.0554214,45.8065944],"tags":{"gauge":"1435","railway":"rail","service":"spur"}},"geometry":{"type":"LineString","coordinates":[[16.053272,45.806333],[16.054189,45.8064644],[16.054199,45.8064658],[16.0547254,45.8065391],[16.0549818,45.8065675],[16.0551971,45.8065811],[16.0554214,45.8065944]]}},{"type":"Feature","properties":{"osmId":"155886964","railway_type":"rail","name":null,"electrified":null,"voltage":null,"frequency":null,"bounds":[16.0546097,45.8041995,16.0618981,45.8054927],"tags":{"gauge":"1435","railway":"rail","service":"spur"}},"geometry":{"type":"LineString","coordinates":[[16.0546097,45.8041995],[16.0552961,45.8042956],[16.0562435,45.804425],[16.0579773,45.8046618],[16.0583196,45.8047366],[16.0588663,45.8048815],[16.0595115,45.8050433],[16.0600694,45.8051929],[16.0604264,45.805285],[16.060661,45.8053343],[16.0608755,45.8053634],[16.0610618,45.8053787],[16.0611842,45.8053798],[16.0613411,45.8053893],[16.0614671,45.8054004],[16.0616242,45.8054253],[16.0618981,45.8054927]]}},{"type":"Feature","properties":{"osmId":"155886965","railway_type":"rail","name":null,"electrified":null,"voltage":null,"frequency":null,"bounds":[16.0551805,45.8043632,16.0588663,45.8048815],"tags":{"gauge":"1435","railway":"rail","service":"spur"}},"geometry":{"type":"LineString","coordinates":[[16.0551805,45.8043632],[16.0562195,45.804508],[16.0584503,45.8048188],[16.0588663,45.8048815]]}},{"type":"Feature","properties":{"osmId":"155886971","railway_type":"rail","name":null,"electrified":null,"voltage":null,"frequency":null,"bounds":[16.0560746,45.8047965,16.0601881,45.8053562],"tags":{"gauge":"1435","railway":"rail","service":"spur"}},"geometry":{"type":"LineString","coordinates":[[16.0560746,45.8047965],[16.0561336,45.8048047],[16.0599757,45.8053407],[16.0601881,45.8053562]]}},{"type":"Feature","properties":{"osmId":"155886972","railway_type":"rail","name":null,"electrified":null,"voltage":null,"frequency":null,"bounds":[16.0560885,45.804748,16.0606128,45.8053666],"tags":{"gauge":"1435","railway":"rail","service":"spur"}},"geometry":{"type":"LineString","coordinates":[[16.0560885,45.804748],[16.0561476,45.8047563],[16.0604038,45.8053502],[16.0606128,45.8053666]]}},{"type":"Feature","properties":{"osmId":"155886973","railway_type":"rail","name":null,"electrified":null,"voltage":null,"frequency":null,"bounds":[16.0544592,45.8071095,16.0565213,45.8072497],"tags":{"gauge":"1435","railway":"rail","service":"spur"}},"geometry":{"type":"LineString","coordinates":[[16.0544592,45.8071095],[16.055041,45.8071935],[16.0552106,45.8072192],[16.0554036,45.8072376],[16.0555755,45.8072486],[16.0556709,45.8072496],[16.0558098,45.8072497],[16.0559699,45.8072428],[16.0560634,45.8072311],[16.0562273,45.807212],[16.0565213,45.8071595]]}},{"type":"Feature","properties":{"osmId":"155886976","railway_type":"rail","name":null,"electrified":null,"voltage":null,"frequency":null,"bounds":[16.0561026,45.8046991,16.060661,45.8053343],"tags":{"gauge":"1435","railway":"rail","service":"spur"}},"geometry":{"type":"LineString","coordinates":[[16.0561026,45.8046991],[16.0561618,45.8047073],[16.060661,45.8053343]]}},{"type":"Feature","properties":{"osmId":"155886977","railway_type":"rail","name":null,"electrified":null,"voltage":null,"frequency":null,"bounds":[16.056047,45.8048929,16.0610618,45.8053787],"tags":{"gauge":"1435","railway":"rail","service":"spur"}},"geometry":{"type":"LineString","coordinates":[[16.056047,45.8048929],[16.0561057,45.8049011],[16.0576118,45.8051127],[16.0588345,45.8052826],[16.0590984,45.8053165],[16.0592269,45.8053275],[16.0593935,45.805335],[16.0597333,45.8053436],[16.0601881,45.8053562],[16.0606128,45.8053666],[16.0610618,45.8053787]]}},{"type":"Feature","properties":{"osmId":"155886978","railway_type":"rail","name":null,"electrified":null,"voltage":null,"frequency":null,"bounds":[16.0531888,45.8065944,16.0557266,45.8066436],"tags":{"gauge":"1435","railway":"rail","service":"spur"}},"geometry":{"type":"LineString","coordinates":[[16.0531888,45.806623],[16.0533099,45.8066358],[16.053467,45.8066429],[16.0535684,45.8066436],[16.0537202,45.8066405],[16.0540607,45.8066293],[16.0541524,45.8066263],[16.0545682,45.8066127],[16.0549258,45.806604],[16.0551768,45.8065965],[16.0554214,45.8065944],[16.0557266,45.8066162]]}},{"type":"Feature","properties":{"osmId":"155886979","railway_type":"rail","name":null,"electrified":null,"voltage":null,"frequency":null,"bounds":[16.0524281,45.8057997,16.0551365,45.8065316],"tags":{"gauge":"1435","railway":"rail","service":"spur"}},"geometry":{"type":"LineString","coordinates":[[16.0524281,45.8057997],[16.0529725,45.8058763],[16.053279,45.8059241],[16.0534219,45.80595],[16.0535308,45.8059767],[16.0536443,45.8060102],[16.053768,45.8060513],[16.0538595,45.8060863],[16.0539817,45.8061383],[16.054249,45.8062505],[16.0542602,45.8062553],[16.0545108,45.8063617],[16.0546369,45.806407],[16.0547333,45.8064404],[16.0549041,45.8064837],[16.0551365,45.8065316]]}},{"type":"Feature","properties":{"osmId":"155886984","railway_type":"rail","name":null,"electrified":null,"voltage":null,"frequency":null,"bounds":[16.0560605,45.8048458,16.0597333,45.8053436],"tags":{"gauge":"1435","railway":"rail","service":"spur"}},"geometry":{"type":"LineString","coordinates":[[16.0560605,45.8048458],[16.0561194,45.804854],[16.0595367,45.8053289],[16.0597333,45.8053436]]}},{"type":"Feature","properties":{"osmId":"165065908","railway_type":"rail","name":null,"electrified":"contact_line","voltage":"25000","frequency":"50","bounds":[15.9862848,45.8049166,15.9912999,45.8056527],"tags":{"electrified":"contact_line","frequency":"50","gauge":"1435","maxaxleload":"22","operator":"HŽ Infrastruktura","railway":"rail","service":"yard","voltage":"25000"}},"geometry":{"type":"LineString","coordinates":[[15.9862848,45.8049166],[15.987064,45.8049582],[15.9887711,45.805055],[15.9890217,45.8050761],[15.9892222,45.8051075],[15.9894496,45.8051542],[15.9897598,45.8052338],[15.9902526,45.8053682],[15.9905644,45.8054513],[15.9908969,45.8055461],[15.9912205,45.8056319],[15.9912999,45.8056527]]}},{"type":"Feature","properties":{"osmId":"170437549","railway_type":"rail","name":null,"electrified":"contact_line","voltage":"25000","frequency":"50","bounds":[15.9908247,45.7563715,16.0037059,45.7573847],"tags":{"electrified":"contact_line","frequency":"50","gauge":"1435","maxaxleload":"22","operator":"HŽ Infrastruktura","railway":"rail","service":"yard","voltage":"25000"}},"geometry":{"type":"LineString","coordinates":[[16.0037059,45.7563715],[16.003219,45.7564094],[16.0031718,45.7564131],[16.0026382,45.7564541],[16.002041,45.7565014],[15.9934479,45.7571782],[15.9908247,45.7573847]]}},{"type":"Feature","properties":{"osmId":"170437555","railway_type":"rail","name":null,"electrified":"no","voltage":null,"frequency":null,"bounds":[16.0037059,45.7562739,16.0047989,45.7563715],"tags":{"electrified":"no","gauge":"1435","maxaxleload":"22.5","operator":"HŽ Infrastruktura","railway":"rail","service":"yard"}},"geometry":{"type":"LineString","coordinates":[[16.0047989,45.7562739],[16.0046324,45.7562972],[16.0045044,45.7563089],[16.0041755,45.7563348],[16.0037059,45.7563715]]}},{"type":"Feature","properties":{"osmId":"170437556","railway_type":"rail","name":null,"electrified":"contact_line","voltage":"25000","frequency":"50","bounds":[15.9889278,45.7575229,15.9896066,45.7576229],"tags":{"electrified":"contact_line","frequency":"50","gauge":"1435","maxaxleload":"22.5","operator":"HŽ Infrastruktura","railway":"rail","service":"yard","voltage":"25000"}},"geometry":{"type":"LineString","coordinates":[[15.9889278,45.7576229],[15.9896066,45.7575229]]}},{"type":"Feature","properties":{"osmId":"170732394","railway_type":"rail","name":"Zagreb Zk – Trešnjevka","electrified":"contact_line","voltage":"25000","frequency":"50","bounds":[15.9626537,45.8023453,15.9630672,45.8030736],"tags":{"electrified":"contact_line","embankment":"yes","frequency":"50","gauge":"1435","maxaxleload":"22","maxspeed":"40","name":"Zagreb Zk – Trešnjevka","operator":"HŽ Infrastruktura","passenger_lines":"1","railway":"rail","railway:pzb":"yes","railway:traffic_mode":"freight","ref":"M405","usage":"main","voltage":"25000"}},"geometry":{"type":"LineString","coordinates":[[15.9626537,45.8023453],[15.9627709,45.8025124],[15.9628365,45.8026174],[15.96289,45.8027172],[15.9630228,45.8029762],[15.9630672,45.8030736]]}},{"type":"Feature","properties":{"osmId":"185898548","railway_type":"rail","name":"Sesvete – Sava","electrified":"contact_line","voltage":"25000","frequency":"50","bounds":[16.0632015,45.80234,16.1024979,45.8265668],"tags":{"electrified":"contact_line","frequency":"50","gauge":"1435","loading_gauge":"TSI_GC","maxaxleload":"22.5","maxspeed":"100","name":"Sesvete – Sava","operator":"HŽ Infrastruktura","passenger_lines":"2","railway":"rail","railway:pzb":"yes","railway:traffic_mode":"freight","ref":"M401","usage":"main","voltage":"25000"}},"geometry":{"type":"LineString","coordinates":[[16.0632015,45.80234],[16.0655398,45.8061646],[16.0657184,45.8064587],[16.0666327,45.8079627],[16.0674615,45.8093202],[16.0706457,45.8145327],[16.0708471,45.8148712],[16.071687,45.8162521],[16.0722016,45.8170973],[16.0729919,45.8184015],[16.0734203,45.8190553],[16.0738464,45.8196048],[16.0741908,45.8199977],[16.0746582,45.8204624],[16.075124,45.8208704],[16.0756246,45.8212632],[16.0761884,45.8216495],[16.0768131,45.8220263],[16.0773874,45.8223368],[16.0778051,45.8225301],[16.0783849,45.822794],[16.0790349,45.823045],[16.079945,45.8233404],[16.0804025,45.8234669],[16.0804602,45.8234828],[16.0807174,45.8235464],[16.0810389,45.8236192],[16.0810709,45.8236265],[16.081326,45.8236809],[16.0816185,45.823738],[16.0818114,45.8237723],[16.0825499,45.8239038],[16.0857978,45.8244524],[16.0898596,45.8251352],[16.0931105,45.8256813],[16.0967623,45.8262924],[16.0970395,45.8263346],[16.0973063,45.8263715],[16.0975081,45.8263982],[16.0978153,45.8264337],[16.0982775,45.8264798],[16.0984171,45.8264931],[16.0985495,45.8265038],[16.098941,45.8265277],[16.0995961,45.8265571],[16.0998681,45.826563],[16.100113,45.8265668],[16.1004343,45.8265658],[16.1007889,45.8265602],[16.1010384,45.8265526],[16.1014393,45.8265355],[16.1017789,45.8265176],[16.1022068,45.8264844],[16.1024979,45.8264588]]}},{"type":"Feature","properties":{"osmId":"185898549","railway_type":"rail","name":"Sesvete – Sava","electrified":"contact_line","voltage":"25000","frequency":"50","bounds":[16.0628609,45.8017819,16.0632015,45.80234],"tags":{"bridge":"yes","electrified":"contact_line","frequency":"50","gauge":"1435","layer":"1","loading_gauge":"TSI_GC","maxaxleload":"22.5","maxspeed":"100","name":"Sesvete – Sava","operator":"HŽ Infrastruktura","passenger_lines":"2","railway":"rail","railway:pzb":"yes","railway:traffic_mode":"freight","ref":"M401","usage":"main","voltage":"25000"}},"geometry":{"type":"LineString","coordinates":[[16.0628609,45.8017819],[16.0632015,45.80234]]}},{"type":"Feature","properties":{"osmId":"186557441","railway_type":"rail","name":"Sesvete – Sava","electrified":"contact_line","voltage":"25000","frequency":"50","bounds":[16.0631469,45.802355,16.1025043,45.8266125],"tags":{"electrified":"contact_line","frequency":"50","gauge":"1435","loading_gauge":"TSI_GC","maxaxleload":"22.5","maxspeed":"100","name":"Sesvete – Sava","operator":"HŽ Infrastruktura","passenger_lines":"2","railway":"rail","railway:pzb":"yes","railway:traffic_mode":"freight","ref":"M401","usage":"main","voltage":"25000"}},"geometry":{"type":"LineString","coordinates":[[16.1025043,45.8264996],[16.1021503,45.8265321],[16.1017815,45.8265614],[16.1014566,45.8265812],[16.1012092,45.8265922],[16.1009312,45.8266028],[16.1005788,45.8266101],[16.1002845,45.8266125],[16.1000148,45.8266105],[16.0997793,45.8266069],[16.0995657,45.8266009],[16.0992149,45.8265849],[16.0986642,45.8265552],[16.0984454,45.8265397],[16.0982663,45.826522],[16.0978024,45.8264726],[16.0974476,45.8264314],[16.0970283,45.826374],[16.0967354,45.8263297],[16.093101,45.8257201],[16.0898478,45.825172],[16.0857871,45.8244881],[16.0825383,45.8239385],[16.0817985,45.8238069],[16.0816083,45.8237731],[16.0813398,45.8237227],[16.0810682,45.8236657],[16.081032,45.8236573],[16.0807574,45.8235933],[16.0804718,45.8235251],[16.0803836,45.8235005],[16.0798125,45.8233409],[16.0790081,45.823079],[16.0783651,45.8228283],[16.0777751,45.8225681],[16.0773521,45.8223646],[16.0767731,45.8220556],[16.0761626,45.8216804],[16.0755917,45.8212909],[16.075085,45.8208962],[16.0746122,45.8204829],[16.0741421,45.820015],[16.073783,45.8196084],[16.0733792,45.8190844],[16.0729477,45.8184232],[16.0721494,45.8171163],[16.0713811,45.8158545],[16.0711848,45.8155354],[16.0710332,45.8152864],[16.0708236,45.8149393],[16.0673994,45.8093299],[16.0661456,45.8072735],[16.0659264,45.8069121],[16.0631469,45.802355]]}},{"type":"Feature","properties":{"osmId":"188333847","railway_type":"rail","name":"Sava – Velika Gorica","electrified":"contact_line","voltage":"25000","frequency":"50","bounds":[16.0440899,45.754809,16.0444525,45.7565597],"tags":{"electrified":"contact_line","frequency":"50","gauge":"1435","loading_gauge":"TSI_GC","maxaxleload":"22.5","maxspeed":"100","name":"Sava – Velika Gorica","operator":"HŽ Infrastruktura","passenger_lines":"1","railway":"rail","railway:pzb":"yes","railway:traffic_mode":"freight","ref":"M407","usage":"main","voltage":"25000"}},"geometry":{"type":"LineString","coordinates":[[16.0440899,45.754809],[16.044307,45.7558401],[16.0444525,45.7565597]]}},{"type":"Feature","properties":{"osmId":"188333853","railway_type":"rail","name":"Sava rasputnica – Velika Gorica","electrified":"contact_line","voltage":"25000","frequency":"50","bounds":[16.0440233,45.7545329,16.0440899,45.754809],"tags":{"bridge":"yes","electrified":"contact_line","frequency":"50","gauge":"1435","layer":"1","loading_gauge":"TSI_GC","maxaxleload":"22.5","maxspeed":"30","name":"Sava rasputnica – Velika Gorica","operator":"HŽ Infrastruktura","passenger_lines":"1","railway":"rail","railway:pzb":"yes","railway:traffic_mode":"freight","ref":"M407","usage":"main","voltage":"25000"}},"geometry":{"type":"LineString","coordinates":[[16.0440233,45.7545329],[16.0440899,45.754809]]}},{"type":"Feature","properties":{"osmId":"188486147","railway_type":"rail","name":"DG – S. Marof – Zagreb Gk","electrified":"contact_line","voltage":"25000","frequency":"50","bounds":[15.8223336,45.8263592,15.8260441,45.8340898],"tags":{"electrified":"contact_line","frequency":"50","gauge":"1435","loading_gauge":"TSI_GC","maxaxleload":"22.5","maxspeed":"100","name":"DG – S. Marof – Zagreb Gk","operator":"HŽ Infrastruktura","passenger_lines":"2","railway":"rail","railway:pzb":"yes","railway:traffic_mode":"mixed","ref":"M101","usage":"main","voltage":"25000"}},"geometry":{"type":"LineString","coordinates":[[15.8260441,45.8263592],[15.8255372,45.8273405],[15.8253946,45.8275781],[15.8252382,45.8278047],[15.8247038,45.8284998],[15.8244343,45.8288344],[15.8242158,45.8290882],[15.8240352,45.8293292],[15.823864,45.829574],[15.823657,45.8298807],[15.8234955,45.8301279],[15.8233729,45.8303504],[15.8232746,45.8305736],[15.823197,45.8307898],[15.8231325,45.8310097],[15.8227455,45.8325563],[15.822559,45.8333113],[15.8224535,45.8336994],[15.8223336,45.8340898]]}},{"type":"Feature","properties":{"osmId":"188486148","railway_type":"rail","name":"DG – S. Marof – Zagreb Gk","electrified":"contact_line","voltage":"25000","frequency":"50","bounds":[15.8223912,45.8263714,15.8260999,45.8341096],"tags":{"electrified":"contact_line","frequency":"50","gauge":"1435","loading_gauge":"TSI_GC","maxaxleload":"22.5","maxspeed":"100","name":"DG – S. Marof – Zagreb Gk","operator":"HŽ Infrastruktura","passenger_lines":"2","railway":"rail","railway:pzb":"yes","railway:traffic_mode":"mixed","ref":"M101","usage":"main","voltage":"25000"}},"geometry":{"type":"LineString","coordinates":[[15.8260999,45.8263714],[15.8256017,45.827354],[15.8254524,45.8275918],[15.825296,45.8278201],[15.8247647,45.8285041],[15.82449,45.8288466],[15.8242644,45.8290955],[15.8240805,45.829346],[15.8239168,45.829589],[15.8237066,45.8298995],[15.8235514,45.8301404],[15.8234276,45.8303598],[15.8233301,45.8305837],[15.8232506,45.8307984],[15.8231873,45.831013],[15.8228,45.8325582],[15.8226138,45.8333173],[15.8225041,45.8337051],[15.8223912,45.8341096]]}},{"type":"Feature","properties":{"osmId":"188486153","railway_type":"rail","name":"DG – S. Marof – Zagreb Gk","electrified":"contact_line","voltage":"25000","frequency":"50","bounds":[15.830906,45.8174937,15.8309941,45.8175748],"tags":{"bridge":"yes","electrified":"contact_line","frequency":"50","gauge":"1435","layer":"1","loading_gauge":"TSI_GC","maxaxleload":"22.5","maxspeed":"100","name":"DG – S. Marof – Zagreb Gk","operator":"HŽ Infrastruktura","passenger_lines":"2","railway":"rail","railway:pzb":"yes","railway:traffic_mode":"mixed","ref":"M101","usage":"main","voltage":"25000"}},"geometry":{"type":"LineString","coordinates":[[15.8309941,45.8174937],[15.830906,45.8175748]]}},{"type":"Feature","properties":{"osmId":"188486154","railway_type":"rail","name":"DG – S. Marof – Zagreb Gk","electrified":"contact_line","voltage":"25000","frequency":"50","bounds":[15.8308643,45.8174709,15.8309513,45.8175486],"tags":{"bridge":"yes","electrified":"contact_line","frequency":"50","gauge":"1435","layer":"1","loading_gauge":"TSI_GC","maxaxleload":"22.5","maxspeed":"100","name":"DG – S. Marof – Zagreb Gk","operator":"HŽ Infrastruktura","passenger_lines":"2","railway":"rail","railway:pzb":"yes","railway:traffic_mode":"mixed","ref":"M101","usage":"main","voltage":"25000"}},"geometry":{"type":"LineString","coordinates":[[15.8309513,45.8174709],[15.8308643,45.8175486]]}},{"type":"Feature","properties":{"osmId":"192301162","railway_type":"rail","name":null,"electrified":"contact_line","voltage":"25000","frequency":"50","bounds":[16.0629879,45.8058209,16.0662443,45.8076602],"tags":{"electrified":"contact_line","frequency":"50","gauge":"1435","railway":"rail","service":"spur","voltage":"25000"}},"geometry":{"type":"LineString","coordinates":[[16.0629879,45.8058209],[16.0632298,45.8059027],[16.0634496,45.8059808],[16.0641416,45.8062838],[16.0650213,45.8066877],[16.0656271,45.8070483],[16.0659802,45.8073599],[16.0662443,45.8076602]]}},{"type":"Feature","properties":{"osmId":"192628043","railway_type":"rail","name":null,"electrified":null,"voltage":null,"frequency":null,"bounds":[16.0195336,45.7549448,16.0206072,45.7551155],"tags":{"gauge":"1435","maxaxleload":"22.5","operator":"HŽ Infrastruktura","railway":"rail","service":"yard"}},"geometry":{"type":"LineString","coordinates":[[16.0206072,45.7549448],[16.0203784,45.7549836],[16.020146,45.7550229],[16.0197902,45.7550825],[16.0196596,45.7551009],[16.0195336,45.7551155]]}},{"type":"Feature","properties":{"osmId":"192628048","railway_type":"rail","name":null,"electrified":"no","voltage":null,"frequency":null,"bounds":[16.0152172,45.7533656,16.0184896,45.7546886],"tags":{"electrified":"no","gauge":"1435","maxaxleload":"22.5","operator":"HŽ Infrastruktura","railway":"rail","service":"yard"}},"geometry":{"type":"LineString","coordinates":[[16.0184896,45.7546886],[16.0183813,45.75465],[16.0182502,45.7546022],[16.0179791,45.7544856],[16.0177313,45.7543816],[16.0173266,45.7542323],[16.0164139,45.7539413],[16.0163199,45.7539022],[16.015718,45.7536423],[16.0154768,45.7535117],[16.0152172,45.7533656]]}},{"type":"Feature","properties":{"osmId":"193591124","railway_type":"rail","name":null,"electrified":"no","voltage":null,"frequency":null,"bounds":[16.0154464,45.7551671,16.0196811,45.756257],"tags":{"electrified":"no","gauge":"1435","maxaxleload":"22.5","operator":"HŽ Infrastruktura","railway":"rail","service":"yard"}},"geometry":{"type":"LineString","coordinates":[[16.0154464,45.756257],[16.0155864,45.7562424],[16.0156734,45.7562305],[16.0157796,45.7562138],[16.0159545,45.7561758],[16.0161456,45.7561257],[16.0163524,45.7560558],[16.0165141,45.7559919],[16.0169132,45.755839],[16.0171286,45.7557656],[16.0186765,45.7553415],[16.018897,45.7552872],[16.0190418,45.7552634],[16.0193518,45.7552091],[16.0195002,45.7551879],[16.0196811,45.7551671]]}},{"type":"Feature","properties":{"osmId":"193591125","railway_type":"rail","name":null,"electrified":"no","voltage":null,"frequency":null,"bounds":[16.005296,45.7560654,16.0172349,45.7568243],"tags":{"electrified":"no","gauge":"1435","maxaxleload":"22.5","operator":"HŽ Infrastruktura","railway":"rail","service":"yard"}},"geometry":{"type":"LineString","coordinates":[[16.005296,45.7563614],[16.0054085,45.7563732],[16.0055267,45.75639],[16.0056414,45.7564109],[16.0057601,45.7564355],[16.0058969,45.7564709],[16.0060199,45.7565034],[16.0062248,45.7565575],[16.0063078,45.7565789],[16.0063954,45.7565989],[16.0064805,45.7566152],[16.0065286,45.7566249],[16.0066512,45.7566454],[16.0067512,45.7566578],[16.0074751,45.756779],[16.0077554,45.7568117],[16.0080032,45.7568243],[16.0083246,45.7568174],[16.0150086,45.7562907],[16.0153754,45.7562629],[16.0154464,45.756257],[16.0159156,45.7562183],[16.0166723,45.7561574],[16.0168579,45.7561341],[16.0169673,45.7561165],[16.0171205,45.7560884],[16.0172349,45.7560654]]}},{"type":"Feature","properties":{"osmId":"193591126","railway_type":"rail","name":null,"electrified":"no","voltage":null,"frequency":null,"bounds":[16.0054088,45.7548826,16.0224831,45.7563751],"tags":{"electrified":"no","gauge":"1435","maxaxleload":"22.5","operator":"HŽ Infrastruktura","railway":"rail","service":"yard"}},"geometry":{"type":"LineString","coordinates":[[16.0224831,45.7548826],[16.021409,45.7549686],[16.0212424,45.7549812],[16.0195336,45.7551155],[16.019186,45.7551422],[16.0189193,45.7551634],[16.0187825,45.7551751],[16.0186725,45.7551877],[16.0185576,45.7552061],[16.018324,45.7552476],[16.0182239,45.7552636],[16.0181363,45.7552751],[16.0180251,45.7552854],[16.0174649,45.7553294],[16.0076969,45.7561035],[16.0075152,45.7561154],[16.007362,45.7561328],[16.0072094,45.7561607],[16.0071318,45.75618],[16.0070335,45.7562051],[16.0069192,45.7562378],[16.0068066,45.7562613],[16.0066821,45.7562838],[16.0065809,45.756303],[16.006527,45.7563109],[16.0064126,45.7563253],[16.0062798,45.7563372],[16.0060445,45.756353],[16.0057852,45.7563704],[16.0056554,45.7563741],[16.0055287,45.7563751],[16.0054088,45.7563711]]}},{"type":"Feature","properties":{"osmId":"193591129","railway_type":"rail","name":null,"electrified":"contact_line","voltage":"25000","frequency":"50","bounds":[16.0206119,45.7549812,16.0212424,45.7549883],"tags":{"electrified":"contact_line","frequency":"50","gauge":"1435","maxaxleload":"22.5","operator":"HŽ Infrastruktura","railway":"rail","service":"yard","voltage":"25000"}},"geometry":{"type":"LineString","coordinates":[[16.0212424,45.7549812],[16.0211298,45.7549866],[16.0210361,45.7549874],[16.020924,45.7549883],[16.0206119,45.7549859]]}},{"type":"Feature","properties":{"osmId":"193591130","railway_type":"rail","name":null,"electrified":"no","voltage":null,"frequency":null,"bounds":[16.0165141,45.7552091,16.0193518,45.7559919],"tags":{"electrified":"no","gauge":"1435","maxaxleload":"22.5","operator":"HŽ Infrastruktura","railway":"rail","service":"yard"}},"geometry":{"type":"LineString","coordinates":[[16.0193518,45.7552091],[16.0192136,45.7552385],[16.0190501,45.7552782],[16.0188771,45.7553257],[16.0167538,45.7559106],[16.0166449,45.755946],[16.0165141,45.7559919]]}},{"type":"Feature","properties":{"osmId":"193591131","railway_type":"rail","name":null,"electrified":"no","voltage":null,"frequency":null,"bounds":[16.0162476,45.7551356,16.0202927,45.7561753],"tags":{"electrified":"no","gauge":"1435","maxaxleload":"22.5","operator":"HŽ Infrastruktura","railway":"rail","service":"yard"}},"geometry":{"type":"LineString","coordinates":[[16.0202927,45.7551356],[16.0201498,45.7551647],[16.0200601,45.7551874],[16.0199376,45.7552187],[16.0170012,45.7560277],[16.0168444,45.7560667],[16.0167208,45.7560933],[16.0162476,45.7561753]]}},{"type":"Feature","properties":{"osmId":"193591133","railway_type":"rail","name":null,"electrified":"contact_line","voltage":"25000","frequency":"50","bounds":[16.0201399,45.7547172,16.0217417,45.7549812],"tags":{"electrified":"contact_line","frequency":"50","gauge":"1435","maxaxleload":"22.5","operator":"HŽ Infrastruktura","railway":"rail","service":"yard","voltage":"25000"}},"geometry":{"type":"LineString","coordinates":[[16.0201399,45.7549812],[16.0206072,45.7549448],[16.0207962,45.7549137],[16.0210502,45.7548577],[16.021445,45.7547689],[16.0215602,45.7547471],[16.0217417,45.7547172]]}},{"type":"Feature","properties":{"osmId":"193591134","railway_type":"rail","name":null,"electrified":null,"voltage":null,"frequency":null,"bounds":[16.0161456,45.7551733,16.0198253,45.7561257],"tags":{"gauge":"1435","maxaxleload":"22.5","operator":"HŽ Infrastruktura","railway":"rail","service":"yard"}},"geometry":{"type":"LineString","coordinates":[[16.0198253,45.7551733],[16.0193957,45.7552458],[16.0192322,45.7552796],[16.0189459,45.7553554],[16.0165358,45.7560178],[16.0161456,45.7561257]]}},{"type":"Feature","properties":{"osmId":"193591135","railway_type":"rail","name":null,"electrified":"no","voltage":null,"frequency":null,"bounds":[16.0157796,45.7551305,16.02015,45.7562138],"tags":{"electrified":"no","gauge":"1435","maxaxleload":"22.5","operator":"HŽ Infrastruktura","railway":"rail","service":"yard"}},"geometry":{"type":"LineString","coordinates":[[16.0157796,45.7562138],[16.0162029,45.7561385],[16.0163783,45.7561022],[16.0165485,45.7560591],[16.019556,45.7552308],[16.0196898,45.755199],[16.0198253,45.7551733],[16.0199329,45.7551542],[16.0200165,45.755144],[16.02015,45.7551305]]}},{"type":"Feature","properties":{"osmId":"193591136","railway_type":"rail","name":null,"electrified":"no","voltage":null,"frequency":null,"bounds":[16.0159156,45.7550932,16.0206222,45.7562183],"tags":{"electrified":"no","gauge":"1435","maxaxleload":"22.5","operator":"HŽ Infrastruktura","railway":"rail","service":"yard"}},"geometry":{"type":"LineString","coordinates":[[16.0159156,45.7562183],[16.0160491,45.7562046],[16.0161459,45.7561935],[16.0162476,45.7561753],[16.0164014,45.7561422],[16.016562,45.7561016],[16.0195966,45.7552677],[16.019738,45.7552344],[16.0198592,45.7552109],[16.0202927,45.7551356],[16.0204205,45.7551161],[16.0204943,45.7551064],[16.0206222,45.7550932]]}},{"type":"Feature","properties":{"osmId":"201194088","railway_type":"rail","name":null,"electrified":"contact_line","voltage":"25000","frequency":"50","bounds":[15.8903594,45.7437801,15.8983629,45.7470898],"tags":{"electrified":"contact_line","frequency":"50","gauge":"1435","railway":"rail","service":"yard","voltage":"25000"}},"geometry":{"type":"LineString","coordinates":[[15.8903594,45.7437801],[15.8905227,45.7438642],[15.890849,45.7440116],[15.8915522,45.7443004],[15.8921674,45.7445529],[15.8932048,45.7449782],[15.8937542,45.7452031],[15.8944744,45.7454996],[15.8955543,45.7459444],[15.896195,45.7462063],[15.89712,45.7465857],[15.8979294,45.7469209],[15.8983629,45.7470898]]}},{"type":"Feature","properties":{"osmId":"201194089","railway_type":"rail","name":null,"electrified":"contact_line","voltage":"25000","frequency":"50","bounds":[15.8897925,45.7434749,15.9002847,45.747784],"tags":{"electrified":"contact_line","frequency":"50","gauge":"1435","railway":"rail","railway:pzb":"yes","service":"yard","voltage":"25000"}},"geometry":{"type":"LineString","coordinates":[[15.8897925,45.7434749],[15.8901243,45.7436435],[15.8902951,45.7437234],[15.8904203,45.7437831],[15.890586,45.7438529],[15.8915048,45.7442299],[15.8924825,45.744632],[15.8933795,45.7449993],[15.8946407,45.7455185],[15.8949663,45.7456536],[15.8967097,45.7463668],[15.8979595,45.7468816],[15.8981792,45.7469709],[15.8989035,45.7472677],[15.8996028,45.7475546],[15.8999487,45.7476701],[15.9002847,45.747784]]}},{"type":"Feature","properties":{"osmId":"201194090","railway_type":"rail","name":null,"electrified":null,"voltage":null,"frequency":null,"bounds":[15.8943058,45.7452315,15.8968062,45.7462537],"tags":{"gauge":"1435","railway":"rail","service":"spur"}},"geometry":{"type":"LineString","coordinates":[[15.8943058,45.7452315],[15.894486,45.7452914],[15.8947868,45.7453822],[15.8949185,45.7454297],[15.8954139,45.7456349],[15.8961915,45.7459536],[15.8964796,45.746089],[15.8966771,45.7461955],[15.8968062,45.7462537]]}},{"type":"Feature","properties":{"osmId":"201194091","railway_type":"rail","name":null,"electrified":"contact_line","voltage":"25000","frequency":"50","bounds":[15.8901243,45.7436435,15.8989035,45.7472677],"tags":{"electrified":"contact_line","frequency":"50","gauge":"1435","railway":"rail","service":"yard","voltage":"25000"}},"geometry":{"type":"LineString","coordinates":[[15.8989035,45.7472677],[15.8983629,45.7470898],[15.897974,45.7469724],[15.897774,45.7469023],[15.8973042,45.7467118],[15.8965826,45.746415],[15.8958922,45.7461332],[15.8955195,45.7459768],[15.8946085,45.7456037],[15.8940337,45.7453705],[15.8931636,45.7450111],[15.8923923,45.7446934],[15.8918265,45.7444614],[15.8908388,45.7440528],[15.8906028,45.7439265],[15.8903594,45.7437801],[15.8901243,45.7436435]]}},{"type":"Feature","properties":{"osmId":"201194092","railway_type":"rail","name":null,"electrified":null,"voltage":null,"frequency":null,"bounds":[15.89001,45.7435159,15.897618,45.7466476],"tags":{"gauge":"1435","railway":"rail","service":"siding"}},"geometry":{"type":"LineString","coordinates":[[15.89001,45.7435159],[15.8903284,45.743616],[15.8905725,45.7436975],[15.8907847,45.7437821],[15.8920866,45.7443196],[15.892157,45.7443482],[15.8924343,45.7444611],[15.8931899,45.7447728],[15.8943058,45.7452315],[15.8946744,45.7453811],[15.8952441,45.7456142],[15.8959407,45.7459],[15.8963734,45.7460781],[15.8968062,45.7462537],[15.8970744,45.7463701],[15.8972174,45.7464404],[15.8973207,45.7464936],[15.897618,45.7466476]]}},{"type":"Feature","properties":{"osmId":"203587948","railway_type":"rail","name":"Zagreb Gk – Dugo Selo","electrified":"contact_line","voltage":"25000","frequency":"50","bounds":[15.9978705,45.8072275,16.0170626,45.8124323],"tags":{"bridge":"yes","electrified":"contact_line","frequency":"50","gauge":"1435","layer":"1","loading_gauge":"TSI_GB","maxaxleload":"22.5","maxspeed":"50","name":"Zagreb Gk – Dugo Selo","operator":"HŽ Infrastruktura","passenger_lines":"2","railway":"rail","railway:pzb":"yes","railway:traffic_mode":"mixed","ref":"M102","start_date":"1970","usage":"main","voltage":"25000"}},"geometry":{"type":"LineString","coordinates":[[15.9978705,45.8072275],[15.9992731,45.8076081],[16.0006389,45.8079789],[16.0033748,45.8087342],[16.0055691,45.8093227],[16.0066896,45.8096322],[16.0081456,45.8100197],[16.0097117,45.8104464],[16.0108856,45.8107575],[16.0119051,45.8110401],[16.0170626,45.8124323]]}},{"type":"Feature","properties":{"osmId":"215837717","railway_type":"rail","name":null,"electrified":null,"voltage":null,"frequency":null,"bounds":[16.1169541,45.8209911,16.1192597,45.8230238],"tags":{"gauge":"1435","railway":"rail","service":"spur"}},"geometry":{"type":"LineString","coordinates":[[16.1169541,45.8230238],[16.1171698,45.8229299],[16.1173397,45.8228704],[16.1181308,45.8226728],[16.1183446,45.8226019],[16.1186462,45.82245],[16.1188842,45.8222703],[16.1190467,45.822092],[16.1191589,45.8219113],[16.1192243,45.821736],[16.1192511,45.8215305],[16.1192597,45.8209911]]}},{"type":"Feature","properties":{"osmId":"215837720","railway_type":"rail","name":null,"electrified":"contact_line","voltage":"25000","frequency":"50","bounds":[16.1054824,45.8258374,16.1060742,45.8260229],"tags":{"electrified":"contact_line","frequency":"50","gauge":"1435","operator":"HŽ Infrastruktura","railway":"rail","railway:pzb":"yes","service":"crossover","voltage":"25000"}},"geometry":{"type":"LineString","coordinates":[[16.1054824,45.8260229],[16.1060742,45.8258374]]}},{"type":"Feature","properties":{"osmId":"215837722","railway_type":"rail","name":null,"electrified":"contact_line","voltage":"25000","frequency":"50","bounds":[16.1057679,45.8256968,16.1064624,45.8258199],"tags":{"electrified":"contact_line","frequency":"50","gauge":"1435","maxaxleload":"22.5","operator":"HŽ Infrastruktura","railway":"rail","railway:pzb":"yes","service":"crossover","voltage":"25000"}},"geometry":{"type":"LineString","coordinates":[[16.1057679,45.8258199],[16.1060439,45.825771],[16.1064624,45.8256968]]}},{"type":"Feature","properties":{"osmId":"215837723","railway_type":"rail","name":null,"electrified":"contact_line","voltage":"25000","frequency":"50","bounds":[16.1081918,45.8242211,16.1122219,45.8251875],"tags":{"electrified":"contact_line","frequency":"50","gauge":"1435","maxaxleload":"22.5","railway":"rail","railway:pzb":"yes","railway:track_ref":"8","service":"siding","voltage":"25000"}},"geometry":{"type":"LineString","coordinates":[[16.1081918,45.8251875],[16.1087057,45.8250194],[16.1098875,45.8247339],[16.1116198,45.8243153],[16.1122219,45.8242211]]}},{"type":"Feature","properties":{"osmId":"215837724","railway_type":"rail","name":null,"electrified":"contact_line","voltage":"25000","frequency":"50","bounds":[16.1057695,45.8240452,16.1137078,45.8259962],"tags":{"electrified":"contact_line","frequency":"50","gauge":"1435","maxaxleload":"22.5","operator":"HŽ Infrastruktura","railway":"rail","railway:pzb":"yes","railway:track_ref":"2","service":"siding","voltage":"25000"}},"geometry":{"type":"LineString","coordinates":[[16.1057695,45.8259962],[16.1061108,45.8259159],[16.1065683,45.8258061],[16.1092453,45.8251628],[16.1099129,45.8250024],[16.109984,45.8249852],[16.1131644,45.8242236],[16.1137078,45.8240452]]}},{"type":"Feature","properties":{"osmId":"215837732","railway_type":"rail","name":null,"electrified":"contact_line","voltage":"25000","frequency":"50","bounds":[16.1060947,45.8242236,16.1131644,45.8258814],"tags":{"electrified":"contact_line","frequency":"50","gauge":"1435","maxaxleload":"22.5","operator":"HŽ Infrastruktura","railway":"rail","railway:pzb":"yes","railway:track_ref":"1","service":"siding","voltage":"25000"}},"geometry":{"type":"LineString","coordinates":[[16.1060947,45.8258814],[16.1065683,45.8258061],[16.1071027,45.8257198],[16.107556,45.8256179],[16.1092654,45.8252045],[16.1099333,45.825043],[16.1099983,45.8250273],[16.1125078,45.8244279],[16.1127004,45.8243761],[16.1131644,45.8242236]]}},{"type":"Feature","properties":{"osmId":"215837735","railway_type":"rail","name":null,"electrified":"contact_line","voltage":"25000","frequency":"50","bounds":[16.1076076,45.8239746,16.1134165,45.8253701],"tags":{"electrified":"contact_line","frequency":"50","gauge":"1435","maxaxleload":"22.5","railway":"rail","railway:pzb":"yes","railway:track_ref":"7","service":"siding","voltage":"25000"}},"geometry":{"type":"LineString","coordinates":[[16.1076076,45.8253701],[16.1081918,45.8251875],[16.1099046,45.8247768],[16.1122219,45.8242211],[16.112797,45.8240839],[16.1128351,45.8240748],[16.1134165,45.8239746]]}},{"type":"Feature","properties":{"osmId":"219246292","railway_type":"rail","name":null,"electrified":"contact_line","voltage":"25000","frequency":"50","bounds":[15.9726272,45.8041307,15.9740167,45.8042481],"tags":{"electrified":"contact_line","frequency":"50","gauge":"1435","maxaxleload":"22","operator":"HŽ Infrastruktura","railway":"rail","service":"siding","voltage":"25000"}},"geometry":{"type":"LineString","coordinates":[[15.9740167,45.8042481],[15.9737811,45.8042371],[15.973316,45.8042118],[15.9732357,45.804206],[15.9731334,45.8041949],[15.9726272,45.8041307]]}},{"type":"Feature","properties":{"osmId":"232035958","railway_type":"rail","name":"Zagreb RkPs – Z. Klara (K)","electrified":"contact_line","voltage":"25000","frequency":"50","bounds":[15.9757937,45.757504,15.9893197,45.7596664],"tags":{"electrified":"contact_line","frequency":"50","gauge":"1435","maxaxleload":"22","maxspeed":"20","name":"Zagreb RkPs – Z. Klara (K)","operator":"HŽ Infrastruktura","passenger_lines":"1","railway":"rail","railway:pzb":"yes","ref":"M403","usage":"main","voltage":"25000"}},"geometry":{"type":"LineString","coordinates":[[15.9893197,45.757504],[15.9888808,45.7575388],[15.9854115,45.7578107],[15.9813591,45.7581379],[15.9802618,45.7582159],[15.979823,45.7582561],[15.9795449,45.7582838],[15.9791702,45.7583374],[15.9789249,45.7583801],[15.9785515,45.7584606],[15.9781909,45.7585535],[15.9780262,45.7586025],[15.9778206,45.7586728],[15.977505,45.7587846],[15.9772048,45.7589089],[15.9769272,45.7590392],[15.9766396,45.7591816],[15.9763965,45.7593134],[15.9762227,45.7594064],[15.9760819,45.759487],[15.9757937,45.7596664]]}},{"type":"Feature","properties":{"osmId":"232035963","railway_type":"rail","name":null,"electrified":"contact_line","voltage":"25000","frequency":"50","bounds":[16.0001187,45.7550732,16.0058767,45.75622],"tags":{"electrified":"contact_line","frequency":"50","gauge":"1435","maxaxleload":"22.5","operator":"HŽ Infrastruktura","railway":"rail","service":"yard","voltage":"25000"}},"geometry":{"type":"LineString","coordinates":[[16.0001187,45.75622],[16.0034482,45.7559563],[16.003667,45.755935],[16.0039192,45.7558959],[16.0041735,45.7558417],[16.0044129,45.7557821],[16.0046075,45.7557235],[16.0048986,45.7556189],[16.0050955,45.7555294],[16.0052521,45.7554545],[16.0054062,45.7553707],[16.0055583,45.7552768],[16.0058767,45.7550732]]}},{"type":"Feature","properties":{"osmId":"232035965","railway_type":"rail","name":"Sava – Zagreb Klara","electrified":"contact_line","voltage":"25000","frequency":"50","bounds":[15.9672221,45.7577164,15.9880629,45.7658147],"tags":{"electrified":"contact_line","frequency":"50","gauge":"1435","maxaxleload":"22","maxspeed":"20","name":"Sava – Zagreb Klara","operator":"HŽ Infrastruktura","railway":"rail","railway:pzb":"yes","ref":"M402","usage":"main","voltage":"25000"}},"geometry":{"type":"LineString","coordinates":[[15.9880629,45.7577164],[15.9878879,45.757719],[15.9876754,45.757725],[15.98753,45.7577324],[15.9871914,45.7577594],[15.9843017,45.7579863],[15.9813858,45.7582153],[15.9802806,45.758301],[15.9798596,45.7583377],[15.979539,45.7583712],[15.979284,45.7584051],[15.9790518,45.7584422],[15.9788411,45.7584838],[15.9785774,45.7585451],[15.9783223,45.7586093],[15.9780949,45.7586755],[15.9778825,45.7587439],[15.9776078,45.7588442],[15.9773841,45.7589285],[15.977055,45.7590748],[15.9767485,45.7592293],[15.9762918,45.7595023],[15.9750358,45.7602713],[15.9693609,45.7643388],[15.9679071,45.7653817],[15.9672221,45.7658147]]}},{"type":"Feature","properties":{"osmId":"232035968","railway_type":"rail","name":"Sava – Zagreb Klara","electrified":"contact_line","voltage":"25000","frequency":"50","bounds":[15.9749071,45.7575016,15.9899082,45.7603023],"tags":{"electrified":"contact_line","frequency":"50","gauge":"1435","maxaxleload":"22","maxspeed":"20","name":"Sava – Zagreb Klara","operator":"HŽ Infrastruktura","passenger_lines":"2","railway":"rail","railway:pzb":"yes","ref":"M402","usage":"main","voltage":"25000"}},"geometry":{"type":"LineString","coordinates":[[15.9749071,45.7603023],[15.9756165,45.7598621],[15.9762084,45.7594993],[15.9767001,45.7592072],[15.9772229,45.7589515],[15.9778446,45.7587119],[15.9782537,45.7585829],[15.9785181,45.7585134],[15.9787926,45.7584502],[15.9790979,45.7583931],[15.9794197,45.7583432],[15.9798237,45.7582977],[15.9802519,45.7582593],[15.9813693,45.7581728],[15.9843105,45.7579419],[15.9866149,45.7577603],[15.9868565,45.7577402],[15.9876869,45.7576766],[15.9896066,45.7575229],[15.9899082,45.7575016]]}},{"type":"Feature","properties":{"osmId":"232035970","railway_type":"rail","name":null,"electrified":"contact_line","voltage":"25000","frequency":"50","bounds":[15.9898985,45.7573732,15.9904262,45.757461],"tags":{"electrified":"contact_line","frequency":"50","gauge":"1435","maxaxleload":"22.5","operator":"HŽ Infrastruktura","railway":"rail","service":"yard","voltage":"25000"}},"geometry":{"type":"LineString","coordinates":[[15.9904262,45.7573732],[15.9898985,45.757461]]}},{"type":"Feature","properties":{"osmId":"232035972","railway_type":"rail","name":null,"electrified":"contact_line","voltage":"25000","frequency":"50","bounds":[15.9854115,45.7577603,15.9866149,45.7578107],"tags":{"electrified":"contact_line","frequency":"50","gauge":"1435","maxaxleload":"22","railway":"rail","railway:pzb":"yes","service":"crossover","voltage":"25000"}},"geometry":{"type":"LineString","coordinates":[[15.9866149,45.7577603],[15.9864403,45.7577708],[15.9862988,45.757778],[15.9857479,45.7577931],[15.9855479,45.7578018],[15.9854115,45.7578107]]}},{"type":"Feature","properties":{"osmId":"232035973","railway_type":"rail","name":null,"electrified":"contact_line","voltage":"25000","frequency":"50","bounds":[15.9925048,45.7562636,16.0039755,45.7570648],"tags":{"electrified":"contact_line","frequency":"50","gauge":"1435","maxaxleload":"22.5","operator":"HŽ Infrastruktura","railway":"rail","service":"yard","voltage":"25000"}},"geometry":{"type":"LineString","coordinates":[[15.9925048,45.7570648],[15.9926404,45.757038],[15.9927815,45.757013],[15.9929169,45.7569922],[15.9930886,45.7569742],[15.9933711,45.7569492],[16.0013187,45.7563212],[16.0014687,45.7563169],[16.0016505,45.7563177],[16.0018868,45.7563292],[16.0021038,45.7563419],[16.0024241,45.7563579],[16.0025272,45.756362],[16.002598,45.7563645],[16.0026975,45.7563655],[16.00335,45.7563459],[16.0036074,45.7563243],[16.0038378,45.7562901],[16.0039755,45.7562636]]}},{"type":"Feature","properties":{"osmId":"232035974","railway_type":"rail","name":null,"electrified":"contact_line","voltage":"25000","frequency":"50","bounds":[15.9901392,45.7562099,16.0027082,45.7574829],"tags":{"electrified":"contact_line","frequency":"50","gauge":"1435","maxaxleload":"22.5","operator":"HŽ Infrastruktura","railway":"rail","service":"yard","voltage":"25000"}},"geometry":{"type":"LineString","coordinates":[[16.0027082,45.756417],[16.0025673,45.756405],[16.0024909,45.756397],[16.0023398,45.7563751],[16.0021038,45.7563419],[16.0016673,45.7562804],[16.0014077,45.7562466],[16.001217,45.7562301],[16.0010659,45.7562221],[16.0008427,45.7562186],[16.0003383,45.7562099],[16.0002154,45.7562153],[16.0001187,45.75622],[16.0000104,45.7562294],[15.9974897,45.7564297],[15.994793,45.7566383],[15.9944532,45.7566705],[15.9942411,45.7566991],[15.9940127,45.7567321],[15.9936853,45.7567915],[15.993324,45.7568719],[15.9925048,45.7570648],[15.9919586,45.7571918],[15.9918546,45.7572177],[15.9917518,45.7572391],[15.9916257,45.7572624],[15.9913862,45.7572969],[15.9908247,45.7573847],[15.9903848,45.7574544],[15.9902678,45.7574696],[15.9901392,45.7574829]]}},{"type":"Feature","properties":{"osmId":"232035975","railway_type":"rail","name":null,"electrified":"contact_line","voltage":"25000","frequency":"50","bounds":[16.003219,45.7534262,16.0186834,45.7564094],"tags":{"electrified":"contact_line","frequency":"50","gauge":"1435","maxaxleload":"22.5","operator":"HŽ Infrastruktura","railway":"rail","service":"yard","voltage":"25000"}},"geometry":{"type":"LineString","coordinates":[[16.003219,45.7564094],[16.0033485,45.7563955],[16.0034641,45.7563775],[16.0036131,45.7563526],[16.0038287,45.7563026],[16.0039755,45.7562636],[16.0042949,45.756179],[16.004426,45.7561329],[16.0046468,45.7560374],[16.0048743,45.7559099],[16.0050825,45.7557545],[16.005267,45.7555883],[16.0053475,45.7555144],[16.0055871,45.7552939],[16.0058767,45.7550732],[16.0059084,45.7550548],[16.0060019,45.755001],[16.0060983,45.7549463],[16.0062463,45.7548772],[16.0063389,45.7548369],[16.0064502,45.7547947],[16.0068607,45.7546609],[16.0069712,45.7546198],[16.007077,45.7545783],[16.0071921,45.7545265],[16.0072901,45.7544773],[16.0073922,45.7544234],[16.0075177,45.7543504],[16.0076346,45.7542754],[16.007797,45.7541498],[16.0079566,45.7540186],[16.0080771,45.7539312],[16.0081921,45.7538559],[16.0083271,45.7537803],[16.0084456,45.7537233],[16.0085741,45.7536673],[16.0087443,45.7536022],[16.0089075,45.7535541],[16.0091277,45.7535008],[16.0092551,45.7534762],[16.0093422,45.7534632],[16.0094561,45.7534481],[16.0096137,45.7534344],[16.00977,45.7534271],[16.009915,45.7534262],[16.010011,45.7534285],[16.0101312,45.7534352],[16.0102594,45.7534461],[16.0103534,45.7534572],[16.0104629,45.7534736],[16.010584,45.7534968],[16.0106914,45.7535196],[16.0107861,45.7535449],[16.0108781,45.7535716],[16.0109848,45.753606],[16.0111862,45.7536764],[16.0113555,45.7537403],[16.0114594,45.7537782],[16.0116017,45.7538331],[16.0118268,45.7539129],[16.0121395,45.7540309],[16.0122998,45.7540845],[16.0124556,45.7541278],[16.0126066,45.754162],[16.012745,45.7541855],[16.0128827,45.754205],[16.0135301,45.7542732],[16.0137151,45.7542804],[16.0138696,45.7542811],[16.0139871,45.7542739],[16.0144755,45.7542346],[16.0148132,45.7542099],[16.0153168,45.7541686],[16.0154123,45.7541609],[16.0154898,45.7541551],[16.015625,45.7541466],[16.0157359,45.7541442],[16.0159086,45.7541472],[16.0160565,45.754154],[16.0161591,45.754164],[16.0162758,45.7541783],[16.0163928,45.7541971],[16.0168557,45.7542753],[16.0170005,45.7543031],[16.0172025,45.7543563],[16.0178565,45.7545557],[16.0180021,45.7545983],[16.0181259,45.7546318],[16.0182474,45.7546586],[16.0186834,45.7547477]]}},{"type":"Feature","properties":{"osmId":"232035977","railway_type":"rail","name":null,"electrified":"contact_line","voltage":"25000","frequency":"50","bounds":[15.9916257,45.7564692,16.0026497,45.7572624],"tags":{"electrified":"contact_line","frequency":"50","gauge":"1435","maxaxleload":"22.5","operator":"HŽ Infrastruktura","railway":"rail","service":"yard","voltage":"25000"}},"geometry":{"type":"LineString","coordinates":[[15.9916257,45.7572624],[15.9918575,45.757225],[15.9920741,45.7571929],[15.9922602,45.7571702],[15.9924469,45.7571517],[15.9934144,45.7570738],[16.0009649,45.7564801],[16.0011514,45.7564692],[16.0013235,45.75647],[16.0014541,45.7564761],[16.0016039,45.7564857],[16.0017367,45.7564939],[16.0018692,45.7564995],[16.002041,45.7565014],[16.0023073,45.7565023],[16.0024017,45.7565051],[16.0025199,45.7565036],[16.0026497,45.7564959]]}},{"type":"Feature","properties":{"osmId":"232035978","railway_type":"rail","name":null,"electrified":"contact_line","voltage":"25000","frequency":"50","bounds":[15.9919586,45.7563655,16.0026975,45.7571918],"tags":{"electrified":"contact_line","frequency":"50","gauge":"1435","maxaxleload":"22.5","operator":"HŽ Infrastruktura","railway":"rail","service":"yard","voltage":"25000"}},"geometry":{"type":"LineString","coordinates":[[15.9919586,45.7571918],[15.9920763,45.757169],[15.9921926,45.7571483],[15.9923272,45.7571267],[15.9924867,45.7571073],[15.9926456,45.7570926],[15.9934015,45.757033],[16.0008675,45.7564444],[16.0012898,45.7564141],[16.0015073,45.7564048],[16.0020965,45.7563852],[16.0023398,45.7563751],[16.0026975,45.7563655]]}},{"type":"Feature","properties":{"osmId":"232035980","railway_type":"rail","name":null,"electrified":"contact_line","voltage":"25000","frequency":"50","bounds":[15.9923272,45.7563597,16.0031718,45.7571267],"tags":{"electrified":"contact_line","frequency":"50","gauge":"1435","maxaxleload":"22.5","operator":"HŽ Infrastruktura","railway":"rail","service":"yard","voltage":"25000"}},"geometry":{"type":"LineString","coordinates":[[15.9923272,45.7571267],[15.9929419,45.7570325],[15.9930872,45.7570138],[15.9933865,45.7569901],[16.0012702,45.7563683],[16.0014478,45.7563597],[16.0016298,45.7563606],[16.0018378,45.7563693],[16.0020965,45.7563852],[16.0027082,45.756417],[16.0028275,45.7564211],[16.0029159,45.7564226],[16.0030057,45.7564202],[16.0031718,45.7564131]]}},{"type":"Feature","properties":{"osmId":"232152652","railway_type":"rail","name":null,"electrified":"no","voltage":null,"frequency":null,"bounds":[16.007269,45.7573098,16.0085057,45.7574079],"tags":{"electrified":"no","gauge":"1435","maxaxleload":"22.5","railway":"rail","railway:pzb":"yes","service":"yard"}},"geometry":{"type":"LineString","coordinates":[[16.007269,45.7574079],[16.0076301,45.7573812],[16.0081113,45.7573424],[16.0085057,45.7573098]]}},{"type":"Feature","properties":{"osmId":"232152653","railway_type":"rail","name":null,"electrified":"no","voltage":null,"frequency":null,"bounds":[16.007269,45.7574079,16.0113176,45.7577945],"tags":{"electrified":"no","gauge":"1435","maxaxleload":"22.5","operator":"HŽ Infrastruktura","railway":"rail","service":"yard"}},"geometry":{"type":"LineString","coordinates":[[16.0113176,45.7577945],[16.0111389,45.7577866],[16.0109841,45.7577733],[16.0107363,45.7577371],[16.0105146,45.7577001],[16.0103956,45.7576843],[16.0102658,45.7576717],[16.0098264,45.7576277],[16.0094735,45.7575962],[16.0090639,45.7575518],[16.0078495,45.7574318],[16.0076933,45.7574185],[16.0075201,45.7574092],[16.007269,45.7574079]]}},{"type":"Feature","properties":{"osmId":"233498292","railway_type":"rail","name":null,"electrified":"no","voltage":null,"frequency":null,"bounds":[16.006236,45.7549834,16.0196201,45.7560388],"tags":{"electrified":"no","gauge":"1435","maxaxleload":"22.5","operator":"HŽ Infrastruktura","railway":"rail","service":"yard"}},"geometry":{"type":"LineString","coordinates":[[16.006236,45.7560388],[16.0063608,45.756026],[16.0064839,45.7560089],[16.0065354,45.7560006],[16.0066588,45.7559761],[16.0067584,45.7559537],[16.0070275,45.7558815],[16.0071321,45.7558527],[16.0072422,45.7558275],[16.0074039,45.7557986],[16.0075834,45.7557752],[16.0174163,45.7549921],[16.0175822,45.7549835],[16.017755,45.7549834],[16.0179046,45.7549871],[16.0180239,45.7549971],[16.0185002,45.7550474],[16.0186079,45.7550566],[16.0186971,45.7550634],[16.0188232,45.7550665],[16.0190434,45.7550692],[16.0193528,45.7550726],[16.0194534,45.755072],[16.0196201,45.7550642]]}},{"type":"Feature","properties":{"osmId":"233498293","railway_type":"rail","name":null,"electrified":"no","voltage":null,"frequency":null,"bounds":[16.0074976,45.7539096,16.0128827,45.7544502],"tags":{"electrified":"no","gauge":"1435","maxaxleload":"22.5","operator":"HŽ Infrastruktura","railway":"rail","service":"yard"}},"geometry":{"type":"LineString","coordinates":[[16.0074976,45.7544502],[16.0078032,45.7543492],[16.0083462,45.7541748],[16.0085986,45.754109],[16.0087149,45.7540851],[16.0088945,45.7540555],[16.0091901,45.7540199],[16.0095489,45.7539911],[16.010557,45.7539156],[16.0107263,45.7539096],[16.0109324,45.7539129],[16.0111063,45.7539284],[16.0112487,45.7539472],[16.011434,45.7539768],[16.011979,45.7540913],[16.0121021,45.7541115],[16.012254,45.7541338],[16.0123097,45.7541428],[16.0128827,45.754205]]}},{"type":"Feature","properties":{"osmId":"233498294","railway_type":"rail","name":null,"electrified":"no","voltage":null,"frequency":null,"bounds":[16.0073922,45.75354,16.0114594,45.7544234],"tags":{"electrified":"no","gauge":"1435","maxaxleload":"22.5","operator":"HŽ Infrastruktura","railway":"rail","service":"yard"}},"geometry":{"type":"LineString","coordinates":[[16.0073922,45.7544234],[16.0083471,45.7539173],[16.0085908,45.7538104],[16.0087329,45.7537561],[16.008907,45.7537037],[16.0090588,45.753667],[16.0092334,45.7536335],[16.0096615,45.7535734],[16.0098121,45.7535543],[16.0099645,45.7535457],[16.0100774,45.7535409],[16.010251,45.75354],[16.010424,45.7535482],[16.0106798,45.7535828],[16.0108765,45.7536152],[16.0110454,45.7536556],[16.0112139,45.7536995],[16.0113191,45.7537322],[16.0114594,45.7537782]]}},{"type":"Feature","properties":{"osmId":"233498295","railway_type":"rail","name":null,"electrified":"no","voltage":null,"frequency":null,"bounds":[16.0065718,45.7524253,16.0152172,45.7545714],"tags":{"electrified":"no","gauge":"1435","maxaxleload":"22.5","operator":"HŽ Infrastruktura","railway":"rail","service":"yard"}},"geometry":{"type":"LineString","coordinates":[[16.0152172,45.7533656],[16.0142958,45.7528525],[16.0141161,45.7527565],[16.0139953,45.7526975],[16.0138078,45.7526261],[16.0136414,45.7525704],[16.0134393,45.7525158],[16.0132474,45.752475],[16.0130966,45.7524536],[16.0129262,45.7524361],[16.0127593,45.7524258],[16.0124934,45.7524253],[16.012118,45.7524253],[16.0118694,45.7524345],[16.0116186,45.7524482],[16.0113454,45.7524731],[16.0110426,45.7525097],[16.0107954,45.7525519],[16.0105338,45.7526006],[16.0101891,45.7526751],[16.0098215,45.752776],[16.009643,45.7528328],[16.0092774,45.752959],[16.009065,45.7530362],[16.0088255,45.7531272],[16.0087032,45.753183],[16.00856,45.753251],[16.0082833,45.753408],[16.0079613,45.7535931],[16.0074159,45.7539116],[16.0072353,45.7540243],[16.007109,45.7541198],[16.0069439,45.7542557],[16.0065718,45.7545714]]}},{"type":"Feature","properties":{"osmId":"233498296","railway_type":"rail","name":null,"electrified":"no","voltage":null,"frequency":null,"bounds":[16.0139548,45.7537339,16.0151343,45.7538677],"tags":{"electrified":"no","gauge":"1435","maxaxleload":"22.5","operator":"HŽ Infrastruktura","railway":"rail","service":"yard"}},"geometry":{"type":"LineString","coordinates":[[16.0151343,45.7538677],[16.0139548,45.7537339]]}},{"type":"Feature","properties":{"osmId":"233498297","railway_type":"rail","name":null,"electrified":null,"voltage":null,"frequency":null,"bounds":[16.0075074,45.7538559,16.0081921,45.7542484],"tags":{"gauge":"1435","maxaxleload":"22.5","operator":"HŽ Infrastruktura","railway":"rail","service":"yard"}},"geometry":{"type":"LineString","coordinates":[[16.0075074,45.7542484],[16.0077741,45.7541032],[16.007954,45.7539988],[16.0081921,45.7538559]]}},{"type":"Feature","properties":{"osmId":"233498298","railway_type":"rail","name":null,"electrified":"no","voltage":null,"frequency":null,"bounds":[16.0053475,45.7540688,16.0125282,45.7555144],"tags":{"electrified":"no","gauge":"1435","maxaxleload":"22.5","operator":"HŽ Infrastruktura","railway":"rail","service":"yard"}},"geometry":{"type":"LineString","coordinates":[[16.0053475,45.7555144],[16.0054257,45.7554497],[16.0055044,45.7553856],[16.0056192,45.7553074],[16.005714,45.7552495],[16.0058189,45.7551903],[16.00597,45.755117],[16.0060905,45.7550652],[16.0062095,45.7550204],[16.0063119,45.7549851],[16.0065853,45.7548955],[16.0074006,45.7546418],[16.0078302,45.7545206],[16.0082677,45.7543974],[16.0086994,45.7542786],[16.0088773,45.7542334],[16.009046,45.7542004],[16.0092156,45.754178],[16.0093889,45.7541619],[16.010521,45.7540742],[16.0106737,45.7540688],[16.0108352,45.7540719],[16.0109773,45.7540803],[16.011546,45.7541381],[16.0120103,45.7541902],[16.0122009,45.7542137],[16.0123179,45.7542255],[16.0124679,45.7542425],[16.0125282,45.7542493]]}},{"type":"Feature","properties":{"osmId":"233498299","railway_type":"rail","name":null,"electrified":"no","voltage":null,"frequency":null,"bounds":[16.0134965,45.7541882,16.0144755,45.7542444],"tags":{"electrified":"no","gauge":"1435","operator":"HŽ Infrastruktura","railway":"rail","service":"yard"}},"geometry":{"type":"LineString","coordinates":[[16.0134965,45.7541882],[16.0138915,45.7542291],[16.0140177,45.7542385],[16.014153,45.7542444],[16.0142772,45.7542433],[16.0143789,45.7542396],[16.0144755,45.7542346]]}},{"type":"Feature","properties":{"osmId":"233498300","railway_type":"rail","name":null,"electrified":"contact_line","voltage":"25000","frequency":"50","bounds":[16.0163928,45.7541971,16.0182474,45.7546586],"tags":{"electrified":"contact_line","frequency":"50","gauge":"1435","maxaxleload":"22.5","operator":"HŽ Infrastruktura","railway":"rail","service":"yard","voltage":"25000"}},"geometry":{"type":"LineString","coordinates":[[16.0163928,45.7541971],[16.0165173,45.7542214],[16.0166527,45.7542517],[16.0168367,45.7543048],[16.0175322,45.7545133],[16.0176904,45.7545475],[16.0179267,45.7545949],[16.0182474,45.7546586]]}},{"type":"Feature","properties":{"osmId":"233498301","railway_type":"rail","name":null,"electrified":null,"voltage":null,"frequency":null,"bounds":[16.0062463,45.7544145,16.0071942,45.7548772],"tags":{"gauge":"1435","maxaxleload":"22.5","operator":"HŽ Infrastruktura","railway":"rail","service":"yard"}},"geometry":{"type":"LineString","coordinates":[[16.0062463,45.7548772],[16.006444,45.7547875],[16.0066597,45.7546889],[16.0069141,45.754563],[16.0071942,45.7544145]]}},{"type":"Feature","properties":{"osmId":"233498302","railway_type":"rail","name":null,"electrified":"no","voltage":null,"frequency":null,"bounds":[16.0124191,45.7531346,16.0135052,45.7532572],"tags":{"electrified":"no","gauge":"1435","maxaxleload":"22.5","operator":"HŽ Infrastruktura","railway":"rail","service":"yard"}},"geometry":{"type":"LineString","coordinates":[[16.0124191,45.7531346],[16.013121,45.7532157],[16.0135052,45.7532572]]}},{"type":"Feature","properties":{"osmId":"233498303","railway_type":"rail","name":null,"electrified":"contact_line","voltage":"25000","frequency":"50","bounds":[16.0107735,45.7533584,16.0121029,45.7534655],"tags":{"electrified":"contact_line","frequency":"50","gauge":"1435","maxaxleload":"22.5","operator":"HŽ Infrastruktura","railway":"rail","service":"yard","voltage":"25000"}},"geometry":{"type":"LineString","coordinates":[[16.0107735,45.7533584],[16.0115344,45.7534075],[16.0117108,45.7534231],[16.0121029,45.7534655]]}},{"type":"Feature","properties":{"osmId":"233498304","railway_type":"rail","name":null,"electrified":"no","voltage":null,"frequency":null,"bounds":[16.0139822,45.7536146,16.0152125,45.753796],"tags":{"electrified":"no","gauge":"1435","maxaxleload":"22.5","operator":"HŽ Infrastruktura","railway":"rail","service":"yard"}},"geometry":{"type":"LineString","coordinates":[[16.0152125,45.753796],[16.0149156,45.7537338],[16.0147739,45.7537072],[16.0146041,45.7536804],[16.0139822,45.7536146]]}},{"type":"Feature","properties":{"osmId":"233498305","railway_type":"rail","name":null,"electrified":"contact_line","voltage":"25000","frequency":"50","bounds":[16.0107642,45.7534762,16.0120747,45.7535885],"tags":{"electrified":"contact_line","frequency":"50","gauge":"1435","maxaxleload":"22.5","operator":"HŽ Infrastruktura","railway":"rail","service":"yard","voltage":"25000"}},"geometry":{"type":"LineString","coordinates":[[16.0107642,45.7534762],[16.0115202,45.7535297],[16.0120747,45.7535885]]}},{"type":"Feature","properties":{"osmId":"233498306","railway_type":"rail","name":null,"electrified":"no","voltage":null,"frequency":null,"bounds":[16.0139401,45.7537982,16.0151913,45.7538898],"tags":{"electrified":"no","gauge":"1435","maxaxleload":"22.5","operator":"HŽ Infrastruktura","railway":"rail","service":"yard"}},"geometry":{"type":"LineString","coordinates":[[16.0151913,45.7538898],[16.0148546,45.7538826],[16.0147228,45.7538793],[16.0145959,45.7538703],[16.0144896,45.7538603],[16.0139401,45.7537982]]}},{"type":"Feature","properties":{"osmId":"233498307","railway_type":"rail","name":null,"electrified":"contact_line","voltage":"25000","frequency":"50","bounds":[16.0109201,45.753546,16.012314,45.7537758],"tags":{"electrified":"contact_line","frequency":"50","gauge":"1435","maxaxleload":"22.5","operator":"HŽ Infrastruktura","railway":"rail","service":"yard","voltage":"25000"}},"geometry":{"type":"LineString","coordinates":[[16.0109201,45.753546],[16.0113178,45.7536113],[16.0116223,45.7536651],[16.0119447,45.7537326],[16.012314,45.7537758]]}},{"type":"Feature","properties":{"osmId":"233498308","railway_type":"rail","name":null,"electrified":null,"voltage":null,"frequency":null,"bounds":[16.0061542,45.7545054,16.006813,45.7548959],"tags":{"gauge":"1435","maxaxleload":"22.5","operator":"HŽ Infrastruktura","railway":"rail","service":"yard"}},"geometry":{"type":"LineString","coordinates":[[16.0061542,45.7548959],[16.0066115,45.7546137],[16.006813,45.7545054]]}},{"type":"Feature","properties":{"osmId":"233498309","railway_type":"rail","name":null,"electrified":"no","voltage":null,"frequency":null,"bounds":[16.0135943,45.7540396,16.0153168,45.7541772],"tags":{"electrified":"no","gauge":"1435","operator":"HŽ Infrastruktura","railway":"rail","service":"yard"}},"geometry":{"type":"LineString","coordinates":[[16.0135943,45.7540396],[16.0146276,45.7541535],[16.0148588,45.7541721],[16.0150052,45.7541772],[16.0151219,45.7541761],[16.0152287,45.7541731],[16.0153168,45.7541686]]}},{"type":"Feature","properties":{"osmId":"233498310","railway_type":"rail","name":null,"electrified":null,"voltage":null,"frequency":null,"bounds":[16.0073281,45.7536673,16.0085741,45.7542284],"tags":{"gauge":"1435","maxaxleload":"22.5","operator":"HŽ Infrastruktura","railway":"rail","service":"yard"}},"geometry":{"type":"LineString","coordinates":[[16.0073281,45.7542284],[16.0077985,45.7539844],[16.0079655,45.7539103],[16.0085741,45.7536673]]}},{"type":"Feature","properties":{"osmId":"233498311","railway_type":"rail","name":null,"electrified":"no","voltage":null,"frequency":null,"bounds":[16.0135112,45.7541244,16.0148132,45.754219],"tags":{"electrified":"no","gauge":"1435","operator":"HŽ Infrastruktura","railway":"rail","service":"yard"}},"geometry":{"type":"LineString","coordinates":[[16.0135112,45.7541244],[16.0142145,45.7542042],[16.014346,45.7542115],[16.0144742,45.7542165],[16.0145728,45.754219],[16.0146814,45.754216],[16.0148132,45.7542099]]}},{"type":"Feature","properties":{"osmId":"233498312","railway_type":"rail","name":null,"electrified":"no","voltage":null,"frequency":null,"bounds":[16.0071707,45.7537133,16.0090463,45.7545578],"tags":{"electrified":"no","gauge":"1435","maxaxleload":"22.5","operator":"HŽ Infrastruktura","railway":"rail","service":"yard"}},"geometry":{"type":"LineString","coordinates":[[16.0071707,45.7545578],[16.0074976,45.7544502],[16.0075958,45.7544145],[16.0077063,45.7543715],[16.0077943,45.7543323],[16.0086711,45.7538679],[16.0088517,45.7537876],[16.0090463,45.7537133]]}},{"type":"Feature","properties":{"osmId":"233498313","railway_type":"rail","name":null,"electrified":"no","voltage":null,"frequency":null,"bounds":[16.0120879,45.753111,16.013491,45.7533191],"tags":{"electrified":"no","gauge":"1435","maxaxleload":"22.5","operator":"HŽ Infrastruktura","railway":"rail","service":"yard"}},"geometry":{"type":"LineString","coordinates":[[16.0120879,45.753111],[16.0122003,45.7531148],[16.0123011,45.7531221],[16.0124191,45.7531346],[16.0125152,45.7531482],[16.012652,45.7531708],[16.0128658,45.7532152],[16.0130272,45.7532487],[16.0131496,45.753271],[16.0132875,45.7532958],[16.013491,45.7533191]]}},{"type":"Feature","properties":{"osmId":"233498314","railway_type":"rail","name":null,"electrified":"contact_line","voltage":"25000","frequency":"50","bounds":[16.011691,45.7538156,16.0128928,45.7541239],"tags":{"electrified":"contact_line","frequency":"50","gauge":"1435","maxaxleload":"22.5","operator":"HŽ Infrastruktura","railway":"rail","service":"yard","voltage":"25000"}},"geometry":{"type":"LineString","coordinates":[[16.011691,45.7538156],[16.0118906,45.753893],[16.0120282,45.7539425],[16.0122238,45.7540041],[16.0125637,45.7540795],[16.0128928,45.7541239]]}},{"type":"Feature","properties":{"osmId":"233498315","railway_type":"rail","name":null,"electrified":"no","voltage":null,"frequency":null,"bounds":[16.0159848,45.7537944,16.0179791,45.7544856],"tags":{"electrified":"no","gauge":"1435","maxaxleload":"22.5","operator":"HŽ Infrastruktura","railway":"rail","service":"yard"}},"geometry":{"type":"LineString","coordinates":[[16.0159848,45.7537944],[16.0160929,45.7538495],[16.0161908,45.7538967],[16.0162953,45.7539384],[16.0165643,45.7540408],[16.0176391,45.7543691],[16.0178224,45.7544279],[16.0179791,45.7544856]]}},{"type":"Feature","properties":{"osmId":"233498316","railway_type":"rail","name":null,"electrified":"contact_line","voltage":"25000","frequency":"50","bounds":[16.0101312,45.7534352,16.0120595,45.753655],"tags":{"electrified":"contact_line","frequency":"50","gauge":"1435","maxaxleload":"22.5","operator":"HŽ Infrastruktura","railway":"rail","service":"yard","voltage":"25000"}},"geometry":{"type":"LineString","coordinates":[[16.0101312,45.7534352],[16.0107642,45.7534762],[16.010914,45.7534908],[16.0110518,45.7535079],[16.0116401,45.7536092],[16.0120595,45.753655]]}},{"type":"Feature","properties":{"osmId":"233498317","railway_type":"rail","name":null,"electrified":"no","voltage":null,"frequency":null,"bounds":[16.0067618,45.75506,16.0182757,45.7559707],"tags":{"electrified":"no","gauge":"1435","maxaxleload":"22.5","operator":"HŽ Infrastruktura","railway":"rail","service":"yard"}},"geometry":{"type":"LineString","coordinates":[[16.0067618,45.7559707],[16.0068569,45.7559622],[16.0070235,45.7559537],[16.0071392,45.7559447],[16.007413,45.7559126],[16.0076404,45.755889],[16.0178641,45.7550773],[16.0182757,45.75506]]}},{"type":"Feature","properties":{"osmId":"233498318","railway_type":"rail","name":null,"electrified":"contact_line","voltage":"25000","frequency":"50","bounds":[16.0107861,45.7535449,16.0122873,45.7538924],"tags":{"electrified":"contact_line","frequency":"50","gauge":"1435","maxaxleload":"22.5","operator":"HŽ Infrastruktura","railway":"rail","service":"yard","voltage":"25000"}},"geometry":{"type":"LineString","coordinates":[[16.0107861,45.7535449],[16.0112216,45.7536545],[16.011847,45.7538172],[16.0119805,45.7538467],[16.0121066,45.7538694],[16.0122873,45.7538924]]}},{"type":"Feature","properties":{"osmId":"233498319","railway_type":"rail","name":null,"electrified":"contact_line","voltage":"25000","frequency":"50","bounds":[16.0104361,45.7533293,16.0121172,45.7534031],"tags":{"electrified":"contact_line","frequency":"50","gauge":"1435","maxaxleload":"22.5","operator":"HŽ Infrastruktura","railway":"rail","service":"yard","voltage":"25000"}},"geometry":{"type":"LineString","coordinates":[[16.0104361,45.7533504],[16.0112821,45.7533293],[16.0115277,45.7533403],[16.0121172,45.7534031]]}},{"type":"Feature","properties":{"osmId":"233498320","railway_type":"rail","name":null,"electrified":"no","voltage":null,"frequency":null,"bounds":[16.0053639,45.7543606,16.0285736,45.7561462],"tags":{"electrified":"no","gauge":"1435","maxaxleload":"22.5","operator":"HŽ Infrastruktura","railway":"rail","service":"yard"}},"geometry":{"type":"LineString","coordinates":[[16.0285736,45.7543606],[16.0206119,45.7549859],[16.020146,45.7550229],[16.0196201,45.7550642],[16.018824,45.7551262],[16.0176361,45.7552196],[16.0076529,45.7560095],[16.007303,45.7560326],[16.0071234,45.7560339],[16.0069584,45.7560361],[16.0067719,45.7560336],[16.006645,45.7560281],[16.006533,45.7560271],[16.0064906,45.756028],[16.0063716,45.7560312],[16.006236,45.7560388],[16.0060052,45.7560619],[16.0056789,45.7560945],[16.0055268,45.7561162],[16.0053639,45.7561462]]}},{"type":"Feature","properties":{"osmId":"233498321","railway_type":"rail","name":null,"electrified":"contact_line","voltage":"25000","frequency":"50","bounds":[16.0107693,45.7532297,16.0121451,45.7532924],"tags":{"electrified":"contact_line","frequency":"50","gauge":"1435","maxaxleload":"22.5","operator":"HŽ Infrastruktura","railway":"rail","service":"yard","voltage":"25000"}},"geometry":{"type":"LineString","coordinates":[[16.0107693,45.7532924],[16.0111009,45.7532533],[16.0112643,45.7532387],[16.0113901,45.7532321],[16.0115159,45.7532297],[16.0116718,45.7532342],[16.0118768,45.7532484],[16.0121451,45.7532813]]}},{"type":"Feature","properties":{"osmId":"233498322","railway_type":"rail","name":null,"electrified":"no","voltage":null,"frequency":null,"bounds":[16.0140503,45.7533174,16.0151046,45.7535392],"tags":{"electrified":"no","gauge":"1435","maxaxleload":"22.5","operator":"HŽ Infrastruktura","railway":"rail","service":"yard"}},"geometry":{"type":"LineString","coordinates":[[16.0151046,45.7535392],[16.0150066,45.7535044],[16.014913,45.7534732],[16.0147789,45.7534345],[16.0146086,45.7533926],[16.0140503,45.7533174]]}},{"type":"Feature","properties":{"osmId":"233498323","railway_type":"rail","name":null,"electrified":"no","voltage":null,"frequency":null,"bounds":[16.0136089,45.7539759,16.0146276,45.7541535],"tags":{"electrified":"no","gauge":"1435","operator":"HŽ Infrastruktura","railway":"rail","service":"yard"}},"geometry":{"type":"LineString","coordinates":[[16.0136089,45.7539759],[16.0139186,45.7540167],[16.0140206,45.7540337],[16.0141721,45.754066],[16.0142813,45.7540941],[16.0143556,45.7541096],[16.0144514,45.7541272],[16.0145383,45.7541413],[16.0146276,45.7541535]]}},{"type":"Feature","properties":{"osmId":"233498324","railway_type":"rail","name":null,"electrified":"contact_line","voltage":"25000","frequency":"50","bounds":[15.9904262,45.75234,16.0222734,45.7573732],"tags":{"electrified":"contact_line","frequency":"50","gauge":"1435","maxaxleload":"22.5","operator":"HŽ Infrastruktura","railway":"rail","service":"yard","voltage":"25000"}},"geometry":{"type":"LineString","coordinates":[[16.0222734,45.754631],[16.0216234,45.7546829],[16.0214211,45.7546968],[16.0212437,45.7547054],[16.0210372,45.7547104],[16.0208253,45.7547097],[16.0206291,45.7547007],[16.0204604,45.7546867],[16.0203154,45.7546706],[16.0201547,45.7546475],[16.0199861,45.7546197],[16.0198215,45.754586],[16.0196534,45.7545458],[16.0195041,45.7545049],[16.0193394,45.7544557],[16.019163,45.7543951],[16.0189846,45.7543334],[16.0176448,45.7538012],[16.0156171,45.7529914],[16.0152514,45.7528509],[16.0151016,45.7527994],[16.0149437,45.7527465],[16.0148067,45.7527062],[16.0146162,45.7526507],[16.0144674,45.7526121],[16.0142021,45.7525485],[16.0139657,45.7524982],[16.0137046,45.7524521],[16.013485,45.7524211],[16.0132955,45.7523968],[16.0131073,45.7523791],[16.0129175,45.7523619],[16.0126943,45.7523501],[16.0125368,45.752345],[16.0123326,45.75234],[16.0120922,45.7523416],[16.0118706,45.7523478],[16.0116316,45.7523604],[16.011382,45.752382],[16.0110688,45.7524177],[16.0107323,45.752469],[16.0104672,45.7525196],[16.0102527,45.7525654],[16.0100031,45.752627],[16.0097375,45.7527007],[16.0094848,45.752781],[16.0091939,45.7528858],[16.0089065,45.7530011],[16.0086623,45.7531138],[16.0084388,45.7532273],[16.0081978,45.7533589],[16.007964,45.7534974],[16.0071136,45.7540401],[16.0063725,45.7545153],[16.0055545,45.7550259],[16.0051459,45.7552342],[16.0047018,45.755429],[16.0043723,45.7555478],[16.0041069,45.7556365],[16.0038511,45.7557116],[16.0035624,45.7557834],[16.0033295,45.7558316],[16.0030829,45.7558789],[16.002842,45.755919],[16.0025393,45.7559589],[16.0021921,45.7559932],[16.0000051,45.7561636],[15.9974764,45.7563675],[15.9950821,45.756552],[15.9947094,45.7565831],[15.9944541,45.7566077],[15.994246,45.7566361],[15.9939694,45.7566763],[15.9937662,45.7567142],[15.9934371,45.7567826],[15.9921719,45.7570745],[15.9917267,45.7571632],[15.9912462,45.7572472],[15.9904262,45.7573732]]}},{"type":"Feature","properties":{"osmId":"233498325","railway_type":"rail","name":null,"electrified":"contact_line","voltage":"25000","frequency":"50","bounds":[16.0112216,45.7536545,16.0129075,45.7540599],"tags":{"electrified":"contact_line","frequency":"50","gauge":"1435","maxaxleload":"22.5","operator":"HŽ Infrastruktura","railway":"rail","service":"yard","voltage":"25000"}},"geometry":{"type":"LineString","coordinates":[[16.0112216,45.7536545],[16.0113412,45.7536896],[16.0114345,45.7537216],[16.0115538,45.7537649],[16.011691,45.7538156],[16.0118527,45.7538714],[16.0119899,45.7539133],[16.0122002,45.753963],[16.0125598,45.7540206],[16.0129075,45.7540599]]}},{"type":"Feature","properties":{"osmId":"233498326","railway_type":"rail","name":null,"electrified":"no","voltage":null,"frequency":null,"bounds":[16.013997,45.7535496,16.0158279,45.753927],"tags":{"electrified":"no","gauge":"1435","maxaxleload":"22.5","operator":"HŽ Infrastruktura","railway":"rail","service":"yard"}},"geometry":{"type":"LineString","coordinates":[[16.0158279,45.753927],[16.0152125,45.753796],[16.0151093,45.7537717],[16.014961,45.7537338],[16.0147822,45.7536784],[16.0146638,45.7536472],[16.0145368,45.7536198],[16.0143885,45.7535969],[16.013997,45.7535496]]}},{"type":"Feature","properties":{"osmId":"233498327","railway_type":"rail","name":null,"electrified":"contact_line","voltage":"25000","frequency":"50","bounds":[16.0104629,45.7534736,16.012301,45.7538328],"tags":{"electrified":"contact_line","frequency":"50","gauge":"1435","maxaxleload":"22.5","operator":"HŽ Infrastruktura","railway":"rail","service":"yard","voltage":"25000"}},"geometry":{"type":"LineString","coordinates":[[16.0104629,45.7534736],[16.0109201,45.753546],[16.0110715,45.7535773],[16.0111941,45.753605],[16.0116808,45.75373],[16.0118437,45.7537668],[16.0119747,45.7537905],[16.012301,45.7538328]]}},{"type":"Feature","properties":{"osmId":"233498328","railway_type":"rail","name":null,"electrified":"no","voltage":null,"frequency":null,"bounds":[16.0065354,45.7550551,16.0178209,45.7560006],"tags":{"electrified":"no","gauge":"1435","maxaxleload":"22.5","operator":"HŽ Infrastruktura","railway":"rail","service":"yard"}},"geometry":{"type":"LineString","coordinates":[[16.0065354,45.7560006],[16.0066583,45.7559829],[16.0067618,45.7559707],[16.0068986,45.7559526],[16.0072205,45.7559037],[16.0073929,45.7558788],[16.0076012,45.7558536],[16.0078326,45.7558303],[16.0174392,45.7550689],[16.017655,45.7550569],[16.0178209,45.7550551]]}},{"type":"Feature","properties":{"osmId":"233498329","railway_type":"rail","name":null,"electrified":"contact_line","voltage":"25000","frequency":"50","bounds":[16.0100985,45.7532676,16.0121313,45.7533701],"tags":{"electrified":"contact_line","frequency":"50","gauge":"1435","maxaxleload":"22.5","operator":"HŽ Infrastruktura","railway":"rail","service":"yard","voltage":"25000"}},"geometry":{"type":"LineString","coordinates":[[16.0100985,45.7533701],[16.0107693,45.7532924],[16.0109104,45.7532798],[16.0110429,45.7532706],[16.0112683,45.7532676],[16.0114471,45.7532718],[16.0116187,45.7532837],[16.0121313,45.7533414]]}},{"type":"Feature","properties":{"osmId":"233498330","railway_type":"rail","name":null,"electrified":"no","voltage":null,"frequency":null,"bounds":[16.0111009,45.7531881,16.0129937,45.753295],"tags":{"electrified":"no","gauge":"1435","maxaxleload":"22.5","operator":"HŽ Infrastruktura","railway":"rail","service":"yard"}},"geometry":{"type":"LineString","coordinates":[[16.0111009,45.7532533],[16.0115729,45.7532004],[16.0118225,45.7531881],[16.0121821,45.7532073],[16.0129937,45.753295]]}},{"type":"Feature","properties":{"osmId":"233498331","railway_type":"rail","name":null,"electrified":"no","voltage":null,"frequency":null,"bounds":[16.0139682,45.7536756,16.015519,45.75391],"tags":{"electrified":"no","gauge":"1435","maxaxleload":"22.5","operator":"HŽ Infrastruktura","railway":"rail","service":"yard"}},"geometry":{"type":"LineString","coordinates":[[16.015519,45.75391],[16.0151343,45.7538677],[16.0150238,45.7538524],[16.0149199,45.7538337],[16.0147874,45.7538084],[16.0146531,45.7537757],[16.0145248,45.753747],[16.0143559,45.7537167],[16.0139682,45.7536756]]}},{"type":"Feature","properties":{"osmId":"233498332","railway_type":"rail","name":null,"electrified":"no","voltage":null,"frequency":null,"bounds":[16.0159765,45.7544092,16.0195277,45.7549798],"tags":{"electrified":"no","gauge":"1435","maxaxleload":"22.5","operator":"HŽ Infrastruktura","railway":"rail","service":"yard"}},"geometry":{"type":"LineString","coordinates":[[16.0159765,45.7544092],[16.0163678,45.7544491],[16.0166606,45.7544872],[16.0186291,45.7548824],[16.0188082,45.7549147],[16.0190102,45.7549424],[16.0192178,45.7549619],[16.0193645,45.7549717],[16.0195277,45.7549798]]}},{"type":"Feature","properties":{"osmId":"233498333","railway_type":"rail","name":null,"electrified":"no","voltage":null,"frequency":null,"bounds":[16.0067721,45.7550146,16.0197452,45.756016],"tags":{"electrified":"no","gauge":"1435","maxaxleload":"22.5","operator":"HŽ Infrastruktura","railway":"rail","service":"yard"}},"geometry":{"type":"LineString","coordinates":[[16.0067721,45.756016],[16.0069125,45.7560103],[16.0070838,45.756005],[16.0072334,45.7560001],[16.0076497,45.7559694],[16.0177112,45.7551734],[16.0187245,45.7550926],[16.0190434,45.7550692],[16.0197452,45.7550146]]}},{"type":"Feature","properties":{"osmId":"233498334","railway_type":"rail","name":null,"electrified":"no","voltage":null,"frequency":null,"bounds":[16.0080961,45.7539918,16.0117934,45.754275],"tags":{"electrified":"no","gauge":"1435","maxaxleload":"22.5","operator":"HŽ Infrastruktura","railway":"rail","service":"yard"}},"geometry":{"type":"LineString","coordinates":[[16.0080961,45.754275],[16.0082583,45.7542458],[16.0083869,45.7542242],[16.0087035,45.7541782],[16.0090316,45.7541282],[16.0098198,45.7540553],[16.01059,45.7539979],[16.0108168,45.7539918],[16.0109534,45.7539959],[16.0111027,45.7540043],[16.0117934,45.7540824]]}},{"type":"Feature","properties":{"osmId":"233498335","railway_type":"rail","name":null,"electrified":"no","voltage":null,"frequency":null,"bounds":[16.0140112,45.7534879,16.0161511,45.7539932],"tags":{"electrified":"no","gauge":"1435","maxaxleload":"22.5","operator":"HŽ Infrastruktura","railway":"rail","service":"yard"}},"geometry":{"type":"LineString","coordinates":[[16.0161511,45.7539932],[16.0158279,45.753927],[16.0157262,45.7539022],[16.0156153,45.7538717],[16.0154833,45.7538333],[16.0149781,45.7536751],[16.0146283,45.7535791],[16.0144956,45.753551],[16.0143837,45.753531],[16.0140112,45.7534879]]}},{"type":"Feature","properties":{"osmId":"233498336","railway_type":"rail","name":null,"electrified":"contact_line","voltage":"25000","frequency":"50","bounds":[16.0094561,45.7533504,16.012088,45.7535307],"tags":{"electrified":"contact_line","frequency":"50","gauge":"1435","maxaxleload":"22.5","operator":"HŽ Infrastruktura","railway":"rail","service":"yard","voltage":"25000"}},"geometry":{"type":"LineString","coordinates":[[16.0094561,45.7534481],[16.0100985,45.7533701],[16.0102174,45.7533603],[16.0103167,45.7533542],[16.0104361,45.7533504],[16.0105476,45.7533505],[16.0106508,45.7533521],[16.0107735,45.7533584],[16.0108903,45.7533687],[16.0110042,45.7533805],[16.0113299,45.7534338],[16.01148,45.7534563],[16.0116229,45.7534747],[16.012088,45.7535307]]}},{"type":"Feature","properties":{"osmId":"233498337","railway_type":"rail","name":null,"electrified":"no","voltage":null,"frequency":null,"bounds":[16.0123946,45.7530374,16.0154768,45.7535117],"tags":{"electrified":"no","gauge":"1435","maxaxleload":"22.5","operator":"HŽ Infrastruktura","railway":"rail","service":"yard"}},"geometry":{"type":"LineString","coordinates":[[16.0123946,45.753069],[16.0125676,45.7530613],[16.0127202,45.753045],[16.0128495,45.7530375],[16.0130179,45.7530374],[16.0132924,45.7530443],[16.0135261,45.7530648],[16.0143512,45.7531588],[16.0144849,45.7531773],[16.0146054,45.7531989],[16.0147048,45.7532214],[16.0148445,45.7532557],[16.014984,45.7532983],[16.0151211,45.7533473],[16.0152192,45.753384],[16.0153081,45.753426],[16.0154041,45.7534733],[16.0154768,45.7535117]]}},{"type":"Feature","properties":{"osmId":"233498338","railway_type":"rail","name":null,"electrified":"no","voltage":null,"frequency":null,"bounds":[16.015645,45.7543875,16.0196072,45.7549618],"tags":{"electrified":"no","gauge":"1435","maxaxleload":"22.5","operator":"HŽ Infrastruktura","railway":"rail","service":"yard"}},"geometry":{"type":"LineString","coordinates":[[16.015645,45.7543875],[16.0161066,45.7543915],[16.0163009,45.7544001],[16.0164675,45.7544142],[16.0166449,45.7544386],[16.0168667,45.7544845],[16.0186093,45.7548382],[16.0188372,45.7548782],[16.0189061,45.7548903],[16.0196072,45.7549618]]}},{"type":"Feature","properties":{"osmId":"233498339","railway_type":"rail","name":null,"electrified":"contact_line","voltage":"25000","frequency":"50","bounds":[16.0154898,45.7541179,16.0184896,45.7546886],"tags":{"electrified":"contact_line","frequency":"50","gauge":"1435","maxaxleload":"22.5","operator":"HŽ Infrastruktura","railway":"rail","service":"yard","voltage":"25000"}},"geometry":{"type":"LineString","coordinates":[[16.0184896,45.7546886],[16.0170943,45.7542622],[16.0169762,45.7542308],[16.0168334,45.7541955],[16.0166995,45.7541726],[16.0165714,45.7541497],[16.0164097,45.7541336],[16.0162522,45.7541218],[16.0161007,45.7541179],[16.0159597,45.7541199],[16.0157934,45.754131],[16.0154898,45.7541551]]}},{"type":"Feature","properties":{"osmId":"233498340","railway_type":"rail","name":null,"electrified":"no","voltage":null,"frequency":null,"bounds":[16.011886,45.752952,16.0148445,45.7532557],"tags":{"electrified":"no","gauge":"1435","maxaxleload":"22.5","operator":"HŽ Infrastruktura","railway":"rail","service":"yard"}},"geometry":{"type":"LineString","coordinates":[[16.0148445,45.7532557],[16.0144335,45.7531459],[16.0142524,45.7531056],[16.0138154,45.7530382],[16.0130294,45.7529573],[16.0127207,45.752952],[16.0125774,45.7529586],[16.0123869,45.7529745],[16.0121883,45.7529979],[16.0120314,45.7530227],[16.011886,45.7530492]]}},{"type":"Feature","properties":{"osmId":"233498341","railway_type":"rail","name":null,"electrified":"no","voltage":null,"frequency":null,"bounds":[16.006533,45.7550926,16.0187245,45.7560271],"tags":{"electrified":"no","gauge":"1435","maxaxleload":"22.5","operator":"HŽ Infrastruktura","railway":"rail","service":"yard"}},"geometry":{"type":"LineString","coordinates":[[16.006533,45.7560271],[16.0066458,45.7560237],[16.0067721,45.756016],[16.0069424,45.7559986],[16.0071077,45.7559781],[16.0076424,45.7559316],[16.0177935,45.7551255],[16.0180075,45.755108],[16.0181213,45.7551023],[16.0182637,45.7551015],[16.0184012,45.7551043],[16.0185605,45.7551004],[16.0187245,45.7550926]]}},{"type":"Feature","properties":{"osmId":"233498342","railway_type":"rail","name":null,"electrified":"contact_line","voltage":"25000","frequency":"50","bounds":[16.0154233,45.7536643,16.0167832,45.7541702],"tags":{"electrified":"contact_line","frequency":"50","gauge":"1435","maxaxleload":"22.5","operator":"HŽ Infrastruktura","railway":"rail","service":"yard","voltage":"25000"}},"geometry":{"type":"LineString","coordinates":[[16.0167832,45.7541702],[16.0164786,45.7540752],[16.0162428,45.7539921],[16.0154233,45.7536643]]}},{"type":"Feature","properties":{"osmId":"233498343","railway_type":"rail","name":null,"electrified":"no","voltage":null,"frequency":null,"bounds":[16.0117505,45.7530654,16.0155359,45.7535666],"tags":{"electrified":"no","gauge":"1435","maxaxleload":"22.5","operator":"HŽ Infrastruktura","railway":"rail","service":"yard"}},"geometry":{"type":"LineString","coordinates":[[16.0155359,45.7535666],[16.0152207,45.75343],[16.0151297,45.7533921],[16.0150185,45.7533538],[16.0148613,45.7533047],[16.0144757,45.7532164],[16.0132789,45.7530821],[16.0128958,45.7530684],[16.0125966,45.7530654],[16.0123946,45.753069],[16.0117505,45.7531171]]}},{"type":"Feature","properties":{"osmId":"233498344","railway_type":"rail","name":null,"electrified":"no","voltage":null,"frequency":null,"bounds":[16.0149493,45.7543448,16.0199368,45.7549825],"tags":{"electrified":"no","gauge":"1435","maxaxleload":"22.5","operator":"HŽ Infrastruktura","railway":"rail","service":"yard"}},"geometry":{"type":"LineString","coordinates":[[16.0149493,45.7544256],[16.0154269,45.754389],[16.0158533,45.7543548],[16.0160606,45.7543448],[16.0162018,45.7543492],[16.016498,45.7543728],[16.0167888,45.7544147],[16.0188617,45.7548303],[16.0192737,45.7549087],[16.0193838,45.7549297],[16.019483,45.7549452],[16.0196072,45.7549618],[16.0197052,45.7549702],[16.0198118,45.7549765],[16.0199368,45.7549825]]}},{"type":"Feature","properties":{"osmId":"233498345","railway_type":"rail","name":null,"electrified":"no","voltage":null,"frequency":null,"bounds":[16.0067584,45.7550493,16.0188232,45.7559537],"tags":{"electrified":"no","gauge":"1435","maxaxleload":"22.5","operator":"HŽ Infrastruktura","railway":"rail","service":"yard"}},"geometry":{"type":"LineString","coordinates":[[16.0067584,45.7559537],[16.0068731,45.7559278],[16.0070563,45.7558993],[16.0072129,45.7558694],[16.0073725,45.7558399],[16.0075082,45.7558227],[16.00774,45.7557975],[16.0171327,45.7550559],[16.0172794,45.7550497],[16.0174117,45.7550493],[16.0178209,45.7550551],[16.0178941,45.7550556],[16.0182757,45.75506],[16.0188232,45.7550665]]}},{"type":"Feature","properties":{"osmId":"233498346","railway_type":"rail","name":null,"electrified":"no","voltage":null,"frequency":null,"bounds":[16.0139261,45.7538592,16.0164786,45.7540752],"tags":{"electrified":"no","gauge":"1435","maxaxleload":"22.5","operator":"HŽ Infrastruktura","railway":"rail","service":"yard"}},"geometry":{"type":"LineString","coordinates":[[16.0164786,45.7540752],[16.0163906,45.7540483],[16.0163102,45.7540278],[16.0162215,45.7540079],[16.0161511,45.7539932],[16.0160322,45.7539723],[16.0159107,45.7539531],[16.015519,45.75391],[16.0154114,45.7539003],[16.0153114,45.753894],[16.0151913,45.7538898],[16.0150943,45.7538909],[16.0149691,45.7538954],[16.0147352,45.7539078],[16.0146189,45.7539119],[16.0144867,45.7539105],[16.0143758,45.7539037],[16.0142649,45.7538982],[16.0139261,45.7538592]]}},{"type":"Feature","properties":{"osmId":"233498347","railway_type":"rail","name":null,"electrified":"no","voltage":null,"frequency":null,"bounds":[16.0068607,45.7535734,16.0096615,45.7546609],"tags":{"electrified":"no","gauge":"1435","maxaxleload":"22.5","operator":"HŽ Infrastruktura","railway":"rail","service":"yard"}},"geometry":{"type":"LineString","coordinates":[[16.0068607,45.7546609],[16.0071707,45.7545578],[16.0072672,45.7545236],[16.0073619,45.7544877],[16.0074553,45.7544458],[16.0078387,45.7542499],[16.0082916,45.7540094],[16.008494,45.753911],[16.0086582,45.7538435],[16.008816,45.7537889],[16.0090463,45.7537133],[16.0092241,45.7536617],[16.0093083,45.7536364],[16.0094324,45.7536105],[16.0096615,45.7535734]]}},{"type":"Feature","properties":{"osmId":"233498348","railway_type":"rail","name":null,"electrified":"contact_line","voltage":"25000","frequency":"50","bounds":[16.0112511,45.753109,16.0151046,45.7535392],"tags":{"electrified":"contact_line","frequency":"50","gauge":"1435","maxaxleload":"22.5","operator":"HŽ Infrastruktura","railway":"rail","service":"yard","voltage":"25000"}},"geometry":{"type":"LineString","coordinates":[[16.0151046,45.7535392],[16.0148503,45.7534373],[16.0147226,45.7533885],[16.0145995,45.753347],[16.0144553,45.7533051],[16.0143142,45.7532686],[16.0142139,45.7532481],[16.0141105,45.7532315],[16.0139773,45.7532127],[16.0133902,45.7531485],[16.0131801,45.753133],[16.012954,45.753128],[16.0120879,45.753111],[16.011979,45.753109],[16.0118747,45.7531111],[16.0117505,45.7531171],[16.0115569,45.7531365],[16.0112511,45.7531724]]}},{"type":"Feature","properties":{"osmId":"233498349","railway_type":"rail","name":null,"electrified":"no","voltage":null,"frequency":null,"bounds":[16.0139773,45.7532127,16.0167832,45.7541702],"tags":{"electrified":"no","gauge":"1435","maxaxleload":"22.5","operator":"HŽ Infrastruktura","railway":"rail","service":"yard"}},"geometry":{"type":"LineString","coordinates":[[16.0167832,45.7541702],[16.016688,45.7541383],[16.0165851,45.7541003],[16.0164685,45.7540501],[16.0163764,45.7540084],[16.0162782,45.7539576],[16.0159848,45.7537944],[16.015718,45.7536423],[16.0155359,45.7535666],[16.0154307,45.7535237],[16.01533,45.7534856],[16.0150806,45.7534096],[16.0148779,45.7533539],[16.0146677,45.7533005],[16.0144914,45.753272],[16.0139773,45.7532127]]}},{"type":"Feature","properties":{"osmId":"233498350","railway_type":"rail","name":null,"electrified":"no","voltage":null,"frequency":null,"bounds":[16.0078032,45.7539518,16.012254,45.7543492],"tags":{"electrified":"no","gauge":"1435","maxaxleload":"22.5","operator":"HŽ Infrastruktura","railway":"rail","service":"yard"}},"geometry":{"type":"LineString","coordinates":[[16.0078032,45.7543492],[16.0079033,45.7543205],[16.0079941,45.7542973],[16.0080961,45.754275],[16.0086918,45.7541432],[16.0088223,45.754116],[16.0090253,45.7540838],[16.0092539,45.7540578],[16.0105761,45.7539575],[16.0107575,45.7539518],[16.0109271,45.7539554],[16.01112,45.7539732],[16.0113028,45.7539963],[16.0114816,45.7540317],[16.011641,45.7540618],[16.0117934,45.7540824],[16.012254,45.7541338]]}},{"type":"Feature","properties":{"osmId":"238176654","railway_type":"rail","name":"Zagreb Gk – Dugo Selo","electrified":"contact_line","voltage":"25000","frequency":"50","bounds":[16.10252,45.8265707,16.102655,45.826586],"tags":{"bridge":"yes","electrified":"contact_line","frequency":"50","gauge":"1435","layer":"1","maxaxleload":"22.5","maxspeed":"120","name":"Zagreb Gk – Dugo Selo","operator":"HŽ Infrastruktura","passenger_lines":"2","railway":"rail","railway:pzb":"yes","railway:traffic_mode":"mixed","ref":"M102","usage":"main","voltage":"25000"}},"geometry":{"type":"LineString","coordinates":[[16.10252,45.826586],[16.102655,45.8265707]]}},{"type":"Feature","properties":{"osmId":"238176655","railway_type":"rail","name":"Zagreb Gk – Dugo Selo","electrified":"contact_line","voltage":"25000","frequency":"50","bounds":[16.1025094,45.826528,16.1026498,45.8265424],"tags":{"bridge":"yes","electrified":"contact_line","frequency":"50","gauge":"1435","layer":"1","maxaxleload":"22.5","maxspeed":"60","name":"Zagreb Gk – Dugo Selo","operator":"HŽ Infrastruktura","passenger_lines":"2","railway":"rail","railway:pzb":"yes","railway:traffic_mode":"mixed","ref":"M102","usage":"main","voltage":"25000"}},"geometry":{"type":"LineString","coordinates":[[16.1025094,45.8265424],[16.1026498,45.826528]]}},{"type":"Feature","properties":{"osmId":"238176656","railway_type":"rail","name":"Zagreb Gk – Dugo Selo","electrified":"contact_line","voltage":"25000","frequency":"50","bounds":[16.1026498,45.8258374,16.1060742,45.826528],"tags":{"electrified":"contact_line","frequency":"50","gauge":"1435","loading_gauge":"TSI_GB","maxaxleload":"22.5","maxspeed":"60","name":"Zagreb Gk – Dugo Selo","operator":"HŽ Infrastruktura","passenger_lines":"2","railway":"rail","railway:pzb":"yes","railway:traffic_mode":"mixed","ref":"M102","usage":"main","voltage":"25000"}},"geometry":{"type":"LineString","coordinates":[[16.1026498,45.826528],[16.102879,45.8265013],[16.1031108,45.826471],[16.1033334,45.8264376],[16.1035394,45.8264041],[16.1037908,45.8263605],[16.1040528,45.8263084],[16.1043207,45.8262523],[16.1050685,45.8260766],[16.1060742,45.8258374]]}},{"type":"Feature","properties":{"osmId":"238176661","railway_type":"rail","name":"Sesvete – Sava","electrified":"contact_line","voltage":"25000","frequency":"50","bounds":[16.1026295,45.8257547,16.1060357,45.8264442],"tags":{"electrified":"contact_line","frequency":"50","gauge":"1435","loading_gauge":"TSI_GC","maxaxleload":"22.5","maxspeed":"100","name":"Sesvete – Sava","operator":"HŽ Infrastruktura","passenger_lines":"2","railway":"rail","railway:pzb":"yes","railway:traffic_mode":"freight","ref":"M401","usage":"main","voltage":"25000"}},"geometry":{"type":"LineString","coordinates":[[16.1026295,45.8264442],[16.1030605,45.8263915],[16.1033219,45.8263546],[16.1036037,45.8263059],[16.1040122,45.826223],[16.1045265,45.8261135],[16.1050444,45.8259939],[16.1057679,45.8258199],[16.1060357,45.8257547]]}},{"type":"Feature","properties":{"osmId":"238176662","railway_type":"rail","name":"Sava – Zagreb Klara","electrified":"contact_line","voltage":"25000","frequency":"50","bounds":[16.0196795,45.7535472,16.0445994,45.7575311],"tags":{"electrified":"contact_line","frequency":"50","gauge":"1435","loading_gauge":"TSI_GC","maxaxleload":"22.5","maxspeed":"20","name":"Sava – Zagreb Klara","operator":"HŽ Infrastruktura","railway":"rail","railway:pzb":"yes","railway:traffic_mode":"freight","ref":"M402","usage":"main","voltage":"25000"}},"geometry":{"type":"LineString","coordinates":[[16.0196795,45.7554448],[16.0199113,45.7553845],[16.0200429,45.7553535],[16.0201967,45.7553218],[16.020373,45.7552881],[16.0205476,45.7552563],[16.0207775,45.7552222],[16.0209803,45.7551963],[16.0212486,45.755172],[16.0219265,45.7551184],[16.0229704,45.7550366],[16.0233072,45.755012],[16.0234667,45.7549988],[16.0236802,45.7549815],[16.0250542,45.7548713],[16.029162,45.7545469],[16.0308539,45.7544144],[16.0313821,45.7543701],[16.0315486,45.7543517],[16.0317079,45.7543263],[16.0319583,45.7542806],[16.0328073,45.7541023],[16.032986,45.75407],[16.0331393,45.7540473],[16.0332516,45.7540326],[16.0333577,45.754023],[16.0338419,45.7539848],[16.034277,45.7539495],[16.0362048,45.7537967],[16.0367918,45.7537489],[16.0390699,45.753569],[16.0394452,45.7535528],[16.0398261,45.7535472],[16.0400015,45.7535503],[16.0401721,45.7535607],[16.0403512,45.7535727],[16.0405187,45.7535872],[16.0407206,45.7536104],[16.0409225,45.7536415],[16.0410455,45.7536636],[16.0411526,45.753685],[16.0412722,45.7537138],[16.0413897,45.7537421],[16.0416337,45.7538109],[16.041871,45.7538915],[16.0420177,45.7539475],[16.0421574,45.754008],[16.0423445,45.7540927],[16.0425281,45.7541837],[16.0427092,45.7542853],[16.0429406,45.7544271],[16.043072,45.7545231],[16.0431724,45.7545993],[16.0432909,45.754695],[16.0434749,45.7548639],[16.043571,45.7549649],[16.0436783,45.7550853],[16.0437676,45.7551969],[16.0438526,45.755317],[16.0439358,45.7554447],[16.0440065,45.7555666],[16.0440718,45.7556911],[16.0441244,45.7558029],[16.0441756,45.755926],[16.044219,45.7560439],[16.0442595,45.7561562],[16.0443127,45.7563221],[16.044367,45.7565029],[16.0444121,45.7566683],[16.0444627,45.7568721],[16.0445994,45.7575311]]}},{"type":"Feature","properties":{"osmId":"238176663","railway_type":"rail","name":null,"electrified":"contact_line","voltage":"25000","frequency":"50","bounds":[16.0713811,45.8158545,16.071687,45.8162521],"tags":{"electrified":"contact_line","frequency":"50","gauge":"1435","maxaxleload":"22.5","operator":"HŽ Infrastruktura","railway":"rail","railway:pzb":"yes","service":"crossover","voltage":"25000"}},"geometry":{"type":"LineString","coordinates":[[16.0713811,45.8158545],[16.071687,45.8162521]]}},{"type":"Feature","properties":{"osmId":"238176665","railway_type":"rail","name":"Sesvete – Sava","electrified":"contact_line","voltage":"25000","frequency":"50","bounds":[16.1025043,45.8264861,16.102643,45.8264996],"tags":{"bridge":"yes","electrified":"contact_line","frequency":"50","gauge":"1435","layer":"1","loading_gauge":"TSI_GC","maxaxleload":"22.5","maxspeed":"100","name":"Sesvete – Sava","operator":"HŽ Infrastruktura","passenger_lines":"2","railway":"rail","railway:pzb":"yes","railway:traffic_mode":"freight","ref":"M401","usage":"main","voltage":"25000"}},"geometry":{"type":"LineString","coordinates":[[16.102643,45.8264861],[16.1025043,45.8264996]]}},{"type":"Feature","properties":{"osmId":"238176667","railway_type":"rail","name":null,"electrified":null,"voltage":null,"frequency":null,"bounds":[16.0575521,45.7933331,16.0577311,45.7936233],"tags":{"bridge":"yes","gauge":"1435","layer":"1","maxaxleload":"22.5","railway":"rail","service":"spur"}},"geometry":{"type":"LineString","coordinates":[[16.0575521,45.7933331],[16.0577311,45.7936233]]}},{"type":"Feature","properties":{"osmId":"238176668","railway_type":"rail","name":null,"electrified":"contact_line","voltage":"25000","frequency":"50","bounds":[16.0467805,45.7677882,16.0468111,45.7682327],"tags":{"electrified":"contact_line","frequency":"50","gauge":"1435","maxaxleload":"22.5","operator":"HŽ Infrastruktura","railway":"rail","railway:pzb":"yes","service":"crossover","voltage":"25000"}},"geometry":{"type":"LineString","coordinates":[[16.0467805,45.7677882],[16.0468111,45.7682327]]}},{"type":"Feature","properties":{"osmId":"238176669","railway_type":"rail","name":null,"electrified":"contact_line","voltage":"25000","frequency":"50","bounds":[16.0711848,45.8155354,16.0713573,45.8159295],"tags":{"electrified":"contact_line","frequency":"50","gauge":"1435","maxaxleload":"22.5","operator":"HŽ Infrastruktura","railway":"rail","railway:pzb":"yes","service":"crossover","voltage":"25000"}},"geometry":{"type":"LineString","coordinates":[[16.0711848,45.8155354],[16.0713573,45.8159295]]}},{"type":"Feature","properties":{"osmId":"238176670","railway_type":"rail","name":null,"electrified":"contact_line","voltage":"25000","frequency":"50","bounds":[16.0657184,45.8064587,16.0659264,45.8069121],"tags":{"electrified":"contact_line","frequency":"50","gauge":"1435","operator":"HŽ Infrastruktura","railway":"rail","railway:pzb":"yes","service":"crossover","voltage":"25000"}},"geometry":{"type":"LineString","coordinates":[[16.0657184,45.8064587],[16.0659264,45.8069121]]}},{"type":"Feature","properties":{"osmId":"238176671","railway_type":"rail","name":null,"electrified":"contact_line","voltage":"25000","frequency":"50","bounds":[16.0708471,45.8148712,16.0710332,45.8152864],"tags":{"electrified":"contact_line","frequency":"50","gauge":"1435","maxaxleload":"22.5","operator":"HŽ Infrastruktura","railway":"rail","railway:pzb":"yes","service":"crossover","voltage":"25000"}},"geometry":{"type":"LineString","coordinates":[[16.0708471,45.8148712],[16.0710332,45.8152864]]}},{"type":"Feature","properties":{"osmId":"238176673","railway_type":"rail","name":"Sesvete – Sava","electrified":"contact_line","voltage":"25000","frequency":"50","bounds":[16.1024979,45.8264442,16.1026295,45.8264588],"tags":{"bridge":"yes","electrified":"contact_line","frequency":"50","gauge":"1435","layer":"1","loading_gauge":"TSI_GC","maxaxleload":"22.5","maxspeed":"100","name":"Sesvete – Sava","operator":"HŽ Infrastruktura","passenger_lines":"2","railway":"rail","railway:pzb":"yes","railway:traffic_mode":"freight","ref":"M401","usage":"main","voltage":"25000"}},"geometry":{"type":"LineString","coordinates":[[16.1024979,45.8264588],[16.1026295,45.8264442]]}},{"type":"Feature","properties":{"osmId":"238176674","railway_type":"rail","name":"Zagreb Bor. – Zagreb Resnik","electrified":"contact_line","voltage":"25000","frequency":"50","bounds":[16.0653247,45.8072735,16.0719681,45.8211654],"tags":{"electrified":"contact_line","frequency":"50","gauge":"1435","loading_gauge":"TSI_GC","maxaxleload":"22.5","maxspeed":"70","name":"Zagreb Bor. – Zagreb Resnik","operator":"HŽ Infrastruktura","passenger_lines":"1","railway":"rail","railway:pzb":"yes","railway:traffic_mode":"freight","ref":"M406","usage":"main","voltage":"25000"}},"geometry":{"type":"LineString","coordinates":[[16.0653247,45.8210361],[16.0657779,45.821093],[16.0661247,45.8211281],[16.0663656,45.8211488],[16.0665722,45.82116],[16.0667624,45.8211652],[16.0669442,45.8211654],[16.0671439,45.8211604],[16.0673653,45.8211498],[16.0676075,45.8211284],[16.067821,45.8211015],[16.068047,45.8210638],[16.0682533,45.8210261],[16.0684662,45.8209798],[16.0686801,45.8209279],[16.0688839,45.8208676],[16.0691093,45.8207954],[16.0693567,45.8207039],[16.0695386,45.8206323],[16.0697566,45.8205301],[16.0700016,45.8204066],[16.0703709,45.8201871],[16.0707702,45.8198919],[16.0711001,45.8195803],[16.0713851,45.819238],[16.0716494,45.8188304],[16.0718706,45.8183143],[16.0719531,45.8179041],[16.0719681,45.8174756],[16.0719134,45.8170933],[16.071866,45.8169322],[16.0718141,45.8167827],[16.0717417,45.8166104],[16.0716135,45.8163539],[16.0713573,45.8159295],[16.0705768,45.8146397],[16.0703394,45.8142574],[16.0663028,45.8076407],[16.0661456,45.8072735]]}},{"type":"Feature","properties":{"osmId":"238176675","railway_type":"rail","name":null,"electrified":"contact_line","voltage":"25000","frequency":"50","bounds":[16.0445402,45.7569979,16.0445994,45.7575311],"tags":{"electrified":"contact_line","frequency":"50","gauge":"1435","maxaxleload":"22.5","operator":"HŽ Infrastruktura","railway":"rail","railway:pzb":"yes","service":"crossover","voltage":"25000"}},"geometry":{"type":"LineString","coordinates":[[16.0445994,45.7575311],[16.0445402,45.7569979]]}},{"type":"Feature","properties":{"osmId":"238176676","railway_type":"rail","name":null,"electrified":"contact_line","voltage":"25000","frequency":"50","bounds":[16.0705768,45.8146397,16.0708236,45.8149393],"tags":{"electrified":"contact_line","frequency":"50","gauge":"1435","maxaxleload":"22.5","operator":"HŽ Infrastruktura","railway":"rail","railway:pzb":"yes","service":"crossover","voltage":"25000"}},"geometry":{"type":"LineString","coordinates":[[16.0705768,45.8146397],[16.0708236,45.8149393]]}},{"type":"Feature","properties":{"osmId":"238176679","railway_type":"rail","name":null,"electrified":"contact_line","voltage":"25000","frequency":"50","bounds":[16.0663028,45.8076407,16.0703394,45.8142574],"tags":{"electrified":"contact_line","frequency":"50","gauge":"1435","maxaxleload":"22.5","operator":"HŽ Infrastruktura","railway":"rail","service":"siding","voltage":"25000"}},"geometry":{"type":"LineString","coordinates":[[16.0703394,45.8142574],[16.070051,45.8138899],[16.0696794,45.8132886],[16.0677098,45.8100457],[16.0664528,45.8079897],[16.0663028,45.8076407]]}},{"type":"Feature","properties":{"osmId":"238176685","railway_type":"rail","name":null,"electrified":"contact_line","voltage":"25000","frequency":"50","bounds":[16.0468827,45.7686106,16.0486116,45.776968],"tags":{"electrified":"contact_line","frequency":"50","gauge":"1435","maxaxleload":"22.5","operator":"HŽ Infrastruktura","railway":"rail","service":"siding","voltage":"25000"}},"geometry":{"type":"LineString","coordinates":[[16.0468827,45.7686106],[16.0469015,45.7690118],[16.0482619,45.7755684],[16.0484751,45.7765957],[16.0486116,45.776968]]}},{"type":"Feature","properties":{"osmId":"238176687","railway_type":"rail","name":null,"electrified":"no","voltage":null,"frequency":null,"bounds":[16.0471333,45.7704766,16.0482957,45.7761155],"tags":{"electrified":"no","gauge":"1435","maxaxleload":"22.5","operator":"HŽ Infrastruktura","railway":"rail","service":"siding"}},"geometry":{"type":"LineString","coordinates":[[16.0471333,45.7704766],[16.0471363,45.7707046],[16.0471615,45.7708936],[16.048135,45.7756281],[16.0481598,45.7757489],[16.0482957,45.7761155]]}},{"type":"Feature","properties":{"osmId":"238176688","railway_type":"rail","name":null,"electrified":"contact_line","voltage":"25000","frequency":"50","bounds":[16.0469015,45.7690118,16.0484751,45.7765957],"tags":{"electrified":"contact_line","frequency":"50","gauge":"1435","maxaxleload":"22.5","operator":"HŽ Infrastruktura","railway":"rail","service":"siding","voltage":"25000"}},"geometry":{"type":"LineString","coordinates":[[16.0469015,45.7690118],[16.0469318,45.7694988],[16.0471333,45.7704766],[16.0481885,45.7755953],[16.0482957,45.7761155],[16.0484751,45.7765957]]}},{"type":"Feature","properties":{"osmId":"238176689","railway_type":"rail","name":null,"electrified":"contact_line","voltage":"25000","frequency":"50","bounds":[16.0666327,45.8079627,16.0706457,45.8145327],"tags":{"electrified":"contact_line","frequency":"50","gauge":"1435","maxaxleload":"22.5","operator":"HŽ Infrastruktura","railway":"rail","service":"siding","voltage":"25000"}},"geometry":{"type":"LineString","coordinates":[[16.0666327,45.8079627],[16.066861,45.8082459],[16.0669847,45.8084249],[16.0704808,45.8141579],[16.0705596,45.8143094],[16.0706457,45.8145327]]}},{"type":"Feature","properties":{"osmId":"238176690","railway_type":"rail","name":null,"electrified":null,"voltage":null,"frequency":null,"bounds":[16.0574405,45.7936233,16.0585804,45.799657],"tags":{"gauge":"1435","maxaxleload":"22.5","railway":"rail","service":"spur"}},"geometry":{"type":"LineString","coordinates":[[16.0577311,45.7936233],[16.0583635,45.7946937],[16.058444,45.7948447],[16.0585691,45.7952148],[16.0585804,45.7953859],[16.0585504,45.7955341],[16.0584919,45.7957611],[16.0582706,45.796566],[16.058114,45.7971348],[16.0580919,45.7972152],[16.0579284,45.7978787],[16.0576914,45.798763],[16.0574405,45.799657]]}},{"type":"Feature","properties":{"osmId":"238179847","railway_type":"rail","name":null,"electrified":"contact_line","voltage":"25000","frequency":"50","bounds":[16.0222734,45.7539808,16.0320849,45.754631],"tags":{"electrified":"contact_line","frequency":"50","gauge":"1435","maxaxleload":"22.5","operator":"HŽ Infrastruktura","railway":"rail","service":"yard","voltage":"25000"}},"geometry":{"type":"LineString","coordinates":[[16.0320849,45.7539939],[16.0319528,45.7540012],[16.0317996,45.7540061],[16.031539,45.7540018],[16.0311503,45.7539844],[16.0307577,45.7539808],[16.0304425,45.7539908],[16.0302534,45.7540009],[16.0299789,45.7540223],[16.0222734,45.754631]]}},{"type":"Feature","properties":{"osmId":"238181148","railway_type":"rail","name":"Zagreb Klara – Delta","electrified":"contact_line","voltage":"25000","frequency":"50","bounds":[15.9492885,45.7678796,15.9620725,45.7693622],"tags":{"electrified":"contact_line","frequency":"50","gauge":"1435","maxaxleload":"22","maxspeed":"70","name":"Zagreb Klara – Delta","operator":"HŽ Infrastruktura","passenger_lines":"1","railway":"rail","railway:pzb":"yes","railway:traffic_mode":"freight","ref":"M404","usage":"main","voltage":"25000"}},"geometry":{"type":"LineString","coordinates":[[15.9620725,45.7685491],[15.9615974,45.7686908],[15.961096,45.768821],[15.9606188,45.7689326],[15.9601767,45.7690246],[15.9597322,45.7691041],[15.9593683,45.7691586],[15.9589126,45.769222],[15.9584926,45.7692668],[15.9581365,45.7693005],[15.957783,45.7693272],[15.9574044,45.7693479],[15.9570412,45.7693606],[15.9567382,45.7693622],[15.9561393,45.769353],[15.9555152,45.7693333],[15.9552108,45.7693189],[15.9548835,45.7692993],[15.9544257,45.7692424],[15.9534215,45.7690747],[15.9526829,45.7689155],[15.9520662,45.7687615],[15.9515579,45.7686176],[15.9500713,45.7681435],[15.949641,45.7680052],[15.9495335,45.767968],[15.9492885,45.7678796]]}},{"type":"Feature","properties":{"osmId":"238181149","railway_type":"rail","name":"Zagreb Klara – Delta","electrified":"contact_line","voltage":"25000","frequency":"50","bounds":[15.9620725,45.7684907,15.9622535,45.7685491],"tags":{"bridge":"yes","electrified":"contact_line","frequency":"50","gauge":"1435","layer":"1","maxaxleload":"22","maxspeed":"70","name":"Zagreb Klara – Delta","operator":"HŽ Infrastruktura","passenger_lines":"1","railway":"rail","railway:pzb":"yes","railway:traffic_mode":"freight","ref":"M404","usage":"main","voltage":"25000"}},"geometry":{"type":"LineString","coordinates":[[15.9622535,45.7684907],[15.9620725,45.7685491]]}},{"type":"Feature","properties":{"osmId":"238181152","railway_type":"rail","name":null,"electrified":"no","voltage":null,"frequency":null,"bounds":[15.9491887,45.7677845,15.9500713,45.7681435],"tags":{"electrified":"no","gauge":"1435","operator":"HŽ Infrastruktura","railway":"rail","railway:pzb":"yes","service":"yard"}},"geometry":{"type":"LineString","coordinates":[[15.9500713,45.7681435],[15.949896,45.7680762],[15.9491887,45.7677845]]}},{"type":"Feature","properties":{"osmId":"239078081","railway_type":"rail","name":"Zagreb Gk – Dugo Selo","electrified":"contact_line","voltage":"25000","frequency":"50","bounds":[15.9914962,45.8055956,15.9923286,45.80584],"tags":{"electrified":"contact_line","embankment":"yes","frequency":"50","gauge":"1435","loading_gauge":"TSI_GB","maxaxleload":"22.5","maxspeed":"50","name":"Zagreb Gk – Dugo Selo","operator":"HŽ Infrastruktura","passenger_lines":"2","railway":"rail","railway:pzb":"yes","railway:traffic_mode":"mixed","ref":"M102","usage":"main","voltage":"25000"}},"geometry":{"type":"LineString","coordinates":[[15.9914962,45.8055956],[15.9919034,45.8057212],[15.9920982,45.8057774],[15.9923286,45.80584]]}},{"type":"Feature","properties":{"osmId":"239078082","railway_type":"rail","name":"Zagreb Gk – Dugo Selo","electrified":"contact_line","voltage":"25000","frequency":"50","bounds":[15.9914735,45.8056384,15.9923076,45.8058818],"tags":{"electrified":"contact_line","embankment":"yes","frequency":"50","gauge":"1435","loading_gauge":"TSI_GB","maxaxleload":"22.5","maxspeed":"50","name":"Zagreb Gk – Dugo Selo","operator":"HŽ Infrastruktura","passenger_lines":"2","railway":"rail","railway:pzb":"yes","railway:traffic_mode":"mixed","ref":"M102","usage":"main","voltage":"25000"}},"geometry":{"type":"LineString","coordinates":[[15.9914735,45.8056384],[15.9918503,45.8057528],[15.9920494,45.8058113],[15.9923076,45.8058818]]}},{"type":"Feature","properties":{"osmId":"239078083","railway_type":"rail","name":null,"electrified":"contact_line","voltage":"25000","frequency":"50","bounds":[15.9922901,45.8059168,15.9929651,45.8060963],"tags":{"bridge":"yes","electrified":"contact_line","frequency":"50","gauge":"1435","layer":"1","maxaxleload":"22.5","operator":"HŽ Infrastruktura","railway":"rail","service":"yard","voltage":"25000"}},"geometry":{"type":"LineString","coordinates":[[15.9922901,45.8059168],[15.9929651,45.8060963]]}},{"type":"Feature","properties":{"osmId":"239078084","railway_type":"rail","name":null,"electrified":"contact_line","voltage":"25000","frequency":"50","bounds":[15.9914446,45.8056925,15.9922901,45.8059168],"tags":{"electrified":"contact_line","embankment":"yes","frequency":"50","gauge":"1435","maxaxleload":"22.5","operator":"HŽ Infrastruktura","railway":"rail","service":"yard","voltage":"25000"}},"geometry":{"type":"LineString","coordinates":[[15.9914446,45.8056925],[15.9922901,45.8059168]]}},{"type":"Feature","properties":{"osmId":"239078085","railway_type":"rail","name":"Zagreb Gk – Dugo Selo","electrified":"contact_line","voltage":"25000","frequency":"50","bounds":[15.9913321,45.8055954,15.9914735,45.8056384],"tags":{"bridge":"yes","electrified":"contact_line","frequency":"50","gauge":"1435","layer":"1","loading_gauge":"TSI_GB","maxaxleload":"22","maxspeed":"50","name":"Zagreb Gk – Dugo Selo","operator":"HŽ Infrastruktura","passenger_lines":"2","railway":"rail","railway:pzb":"yes","railway:traffic_mode":"mixed","ref":"M102","usage":"main","voltage":"25000"}},"geometry":{"type":"LineString","coordinates":[[15.9913321,45.8055954],[15.9914735,45.8056384]]}},{"type":"Feature","properties":{"osmId":"239078086","railway_type":"rail","name":"Zagreb Gk – Dugo Selo","electrified":"contact_line","voltage":"25000","frequency":"50","bounds":[15.9913562,45.8055524,15.9914962,45.8055956],"tags":{"bridge":"yes","electrified":"contact_line","frequency":"50","gauge":"1435","layer":"1","loading_gauge":"TSI_GB","maxaxleload":"22","maxspeed":"50","name":"Zagreb Gk – Dugo Selo","operator":"HŽ Infrastruktura","passenger_lines":"2","railway":"rail","railway:pzb":"yes","railway:traffic_mode":"mixed","ref":"M102","usage":"main","voltage":"25000"}},"geometry":{"type":"LineString","coordinates":[[15.9913562,45.8055524],[15.9914962,45.8055956]]}},{"type":"Feature","properties":{"osmId":"244163765","railway_type":"rail","name":null,"electrified":"no","voltage":null,"frequency":null,"bounds":[16.0207962,45.7542726,16.0285668,45.7549137],"tags":{"electrified":"no","gauge":"1435","operator":"HŽ Infrastruktura","railway":"rail","service":"siding"}},"geometry":{"type":"LineString","coordinates":[[16.0207962,45.7549137],[16.0209048,45.7548952],[16.02106,45.7548719],[16.0212254,45.7548535],[16.0224627,45.7547568],[16.0285668,45.7542726]]}},{"type":"Feature","properties":{"osmId":"244356306","railway_type":"rail","name":"DG – S. Marof – Zagreb Gk","electrified":"contact_line","voltage":"25000","frequency":"50","bounds":[15.8706871,45.8133996,15.8764047,45.8137121],"tags":{"electrified":"contact_line","frequency":"50","gauge":"1435","loading_gauge":"TSI_GB","maxaxleload":"22.5","maxspeed":"120","name":"DG – S. Marof – Zagreb Gk","operator":"HŽ Infrastruktura","passenger_lines":"2","railway":"rail","railway:pzb":"yes","railway:traffic_mode":"mixed","ref":"M101","usage":"main","voltage":"25000"}},"geometry":{"type":"LineString","coordinates":[[15.8764047,45.8133996],[15.8742119,45.8135097],[15.8730823,45.8135767],[15.8706871,45.8137121]]}},{"type":"Feature","properties":{"osmId":"244356307","railway_type":"rail","name":"DG – S. Marof – Zagreb Gk","electrified":"contact_line","voltage":"25000","frequency":"50","bounds":[15.8706894,45.8133626,15.8763972,45.8136768],"tags":{"electrified":"contact_line","frequency":"50","gauge":"1435","loading_gauge":"TSI_GB","maxaxleload":"22.5","maxspeed":"120","name":"DG – S. Marof – Zagreb Gk","operator":"HŽ Infrastruktura","passenger_lines":"2","railway":"rail","railway:pzb":"yes","railway:traffic_mode":"mixed","ref":"M101","usage":"main","voltage":"25000"}},"geometry":{"type":"LineString","coordinates":[[15.8763972,45.8133626],[15.8742104,45.8134852],[15.8731691,45.8135418],[15.8720196,45.8135976],[15.8706894,45.8136768]]}},{"type":"Feature","properties":{"osmId":"244356308","railway_type":"rail","name":"DG – S. Marof – Zagreb Gk","electrified":"contact_line","voltage":"25000","frequency":"50","bounds":[15.8691403,45.8137121,15.8706871,45.8137953],"tags":{"electrified":"contact_line","frequency":"50","gauge":"1435","loading_gauge":"TSI_GC","maxaxleload":"22.5","maxspeed":"120","name":"DG – S. Marof – Zagreb Gk","operator":"HŽ Infrastruktura","passenger_lines":"2","railway":"rail","railway:pzb":"yes","railway:traffic_mode":"mixed","ref":"M101","usage":"main","voltage":"25000"}},"geometry":{"type":"LineString","coordinates":[[15.8706871,45.8137121],[15.8691403,45.8137953]]}},{"type":"Feature","properties":{"osmId":"244356310","railway_type":"rail","name":"DG – S. Marof – Zagreb Gk","electrified":"contact_line","voltage":"25000","frequency":"50","bounds":[15.8763972,45.8117301,15.9062984,45.8133626],"tags":{"electrified":"contact_line","frequency":"50","gauge":"1435","loading_gauge":"TSI_GC","maxaxleload":"22.5","maxspeed":"120","name":"DG – S. Marof – Zagreb Gk","operator":"HŽ Infrastruktura","passenger_lines":"2","railway":"rail","railway:pzb":"yes","railway:traffic_mode":"mixed","ref":"M101","usage":"main","voltage":"25000"}},"geometry":{"type":"LineString","coordinates":[[15.9062984,45.8117301],[15.8971263,45.8122361],[15.896516,45.8122682],[15.8947706,45.8123606],[15.8861481,45.812833],[15.8763972,45.8133626]]}},{"type":"Feature","properties":{"osmId":"244357443","railway_type":"rail","name":"Zagreb Gk – Dugo Selo","electrified":"contact_line","voltage":"25000","frequency":"50","bounds":[16.1060742,45.8229111,16.118217,45.8258374],"tags":{"electrified":"contact_line","frequency":"50","gauge":"1435","loading_gauge":"TSI_GC","maxaxleload":"22.5","maxspeed":"35","name":"Zagreb Gk – Dugo Selo","operator":"HŽ Infrastruktura","passenger_lines":"2","railway":"rail","railway:pzb":"yes","railway:track_ref":"4","railway:traffic_mode":"mixed","ref":"M102","usage":"main","voltage":"25000"}},"geometry":{"type":"LineString","coordinates":[[16.1060742,45.8258374],[16.1064476,45.8257462],[16.1099434,45.8249016],[16.1156041,45.8235397],[16.1165539,45.823308],[16.1179686,45.8229724],[16.118217,45.8229111]]}},{"type":"Feature","properties":{"osmId":"244357444","railway_type":"rail","name":"Zagreb Gk – Dugo Selo","electrified":"contact_line","voltage":"25000","frequency":"50","bounds":[16.102655,45.8260229,16.1054824,45.8265707],"tags":{"electrified":"contact_line","frequency":"50","gauge":"1435","loading_gauge":"TSI_GB","maxaxleload":"22.5","maxspeed":"120","name":"Zagreb Gk – Dugo Selo","operator":"HŽ Infrastruktura","passenger_lines":"2","railway":"rail","railway:pzb":"yes","railway:traffic_mode":"mixed","ref":"M102","usage":"main","voltage":"25000"}},"geometry":{"type":"LineString","coordinates":[[16.102655,45.8265707],[16.1028969,45.8265423],[16.1031266,45.8265126],[16.1033562,45.8264787],[16.1035785,45.8264427],[16.1037918,45.8264056],[16.1040635,45.8263539],[16.1044207,45.8262755],[16.1048728,45.8261703],[16.1054824,45.8260229]]}},{"type":"Feature","properties":{"osmId":"244357445","railway_type":"rail","name":"Sesvete – Sava","electrified":"contact_line","voltage":"25000","frequency":"50","bounds":[16.102643,45.825797,16.1060554,45.8264861],"tags":{"electrified":"contact_line","frequency":"50","gauge":"1435","loading_gauge":"TSI_GC","maxaxleload":"22.5","maxspeed":"100","name":"Sesvete – Sava","operator":"HŽ Infrastruktura","passenger_lines":"2","railway":"rail","railway:pzb":"yes","railway:traffic_mode":"freight","ref":"M401","usage":"main","voltage":"25000"}},"geometry":{"type":"LineString","coordinates":[[16.1060554,45.825797],[16.1050632,45.8260348],[16.1045545,45.8261549],[16.1042821,45.8262162],[16.1040277,45.8262687],[16.1038044,45.8263133],[16.103572,45.8263566],[16.1032833,45.8264029],[16.103065,45.8264343],[16.102643,45.8264861]]}},{"type":"Feature","properties":{"osmId":"244357446","railway_type":"rail","name":"Sesvete – Sava","electrified":"contact_line","voltage":"25000","frequency":"50","bounds":[16.1060357,45.8230777,16.1173386,45.8257547],"tags":{"electrified":"contact_line","frequency":"50","gauge":"1435","loading_gauge":"TSI_GC","maxaxleload":"22.5","maxspeed":"35","name":"Sesvete – Sava","operator":"HŽ Infrastruktura","passenger_lines":"2","railway":"rail","railway:pzb":"yes","railway:track_ref":"6","railway:traffic_mode":"freight","ref":"M401","usage":"main","voltage":"25000"}},"geometry":{"type":"LineString","coordinates":[[16.1060357,45.8257547],[16.1076076,45.8253701],[16.1099228,45.8248184],[16.1134165,45.8239746],[16.1155744,45.823457],[16.116153,45.8233171],[16.1166925,45.8231884],[16.1169393,45.8231412],[16.1171205,45.8231113],[16.1173386,45.8230777]]}},{"type":"Feature","properties":{"osmId":"244945405","railway_type":"rail","name":"Zagreb Gk – Dugo Selo","electrified":"contact_line","voltage":"25000","frequency":"50","bounds":[16.0198744,45.8132341,16.0381806,45.8165515],"tags":{"electrified":"contact_line","frequency":"50","gauge":"1435","loading_gauge":"TSI_GB","maxaxleload":"22.5","maxspeed":"80","name":"Zagreb Gk – Dugo Selo","operator":"HŽ Infrastruktura","passenger_lines":"2","railway":"rail","railway:pzb":"yes","railway:traffic_mode":"mixed","ref":"M102","usage":"main","voltage":"25000"}},"geometry":{"type":"LineString","coordinates":[[16.0198744,45.8132341],[16.0199981,45.8132663],[16.020474,45.813388],[16.0219215,45.8137296],[16.0222744,45.8138042],[16.02253,45.8138601],[16.0242547,45.8141596],[16.0256599,45.8144011],[16.0284054,45.8148653],[16.0292301,45.8150036],[16.0329875,45.8156359],[16.0339959,45.8158108],[16.0353358,45.8160473],[16.0381806,45.8165515]]}},{"type":"Feature","properties":{"osmId":"244945406","railway_type":"rail","name":"Zagreb Gk – Dugo Selo","electrified":"contact_line","voltage":"25000","frequency":"50","bounds":[16.0198953,45.813196,16.0380361,45.8164821],"tags":{"electrified":"contact_line","frequency":"50","gauge":"1435","loading_gauge":"TSI_GB","maxaxleload":"22.5","maxspeed":"80","name":"Zagreb Gk – Dugo Selo","operator":"HŽ Infrastruktura","passenger_lines":"2","railway":"rail","railway:pzb":"yes","railway:traffic_mode":"mixed","ref":"M102","usage":"main","voltage":"25000"}},"geometry":{"type":"LineString","coordinates":[[16.0198953,45.813196],[16.020451,45.813331],[16.0210504,45.8134722],[16.0215663,45.8135778],[16.0220484,45.8136785],[16.0235188,45.8139366],[16.0242883,45.8140645],[16.0251677,45.8142166],[16.0256331,45.8142988],[16.0261274,45.814391],[16.0270686,45.8145681],[16.0284188,45.8148124],[16.0303222,45.8151302],[16.0304532,45.8151544],[16.0316186,45.8153479],[16.0325451,45.8155057],[16.0341006,45.8157711],[16.0344298,45.8158279],[16.0353418,45.8159961],[16.0360361,45.816124],[16.0367227,45.8162486],[16.0380361,45.8164821]]}},{"type":"Feature","properties":{"osmId":"244947682","railway_type":"rail","name":"Zagreb Gk – Velika Gorica","electrified":"contact_line","voltage":"25000","frequency":"50","bounds":[15.9874248,45.7085779,16.0468757,45.7513187],"tags":{"electrified":"contact_line","frequency":"50","gauge":"1435","loading_gauge":"TSI_GC","maxaxleload":"22","maxspeed":"100","name":"Zagreb Gk – Velika Gorica","operator":"HŽ Infrastruktura","passenger_lines":"1","railway":"rail","railway:pzb":"yes","railway:traffic_mode":"mixed","ref":"M502-1","usage":"main","voltage":"25000"}},"geometry":{"type":"LineString","coordinates":[[16.0468757,45.7085779],[16.0467136,45.7086948],[16.0440097,45.7106412],[16.0432376,45.7111996],[16.0425714,45.7116759],[16.0422778,45.7118881],[16.0414057,45.7125156],[16.0406003,45.7130944],[16.0403431,45.7132809],[16.0377582,45.7151402],[16.0363228,45.716173],[16.0349015,45.7171943],[16.0264173,45.723297],[16.0135682,45.732535],[16.012245,45.7334863],[16.0111747,45.7342558],[16.009837,45.7352154],[16.009497,45.7354593],[16.0080895,45.7364688],[16.0058322,45.738096],[15.9999503,45.7423211],[15.9986992,45.7432188],[15.9925069,45.7476651],[15.9899492,45.749503],[15.9894602,45.7498549],[15.9874248,45.7513187]]}},{"type":"Feature","properties":{"osmId":"256573366","railway_type":"rail","name":"Zagreb Gk – Dugo Selo","electrified":"contact_line","voltage":"25000","frequency":"50","bounds":[15.9788209,45.8044245,15.9866918,45.8048516],"tags":{"electrified":"contact_line","frequency":"50","gauge":"1435","loading_gauge":"TSI_GB","maxaxleload":"22","maxspeed":"50","name":"Zagreb Gk – Dugo Selo","operator":"HŽ Infrastruktura","passenger_lines":"2","railway":"rail","railway:pzb":"yes","railway:track_ref":"2","railway:traffic_mode":"mixed","ref":"M102","usage":"main","voltage":"25000"}},"geometry":{"type":"LineString","coordinates":[[15.9788209,45.8044245],[15.9807723,45.8045333],[15.9855041,45.8047895],[15.9866918,45.8048516]]}},{"type":"Feature","properties":{"osmId":"271908121","railway_type":"rail","name":null,"electrified":"contact_line","voltage":"25000","frequency":"50","bounds":[16.0434186,45.8169951,16.0509964,45.8186688],"tags":{"electrified":"contact_line","frequency":"50","gauge":"1435","loading_gauge":"TSI_GB","maxspeed":"20","railway":"rail","service":"yard","voltage":"25000"}},"geometry":{"type":"LineString","coordinates":[[16.0434186,45.8169951],[16.0442414,45.817136],[16.0457086,45.8173841],[16.0467702,45.8175611],[16.0474104,45.8176691],[16.0475796,45.8177008],[16.0477496,45.8177365],[16.0479259,45.8177799],[16.0481183,45.8178343],[16.048399,45.817921],[16.048487,45.8179475],[16.0489402,45.8180827],[16.0490421,45.8181165],[16.0492514,45.8181782],[16.049589,45.8182823],[16.0499345,45.8183888],[16.0503672,45.8185215],[16.0505432,45.8185679],[16.0507137,45.8186103],[16.0508566,45.8186425],[16.0509964,45.8186688]]}},{"type":"Feature","properties":{"osmId":"271908125","railway_type":"rail","name":null,"electrified":"no","voltage":null,"frequency":null,"bounds":[16.048487,45.8179475,16.0534542,45.818822],"tags":{"electrified":"no","gauge":"1435","loading_gauge":"TSI_GB","maxspeed":"20","railway":"rail","service":"yard"}},"geometry":{"type":"LineString","coordinates":[[16.048487,45.8179475],[16.0486046,45.8179797],[16.0487386,45.8180132],[16.0489715,45.8180586],[16.0490553,45.8180798],[16.0493148,45.818123],[16.0497686,45.8182011],[16.0501894,45.818268],[16.0514398,45.8184775],[16.0523677,45.8186326],[16.0527687,45.8187058],[16.0532526,45.8187878],[16.0534542,45.818822]]}},{"type":"Feature","properties":{"osmId":"272430108","railway_type":"rail","name":"DG – S. Marof – Zagreb Gk","electrified":"contact_line","voltage":"25000","frequency":"50","bounds":[15.8202245,45.8347699,15.8222042,45.8379378],"tags":{"electrified":"contact_line","frequency":"50","gauge":"1435","loading_gauge":"TSI_GB","maxaxleload":"22.5","maxspeed":"100","name":"DG – S. Marof – Zagreb Gk","operator":"HŽ Infrastruktura","passenger_lines":"2","railway":"rail","railway:pzb":"yes","railway:traffic_mode":"mixed","ref":"M101","usage":"main","voltage":"25000"}},"geometry":{"type":"LineString","coordinates":[[15.8222042,45.8347699],[15.8219749,45.8355211],[15.8218268,45.8358923],[15.8216589,45.8362359],[15.8215222,45.8364648],[15.8213718,45.8366896],[15.8211219,45.8370181],[15.8208698,45.8373084],[15.8205809,45.8376093],[15.8202245,45.8379378]]}},{"type":"Feature","properties":{"osmId":"290149268","railway_type":"rail","name":null,"electrified":null,"voltage":null,"frequency":null,"bounds":[16.0138346,45.7771979,16.0210611,45.780874],"tags":{"gauge":"1435","maxaxleload":"22.5","railway":"rail","service":"spur"}},"geometry":{"type":"LineString","coordinates":[[16.0210611,45.7771979],[16.0207781,45.7772256],[16.0205563,45.7772653],[16.0202847,45.7773245],[16.0197887,45.777453],[16.0192184,45.7775875],[16.0190799,45.7776274],[16.0188857,45.7776797],[16.018722,45.7777304],[16.0185497,45.7777995],[16.0183702,45.7778695],[16.0181783,45.7779517],[16.0179548,45.7780529],[16.017954,45.7780533],[16.0177522,45.7781472],[16.0175909,45.7782352],[16.0173169,45.7784136],[16.0167108,45.7788262],[16.0152026,45.7798678],[16.0142491,45.7805203],[16.0141322,45.780611],[16.0140243,45.7807083],[16.0139588,45.7807649],[16.0138346,45.780874]]}},{"type":"Feature","properties":{"osmId":"323273921","railway_type":"rail","name":null,"electrified":null,"voltage":null,"frequency":null,"bounds":[15.9762463,45.8042658,15.9772209,45.804299],"tags":{"railway":"rail","service":"siding"}},"geometry":{"type":"LineString","coordinates":[[15.9762463,45.804269],[15.9764295,45.8042658],[15.9765959,45.8042671],[15.9767578,45.804272],[15.9772209,45.804299]]}},{"type":"Feature","properties":{"osmId":"323273927","railway_type":"rail","name":null,"electrified":null,"voltage":null,"frequency":null,"bounds":[15.970152,45.803797,15.9717367,45.8040386],"tags":{"railway":"rail","service":"siding"}},"geometry":{"type":"LineString","coordinates":[[15.9717367,45.8040386],[15.9716248,45.8040289],[15.9714487,45.8040092],[15.9711813,45.8039746],[15.9710498,45.8039564],[15.9708855,45.8039334],[15.9706959,45.8039043],[15.970152,45.803797]]}},{"type":"Feature","properties":{"osmId":"327264575","railway_type":"rail","name":"Zagreb Zk – Trešnjevka","electrified":"contact_line","voltage":"25000","frequency":"50","bounds":[15.9631523,45.8032838,15.9632269,45.8035166],"tags":{"bridge":"viaduct","electrified":"contact_line","frequency":"50","gauge":"1435","layer":"1","maxaxleload":"22","maxspeed":"40","name":"Zagreb Zk – Trešnjevka","operator":"HŽ Infrastruktura","passenger_lines":"1","railway":"rail","railway:pzb":"yes","railway:traffic_mode":"freight","ref":"M405","start_date":"1935","usage":"main","voltage":"25000"}},"geometry":{"type":"LineString","coordinates":[[15.9631523,45.8032838],[15.9632269,45.8035166]]}},{"type":"Feature","properties":{"osmId":"327264576","railway_type":"rail","name":"Zagreb Zk – Trešnjevka","electrified":"contact_line","voltage":"25000","frequency":"50","bounds":[15.9631015,45.8031548,15.9631523,45.8032838],"tags":{"electrified":"contact_line","embankment":"yes","frequency":"50","gauge":"1435","maxaxleload":"22","maxspeed":"40","name":"Zagreb Zk – Trešnjevka","operator":"HŽ Infrastruktura","passenger_lines":"1","railway":"rail","railway:pzb":"yes","railway:traffic_mode":"freight","ref":"M405","usage":"main","voltage":"25000"}},"geometry":{"type":"LineString","coordinates":[[15.9631015,45.8031548],[15.9631523,45.8032838]]}},{"type":"Feature","properties":{"osmId":"346294027","railway_type":"rail","name":null,"electrified":"contact_line","voltage":"25000","frequency":"50","bounds":[15.9610672,45.7999274,15.9613592,45.8004298],"tags":{"electrified":"contact_line","embankment":"yes","frequency":"50","gauge":"1435","operator":"HŽ Infrastruktura","railway":"rail","railway:pzb":"yes","service":"crossover","voltage":"25000"}},"geometry":{"type":"LineString","coordinates":[[15.9610672,45.7999274],[15.9611122,45.7999992],[15.9612009,45.8001569],[15.9612839,45.8003116],[15.9613175,45.800364],[15.9613592,45.8004298]]}},{"type":"Feature","properties":{"osmId":"395722918","railway_type":"rail","name":null,"electrified":"no","voltage":null,"frequency":null,"bounds":[15.9762651,45.8020557,15.9829472,45.8042171],"tags":{"electrified":"no","gauge":"1435","maxaxleload":"22","railway":"rail","service":"spur","source":"Yahoo"}},"geometry":{"type":"LineString","coordinates":[[15.9762651,45.8042171],[15.9764833,45.8041994],[15.9765849,45.8041859],[15.9767336,45.8041589],[15.9769698,45.8041103],[15.977105,45.8040905],[15.9772557,45.8040722],[15.9773984,45.8040605],[15.9781922,45.8040248],[15.9786557,45.8040045],[15.9790347,45.8039877],[15.9792379,45.8039767],[15.9794044,45.8039632],[15.9795812,45.8039453],[15.9797586,45.8039167],[15.9800237,45.8038665],[15.980079,45.8038568],[15.9802054,45.8038284],[15.9803087,45.8038041],[15.9804051,45.8037753],[15.980501,45.8037406],[15.9806903,45.8036653],[15.9808437,45.803578],[15.9810823,45.8034133],[15.9812471,45.8032996],[15.9817532,45.8029036],[15.9819779,45.8027241],[15.9822625,45.8025142],[15.9823051,45.8024752],[15.9826976,45.8021891],[15.9828178,45.8021211],[15.9829472,45.8020557]]}},{"type":"Feature","properties":{"osmId":"395722919","railway_type":"rail","name":null,"electrified":"contact_line","voltage":"25000","frequency":"50","bounds":[15.9740239,45.8042484,15.9742601,45.8042534],"tags":{"bridge":"yes","electrified":"contact_line","frequency":"50","gauge":"1435","layer":"1","operator":"HŽ Infrastruktura","railway":"rail","service":"siding","voltage":"25000"}},"geometry":{"type":"LineString","coordinates":[[15.9740239,45.8042484],[15.9741613,45.8042527],[15.9742601,45.8042534]]}},{"type":"Feature","properties":{"osmId":"395722920","railway_type":"rail","name":null,"electrified":"contact_line","voltage":"25000","frequency":"50","bounds":[15.9696816,45.8034629,15.9724067,45.8040164],"tags":{"electrified":"contact_line","frequency":"50","gauge":"1435","maxaxleload":"22","operator":"HŽ Infrastruktura","railway":"rail","service":"yard","voltage":"25000"}},"geometry":{"type":"LineString","coordinates":[[15.9696816,45.8034629],[15.9716365,45.8038661],[15.9721506,45.8039716],[15.9722608,45.8039904],[15.9724067,45.8040164]]}},{"type":"Feature","properties":{"osmId":"395722921","railway_type":"rail","name":null,"electrified":"contact_line","voltage":"25000","frequency":"50","bounds":[15.9795243,45.8040488,15.9855205,45.8046131],"tags":{"electrified":"contact_line","frequency":"50","gauge":"1435","maxaxleload":"22","operator":"HŽ Infrastruktura","railway":"rail","service":"yard","voltage":"25000"}},"geometry":{"type":"LineString","coordinates":[[15.9795243,45.8040493],[15.9797134,45.8040488],[15.9798266,45.8040529],[15.980036,45.8040613],[15.9832299,45.8042327],[15.9834359,45.8042541],[15.9836481,45.8042851],[15.983969,45.8043416],[15.984369,45.8044123],[15.9847066,45.804471],[15.9850478,45.8045301],[15.9855205,45.8046131]]}},{"type":"Feature","properties":{"osmId":"395722922","railway_type":"rail","name":null,"electrified":null,"voltage":null,"frequency":null,"bounds":[15.971623,45.8039066,15.9740347,45.8041215],"tags":{"gauge":"1435","operator":"HŽ Infrastruktura","railway":"rail","service":"yard"}},"geometry":{"type":"LineString","coordinates":[[15.971623,45.8039066],[15.9717594,45.8039305],[15.9719489,45.803956],[15.9724067,45.8040164],[15.9725343,45.8040329],[15.9726558,45.804046],[15.9727697,45.8040537],[15.9740347,45.8041215]]}},{"type":"Feature","properties":{"osmId":"395722925","railway_type":"rail","name":"DG – S. Marof – Zagreb Gk","electrified":"contact_line","voltage":"25000","frequency":"50","bounds":[15.9760047,45.804272,15.9788209,45.8044245],"tags":{"electrified":"contact_line","frequency":"50","gauge":"1435","loading_gauge":"TSI_GB","maxaxleload":"22","maxspeed":"50","name":"DG – S. Marof – Zagreb Gk","operator":"HŽ Infrastruktura","passenger_lines":"2","railway":"rail","railway:pzb":"yes","railway:track_ref":"2","railway:traffic_mode":"mixed","ref":"M101","usage":"main","voltage":"25000"}},"geometry":{"type":"LineString","coordinates":[[15.9788209,45.8044245],[15.9760047,45.804272]]}},{"type":"Feature","properties":{"osmId":"414412515","railway_type":"rail","name":null,"electrified":"no","voltage":null,"frequency":null,"bounds":[15.867842,45.8031227,15.8686536,45.8054697],"tags":{"electrified":"no","gauge":"1435","railway":"rail","service":"spur"}},"geometry":{"type":"LineString","coordinates":[[15.867842,45.8054697],[15.8680563,45.8052972],[15.8682215,45.8051771],[15.8683524,45.805065],[15.8685184,45.8048525],[15.8685661,45.8047606],[15.868622,45.804617],[15.8686536,45.8044294],[15.8686516,45.8043045],[15.868629,45.8041867],[15.8685906,45.8040731],[15.8685188,45.8039264],[15.8683204,45.8036868],[15.867846,45.8031227]]}},{"type":"Feature","properties":{"osmId":"415034511","railway_type":"rail","name":"DG – S. Marof – Zagreb Gk","electrified":"contact_line","voltage":"25000","frequency":"50","bounds":[15.863612,45.813803,15.8689981,45.8141023],"tags":{"electrified":"contact_line","frequency":"50","gauge":"1435","loading_gauge":"TSI_GC","maxaxleload":"22.5","maxspeed":"120","name":"DG – S. Marof – Zagreb Gk","operator":"HŽ Infrastruktura","passenger_lines":"2","railway":"rail","railway:pzb":"yes","railway:traffic_mode":"mixed","ref":"M101","usage":"main","voltage":"25000"}},"geometry":{"type":"LineString","coordinates":[[15.8689981,45.813803],[15.866455,45.8139503],[15.8658669,45.8139814],[15.8642927,45.8140645],[15.863612,45.8141023]]}},{"type":"Feature","properties":{"osmId":"415034517","railway_type":"rail","name":"DG – S. Marof – Zagreb Gk","electrified":"contact_line","voltage":"25000","frequency":"50","bounds":[15.8689981,45.8137953,15.8691403,45.813803],"tags":{"bridge":"yes","electrified":"contact_line","frequency":"50","gauge":"1435","layer":"1","loading_gauge":"TSI_GC","maxaxleload":"22.5","maxspeed":"120","name":"DG – S. Marof – Zagreb Gk","operator":"HŽ Infrastruktura","passenger_lines":"2","railway":"rail","railway:pzb":"yes","railway:traffic_mode":"mixed","ref":"M101","usage":"main","voltage":"25000"}},"geometry":{"type":"LineString","coordinates":[[15.8691403,45.8137953],[15.8689981,45.813803]]}},{"type":"Feature","properties":{"osmId":"415034523","railway_type":"rail","name":"DG – S. Marof – Zagreb Gk","electrified":"contact_line","voltage":"25000","frequency":"50","bounds":[15.8691352,45.8136768,15.8706894,45.8137596],"tags":{"electrified":"contact_line","frequency":"50","gauge":"1435","loading_gauge":"TSI_GC","maxaxleload":"22.5","maxspeed":"120","name":"DG – S. Marof – Zagreb Gk","operator":"HŽ Infrastruktura","passenger_lines":"2","railway":"rail","railway:pzb":"yes","railway:traffic_mode":"mixed","ref":"M101","usage":"main","voltage":"25000"}},"geometry":{"type":"LineString","coordinates":[[15.8706894,45.8136768],[15.8691352,45.8137596]]}},{"type":"Feature","properties":{"osmId":"415034528","railway_type":"rail","name":"DG – S. Marof – Zagreb Gk","electrified":"contact_line","voltage":"25000","frequency":"50","bounds":[15.8689935,45.8137596,15.8691352,45.813771],"tags":{"bridge":"yes","electrified":"contact_line","frequency":"50","gauge":"1435","layer":"1","loading_gauge":"TSI_GC","maxaxleload":"22.5","maxspeed":"120","name":"DG – S. Marof – Zagreb Gk","operator":"HŽ Infrastruktura","passenger_lines":"2","railway":"rail","railway:pzb":"yes","railway:traffic_mode":"mixed","ref":"M101","usage":"main","voltage":"25000"}},"geometry":{"type":"LineString","coordinates":[[15.8691352,45.8137596],[15.8689935,45.813771]]}},{"type":"Feature","properties":{"osmId":"415350569","railway_type":"rail","name":"Zagreb Gk – Velika Gorica","electrified":"contact_line","voltage":"25000","frequency":"50","bounds":[15.9810886,45.7528788,15.9852516,45.7558647],"tags":{"electrified":"contact_line","frequency":"50","gauge":"1435","loading_gauge":"TSI_GC","maxaxleload":"22","maxspeed":"100","name":"Zagreb Gk – Velika Gorica","operator":"HŽ Infrastruktura","passenger_lines":"1","railway":"rail","railway:pzb":"yes","railway:traffic_mode":"mixed","ref":"M502-1","usage":"main","voltage":"25000"}},"geometry":{"type":"LineString","coordinates":[[15.9852516,45.7528788],[15.984633,45.7533204],[15.9843826,45.753497],[15.9829586,45.7545225],[15.9810886,45.7558647]]}},{"type":"Feature","properties":{"osmId":"415350570","railway_type":"rail","name":"Zagreb Gk – Velika Gorica","electrified":"contact_line","voltage":"25000","frequency":"50","bounds":[15.9599871,45.7710806,15.9628088,45.7765034],"tags":{"electrified":"contact_line","embankment":"yes","frequency":"50","gauge":"1435","loading_gauge":"TSI_GC","maxaxleload":"22","maxspeed":"90","name":"Zagreb Gk – Velika Gorica","operator":"HŽ Infrastruktura","passenger_lines":"1","railway":"rail","railway:pzb":"yes","railway:traffic_mode":"mixed","ref":"M502-1","usage":"main","voltage":"25000"}},"geometry":{"type":"LineString","coordinates":[[15.9628088,45.7710806],[15.9626483,45.7714155],[15.9622479,45.7722346],[15.9621012,45.7725263],[15.9619493,45.7728419],[15.9616822,45.7733873],[15.9615617,45.7736221],[15.9612516,45.7742366],[15.96105,45.7745793],[15.960711,45.7751296],[15.9604463,45.7755453],[15.960279,45.7758365],[15.9601564,45.7760951],[15.9600936,45.7762458],[15.9599871,45.7765034]]}},{"type":"Feature","properties":{"osmId":"418283072","railway_type":"rail","name":null,"electrified":null,"voltage":null,"frequency":null,"bounds":[16.0520657,45.7784172,16.056997,45.7809315],"tags":{"gauge":"1435","railway":"rail","service":"spur"}},"geometry":{"type":"LineString","coordinates":[[16.056997,45.7784172],[16.0551123,45.7793626],[16.0550143,45.7794101],[16.0548895,45.7794718],[16.0546654,45.7795826],[16.0545618,45.779634],[16.0533102,45.7802548],[16.0524529,45.7806809],[16.0523453,45.7807405],[16.0522664,45.7807926],[16.0521653,45.780858],[16.0520657,45.7809315]]}},{"type":"Feature","properties":{"osmId":"418283073","railway_type":"rail","name":null,"electrified":null,"voltage":null,"frequency":null,"bounds":[16.0545618,45.7784325,16.0570662,45.779634],"tags":{"gauge":"1435","maxaxleload":"22.5","railway":"rail","service":"spur"}},"geometry":{"type":"LineString","coordinates":[[16.0545618,45.779634],[16.0547415,45.7795637],[16.0549092,45.7794909],[16.0550401,45.7794346],[16.0551208,45.7793947],[16.0570662,45.7784325]]}},{"type":"Feature","properties":{"osmId":"418359293","railway_type":"rail","name":null,"electrified":null,"voltage":null,"frequency":null,"bounds":[16.0547265,45.7811698,16.0550032,45.7833837],"tags":{"gauge":"1435","railway":"rail","service":"spur"}},"geometry":{"type":"LineString","coordinates":[[16.0550032,45.7811698],[16.0549487,45.7817716],[16.0549348,45.7819162],[16.0548674,45.7825807],[16.0548538,45.7827351],[16.0548401,45.7828146],[16.0548252,45.7828886],[16.0548047,45.7829937],[16.0547587,45.7832155],[16.0547265,45.7833837]]}},{"type":"Feature","properties":{"osmId":"418359294","railway_type":"rail","name":null,"electrified":null,"voltage":null,"frequency":null,"bounds":[16.0543346,45.7832849,16.0544087,45.7849155],"tags":{"gauge":"1435","railway":"rail","service":"spur"}},"geometry":{"type":"LineString","coordinates":[[16.0544087,45.7832849],[16.0543722,45.7836907],[16.0543391,45.7841053],[16.0543346,45.7841777],[16.0543346,45.7842438],[16.054338,45.7843058],[16.0543517,45.7844021],[16.0543768,45.784539],[16.0543928,45.7846711],[16.0543951,45.7847562],[16.0543951,45.7848278],[16.0543978,45.7849155]]}},{"type":"Feature","properties":{"osmId":"418359295","railway_type":"rail","name":null,"electrified":null,"voltage":null,"frequency":null,"bounds":[16.0540927,45.7829952,16.0548675,45.7864137],"tags":{"gauge":"1435","railway":"rail","service":"spur"}},"geometry":{"type":"LineString","coordinates":[[16.0548675,45.7829952],[16.0548191,45.7832156],[16.0547893,45.7833522],[16.0547751,45.783422],[16.054706,45.7837604],[16.054656,45.7839931],[16.0545497,45.7844884],[16.0544572,45.7849324],[16.054439,45.7850168],[16.0543216,45.7855765],[16.0542324,45.7859961],[16.0542199,45.7860432],[16.0541891,45.7861324],[16.0541526,45.786243],[16.0540927,45.7864137]]}},{"type":"Feature","properties":{"osmId":"418359296","railway_type":"rail","name":null,"electrified":null,"voltage":null,"frequency":null,"bounds":[16.0542991,45.7850168,16.054439,45.7853827],"tags":{"gauge":"1435","railway":"rail","service":"spur"}},"geometry":{"type":"LineString","coordinates":[[16.054439,45.7850168],[16.0544036,45.7850995],[16.0543488,45.7852459],[16.0542991,45.7853827]]}},{"type":"Feature","properties":{"osmId":"479214185","railway_type":"rail","name":null,"electrified":"contact_line","voltage":"25000","frequency":"50","bounds":[15.9295278,45.8097727,15.9399856,45.8103716],"tags":{"electrified":"contact_line","frequency":"50","gauge":"1435","maxaxleload":"22","operator":"HŽ Infrastruktura","railway":"rail","service":"yard","voltage":"25000"}},"geometry":{"type":"LineString","coordinates":[[15.9399856,45.8097798],[15.9398408,45.8097764],[15.9396385,45.8097727],[15.9394374,45.8097753],[15.939226,45.8097816],[15.9385743,45.809819],[15.9382464,45.8098373],[15.9376539,45.8098703],[15.9366653,45.8099232],[15.9355986,45.8099825],[15.9346835,45.8100327],[15.9338235,45.8100775],[15.932804,45.8101314],[15.9319795,45.8101811],[15.9317496,45.8101951],[15.93144,45.8102322],[15.9312894,45.8102549],[15.9311254,45.8102683],[15.9303122,45.8103177],[15.9300541,45.8103299],[15.92964,45.8103627],[15.9295278,45.8103716]]}},{"type":"Feature","properties":{"osmId":"481161465","railway_type":"rail","name":"Zagreb Gk – Rijeka","electrified":"contact_line","voltage":"25000","frequency":"50","bounds":[15.9586891,45.7753635,15.958704,45.7754035],"tags":{"bridge":"yes","electrified":"contact_line","frequency":"50","gauge":"1435","layer":"1","loading_gauge":"TSI_GC","maxaxleload":"22","maxspeed":"80","maxspeed:tilting":"90","name":"Zagreb Gk – Rijeka","operator":"HŽ Infrastruktura","passenger_lines":"1","railway":"rail","railway:pzb":"yes","railway:traffic_mode":"mixed","ref":"M202","usage":"main","voltage":"25000"}},"geometry":{"type":"LineString","coordinates":[[15.958704,45.7754035],[15.9586891,45.7753635]]}},{"type":"Feature","properties":{"osmId":"481161467","railway_type":"rail","name":"Zagreb Gk – Velika Gorica","electrified":"contact_line","voltage":"25000","frequency":"50","bounds":[15.9647255,45.7677818,15.9648098,45.7678739],"tags":{"bridge":"yes","electrified":"contact_line","frequency":"50","gauge":"1435","layer":"1","loading_gauge":"TSI_GC","maxaxleload":"22","maxspeed":"90","name":"Zagreb Gk – Velika Gorica","operator":"HŽ Infrastruktura","passenger_lines":"1","railway":"rail","railway:pzb":"yes","railway:traffic_mode":"mixed","ref":"M502-1","usage":"main","voltage":"25000"}},"geometry":{"type":"LineString","coordinates":[[15.9648098,45.7677818],[15.9647255,45.7678739]]}},{"type":"Feature","properties":{"osmId":"481161469","railway_type":"rail","name":"Zagreb Gk – Velika Gorica","electrified":"contact_line","voltage":"25000","frequency":"50","bounds":[15.9628088,45.7709681,15.962864,45.7710806],"tags":{"bridge":"yes","electrified":"contact_line","frequency":"50","gauge":"1435","layer":"1","loading_gauge":"TSI_GC","maxaxleload":"22","maxspeed":"90","name":"Zagreb Gk – Velika Gorica","operator":"HŽ Infrastruktura","passenger_lines":"1","railway":"rail","railway:pzb":"yes","railway:traffic_mode":"mixed","ref":"M502-1","usage":"main","voltage":"25000"}},"geometry":{"type":"LineString","coordinates":[[15.962864,45.7709681],[15.9628088,45.7710806]]}},{"type":"Feature","properties":{"osmId":"481161470","railway_type":"rail","name":"Zagreb Gk – Velika Gorica","electrified":"contact_line","voltage":"25000","frequency":"50","bounds":[15.962864,45.7678739,15.9647255,45.7709681],"tags":{"electrified":"contact_line","embankment":"yes","frequency":"50","gauge":"1435","loading_gauge":"TSI_GC","maxaxleload":"22","maxspeed":"90","name":"Zagreb Gk – Velika Gorica","operator":"HŽ Infrastruktura","passenger_lines":"1","railway":"rail","railway:pzb":"yes","railway:traffic_mode":"mixed","ref":"M502-1","usage":"main","voltage":"25000"}},"geometry":{"type":"LineString","coordinates":[[15.9647255,45.7678739],[15.9645097,45.7681178],[15.9643746,45.7682858],[15.9642267,45.7684799],[15.964089,45.7686681],[15.9638646,45.7690071],[15.9637795,45.7691578],[15.9636305,45.769427],[15.9634941,45.7696883],[15.9634743,45.7697255],[15.963053,45.7705869],[15.962864,45.7709681]]}},{"type":"Feature","properties":{"osmId":"524117057","railway_type":"rail","name":null,"electrified":null,"voltage":null,"frequency":null,"bounds":[16.1095372,45.8235803,16.112797,45.8242008],"tags":{"railway":"rail","service":"spur","usage":"industrial"}},"geometry":{"type":"LineString","coordinates":[[16.112797,45.8240839],[16.1122868,45.8241591],[16.1119614,45.8241904],[16.1117407,45.8242008],[16.1116054,45.8241992],[16.1115237,45.8241982],[16.1110186,45.8241539],[16.1107493,45.8241122],[16.1103976,45.8240209],[16.1100722,45.823888],[16.1099721,45.823838],[16.1098477,45.8237759],[16.1095372,45.8235803]]}},{"type":"Feature","properties":{"osmId":"559520890","railway_type":"rail","name":null,"electrified":null,"voltage":null,"frequency":null,"bounds":[15.8655238,45.8025998,15.8670207,45.802785],"tags":{"railway":"rail","service":"spur"}},"geometry":{"type":"LineString","coordinates":[[15.8670207,45.8025998],[15.8664872,45.8026648],[15.8663472,45.8026804],[15.8655238,45.802785]]}},{"type":"Feature","properties":{"osmId":"559520892","railway_type":"rail","name":null,"electrified":"no","voltage":null,"frequency":null,"bounds":[15.8655412,45.8025998,15.8670207,45.8028492],"tags":{"electrified":"no","railway":"rail","service":"spur"}},"geometry":{"type":"LineString","coordinates":[[15.8670207,45.8025998],[15.8664872,45.8026648],[15.8659199,45.8027922],[15.8656943,45.8028296],[15.8655412,45.8028492]]}},{"type":"Feature","properties":{"osmId":"592680449","railway_type":"rail","name":null,"electrified":"contact_line","voltage":"25000","frequency":"50","bounds":[15.9749689,45.7598265,15.9755634,45.7601939],"tags":{"electrified":"contact_line","frequency":"50","gauge":"1435","maxspeed":"50","operator":"HŽ Infrastruktura","railway":"rail","railway:pzb":"yes","service":"crossover","voltage":"25000"}},"geometry":{"type":"LineString","coordinates":[[15.9755634,45.7598265],[15.9749689,45.7601939]]}},{"type":"Feature","properties":{"osmId":"592680450","railway_type":"rail","name":null,"electrified":"contact_line","voltage":"25000","frequency":"50","bounds":[15.967166,45.7653817,15.9679071,45.765911],"tags":{"electrified":"contact_line","frequency":"50","gauge":"1435","operator":"HŽ Infrastruktura","railway":"rail","railway:pzb":"yes","service":"yard","voltage":"25000"}},"geometry":{"type":"LineString","coordinates":[[15.9679071,45.7653817],[15.967166,45.765911]]}},{"type":"Feature","properties":{"osmId":"592680451","railway_type":"rail","name":"DG – S. Marof – Zagreb Gk","electrified":"contact_line","voltage":"25000","frequency":"50","bounds":[15.9271571,45.810462,15.9294604,45.8105882],"tags":{"electrified":"contact_line","frequency":"50","gauge":"1435","loading_gauge":"TSI_GC","maxaxleload":"22","maxspeed":"60","name":"DG – S. Marof – Zagreb Gk","operator":"HŽ Infrastruktura","passenger_lines":"2","railway":"rail","railway:pzb":"yes","railway:traffic_mode":"mixed","ref":"M101","usage":"main","voltage":"25000"}},"geometry":{"type":"LineString","coordinates":[[15.9294604,45.810462],[15.9271571,45.8105882]]}},{"type":"Feature","properties":{"osmId":"592680452","railway_type":"rail","name":null,"electrified":"no","voltage":null,"frequency":null,"bounds":[15.9300541,45.8102375,15.9307109,45.8103299],"tags":{"electrified":"no","gauge":"1435","maxaxleload":"22","operator":"HŽ Infrastruktura","railway":"rail","service":"yard"}},"geometry":{"type":"LineString","coordinates":[[15.9307109,45.8102375],[15.9304808,45.810267],[15.9300541,45.8103299]]}},{"type":"Feature","properties":{"osmId":"592680454","railway_type":"rail","name":"Zagreb Gk – Rijeka","electrified":"contact_line","voltage":"25000","frequency":"50","bounds":[15.9720615,45.8040573,15.9726272,45.8041307],"tags":{"electrified":"contact_line","frequency":"50","gauge":"1435","loading_gauge":"TSI_GC","maxaxleload":"22","maxspeed":"50","maxspeed:tilting":"50","name":"Zagreb Gk – Rijeka","operator":"HŽ Infrastruktura","passenger_lines":"1","railway":"rail","railway:pzb":"yes","railway:traffic_mode":"mixed","ref":"M202","usage":"main","voltage":"25000"}},"geometry":{"type":"LineString","coordinates":[[15.9726272,45.8041307],[15.9720615,45.8040573]]}},{"type":"Feature","properties":{"osmId":"592686859","railway_type":"rail","name":null,"electrified":null,"voltage":null,"frequency":null,"bounds":[16.0541954,45.7874167,16.0547031,45.7882579],"tags":{"gauge":"1435","maxaxleload":"22.5","railway":"rail","service":"yard"}},"geometry":{"type":"LineString","coordinates":[[16.0541954,45.7874167],[16.0547031,45.7882579]]}},{"type":"Feature","properties":{"osmId":"592686860","railway_type":"rail","name":null,"electrified":"contact_line","voltage":"25000","frequency":"50","bounds":[16.0486116,45.776968,16.0487735,45.7773931],"tags":{"electrified":"contact_line","frequency":"50","gauge":"1435","maxaxleload":"22.5","operator":"HŽ Infrastruktura","railway":"rail","railway:pzb":"yes","service":"crossover","voltage":"25000"}},"geometry":{"type":"LineString","coordinates":[[16.0486116,45.776968],[16.0487735,45.7773931]]}},{"type":"Feature","properties":{"osmId":"592686861","railway_type":"rail","name":"DG – S. Marof – Zagreb Gk","electrified":"contact_line","voltage":"25000","frequency":"50","bounds":[15.9067945,45.8108419,15.9233187,45.8117403],"tags":{"electrified":"contact_line","frequency":"50","gauge":"1435","loading_gauge":"TSI_GC","maxaxleload":"22","maxspeed":"120","name":"DG – S. Marof – Zagreb Gk","operator":"HŽ Infrastruktura","passenger_lines":"2","railway":"rail","railway:pzb":"yes","railway:traffic_mode":"mixed","ref":"M101","usage":"main","voltage":"25000"}},"geometry":{"type":"LineString","coordinates":[[15.9233187,45.8108419],[15.9216759,45.8109315],[15.9213616,45.8109494],[15.9191187,45.8110742],[15.9155821,45.8112588],[15.913099,45.8113918],[15.911951,45.8114598],[15.9067945,45.8117403]]}},{"type":"Feature","properties":{"osmId":"592686862","railway_type":"rail","name":null,"electrified":"contact_line","voltage":"25000","frequency":"50","bounds":[15.9238217,45.8107202,15.9247576,45.8108154],"tags":{"electrified":"contact_line","frequency":"50","gauge":"1435","operator":"HŽ Infrastruktura","railway":"rail","railway:pzb":"yes","service":"crossover","voltage":"25000"}},"geometry":{"type":"LineString","coordinates":[[15.9247576,45.8107202],[15.9246177,45.810731],[15.9244829,45.810743],[15.9240905,45.8107941],[15.9239616,45.8108046],[15.9238217,45.8108154]]}},{"type":"Feature","properties":{"osmId":"593425307","railway_type":"rail","name":null,"electrified":"no","voltage":null,"frequency":null,"bounds":[16.0677098,45.8100457,16.0694518,45.8131601],"tags":{"electrified":"no","gauge":"1435","operator":"HŽ Infrastruktura","railway":"rail","service":"spur"}},"geometry":{"type":"LineString","coordinates":[[16.0677098,45.8100457],[16.0678956,45.8104983],[16.0679674,45.8106769],[16.0680355,45.8108261],[16.0681132,45.810962],[16.0694518,45.8131601]]}},{"type":"Feature","properties":{"osmId":"593429738","railway_type":"rail","name":null,"electrified":"no","voltage":null,"frequency":null,"bounds":[16.0076301,45.7567551,16.0153864,45.7573812],"tags":{"electrified":"no","gauge":"1435","maxaxleload":"22.5","railway":"rail","service":"yard"}},"geometry":{"type":"LineString","coordinates":[[16.0076301,45.7573812],[16.0077817,45.7573738],[16.0079245,45.7573714],[16.0081525,45.7573731],[16.0083283,45.7573666],[16.0086483,45.7573462],[16.0091858,45.7572991],[16.0135735,45.7569516],[16.0145842,45.7568722],[16.0146827,45.7568645],[16.01494,45.7568302],[16.0153864,45.7567551]]}},{"type":"Feature","properties":{"osmId":"614395922","railway_type":"rail","name":null,"electrified":null,"voltage":null,"frequency":null,"bounds":[15.8748811,45.8022944,15.881749,45.8031023],"tags":{"railway":"rail","service":"spur"}},"geometry":{"type":"LineString","coordinates":[[15.8748811,45.8031023],[15.8750094,45.8030956],[15.8751818,45.8030865],[15.8756054,45.803048],[15.8758245,45.8030031],[15.8761352,45.8029422],[15.8765651,45.8028862],[15.8773902,45.8028182],[15.8777843,45.8027546],[15.8780146,45.8027367],[15.8784858,45.8027389],[15.8794781,45.8026691],[15.8800452,45.8026225],[15.8806225,45.8025693],[15.8808689,45.8025301],[15.8810768,45.8024915],[15.881265,45.8024565],[15.8814256,45.8024175],[15.8815667,45.8023674],[15.881749,45.8022944]]}},{"type":"Feature","properties":{"osmId":"614395925","railway_type":"rail","name":null,"electrified":null,"voltage":null,"frequency":null,"bounds":[15.8757566,45.799702,15.8777843,45.8027724],"tags":{"railway":"rail","service":"spur"}},"geometry":{"type":"LineString","coordinates":[[15.8757566,45.799702],[15.87577,45.8000967],[15.8757835,45.8004173],[15.8758078,45.8009912],[15.8758174,45.8012196],[15.8758538,45.8014751],[15.8758705,45.8016516],[15.875981,45.8019962],[15.8760144,45.802073],[15.8760573,45.8021529],[15.8761198,45.8022395],[15.8761964,45.8023211],[15.8763038,45.8024211],[15.8764299,45.8025073],[15.8766255,45.8026091],[15.8767764,45.8026689],[15.8769033,45.8027035],[15.8770341,45.8027364],[15.8772068,45.8027605],[15.8773607,45.8027718],[15.8775223,45.8027724],[15.8777843,45.8027546]]}},{"type":"Feature","properties":{"osmId":"614395926","railway_type":"rail","name":null,"electrified":null,"voltage":null,"frequency":null,"bounds":[15.8756877,45.7997003,15.8758705,45.8016516],"tags":{"railway":"rail","service":"spur"}},"geometry":{"type":"LineString","coordinates":[[15.8756877,45.7997003],[15.8757164,45.8004186],[15.8757394,45.8009921],[15.8757475,45.8011956],[15.8757758,45.8013566],[15.8758705,45.8016516]]}},{"type":"Feature","properties":{"osmId":"677871543","railway_type":"rail","name":null,"electrified":null,"voltage":null,"frequency":null,"bounds":[15.9858154,45.8052494,15.9889627,45.8054002],"tags":{"gauge":"1435","railway":"rail","service":"yard"}},"geometry":{"type":"LineString","coordinates":[[15.9858154,45.8052494],[15.9884687,45.8053936],[15.9889627,45.8054002]]}},{"type":"Feature","properties":{"osmId":"677871544","railway_type":"rail","name":null,"electrified":null,"voltage":null,"frequency":null,"bounds":[15.9868347,45.8052581,15.9908969,45.8055461],"tags":{"gauge":"1435","railway":"rail","service":"yard"}},"geometry":{"type":"LineString","coordinates":[[15.9868347,45.8052581],[15.9884018,45.805357],[15.9885205,45.8053696],[15.98865,45.8053829],[15.9887714,45.8053913],[15.9888637,45.8053969],[15.9889627,45.8054002],[15.9893033,45.8054022],[15.9897321,45.8054058],[15.9899739,45.8054071],[15.9900954,45.8054129],[15.9901933,45.8054216],[15.9903246,45.8054363],[15.9905239,45.8054665],[15.9906525,45.8054891],[15.9907734,45.805514],[15.9908969,45.8055461]]}},{"type":"Feature","properties":{"osmId":"677906776","railway_type":"rail","name":null,"electrified":null,"voltage":null,"frequency":null,"bounds":[15.9891246,45.8052828,15.9903246,45.8054363],"tags":{"gauge":"1435","railway":"rail","service":"yard"}},"geometry":{"type":"LineString","coordinates":[[15.9903246,45.8054363],[15.9896867,45.8053509],[15.9894216,45.8053151],[15.9891246,45.8052828]]}},{"type":"Feature","properties":{"osmId":"677906777","railway_type":"rail","name":null,"electrified":null,"voltage":null,"frequency":null,"bounds":[15.9891463,45.8051857,15.9905644,45.8054513],"tags":{"gauge":"1435","railway":"rail","service":"yard"}},"geometry":{"type":"LineString","coordinates":[[15.9905644,45.8054513],[15.990449,45.8054244],[15.9903377,45.8054016],[15.9902119,45.8053788],[15.9900019,45.8053465],[15.9896747,45.8052904],[15.9891463,45.8051857]]}},{"type":"Feature","properties":{"osmId":"684029412","railway_type":"rail","name":null,"electrified":null,"voltage":null,"frequency":null,"bounds":[15.9882734,45.804791,15.9899051,45.8051363],"tags":{"gauge":"1435","railway":"rail","service":"yard"}},"geometry":{"type":"LineString","coordinates":[[15.9899051,45.8051363],[15.9894501,45.8050145],[15.9891282,45.8049287],[15.9889513,45.8048888],[15.9887753,45.8048532],[15.9886181,45.8048276],[15.9884987,45.8048128],[15.9884009,45.8048025],[15.9882734,45.804791]]}},{"type":"Feature","properties":{"osmId":"684029413","railway_type":"rail","name":null,"electrified":null,"voltage":null,"frequency":null,"bounds":[15.9886181,45.8048276,15.9904319,45.8050696],"tags":{"gauge":"1435","railway":"rail","service":"yard"}},"geometry":{"type":"LineString","coordinates":[[15.9886181,45.8048276],[15.9889735,45.8048748],[15.9890805,45.8048859],[15.9892069,45.8048974],[15.989364,45.8049061],[15.9895574,45.8049196],[15.9897822,45.8049417],[15.9899897,45.8049678],[15.9901482,45.8049949],[15.9902836,45.8050281],[15.9904319,45.8050696]]}},{"type":"Feature","properties":{"osmId":"687459340","railway_type":"rail","name":null,"electrified":null,"voltage":null,"frequency":null,"bounds":[16.0217417,45.754631,16.0222734,45.7547172],"tags":{"gauge":"1435","operator":"HŽ Infrastruktura","railway":"rail","service":"yard"}},"geometry":{"type":"LineString","coordinates":[[16.0217417,45.7547172],[16.0222734,45.754631]]}},{"type":"Feature","properties":{"osmId":"687459342","railway_type":"rail","name":null,"electrified":"no","voltage":null,"frequency":null,"bounds":[16.0099869,45.7550366,16.0229704,45.7577949],"tags":{"electrified":"no","gauge":"1435","operator":"HŽ Infrastruktura","railway":"rail","service":"yard"}},"geometry":{"type":"LineString","coordinates":[[16.0229704,45.7550366],[16.0228294,45.7550515],[16.0226655,45.7550711],[16.0224843,45.7550983],[16.0221424,45.7551521],[16.0219503,45.7551879],[16.0215161,45.7552966],[16.0212669,45.7553848],[16.0209902,45.7554922],[16.0208399,45.7555612],[16.0205541,45.7557134],[16.0203544,45.7557952],[16.0199806,45.7559448],[16.019702,45.7560701],[16.0195298,45.7561595],[16.0191908,45.7563615],[16.0190076,45.7564689],[16.018773,45.756575],[16.0184707,45.756676],[16.0182307,45.7567425],[16.018048,45.7567952],[16.0171606,45.7570391],[16.0165784,45.7571884],[16.0162719,45.7572575],[16.0159842,45.7573191],[16.0155499,45.7574009],[16.015013,45.7574815],[16.0145733,45.7575403],[16.0139778,45.7576003],[16.0132888,45.7576528],[16.0121289,45.7577461],[16.0116578,45.7577839],[16.0115385,45.7577905],[16.0114251,45.7577949],[16.0113176,45.7577945],[16.0110214,45.7577893],[16.0108992,45.7577865],[16.0106942,45.7577704],[16.0102471,45.7577269],[16.0099869,45.7577013]]}},{"type":"Feature","properties":{"osmId":"688053968","railway_type":"rail","name":null,"electrified":null,"voltage":null,"frequency":null,"bounds":[15.9307486,45.8026811,15.9321088,45.8039513],"tags":{"access":"private","railway":"rail","service":"spur"}},"geometry":{"type":"LineString","coordinates":[[15.9307486,45.8039513],[15.9307699,45.8038662],[15.9308477,45.8035698],[15.9309858,45.8033193],[15.9312299,45.80305],[15.9315665,45.8028397],[15.9318359,45.8027308],[15.9319084,45.8027041],[15.9320164,45.8026893],[15.9321088,45.8026811]]}},{"type":"Feature","properties":{"osmId":"689425290","railway_type":"rail","name":null,"electrified":null,"voltage":null,"frequency":null,"bounds":[15.9790347,45.8038445,15.9842016,45.8039961],"tags":{"railway":"rail","service":"spur"}},"geometry":{"type":"LineString","coordinates":[[15.9842016,45.8039961],[15.9816135,45.8038461],[15.9814319,45.8038445],[15.9813013,45.8038479],[15.9811787,45.8038565],[15.9808105,45.8038876],[15.9805019,45.8039181],[15.9801954,45.8039456],[15.9800497,45.803963],[15.9799349,45.8039703],[15.9798,45.8039788],[15.9796716,45.8039804],[15.9794602,45.8039799],[15.9790347,45.8039877]]}},{"type":"Feature","properties":{"osmId":"689425291","railway_type":"rail","name":null,"electrified":null,"voltage":null,"frequency":null,"bounds":[15.980079,45.8037325,15.9839349,45.8039028],"tags":{"railway":"rail","service":"spur"}},"geometry":{"type":"LineString","coordinates":[[15.9839349,45.8039028],[15.9829652,45.8038541],[15.9820231,45.8037952],[15.9813501,45.8037476],[15.9812173,45.8037387],[15.9810945,45.8037325],[15.9809241,45.8037364],[15.9807692,45.8037449],[15.9806828,45.8037544],[15.9805576,45.8037704],[15.9804218,45.8037929],[15.980079,45.8038568]]}},{"type":"Feature","properties":{"osmId":"689425292","railway_type":"rail","name":null,"electrified":null,"voltage":null,"frequency":null,"bounds":[15.9808105,45.8038776,15.9842213,45.8040384],"tags":{"railway":"rail","service":"spur"}},"geometry":{"type":"LineString","coordinates":[[15.9842213,45.8040384],[15.9814535,45.8038826],[15.9811907,45.8038783],[15.9810652,45.8038776],[15.9809504,45.8038806],[15.9808105,45.8038876]]}},{"type":"Feature","properties":{"osmId":"689425293","railway_type":"rail","name":null,"electrified":null,"voltage":null,"frequency":null,"bounds":[15.9805019,45.8039049,15.9841998,45.8040819],"tags":{"railway":"rail","service":"spur"}},"geometry":{"type":"LineString","coordinates":[[15.9841998,45.8040819],[15.9815362,45.8039255],[15.9811478,45.8039094],[15.980967,45.8039049],[15.9807519,45.803906],[15.9806244,45.803911],[15.9805019,45.8039181]]}},{"type":"Feature","properties":{"osmId":"689425294","railway_type":"rail","name":null,"electrified":null,"voltage":null,"frequency":null,"bounds":[15.9810945,45.8037325,15.983943,45.8038659],"tags":{"railway":"rail","service":"spur"}},"geometry":{"type":"LineString","coordinates":[[15.983943,45.8038659],[15.9818749,45.8037503],[15.9815802,45.8037423],[15.9810945,45.8037325]]}},{"type":"Feature","properties":{"osmId":"689425295","railway_type":"rail","name":null,"electrified":null,"voltage":null,"frequency":null,"bounds":[15.9807692,45.8036921,15.9839471,45.8038093],"tags":{"railway":"rail","service":"spur"}},"geometry":{"type":"LineString","coordinates":[[15.9839471,45.8038093],[15.982142,45.8037016],[15.9819566,45.8036942],[15.9817588,45.8036929],[15.9816056,45.8036921],[15.981151,45.8037087],[15.9807692,45.8037449]]}},{"type":"Feature","properties":{"osmId":"689425296","railway_type":"rail","name":null,"electrified":null,"voltage":null,"frequency":null,"bounds":[15.9816056,45.8036747,15.9839768,45.803768],"tags":{"railway":"rail","service":"spur"}},"geometry":{"type":"LineString","coordinates":[[15.9839768,45.803768],[15.9824223,45.8036816],[15.9822452,45.8036747],[15.9820353,45.8036776],[15.9816056,45.8036921]]}},{"type":"Feature","properties":{"osmId":"689425297","railway_type":"rail","name":null,"electrified":null,"voltage":null,"frequency":null,"bounds":[15.981151,45.8036407,15.9840131,45.8037248],"tags":{"railway":"rail","service":"spur"}},"geometry":{"type":"LineString","coordinates":[[15.9840131,45.8037248],[15.9826827,45.8036521],[15.9824299,45.8036407],[15.9821745,45.8036409],[15.9818566,45.8036484],[15.981688,45.80366],[15.9814746,45.803681],[15.9813308,45.803692],[15.981151,45.8037087]]}},{"type":"Feature","properties":{"osmId":"689425298","railway_type":"rail","name":null,"electrified":null,"voltage":null,"frequency":null,"bounds":[15.981688,45.8036022,15.9840131,45.8036779],"tags":{"railway":"rail","service":"spur"}},"geometry":{"type":"LineString","coordinates":[[15.9840131,45.8036779],[15.9829461,45.8036175],[15.982621,45.8036047],[15.9824861,45.8036022],[15.9823275,45.8036073],[15.9821902,45.8036139],[15.9820519,45.8036263],[15.981688,45.80366]]}},{"type":"Feature","properties":{"osmId":"689425299","railway_type":"rail","name":null,"electrified":null,"voltage":null,"frequency":null,"bounds":[15.9801954,45.8039331,15.9868441,45.8042553],"tags":{"railway":"rail","service":"spur"}},"geometry":{"type":"LineString","coordinates":[[15.9868441,45.8042527],[15.9866767,45.8042551],[15.986519,45.8042553],[15.9864006,45.8042527],[15.9858615,45.8042224],[15.981089,45.8039476],[15.9808565,45.8039373],[15.9807037,45.8039346],[15.9804304,45.8039331],[15.9803199,45.8039386],[15.9801954,45.8039456]]}},{"type":"Feature","properties":{"osmId":"689425300","railway_type":"rail","name":null,"electrified":null,"voltage":null,"frequency":null,"bounds":[15.9798,45.8039676,15.9858034,45.8042551],"tags":{"railway":"rail","service":"spur"}},"geometry":{"type":"LineString","coordinates":[[15.9858034,45.8042551],[15.9813786,45.8040094],[15.9807173,45.8039728],[15.9805419,45.803969],[15.9803204,45.8039676],[15.9798,45.8039788]]}},{"type":"Feature","properties":{"osmId":"689425301","railway_type":"rail","name":null,"electrified":null,"voltage":null,"frequency":null,"bounds":[15.9794602,45.8039799,15.9908283,45.8044683],"tags":{"gauge":"1435","railway":"rail","service":"yard"}},"geometry":{"type":"LineString","coordinates":[[15.9908283,45.8044683],[15.9889748,45.8043695],[15.988929,45.804367],[15.9878325,45.8043073],[15.98752,45.8042933],[15.9873076,45.8042879],[15.9871084,45.8042898],[15.9867603,45.8043035],[15.9865612,45.804309],[15.986386,45.8043061],[15.9862103,45.804301],[15.9860238,45.8042947],[15.9858935,45.804292],[15.9857233,45.8042909],[15.9850275,45.8043076],[15.9848825,45.804312],[15.984718,45.8043122],[15.9845539,45.8043079],[15.9844514,45.8043008],[15.9841852,45.8042862],[15.9840647,45.8042779],[15.9839322,45.804267],[15.9838136,45.804254],[15.983739,45.8042451],[15.9836604,45.8042346],[15.9835205,45.8042175],[15.9834244,45.8042073],[15.9832546,45.8041954],[15.9829757,45.8041787],[15.9803767,45.8040343],[15.9798604,45.8039998],[15.9796702,45.8039866],[15.9794602,45.8039799]]}},{"type":"Feature","properties":{"osmId":"689425302","railway_type":"rail","name":null,"electrified":null,"voltage":null,"frequency":null,"bounds":[15.9795243,45.8040288,15.9803767,45.8040493],"tags":{"railway":"rail","service":"spur"}},"geometry":{"type":"LineString","coordinates":[[15.9795243,45.8040493],[15.9799405,45.8040348],[15.9800703,45.8040295],[15.9802081,45.8040288],[15.9803767,45.8040343]]}},{"type":"Feature","properties":{"osmId":"689425303","railway_type":"rail","name":null,"electrified":null,"voltage":null,"frequency":null,"bounds":[15.9836604,45.8042346,15.9881544,45.8047831],"tags":{"gauge":"1435","railway":"rail","service":"yard"}},"geometry":{"type":"LineString","coordinates":[[15.9836604,45.8042346],[15.984002,45.8042917],[15.9843355,45.8043519],[15.9846678,45.8044129],[15.9850046,45.8044718],[15.9853364,45.8045334],[15.9860626,45.8046573],[15.9863358,45.8046882],[15.9870123,45.8047249],[15.9873744,45.8047431],[15.9881544,45.8047831]]}},{"type":"Feature","properties":{"osmId":"689425304","railway_type":"rail","name":null,"electrified":null,"voltage":null,"frequency":null,"bounds":[15.9853364,45.8045334,15.9861097,45.80461],"tags":{"gauge":"1435","railway":"rail","service":"yard"}},"geometry":{"type":"LineString","coordinates":[[15.9861097,45.80461],[15.9856882,45.8045808],[15.9855864,45.8045694],[15.9854711,45.8045527],[15.9853364,45.8045334]]}},{"type":"Feature","properties":{"osmId":"689425305","railway_type":"rail","name":null,"electrified":null,"voltage":null,"frequency":null,"bounds":[15.9850046,45.8044718,15.9861141,45.8045614],"tags":{"gauge":"1435","railway":"rail","service":"yard"}},"geometry":{"type":"LineString","coordinates":[[15.9861141,45.8045614],[15.9854424,45.8045271],[15.985324,45.8045165],[15.9852358,45.804508],[15.9851254,45.8044919],[15.9850046,45.8044718]]}},{"type":"Feature","properties":{"osmId":"689425306","railway_type":"rail","name":null,"electrified":null,"voltage":null,"frequency":null,"bounds":[15.9845539,45.8043079,15.9913723,45.8046215],"tags":{"gauge":"1435","railway":"rail","service":"yard"}},"geometry":{"type":"LineString","coordinates":[[15.9845539,45.8043079],[15.9857992,45.8043765],[15.9861673,45.8043927],[15.987241,45.8044545],[15.9873779,45.8044627],[15.9876302,45.8044694],[15.987784,45.8044684],[15.9879712,45.8044638],[15.9881134,45.8044627],[15.9882597,45.8044676],[15.9889426,45.8045017],[15.9896398,45.8045392],[15.9913723,45.8046215]]}},{"type":"Feature","properties":{"osmId":"689425307","railway_type":"rail","name":null,"electrified":null,"voltage":null,"frequency":null,"bounds":[15.9862103,45.804301,15.9912813,45.8045434],"tags":{"gauge":"1435","railway":"rail","service":"yard"}},"geometry":{"type":"LineString","coordinates":[[15.9912813,45.8045434],[15.9898459,45.8044692],[15.9879357,45.8043664],[15.9875225,45.8043465],[15.9872414,45.8043392],[15.9869041,45.8043352],[15.9866941,45.804328],[15.9862103,45.804301]]}},{"type":"Feature","properties":{"osmId":"689425308","railway_type":"rail","name":null,"electrified":null,"voltage":null,"frequency":null,"bounds":[15.9857233,45.8042211,15.9915357,45.8044282],"tags":{"gauge":"1435","railway":"rail","service":"yard"}},"geometry":{"type":"LineString","coordinates":[[15.9857233,45.8042909],[15.9860125,45.804286],[15.9865833,45.8042634],[15.9868441,45.8042527],[15.9872433,45.8042341],[15.987655,45.8042211],[15.9878847,45.8042343],[15.9915357,45.8044282]]}},{"type":"Feature","properties":{"osmId":"689425309","railway_type":"rail","name":null,"electrified":null,"voltage":null,"frequency":null,"bounds":[15.9878847,45.8042343,15.988929,45.804367],"tags":{"gauge":"1435","railway":"rail","service":"yard"}},"geometry":{"type":"LineString","coordinates":[[15.988929,45.804367],[15.9887992,45.8043558],[15.9886951,45.8043448],[15.9885991,45.8043326],[15.988214,45.8042688],[15.9881081,45.8042531],[15.9879856,45.8042416],[15.9878847,45.8042343]]}},{"type":"Feature","properties":{"osmId":"689425310","railway_type":"rail","name":null,"electrified":null,"voltage":null,"frequency":null,"bounds":[15.9873779,45.8044627,15.9893296,45.8046924],"tags":{"gauge":"1435","railway":"rail","service":"yard"}},"geometry":{"type":"LineString","coordinates":[[15.9873779,45.8044627],[15.9878878,45.8044904],[15.9879967,45.8044994],[15.98811,45.804513],[15.9883431,45.8045496],[15.9887548,45.804638],[15.9888904,45.8046626],[15.9889985,45.8046759],[15.9890982,45.8046849],[15.9893296,45.8046924]]}},{"type":"Feature","properties":{"osmId":"689425311","railway_type":"rail","name":null,"electrified":null,"voltage":null,"frequency":null,"bounds":[15.9883776,45.8046708,15.9893267,45.8047342],"tags":{"gauge":"1435","railway":"rail","service":"yard"}},"geometry":{"type":"LineString","coordinates":[[15.9893267,45.8047342],[15.9889641,45.8047168],[15.9887637,45.8047075],[15.9886294,45.804698],[15.9885008,45.8046864],[15.9883776,45.8046708]]}},{"type":"Feature","properties":{"osmId":"689425312","railway_type":"rail","name":null,"electrified":null,"voltage":null,"frequency":null,"bounds":[15.9861175,45.8045227,15.9878566,45.8046115],"tags":{"gauge":"1435","railway":"rail","service":"yard","tunnel":"building_passage"}},"geometry":{"type":"LineString","coordinates":[[15.9878566,45.8046115],[15.9861175,45.8045227]]}},{"type":"Feature","properties":{"osmId":"689425313","railway_type":"rail","name":null,"electrified":null,"voltage":null,"frequency":null,"bounds":[15.9846678,45.8044129,15.9861175,45.8045227],"tags":{"gauge":"1435","railway":"rail","service":"yard"}},"geometry":{"type":"LineString","coordinates":[[15.9861175,45.8045227],[15.9852241,45.8044736],[15.9850369,45.8044598],[15.9849066,45.8044456],[15.9847794,45.8044285],[15.9846678,45.8044129]]}},{"type":"Feature","properties":{"osmId":"689425314","railway_type":"rail","name":null,"electrified":null,"voltage":null,"frequency":null,"bounds":[15.9861097,45.80461,15.9875914,45.8046821],"tags":{"gauge":"1435","railway":"rail","service":"yard","tunnel":"building_passage"}},"geometry":{"type":"LineString","coordinates":[[15.9861097,45.80461],[15.9875914,45.8046821]]}},{"type":"Feature","properties":{"osmId":"689425315","railway_type":"rail","name":null,"electrified":null,"voltage":null,"frequency":null,"bounds":[15.9861141,45.8045614,15.9875961,45.8046425],"tags":{"gauge":"1435","railway":"rail","service":"yard","tunnel":"building_passage"}},"geometry":{"type":"LineString","coordinates":[[15.9861141,45.8045614],[15.9875961,45.8046425]]}},{"type":"Feature","properties":{"osmId":"689425316","railway_type":"rail","name":null,"electrified":null,"voltage":null,"frequency":null,"bounds":[15.9875914,45.8046711,15.9880893,45.8046882],"tags":{"gauge":"1435","railway":"rail","service":"yard"}},"geometry":{"type":"LineString","coordinates":[[15.9875914,45.8046821],[15.9877274,45.8046882],[15.9879656,45.8046785],[15.9880893,45.8046711]]}},{"type":"Feature","properties":{"osmId":"689425317","railway_type":"rail","name":null,"electrified":null,"voltage":null,"frequency":null,"bounds":[15.9875961,45.8046425,15.9878505,45.8046573],"tags":{"gauge":"1435","railway":"rail","service":"yard"}},"geometry":{"type":"LineString","coordinates":[[15.9875961,45.8046425],[15.9878505,45.8046573]]}},{"type":"Feature","properties":{"osmId":"689425318","railway_type":"rail","name":null,"electrified":null,"voltage":null,"frequency":null,"bounds":[15.9843355,45.8043519,15.9861213,45.804481],"tags":{"gauge":"1435","railway":"rail","service":"yard"}},"geometry":{"type":"LineString","coordinates":[[15.9861213,45.804481],[15.9850247,45.8044202],[15.9847646,45.8044032],[15.9845875,45.8043885],[15.9845056,45.8043794],[15.9844265,45.8043669],[15.9843355,45.8043519]]}},{"type":"Feature","properties":{"osmId":"689425319","railway_type":"rail","name":null,"electrified":null,"voltage":null,"frequency":null,"bounds":[15.984002,45.8042917,15.9861673,45.8043952],"tags":{"railway":"rail","service":"spur"}},"geometry":{"type":"LineString","coordinates":[[15.984002,45.8042917],[15.98414,45.8043127],[15.984264,45.8043277],[15.9843978,45.8043413],[15.9845192,45.80435],[15.9854735,45.8043951],[15.9856311,45.8043952],[15.9857786,45.8043908],[15.9859389,45.8043874],[15.9861673,45.8043927]]}},{"type":"Feature","properties":{"osmId":"689425320","railway_type":"rail","name":null,"electrified":null,"voltage":null,"frequency":null,"bounds":[15.9878566,45.8046115,15.988087,45.8046411],"tags":{"gauge":"1435","railway":"rail","service":"yard"}},"geometry":{"type":"LineString","coordinates":[[15.988087,45.8046411],[15.9878566,45.8046115]]}},{"type":"Feature","properties":{"osmId":"689425321","railway_type":"rail","name":null,"electrified":null,"voltage":null,"frequency":null,"bounds":[15.9883732,45.8046869,15.9895524,45.8048811],"tags":{"gauge":"1435","railway":"rail","service":"yard"}},"geometry":{"type":"LineString","coordinates":[[15.9883732,45.8046869],[15.9889202,45.8048019],[15.9891153,45.8048318],[15.9892495,45.8048514],[15.9893845,45.8048665],[15.9895524,45.8048811]]}},{"type":"Feature","properties":{"osmId":"689425322","railway_type":"rail","name":null,"electrified":null,"voltage":null,"frequency":null,"bounds":[15.9893267,45.8047342,15.9903305,45.804792],"tags":{"gauge":"1435","railway":"rail","service":"yard","tunnel":"building_passage"}},"geometry":{"type":"LineString","coordinates":[[15.9893267,45.8047342],[15.9903305,45.804792]]}},{"type":"Feature","properties":{"osmId":"689425323","railway_type":"rail","name":null,"electrified":null,"voltage":null,"frequency":null,"bounds":[15.9893296,45.8046924,15.9903322,45.8047489],"tags":{"gauge":"1435","railway":"rail","service":"yard","tunnel":"building_passage"}},"geometry":{"type":"LineString","coordinates":[[15.9893296,45.8046924],[15.9903322,45.8047489]]}},{"type":"Feature","properties":{"osmId":"689425324","railway_type":"rail","name":null,"electrified":null,"voltage":null,"frequency":null,"bounds":[15.9903322,45.8047489,15.9909543,45.8047832],"tags":{"gauge":"1435","railway":"rail","service":"yard"}},"geometry":{"type":"LineString","coordinates":[[15.9903322,45.8047489],[15.9909543,45.8047832]]}},{"type":"Feature","properties":{"osmId":"689425325","railway_type":"rail","name":null,"electrified":null,"voltage":null,"frequency":null,"bounds":[15.9903305,45.804792,15.9909576,45.8048205],"tags":{"gauge":"1435","railway":"rail","service":"yard"}},"geometry":{"type":"LineString","coordinates":[[15.9903305,45.804792],[15.9909576,45.8048205]]}},{"type":"Feature","properties":{"osmId":"689425326","railway_type":"rail","name":null,"electrified":null,"voltage":null,"frequency":null,"bounds":[15.9878878,45.8044904,15.9909424,45.8047079],"tags":{"gauge":"1435","railway":"rail","service":"yard"}},"geometry":{"type":"LineString","coordinates":[[15.9878878,45.8044904],[15.9889446,45.8045459],[15.9900107,45.8045962],[15.9903993,45.8046178],[15.9905369,45.8046314],[15.9907097,45.8046617],[15.9909424,45.8047079]]}},{"type":"Feature","properties":{"osmId":"689425332","railway_type":"rail","name":null,"electrified":null,"voltage":null,"frequency":null,"bounds":[15.9779685,45.8041065,15.9847066,45.804471],"tags":{"railway":"rail","service":"yard"}},"geometry":{"type":"LineString","coordinates":[[15.9847066,45.804471],[15.9846032,45.8044566],[15.9844991,45.8044418],[15.9843749,45.8044269],[15.9784398,45.8041071],[15.9782733,45.8041065],[15.9780795,45.804109],[15.9779685,45.8041106]]}},{"type":"Feature","properties":{"osmId":"689425333","railway_type":"rail","name":null,"electrified":null,"voltage":null,"frequency":null,"bounds":[15.9783196,45.8040821,15.984369,45.8044123],"tags":{"railway":"rail","service":"yard"}},"geometry":{"type":"LineString","coordinates":[[15.9783196,45.8040883],[15.978477,45.8040828],[15.978575,45.8040821],[15.9787317,45.8040861],[15.9790757,45.8040975],[15.9840507,45.8043693],[15.9841638,45.8043826],[15.9842633,45.8043965],[15.984369,45.8044123]]}},{"type":"Feature","properties":{"osmId":"689425334","railway_type":"rail","name":null,"electrified":null,"voltage":null,"frequency":null,"bounds":[15.9790363,45.8040606,15.983969,45.8043416],"tags":{"railway":"rail","service":"yard"}},"geometry":{"type":"LineString","coordinates":[[15.983969,45.8043416],[15.9838398,45.8043222],[15.983707,45.8043063],[15.9835882,45.8042963],[15.9834599,45.8042883],[15.979347,45.8040702],[15.9790363,45.8040606]]}},{"type":"Feature","properties":{"osmId":"689425335","railway_type":"rail","name":null,"electrified":null,"voltage":null,"frequency":null,"bounds":[15.9861213,45.804481,15.9878616,45.8045744],"tags":{"gauge":"1435","railway":"rail","service":"yard","tunnel":"building_passage"}},"geometry":{"type":"LineString","coordinates":[[15.9861213,45.804481],[15.9878616,45.8045744]]}},{"type":"Feature","properties":{"osmId":"689425336","railway_type":"rail","name":null,"electrified":null,"voltage":null,"frequency":null,"bounds":[15.9878616,45.8045744,15.988078,45.8045869],"tags":{"gauge":"1435","railway":"rail","service":"yard"}},"geometry":{"type":"LineString","coordinates":[[15.9878616,45.8045744],[15.988078,45.8045869]]}},{"type":"Feature","properties":{"osmId":"689425339","railway_type":"rail","name":null,"electrified":null,"voltage":null,"frequency":null,"bounds":[15.9883431,45.8045496,15.9893338,45.8046435],"tags":{"gauge":"1435","railway":"rail","service":"yard"}},"geometry":{"type":"LineString","coordinates":[[15.9883431,45.8045496],[15.9885565,45.8045853],[15.9887168,45.8046117],[15.9888709,45.8046273],[15.9890461,45.8046365],[15.9893338,45.8046435]]}},{"type":"Feature","properties":{"osmId":"689425340","railway_type":"rail","name":null,"electrified":null,"voltage":null,"frequency":null,"bounds":[15.9893338,45.8046435,15.9903371,45.8047031],"tags":{"gauge":"1435","railway":"rail","service":"yard","tunnel":"building_passage"}},"geometry":{"type":"LineString","coordinates":[[15.9893338,45.8046435],[15.9903371,45.8047031]]}},{"type":"Feature","properties":{"osmId":"689425341","railway_type":"rail","name":null,"electrified":null,"voltage":null,"frequency":null,"bounds":[15.9903371,45.8047031,15.9909713,45.8047557],"tags":{"gauge":"1435","railway":"rail","service":"yard"}},"geometry":{"type":"LineString","coordinates":[[15.9903371,45.8047031],[15.9909713,45.8047557]]}},{"type":"Feature","properties":{"osmId":"689425343","railway_type":"rail","name":null,"electrified":null,"voltage":null,"frequency":null,"bounds":[15.9903242,45.804836,15.9909582,45.8048502],"tags":{"gauge":"1435","railway":"rail","service":"yard"}},"geometry":{"type":"LineString","coordinates":[[15.9909582,45.8048468],[15.9907736,45.8048502],[15.9906012,45.8048465],[15.9903242,45.804836]]}},{"type":"Feature","properties":{"osmId":"689425345","railway_type":"rail","name":null,"electrified":null,"voltage":null,"frequency":null,"bounds":[15.9893215,45.8047773,15.9903242,45.804836],"tags":{"gauge":"1435","railway":"rail","service":"yard","tunnel":"building_passage"}},"geometry":{"type":"LineString","coordinates":[[15.9903242,45.804836],[15.9893215,45.8047773]]}},{"type":"Feature","properties":{"osmId":"689425346","railway_type":"rail","name":null,"electrified":null,"voltage":null,"frequency":null,"bounds":[15.9885008,45.8046864,15.9893215,45.8047773],"tags":{"gauge":"1435","railway":"rail","service":"yard"}},"geometry":{"type":"LineString","coordinates":[[15.9885008,45.8046864],[15.9888965,45.8047345],[15.9890304,45.8047536],[15.9891212,45.8047648],[15.9893215,45.8047773]]}},{"type":"Feature","properties":{"osmId":"689425348","railway_type":"rail","name":null,"electrified":null,"voltage":null,"frequency":null,"bounds":[15.9889735,45.8048748,15.9898999,45.8050174],"tags":{"gauge":"1435","railway":"rail","service":"yard"}},"geometry":{"type":"LineString","coordinates":[[15.9898999,45.8050174],[15.9896713,45.8049728],[15.9889735,45.8048748]]}},{"type":"Feature","properties":{"osmId":"689429029","railway_type":"rail","name":null,"electrified":null,"voltage":null,"frequency":null,"bounds":[15.9830092,45.8017121,15.9857325,45.8020296],"tags":{"railway":"rail","service":"spur"}},"geometry":{"type":"LineString","coordinates":[[15.9857325,45.8017385],[15.9850117,45.8017121],[15.9845821,45.8017144],[15.9844378,45.8017219],[15.9842757,45.8017374],[15.9840917,45.8017581],[15.9839312,45.8017821],[15.9837451,45.8018174],[15.9835445,45.8018583],[15.9833556,45.8019114],[15.9830092,45.8020296]]}},{"type":"Feature","properties":{"osmId":"689429030","railway_type":"rail","name":null,"electrified":null,"voltage":null,"frequency":null,"bounds":[15.9835445,45.801667,15.9857354,45.8018583],"tags":{"railway":"rail","service":"spur"}},"geometry":{"type":"LineString","coordinates":[[15.9857354,45.8017028],[15.985004,45.8016698],[15.9847502,45.801667],[15.9845409,45.8016738],[15.9843695,45.8016877],[15.9841852,45.8017084],[15.9840367,45.8017314],[15.9838736,45.8017645],[15.9837244,45.8018049],[15.9835445,45.8018583]]}},{"type":"Feature","properties":{"osmId":"689429031","railway_type":"rail","name":null,"electrified":null,"voltage":null,"frequency":null,"bounds":[15.9842158,45.8016307,15.9857387,45.8016675],"tags":{"railway":"rail","service":"spur"}},"geometry":{"type":"LineString","coordinates":[[15.9857387,45.8016537],[15.985047,45.8016331],[15.9846436,45.8016307],[15.9842158,45.8016675]]}},{"type":"Feature","properties":{"osmId":"689429032","railway_type":"rail","name":null,"electrified":null,"voltage":null,"frequency":null,"bounds":[15.9846436,45.8015924,15.9857423,45.8016307],"tags":{"railway":"rail","service":"spur"}},"geometry":{"type":"LineString","coordinates":[[15.9846436,45.8016307],[15.984978,45.8016023],[15.9852505,45.8015924],[15.9854768,45.8015966],[15.9857423,45.80161]]}},{"type":"Feature","properties":{"osmId":"689429033","railway_type":"rail","name":null,"electrified":null,"voltage":null,"frequency":null,"bounds":[15.9850263,45.801548,15.9857452,45.8015635],"tags":{"railway":"rail","service":"spur"}},"geometry":{"type":"LineString","coordinates":[[15.9850263,45.8015555],[15.9852771,45.801548],[15.9857452,45.8015635]]}},{"type":"Feature","properties":{"osmId":"689429521","railway_type":"rail","name":null,"electrified":null,"voltage":null,"frequency":null,"bounds":[15.9875758,45.8017145,15.9885852,45.801767],"tags":{"railway":"rail","service":"spur"}},"geometry":{"type":"LineString","coordinates":[[15.9875758,45.8017145],[15.9885852,45.801767]]}},{"type":"Feature","properties":{"osmId":"689429522","railway_type":"rail","name":null,"electrified":null,"voltage":null,"frequency":null,"bounds":[15.9875703,45.8017587,15.9877416,45.8017678],"tags":{"railway":"rail","service":"spur"}},"geometry":{"type":"LineString","coordinates":[[15.9877416,45.8017678],[15.9875703,45.8017587]]}},{"type":"Feature","properties":{"osmId":"689429523","railway_type":"rail","name":null,"electrified":null,"voltage":null,"frequency":null,"bounds":[15.9875673,45.8018428,15.988303,45.8018792],"tags":{"railway":"rail","service":"spur"}},"geometry":{"type":"LineString","coordinates":[[15.988303,45.8018792],[15.9881114,45.80187],[15.9875673,45.8018428]]}},{"type":"Feature","properties":{"osmId":"689429524","railway_type":"rail","name":null,"electrified":null,"voltage":null,"frequency":null,"bounds":[15.9875684,45.8018003,15.9881114,45.80187],"tags":{"railway":"rail","service":"spur"}},"geometry":{"type":"LineString","coordinates":[[15.9875684,45.8018003],[15.9877908,45.8018191],[15.9881114,45.80187]]}},{"type":"Feature","properties":{"osmId":"689429525","railway_type":"rail","name":null,"electrified":null,"voltage":null,"frequency":null,"bounds":[15.9857325,45.8017385,15.9875673,45.8018428],"tags":{"layer":"-1","railway":"rail","service":"spur","tunnel":"yes"}},"geometry":{"type":"LineString","coordinates":[[15.9857325,45.8017385],[15.9875673,45.8018428]]}},{"type":"Feature","properties":{"osmId":"689429526","railway_type":"rail","name":null,"electrified":null,"voltage":null,"frequency":null,"bounds":[15.9857354,45.8017028,15.9875684,45.8018003],"tags":{"layer":"-1","railway":"rail","service":"spur","tunnel":"yes"}},"geometry":{"type":"LineString","coordinates":[[15.9857354,45.8017028],[15.9875684,45.8018003]]}},{"type":"Feature","properties":{"osmId":"689429527","railway_type":"rail","name":null,"electrified":"no","voltage":null,"frequency":null,"bounds":[15.9857476,45.8015197,15.9875526,45.8016042],"tags":{"electrified":"no","gauge":"1435","layer":"-1","maxaxleload":"22","railway":"rail","service":"spur","source":"Yahoo","tunnel":"yes"}},"geometry":{"type":"LineString","coordinates":[[15.9857476,45.8015197],[15.9862348,45.8015313],[15.9875526,45.8016042]]}},{"type":"Feature","properties":{"osmId":"689429528","railway_type":"rail","name":null,"electrified":null,"voltage":null,"frequency":null,"bounds":[15.9857387,45.8016537,15.9875703,45.8017587],"tags":{"layer":"-1","railway":"rail","service":"spur","tunnel":"yes"}},"geometry":{"type":"LineString","coordinates":[[15.9857387,45.8016537],[15.9875703,45.8017587]]}},{"type":"Feature","properties":{"osmId":"689429529","railway_type":"rail","name":null,"electrified":null,"voltage":null,"frequency":null,"bounds":[15.9857423,45.80161,15.9875758,45.8017145],"tags":{"layer":"-1","railway":"rail","service":"spur","tunnel":"yes"}},"geometry":{"type":"LineString","coordinates":[[15.9857423,45.80161],[15.9875758,45.8017145]]}},{"type":"Feature","properties":{"osmId":"689429530","railway_type":"rail","name":null,"electrified":null,"voltage":null,"frequency":null,"bounds":[15.9857452,45.8015635,15.9875486,45.8016546],"tags":{"layer":"-1","railway":"rail","service":"spur","tunnel":"yes"}},"geometry":{"type":"LineString","coordinates":[[15.9857452,45.8015635],[15.9862099,45.8015851],[15.9875486,45.8016546]]}},{"type":"Feature","properties":{"osmId":"690722664","railway_type":"rail","name":null,"electrified":null,"voltage":null,"frequency":null,"bounds":[16.0712569,45.7942807,16.0733073,45.7942939],"tags":{"gauge":"1435","highway":"service","maxaxleload":"22.5","oneway":"yes","railway":"rail","service":"spur"}},"geometry":{"type":"LineString","coordinates":[[16.0712569,45.7942807],[16.0733073,45.7942939]]}},{"type":"Feature","properties":{"osmId":"690722665","railway_type":"rail","name":null,"electrified":null,"voltage":null,"frequency":null,"bounds":[16.0696631,45.7942358,16.0704635,45.7944004],"tags":{"gauge":"1435","railway":"rail","service":"spur"}},"geometry":{"type":"LineString","coordinates":[[16.0696631,45.7942358],[16.0704635,45.7944004]]}},{"type":"Feature","properties":{"osmId":"690722666","railway_type":"rail","name":null,"electrified":null,"voltage":null,"frequency":null,"bounds":[16.0693049,45.7941665,16.0734233,45.7942184],"tags":{"gauge":"1435","railway":"rail","service":"spur"}},"geometry":{"type":"LineString","coordinates":[[16.0693049,45.7941665],[16.0697045,45.7942058],[16.0700066,45.7942115],[16.0706267,45.7942115],[16.0734233,45.7942184]]}},{"type":"Feature","properties":{"osmId":"690722667","railway_type":"rail","name":null,"electrified":null,"voltage":null,"frequency":null,"bounds":[16.0721704,45.7940695,16.0756082,45.7941246],"tags":{"gauge":"1435","railway":"rail","service":"spur"}},"geometry":{"type":"LineString","coordinates":[[16.0756082,45.7940878],[16.0731706,45.7940712],[16.0727316,45.7940695],[16.0726009,45.7940773],[16.0724084,45.794091],[16.0721704,45.7941246]]}},{"type":"Feature","properties":{"osmId":"690722668","railway_type":"rail","name":null,"electrified":null,"voltage":null,"frequency":null,"bounds":[16.0689732,45.794102,16.0693866,45.7942297],"tags":{"gauge":"1435","railway":"rail","service":"spur"}},"geometry":{"type":"LineString","coordinates":[[16.0689732,45.794102],[16.0693866,45.7942297]]}},{"type":"Feature","properties":{"osmId":"690722669","railway_type":"rail","name":null,"electrified":null,"voltage":null,"frequency":null,"bounds":[16.0600361,45.7938905,16.0672019,45.7939516],"tags":{"gauge":"1435","railway":"rail","service":"siding"}},"geometry":{"type":"LineString","coordinates":[[16.0672019,45.7939443],[16.0668723,45.7939173],[16.0666722,45.7939015],[16.0665046,45.7938923],[16.0663003,45.7938905],[16.061033,45.7938972],[16.0606584,45.7938985],[16.0605107,45.7939052],[16.0603425,45.7939201],[16.0600361,45.7939516]]}},{"type":"Feature","properties":{"osmId":"699135571","railway_type":"rail","name":null,"electrified":"no","voltage":null,"frequency":null,"bounds":[16.0041094,45.7574079,16.007269,45.7576593],"tags":{"electrified":"no","gauge":"1435","maxaxleload":"22.5","railway":"rail","service":"yard"}},"geometry":{"type":"LineString","coordinates":[[16.0041094,45.7576593],[16.0045732,45.7576188],[16.0063397,45.75748],[16.007269,45.7574079]]}},{"type":"Feature","properties":{"osmId":"699135572","railway_type":"rail","name":null,"electrified":"contact_line","voltage":"25000","frequency":"50","bounds":[16.0196795,45.7550227,16.0215329,45.7554448],"tags":{"electrified":"contact_line","frequency":"50","gauge":"1435","maxaxleload":"22","operator":"HŽ Infrastruktura","passenger_lines":"2","railway":"rail","service":"yard","voltage":"25000"}},"geometry":{"type":"LineString","coordinates":[[16.0215329,45.7550227],[16.0212838,45.755059],[16.0211061,45.7550885],[16.0208757,45.7551314],[16.020671,45.7551771],[16.0204772,45.7552264],[16.0201166,45.755324],[16.0196795,45.7554448]]}},{"type":"Feature","properties":{"osmId":"699135573","railway_type":"rail","name":null,"electrified":"no","voltage":null,"frequency":null,"bounds":[16.0063962,45.7574054,16.007269,45.7574182],"tags":{"electrified":"no","gauge":"1435","maxaxleload":"22.5","operator":"HŽ Infrastruktura","railway":"rail","railway:pzb":"yes","service":"yard"}},"geometry":{"type":"LineString","coordinates":[[16.007269,45.7574079],[16.0066982,45.7574054],[16.0065495,45.7574102],[16.0063962,45.7574182]]}},{"type":"Feature","properties":{"osmId":"699135575","railway_type":"rail","name":null,"electrified":"contact_line","voltage":"25000","frequency":"50","bounds":[15.9876869,45.7575388,15.9888808,45.7576766],"tags":{"electrified":"contact_line","frequency":"50","gauge":"1435","maxaxleload":"22","operator":"HŽ Infrastruktura","railway":"rail","railway:pzb":"yes","service":"crossover","voltage":"25000"}},"geometry":{"type":"LineString","coordinates":[[15.9888808,45.7575388],[15.988664,45.7575607],[15.9884749,45.7575809],[15.9880067,45.7576451],[15.9878677,45.7576589],[15.9876869,45.7576766]]}},{"type":"Feature","properties":{"osmId":"724591668","railway_type":"rail","name":null,"electrified":null,"voltage":null,"frequency":null,"bounds":[15.8653081,45.8138722,15.8687922,45.8140601],"tags":{"gauge":"1435","railway":"rail","service":"siding"}},"geometry":{"type":"LineString","coordinates":[[15.8687922,45.8138722],[15.8681099,45.8139076],[15.8675224,45.8139392],[15.8669513,45.8139727],[15.8663198,45.8140024],[15.8653081,45.8140601]]}},{"type":"Feature","properties":{"osmId":"724591669","railway_type":"rail","name":null,"electrified":"contact_line","voltage":null,"frequency":null,"bounds":[15.8636095,45.8141012,15.8646315,45.8141468],"tags":{"electrified":"contact_line","gauge":"1435","railway":"rail","service":"yard"}},"geometry":{"type":"LineString","coordinates":[[15.8646315,45.8141012],[15.8641243,45.814121],[15.8636095,45.8141468]]}},{"type":"Feature","properties":{"osmId":"724591670","railway_type":"rail","name":null,"electrified":null,"voltage":null,"frequency":null,"bounds":[15.853525,45.8145796,15.8540564,45.8146484],"tags":{"gauge":"1435","railway":"rail","service":"crossover"}},"geometry":{"type":"LineString","coordinates":[[15.8540564,45.8145796],[15.853525,45.8146484]]}},{"type":"Feature","properties":{"osmId":"724591671","railway_type":"rail","name":null,"electrified":null,"voltage":null,"frequency":null,"bounds":[15.8539139,45.814259,15.8632391,45.8146903],"tags":{"railway":"rail","service":"yard"}},"geometry":{"type":"LineString","coordinates":[[15.8539139,45.8146291],[15.8543048,45.8146386],[15.8546508,45.8146616],[15.8547527,45.8146691],[15.8549651,45.8146846],[15.8551546,45.8146903],[15.8555417,45.8146769],[15.8563489,45.8146319],[15.8571657,45.814586],[15.8579949,45.8145439],[15.8589311,45.8144951],[15.8614625,45.8143593],[15.8619279,45.8143296],[15.8632391,45.814259]]}},{"type":"Feature","properties":{"osmId":"724591672","railway_type":"rail","name":null,"electrified":"contact_line","voltage":null,"frequency":null,"bounds":[15.8636191,45.8141522,15.8642997,45.8141956],"tags":{"electrified":"contact_line","gauge":"1435","railway":"rail","service":"yard"}},"geometry":{"type":"LineString","coordinates":[[15.8642997,45.8141522],[15.8639843,45.8141765],[15.8636191,45.8141956]]}},{"type":"Feature","properties":{"osmId":"724591673","railway_type":"rail","name":null,"electrified":"contact_line","voltage":null,"frequency":null,"bounds":[15.8634187,45.8141956,15.8636191,45.8142081],"tags":{"bridge":"yes","electrified":"contact_line","gauge":"1435","layer":"1","railway":"rail","service":"yard"}},"geometry":{"type":"LineString","coordinates":[[15.8636191,45.8141956],[15.8634187,45.8142081]]}},{"type":"Feature","properties":{"osmId":"724591674","railway_type":"rail","name":null,"electrified":"contact_line","voltage":null,"frequency":null,"bounds":[15.8547527,45.8142081,15.8634187,45.8146691],"tags":{"electrified":"contact_line","gauge":"1435","railway":"rail","service":"yard"}},"geometry":{"type":"LineString","coordinates":[[15.8634187,45.8142081],[15.8609765,45.8143382],[15.8595969,45.8144157],[15.8580347,45.8144951],[15.8572577,45.8145391],[15.8561416,45.8146032],[15.8551724,45.814652],[15.8547527,45.8146691]]}},{"type":"Feature","properties":{"osmId":"724591675","railway_type":"rail","name":null,"electrified":"contact_line","voltage":null,"frequency":null,"bounds":[15.8543048,45.8141583,15.8634159,45.8146386],"tags":{"electrified":"contact_line","gauge":"1435","railway":"rail","service":"yard"}},"geometry":{"type":"LineString","coordinates":[[15.8634159,45.8141583],[15.8623905,45.814211],[15.8613815,45.8142674],[15.8604741,45.8143181],[15.8590958,45.8143918],[15.8576448,45.8144731],[15.8560853,45.8145573],[15.8547016,45.81463],[15.8543048,45.8146386]]}},{"type":"Feature","properties":{"osmId":"724591676","railway_type":"rail","name":null,"electrified":"contact_line","voltage":null,"frequency":null,"bounds":[15.8634159,45.8141468,15.8636095,45.8141583],"tags":{"bridge":"yes","electrified":"contact_line","gauge":"1435","layer":"1","railway":"rail","service":"yard"}},"geometry":{"type":"LineString","coordinates":[[15.8636095,45.8141468],[15.8634159,45.8141583]]}},{"type":"Feature","properties":{"osmId":"724591677","railway_type":"rail","name":null,"electrified":"contact_line","voltage":null,"frequency":null,"bounds":[15.8547237,45.8144623,15.8553418,45.8145436],"tags":{"electrified":"contact_line","gauge":"1435","railway":"rail","service":"yard"}},"geometry":{"type":"LineString","coordinates":[[15.8547237,45.8145436],[15.8551381,45.8144875],[15.8553418,45.8144623]]}},{"type":"Feature","properties":{"osmId":"724591678","railway_type":"rail","name":null,"electrified":"no","voltage":null,"frequency":null,"bounds":[15.8553418,45.8140994,15.8613313,45.8144623],"tags":{"electrified":"no","gauge":"1435","railway":"rail","service":"yard"}},"geometry":{"type":"LineString","coordinates":[[15.8553418,45.8144623],[15.8557806,45.8144081],[15.8559508,45.8143908],[15.8565397,45.8143554],[15.8574334,45.8143105],[15.8593031,45.8142071],[15.8613313,45.8140994]]}},{"type":"Feature","properties":{"osmId":"724756368","railway_type":"rail","name":null,"electrified":null,"voltage":null,"frequency":null,"bounds":[15.8514986,45.8150194,15.8560434,45.8152459],"tags":{"gauge":"1435","railway":"rail","service":"spur"}},"geometry":{"type":"LineString","coordinates":[[15.8560434,45.8150368],[15.8558317,45.8150278],[15.8556615,45.815023],[15.8555291,45.8150194],[15.8554165,45.8150278],[15.8550975,45.8150398],[15.8544131,45.8150673],[15.8526128,45.8151836],[15.8514986,45.8152459]]}},{"type":"Feature","properties":{"osmId":"724756369","railway_type":"rail","name":null,"electrified":null,"voltage":null,"frequency":null,"bounds":[15.8524749,45.8150025,15.8555291,45.8151436],"tags":{"gauge":"1435","railway":"rail","service":"spur"}},"geometry":{"type":"LineString","coordinates":[[15.8555291,45.8150194],[15.8554165,45.815011],[15.8551326,45.8150025],[15.8539858,45.8150554],[15.8524749,45.8151436]]}},{"type":"Feature","properties":{"osmId":"724756370","railway_type":"rail","name":null,"electrified":null,"voltage":null,"frequency":null,"bounds":[15.8522296,45.8150585,15.8556418,45.8152888],"tags":{"gauge":"1435","railway":"rail","service":"spur"}},"geometry":{"type":"LineString","coordinates":[[15.8556418,45.8150585],[15.8554242,45.8150968],[15.8551813,45.8151287],[15.8548366,45.8151464],[15.8522296,45.8152888]]}},{"type":"Feature","properties":{"osmId":"724762963","railway_type":"rail","name":null,"electrified":null,"voltage":null,"frequency":null,"bounds":[15.8713858,45.8079487,15.8727763,45.8082292],"tags":{"railway":"rail","service":"spur","tunnel":"building_passage"}},"geometry":{"type":"LineString","coordinates":[[15.8727763,45.8079487],[15.8713858,45.8082292]]}},{"type":"Feature","properties":{"osmId":"724762964","railway_type":"rail","name":null,"electrified":null,"voltage":null,"frequency":null,"bounds":[15.8705338,45.8082571,15.8712514,45.8083363],"tags":{"railway":"rail","service":"spur"}},"geometry":{"type":"LineString","coordinates":[[15.8705338,45.8083363],[15.8707346,45.8083078],[15.8711034,45.8082716],[15.8712514,45.8082571]]}},{"type":"Feature","properties":{"osmId":"724766037","railway_type":"rail","name":null,"electrified":"no","voltage":null,"frequency":null,"bounds":[15.9296825,45.810267,15.9304808,45.8103164],"tags":{"electrified":"no","gauge":"1435","operator":"HŽ Infrastruktura","railway":"rail","service":"yard"}},"geometry":{"type":"LineString","coordinates":[[15.9296825,45.8103164],[15.9304808,45.810267]]}},{"type":"Feature","properties":{"osmId":"739579918","railway_type":"rail","name":null,"electrified":"contact_line","voltage":"25000","frequency":"50","bounds":[15.9740143,45.8042676,15.9740372,45.8042707],"tags":{"bridge":"yes","electrified":"contact_line","frequency":"50","gauge":"1435","layer":"1","maxaxleload":"22","operator":"HŽ Infrastruktura","railway":"rail","service":"siding","voltage":"25000"}},"geometry":{"type":"LineString","coordinates":[[15.9740143,45.8042676],[15.9740372,45.8042707]]}},{"type":"Feature","properties":{"osmId":"739579919","railway_type":"rail","name":null,"electrified":"contact_line","voltage":"25000","frequency":"50","bounds":[15.974253,45.8042977,15.9772098,45.8045086],"tags":{"electrified":"contact_line","frequency":"50","gauge":"1435","maxaxleload":"22","operator":"HŽ Infrastruktura","railway":"rail","railway:track_ref":"2","service":"siding","voltage":"25000"}},"geometry":{"type":"LineString","coordinates":[[15.974253,45.8042977],[15.9744701,45.8043273],[15.9746126,45.8043436],[15.9748044,45.8043646],[15.9749132,45.8043747],[15.9750196,45.8043822],[15.9769168,45.8044917],[15.9772098,45.8045086]]}},{"type":"Feature","properties":{"osmId":"739579920","railway_type":"rail","name":null,"electrified":"contact_line","voltage":"25000","frequency":"50","bounds":[15.9742587,45.8042613,15.9772206,45.8044251],"tags":{"electrified":"contact_line","frequency":"50","gauge":"1435","maxaxleload":"22","operator":"HŽ Infrastruktura","railway":"rail","railway:track_ref":"1","service":"siding","voltage":"25000"}},"geometry":{"type":"LineString","coordinates":[[15.9742587,45.8042613],[15.9764722,45.8043809],[15.9765921,45.8043859],[15.9772206,45.8044251]]}},{"type":"Feature","properties":{"osmId":"739579922","railway_type":"rail","name":null,"electrified":"contact_line","voltage":"25000","frequency":"50","bounds":[15.9740167,45.8042481,15.9742587,45.8042613],"tags":{"bridge":"yes","electrified":"contact_line","frequency":"50","gauge":"1435","layer":"1","maxaxleload":"22","operator":"HŽ Infrastruktura","railway":"rail","service":"siding","voltage":"25000"}},"geometry":{"type":"LineString","coordinates":[[15.9740167,45.8042481],[15.9740239,45.8042484],[15.9742587,45.8042613]]}},{"type":"Feature","properties":{"osmId":"739579923","railway_type":"rail","name":"DG – S. Marof – Zagreb Gk","electrified":"contact_line","voltage":"25000","frequency":"50","bounds":[15.9693525,45.8040149,15.9726272,45.8041307],"tags":{"electrified":"contact_line","frequency":"50","gauge":"1435","loading_gauge":"TSI_GC","maxaxleload":"22","maxspeed":"50","name":"DG – S. Marof – Zagreb Gk","operator":"HŽ Infrastruktura","passenger_lines":"2","railway":"rail","railway:pzb":"yes","railway:traffic_mode":"mixed","ref":"M101","usage":"main","voltage":"25000"}},"geometry":{"type":"LineString","coordinates":[[15.9726272,45.8041307],[15.9719516,45.8040936],[15.971114,45.8040476],[15.9707632,45.8040315],[15.9704775,45.8040228],[15.9702961,45.8040188],[15.9700247,45.8040149],[15.969692,45.8040149],[15.9693525,45.8040223]]}},{"type":"Feature","properties":{"osmId":"739579924","railway_type":"rail","name":"DG – S. Marof – Zagreb Gk","electrified":"contact_line","voltage":"25000","frequency":"50","bounds":[15.9726224,45.8040883,15.9740289,45.8041627],"tags":{"electrified":"contact_line","frequency":"50","gauge":"1435","loading_gauge":"TSI_GC","maxaxleload":"22","maxspeed":"50","name":"DG – S. Marof – Zagreb Gk","operator":"HŽ Infrastruktura","passenger_lines":"2","railway":"rail","railway:pzb":"yes","railway:traffic_mode":"mixed","ref":"M101","usage":"main","voltage":"25000"}},"geometry":{"type":"LineString","coordinates":[[15.9740289,45.8041627],[15.9726224,45.8040883]]}},{"type":"Feature","properties":{"osmId":"739579925","railway_type":"rail","name":null,"electrified":null,"voltage":null,"frequency":null,"bounds":[15.9740347,45.8041215,15.9742791,45.8041349],"tags":{"bridge":"yes","gauge":"1435","layer":"1","operator":"HŽ Infrastruktura","railway":"rail","service":"yard"}},"geometry":{"type":"LineString","coordinates":[[15.9740347,45.8041215],[15.9742791,45.8041349]]}},{"type":"Feature","properties":{"osmId":"739579926","railway_type":"rail","name":"DG – S. Marof – Zagreb Gk","electrified":"contact_line","voltage":"25000","frequency":"50","bounds":[15.9740226,45.8042068,15.9742654,45.8042205],"tags":{"bridge":"yes","electrified":"contact_line","frequency":"50","gauge":"1435","layer":"1","loading_gauge":"TSI_GC","maxaxleload":"22","maxspeed":"50","name":"DG – S. Marof – Zagreb Gk","operator":"HŽ Infrastruktura","passenger_lines":"2","railway":"rail","railway:pzb":"yes","railway:traffic_mode":"mixed","ref":"M101","usage":"main","voltage":"25000"}},"geometry":{"type":"LineString","coordinates":[[15.9742654,45.8042205],[15.9740226,45.8042068]]}},{"type":"Feature","properties":{"osmId":"739579927","railway_type":"rail","name":"DG – S. Marof – Zagreb Gk","electrified":"contact_line","voltage":"25000","frequency":"50","bounds":[15.9740289,45.8041627,15.9742725,45.8041755],"tags":{"bridge":"yes","electrified":"contact_line","frequency":"50","gauge":"1435","layer":"1","loading_gauge":"TSI_GC","maxaxleload":"22","maxspeed":"50","name":"DG – S. Marof – Zagreb Gk","operator":"HŽ Infrastruktura","passenger_lines":"2","railway":"rail","railway:pzb":"yes","railway:traffic_mode":"mixed","ref":"M101","usage":"main","voltage":"25000"}},"geometry":{"type":"LineString","coordinates":[[15.9742725,45.8041755],[15.9740289,45.8041627]]}},{"type":"Feature","properties":{"osmId":"739579928","railway_type":"rail","name":null,"electrified":null,"voltage":null,"frequency":null,"bounds":[15.9742791,45.8041349,15.9760573,45.8042224],"tags":{"gauge":"1435","operator":"HŽ Infrastruktura","railway":"rail","service":"yard"}},"geometry":{"type":"LineString","coordinates":[[15.9742791,45.8041349],[15.9751829,45.804183],[15.9757525,45.8042182],[15.975892,45.804222],[15.9760573,45.8042224]]}},{"type":"Feature","properties":{"osmId":"739583166","railway_type":"rail","name":null,"electrified":null,"voltage":null,"frequency":null,"bounds":[15.9131231,45.810804,15.919788,45.8112977],"tags":{"railway":"rail","service":"yard"}},"geometry":{"type":"LineString","coordinates":[[15.919788,45.810804],[15.9196479,45.8108149],[15.9195472,45.8108261],[15.919429,45.8108414],[15.9191944,45.8108707],[15.9186398,45.8109459],[15.9181127,45.8110124],[15.9179556,45.8110284],[15.9177763,45.8110437],[15.9173615,45.8110638],[15.9131231,45.8112977]]}},{"type":"Feature","properties":{"osmId":"739583167","railway_type":"rail","name":null,"electrified":null,"voltage":null,"frequency":null,"bounds":[15.9107198,45.8108981,15.918082,45.8112967],"tags":{"railway":"rail","service":"yard"}},"geometry":{"type":"LineString","coordinates":[[15.918082,45.8108981],[15.9172418,45.8109404],[15.9107198,45.8112967]]}},{"type":"Feature","properties":{"osmId":"744840520","railway_type":"rail","name":null,"electrified":"contact_line","voltage":"25000","frequency":"50","bounds":[15.9302224,45.809797,15.9403279,45.8104159],"tags":{"electrified":"contact_line","frequency":"50","gauge":"1435","operator":"HŽ Infrastruktura","railway":"rail","service":"yard","voltage":"25000"}},"geometry":{"type":"LineString","coordinates":[[15.9403279,45.8098012],[15.9401961,45.8097981],[15.9400304,45.809797],[15.9396683,45.8098039],[15.9388742,45.8098418],[15.9379042,45.8098957],[15.9347009,45.8100722],[15.9317259,45.8102395],[15.9315107,45.8102643],[15.9313551,45.8102832],[15.93113,45.8103126],[15.9306996,45.8103697],[15.9305294,45.8103917],[15.9303919,45.8104034],[15.9302224,45.8104159]]}},{"type":"Feature","properties":{"osmId":"744840521","railway_type":"rail","name":null,"electrified":"contact_line","voltage":"25000","frequency":"50","bounds":[15.9293793,45.8103716,15.9295278,45.8103943],"tags":{"bridge":"yes","electrified":"contact_line","frequency":"50","gauge":"1435","layer":"1","maxaxleload":"22","railway":"rail","service":"yard","voltage":"25000"}},"geometry":{"type":"LineString","coordinates":[[15.9295278,45.8103716],[15.9293793,45.8103943]]}},{"type":"Feature","properties":{"osmId":"744840523","railway_type":"rail","name":null,"electrified":"contact_line","voltage":"25000","frequency":"50","bounds":[15.9303122,45.8097477,15.9396384,45.8103177],"tags":{"electrified":"contact_line","frequency":"50","gauge":"1435","operator":"HŽ Infrastruktura","railway":"rail","service":"yard","voltage":"25000"}},"geometry":{"type":"LineString","coordinates":[[15.9303122,45.8103177],[15.9304882,45.8103052],[15.9306977,45.8102802],[15.931226,45.8102105],[15.9316151,45.8101627],[15.9317823,45.8101488],[15.931969,45.810136],[15.9327017,45.8100961],[15.9329778,45.8100804],[15.9390204,45.8097518],[15.9393285,45.8097477],[15.9394653,45.8097497],[15.9396384,45.8097581]]}},{"type":"Feature","properties":{"osmId":"744851136","railway_type":"rail","name":null,"electrified":"no","voltage":null,"frequency":null,"bounds":[15.9312402,45.8096241,15.9405745,45.8101697],"tags":{"electrified":"no","gauge":"1435","operator":"HŽ Infrastruktura","railway":"rail","service":"yard"}},"geometry":{"type":"LineString","coordinates":[[15.9312402,45.8101697],[15.9313748,45.810147],[15.9315335,45.8101163],[15.9316928,45.8100836],[15.931814,45.8100605],[15.9319775,45.8100371],[15.9321056,45.8100215],[15.9323635,45.8099913],[15.9326978,45.8099672],[15.9340105,45.8098969],[15.9366734,45.8097523],[15.938195,45.8096679],[15.938852,45.8096322],[15.9390683,45.8096277],[15.9393132,45.8096241],[15.9395295,45.8096308],[15.939713,45.8096418],[15.9399144,45.809657],[15.9400752,45.809673],[15.940246,45.8096988],[15.9404191,45.8097248],[15.9405745,45.8097439]]}},{"type":"Feature","properties":{"osmId":"744851137","railway_type":"rail","name":null,"electrified":"no","voltage":null,"frequency":null,"bounds":[15.9316928,45.8095832,15.940246,45.8100836],"tags":{"electrified":"no","gauge":"1435","operator":"HŽ Infrastruktura","railway":"rail","service":"yard"}},"geometry":{"type":"LineString","coordinates":[[15.940246,45.8096988],[15.9399054,45.8096382],[15.9397255,45.8096149],[15.9395116,45.8095948],[15.9393421,45.8095866],[15.9392258,45.8095832],[15.9390894,45.8095833],[15.9388941,45.8095861],[15.9383953,45.8096127],[15.936744,45.8097031],[15.9351474,45.8097914],[15.9334327,45.8098879],[15.9326502,45.8099291],[15.9325156,45.8099432],[15.9323322,45.8099646],[15.9321683,45.8099883],[15.9320277,45.8100119],[15.9316928,45.8100836]]}},{"type":"Feature","properties":{"osmId":"744851138","railway_type":"rail","name":null,"electrified":"no","voltage":null,"frequency":null,"bounds":[15.9320277,45.8095493,15.9395116,45.8100119],"tags":{"electrified":"no","gauge":"1435","operator":"HŽ Infrastruktura","railway":"rail","service":"yard"}},"geometry":{"type":"LineString","coordinates":[[15.9320277,45.8100119],[15.9324706,45.8099214],[15.9325987,45.8098994],[15.9327414,45.809883],[15.933418,45.8098462],[15.9356118,45.8097232],[15.937737,45.8096049],[15.9385784,45.8095612],[15.9387777,45.8095508],[15.9389193,45.8095493],[15.9391475,45.8095618],[15.9395116,45.8095948]]}},{"type":"Feature","properties":{"osmId":"744851139","railway_type":"rail","name":null,"electrified":"no","voltage":null,"frequency":null,"bounds":[15.9311929,45.8095063,15.9399054,45.8101439],"tags":{"electrified":"no","gauge":"1435","operator":"HŽ Infrastruktura","railway":"rail","service":"yard"}},"geometry":{"type":"LineString","coordinates":[[15.9399054,45.8096382],[15.9393307,45.8095453],[15.9390696,45.8095139],[15.9387191,45.8095063],[15.9376705,45.8095666],[15.9358583,45.8096651],[15.9344229,45.8097458],[15.933107,45.8098168],[15.9327422,45.8098454],[15.9325703,45.809866],[15.9324237,45.8098886],[15.9320979,45.8099534],[15.9318592,45.8100041],[15.9316385,45.8100509],[15.9311929,45.8101439]]}},{"type":"Feature","properties":{"osmId":"744851140","railway_type":"rail","name":null,"electrified":null,"voltage":null,"frequency":null,"bounds":[15.9318592,45.8096234,15.9358889,45.8100041],"tags":{"gauge":"1435","operator":"HŽ Infrastruktura","railway":"rail","service":"yard"}},"geometry":{"type":"LineString","coordinates":[[15.9318592,45.8100041],[15.931986,45.8099725],[15.932147,45.8099292],[15.9322644,45.8098978],[15.9324016,45.8098654],[15.9325502,45.8098338],[15.9327113,45.8098088],[15.9329416,45.8097839],[15.9333844,45.809752],[15.9348874,45.8096713],[15.9358889,45.8096234]]}},{"type":"Feature","properties":{"osmId":"744851143","railway_type":"rail","name":null,"electrified":"no","voltage":null,"frequency":null,"bounds":[15.9315806,45.809655,15.9419551,45.8101247],"tags":{"electrified":"no","gauge":"1435","maxaxleload":"22","operator":"HŽ Infrastruktura","railway":"rail","service":"yard"}},"geometry":{"type":"LineString","coordinates":[[15.9419551,45.8096999],[15.9416842,45.8097179],[15.9409768,45.8097552],[15.9408278,45.8097595],[15.9406823,45.8097533],[15.9405745,45.8097439],[15.9404219,45.8097307],[15.9401677,45.8097094],[15.9397163,45.8096684],[15.9395015,45.809658],[15.9392736,45.809655],[15.9388827,45.8096721],[15.9369711,45.8097784],[15.9334714,45.8099696],[15.932334,45.8100307],[15.932225,45.8100409],[15.9321395,45.8100512],[15.9320171,45.8100659],[15.9315806,45.8101247]]}},{"type":"Feature","properties":{"osmId":"744851144","railway_type":"rail","name":null,"electrified":"no","voltage":null,"frequency":null,"bounds":[15.9419551,45.8096909,15.9420645,45.8096999],"tags":{"bridge":"yes","electrified":"no","gauge":"1435","layer":"1","maxaxleload":"22","railway":"rail","service":"yard"}},"geometry":{"type":"LineString","coordinates":[[15.9420645,45.8096909],[15.9419551,45.8096999]]}},{"type":"Feature","properties":{"osmId":"744851145","railway_type":"rail","name":null,"electrified":"no","voltage":null,"frequency":null,"bounds":[15.9441482,45.8091267,15.9479347,45.8094301],"tags":{"electrified":"no","gauge":"1435","railway":"rail","service":"yard","usage":"industrial"}},"geometry":{"type":"LineString","coordinates":[[15.9479347,45.8091267],[15.9472025,45.8091671],[15.9467897,45.8091861],[15.9461845,45.8092221],[15.9451616,45.8092788],[15.9450545,45.8092844],[15.9447573,45.8093068],[15.9446913,45.8093148],[15.9445578,45.8093386],[15.944426,45.8093667],[15.9442655,45.8094058],[15.9441482,45.8094301]]}},{"type":"Feature","properties":{"osmId":"744851146","railway_type":"rail","name":null,"electrified":"no","voltage":null,"frequency":null,"bounds":[15.9437117,45.808859,15.9562053,45.8095017],"tags":{"electrified":"no","gauge":"1435","operator":"HŽ Infrastruktura","railway":"rail","service":"yard","usage":"industrial"}},"geometry":{"type":"LineString","coordinates":[[15.9437117,45.8094957],[15.9438005,45.8094841],[15.9438994,45.8094725],[15.9440322,45.8094636],[15.9441826,45.8094576],[15.9443265,45.8094612],[15.9445854,45.8094706],[15.9448234,45.8094857],[15.9451425,45.8095017],[15.9453047,45.8094998],[15.9457982,45.8094744],[15.947414,45.8093858],[15.9475816,45.8093707],[15.9480454,45.8093113],[15.9482252,45.8092925],[15.948525,45.8092714],[15.9488391,45.8092535],[15.9489932,45.8092444],[15.9493231,45.809235],[15.9497179,45.8092162],[15.9508334,45.8091587],[15.9523302,45.8090748],[15.9537499,45.8089966],[15.9551682,45.8089164],[15.9554725,45.8088979],[15.9562053,45.808859]]}},{"type":"Feature","properties":{"osmId":"744851147","railway_type":"rail","name":null,"electrified":"no","voltage":null,"frequency":null,"bounds":[15.9554725,45.8088945,15.9562454,45.8089028],"tags":{"electrified":"no","gauge":"1435","operator":"HŽ Infrasturktura","railway":"rail","service":"yard"}},"geometry":{"type":"LineString","coordinates":[[15.9554725,45.8088979],[15.9556243,45.8088947],[15.9557395,45.8088945],[15.9559915,45.8089028],[15.9561282,45.8089027],[15.9562454,45.8088998]]}},{"type":"Feature","properties":{"osmId":"744851148","railway_type":"rail","name":null,"electrified":"contact_line","voltage":"25000","frequency":"50","bounds":[15.9487187,45.8090558,15.9557486,45.8094874],"tags":{"electrified":"contact_line","frequency":"50","gauge":"1435","operator":"HŽ Infrastruktura","railway":"rail","service":"siding","voltage":"25000"}},"geometry":{"type":"LineString","coordinates":[[15.9487187,45.8094874],[15.9495002,45.8094412],[15.9497897,45.8094258],[15.95076,45.809374],[15.9512034,45.8093483],[15.9521039,45.809298],[15.9527704,45.8092622],[15.9532409,45.8092362],[15.9535953,45.809215],[15.9540513,45.80919],[15.9542394,45.8091783],[15.9549122,45.809143],[15.9550861,45.809134],[15.9551859,45.8091259],[15.9552782,45.8091174],[15.9557486,45.8090558]]}},{"type":"Feature","properties":{"osmId":"744851149","railway_type":"rail","name":null,"electrified":"contact_line","voltage":"25000","frequency":"50","bounds":[15.9498122,45.809374,15.95076,45.8093816],"tags":{"electrified":"contact_line","frequency":"50","gauge":"1435","operator":"HŽ Infrastruktura","railway":"rail","service":"siding","voltage":"25000"}},"geometry":{"type":"LineString","coordinates":[[15.9498122,45.8093816],[15.9499712,45.8093765],[15.950107,45.8093762],[15.9504525,45.8093804],[15.9505653,45.8093802],[15.9506449,45.8093786],[15.95076,45.809374]]}},{"type":"Feature","properties":{"osmId":"744851150","railway_type":"rail","name":null,"electrified":"contact_line","voltage":"25000","frequency":"50","bounds":[15.9476404,45.8094126,15.9484517,45.8094182],"tags":{"electrified":"contact_line","frequency":"50","gauge":"1435","operator":"HŽ Infrastruktura","railway":"rail","service":"yard","voltage":"25000"}},"geometry":{"type":"LineString","coordinates":[[15.9476404,45.8094164],[15.9477488,45.8094131],[15.947853,45.8094126],[15.9482555,45.8094177],[15.9483417,45.8094182],[15.9484517,45.8094158]]}},{"type":"Feature","properties":{"osmId":"744851151","railway_type":"rail","name":null,"electrified":null,"voltage":null,"frequency":null,"bounds":[15.9480752,45.8087734,15.9584187,45.8093921],"tags":{"gauge":"1435","railway":"rail","service":"yard"}},"geometry":{"type":"LineString","coordinates":[[15.9584187,45.8087734],[15.9582906,45.8087872],[15.9581745,45.808795],[15.9579177,45.8088101],[15.9575403,45.8088287],[15.9569557,45.8088586],[15.9568816,45.8088632],[15.9562454,45.8088998],[15.954352,45.809003],[15.9490227,45.8092969],[15.9488087,45.8093118],[15.9486225,45.8093311],[15.9485368,45.8093454],[15.9484055,45.8093619],[15.9483086,45.8093721],[15.9482076,45.8093818],[15.9480752,45.8093921]]}},{"type":"Feature","properties":{"osmId":"744851153","railway_type":"rail","name":null,"electrified":"contact_line","voltage":"25000","frequency":"50","bounds":[15.9559288,45.8089511,15.9568704,45.8089606],"tags":{"electrified":"contact_line","frequency":"50","gauge":"1435","operator":"HŽ Infrastruktura","railway":"rail","service":"yard","voltage":"25000"}},"geometry":{"type":"LineString","coordinates":[[15.9559288,45.8089606],[15.9560884,45.8089561],[15.9562489,45.8089543],[15.9565562,45.8089573],[15.9567378,45.808956],[15.9568704,45.8089511]]}},{"type":"Feature","properties":{"osmId":"744851154","railway_type":"rail","name":null,"electrified":"contact_line","voltage":"25000","frequency":"50","bounds":[15.9557486,45.8089759,15.956444,45.8090558],"tags":{"electrified":"contact_line","frequency":"50","gauge":"1435","loading_gauge":"TSI_GC","railway":"rail","service":"crossover","voltage":"25000"}},"geometry":{"type":"LineString","coordinates":[[15.9557486,45.8090558],[15.956444,45.8089759]]}},{"type":"Feature","properties":{"osmId":"744860647","railway_type":"rail","name":null,"electrified":"no","voltage":"25000","frequency":"50","bounds":[15.9550861,45.8090898,15.9558946,45.809134],"tags":{"electrified":"no","frequency":"50","gauge":"1435","operator":"HŽ Infrastruktura","railway":"rail","service":"siding","voltage":"25000"}},"geometry":{"type":"LineString","coordinates":[[15.9550861,45.809134],[15.9557556,45.8090967],[15.9558946,45.8090898]]}},{"type":"Feature","properties":{"osmId":"754881150","railway_type":"rail","name":null,"electrified":null,"voltage":null,"frequency":null,"bounds":[15.9785021,45.7576029,15.9787544,45.7577208],"tags":{"railway":"rail","service":"yard"}},"geometry":{"type":"LineString","coordinates":[[15.9785021,45.7577208],[15.9787544,45.7576029]]}},{"type":"Feature","properties":{"osmId":"754931436","railway_type":"rail","name":null,"electrified":"contact_line","voltage":"25000","frequency":"50","bounds":[15.9774365,45.753497,15.9843826,45.7585456],"tags":{"electrified":"contact_line","frequency":"50","gauge":"1435","railway":"rail","service":"yard","voltage":"25000"}},"geometry":{"type":"LineString","coordinates":[[15.9774365,45.7585456],[15.9776788,45.7583705],[15.9787544,45.7576029],[15.9791303,45.7573312],[15.9812577,45.7558019],[15.981376,45.7557169],[15.9830182,45.7545362],[15.9840441,45.753796],[15.9843826,45.753497]]}},{"type":"Feature","properties":{"osmId":"754931438","railway_type":"rail","name":null,"electrified":"contact_line","voltage":"25000","frequency":"50","bounds":[15.9778745,45.7578621,15.978222,45.7581723],"tags":{"electrified":"contact_line","frequency":"50","gauge":"1435","maxaxleload":"22","railway":"rail","railway:pzb":"yes","service":"crossover","voltage":"25000"}},"geometry":{"type":"LineString","coordinates":[[15.978222,45.7578621],[15.9778745,45.7581723]]}},{"type":"Feature","properties":{"osmId":"755032922","railway_type":"rail","name":null,"electrified":"no","voltage":null,"frequency":null,"bounds":[16.0041755,45.7563295,16.0048065,45.7563359],"tags":{"electrified":"no","railway":"rail","service":"yard"}},"geometry":{"type":"LineString","coordinates":[[16.0041755,45.7563348],[16.0042773,45.7563302],[16.0043641,45.7563295],[16.0044735,45.756331],[16.0048065,45.7563359]]}},{"type":"Feature","properties":{"osmId":"755032924","railway_type":"rail","name":null,"electrified":"no","voltage":null,"frequency":null,"bounds":[16.0243606,45.7540922,16.0340778,45.7550574],"tags":{"electrified":"no","gauge":"1435","operator":"HŽ Infrastruktura","railway":"rail","service":"yard"}},"geometry":{"type":"LineString","coordinates":[[16.0243606,45.7549945],[16.0248776,45.7550167],[16.0252026,45.7550307],[16.0255525,45.7550459],[16.0258252,45.7550574],[16.0259828,45.7550546],[16.0261365,45.7550477],[16.0264637,45.7550246],[16.0310428,45.7546588],[16.0312811,45.7546322],[16.0317387,45.7545671],[16.0322782,45.7544673],[16.0340778,45.7540922]]}},{"type":"Feature","properties":{"osmId":"755032925","railway_type":"rail","name":null,"electrified":"no","voltage":null,"frequency":null,"bounds":[16.0061941,45.7549171,16.0176152,45.7559344],"tags":{"electrified":"no","gauge":"1435","operator":"HŽ Infrastruktura","railway":"rail","service":"yard"}},"geometry":{"type":"LineString","coordinates":[[16.0061941,45.7559344],[16.0063097,45.7559066],[16.0064302,45.7558808],[16.0064864,45.7558689],[16.0065967,45.7558508],[16.006707,45.7558362],[16.0067974,45.7558274],[16.006891,45.755819],[16.0071143,45.7558034],[16.0072279,45.7557895],[16.007552,45.755737],[16.0080956,45.7556631],[16.0089863,45.7555859],[16.0126535,45.7552945],[16.0154837,45.7550684],[16.0170654,45.7549484],[16.0172676,45.7549296],[16.0173783,45.7549222],[16.0174815,45.7549183],[16.0176152,45.7549171]]}},{"type":"Feature","properties":{"osmId":"755032926","railway_type":"rail","name":null,"electrified":"no","voltage":null,"frequency":null,"bounds":[16.006707,45.7549091,16.0185066,45.7558362],"tags":{"electrified":"no","gauge":"1435","operator":"HŽ Infrastruktura","railway":"rail","service":"yard"}},"geometry":{"type":"LineString","coordinates":[[16.006707,45.7558362],[16.0068115,45.7558212],[16.0070345,45.7557843],[16.0077911,45.7556607],[16.0082579,45.7556044],[16.0092148,45.7555261],[16.0148932,45.7550768],[16.016937,45.7549161],[16.0171002,45.7549091],[16.0176152,45.7549171],[16.0177359,45.7549173],[16.0178447,45.7549249],[16.0179523,45.7549339],[16.0181118,45.7549521],[16.0185066,45.7549934]]}},{"type":"Feature","properties":{"osmId":"755032927","railway_type":"rail","name":null,"electrified":"no","voltage":null,"frequency":null,"bounds":[16.0064864,45.7548711,16.0179523,45.7558689],"tags":{"electrified":"no","gauge":"1435","operator":"HŽ Infrastruktura","railway":"rail","service":"yard"}},"geometry":{"type":"LineString","coordinates":[[16.0064864,45.7558689],[16.0065934,45.7558462],[16.0067019,45.7558198],[16.0068077,45.7557972],[16.0070774,45.7557459],[16.0074878,45.755667],[16.0080494,45.7555881],[16.0086772,45.7555287],[16.0100961,45.7554159],[16.0168463,45.754882],[16.0171019,45.7548711],[16.0173489,45.7548735],[16.0175836,45.7548942],[16.0179523,45.7549339]]}},{"type":"Feature","properties":{"osmId":"755032928","railway_type":"rail","name":null,"electrified":"no","voltage":null,"frequency":null,"bounds":[16.0067019,45.7548308,16.0171828,45.7558198],"tags":{"electrified":"no","gauge":"1435","operator":"HŽ Infrastruktura","railway":"rail","service":"yard"}},"geometry":{"type":"LineString","coordinates":[[16.0067019,45.7558198],[16.0068139,45.7557907],[16.0069159,45.7557591],[16.007031,45.7557247],[16.0071293,45.7556995],[16.0074487,45.7556347],[16.0080476,45.7555447],[16.0091072,45.7554526],[16.0155494,45.7549425],[16.016632,45.754859],[16.016841,45.754842],[16.0169498,45.7548353],[16.017044,45.7548322],[16.0171828,45.7548308]]}},{"type":"Feature","properties":{"osmId":"755032929","railway_type":"rail","name":null,"electrified":"no","voltage":null,"frequency":null,"bounds":[16.0066825,45.7548224,16.0180808,45.7557799],"tags":{"electrified":"no","gauge":"1435","operator":"HŽ Infrastruktura","railway":"rail","service":"yard"}},"geometry":{"type":"LineString","coordinates":[[16.0180808,45.7549215],[16.0179535,45.7548986],[16.0178013,45.7548772],[16.0175133,45.7548475],[16.0173869,45.7548372],[16.0173017,45.754834],[16.0171828,45.7548308],[16.0167088,45.7548236],[16.0165547,45.7548224],[16.0164043,45.7548272],[16.0162138,45.7548416],[16.0084618,45.7554547],[16.0081283,45.7554822],[16.0078854,45.7555096],[16.0075952,45.7555573],[16.0073746,45.7556013],[16.0071107,45.7556663],[16.0069255,45.7557176],[16.0066825,45.7557799]]}},{"type":"Feature","properties":{"osmId":"755032930","railway_type":"rail","name":null,"electrified":"no","voltage":null,"frequency":null,"bounds":[16.0064706,45.7547776,16.0175133,45.755845],"tags":{"electrified":"no","gauge":"1435","operator":"HŽ Infrastruktura","railway":"rail","service":"yard"}},"geometry":{"type":"LineString","coordinates":[[16.0064706,45.755845],[16.0065605,45.7558162],[16.0066825,45.7557799],[16.0070621,45.7556489],[16.0072315,45.7555967],[16.0074192,45.7555481],[16.0076477,45.7554987],[16.0079182,45.7554565],[16.0084947,45.7554089],[16.016292,45.7547923],[16.0165073,45.7547794],[16.0166675,45.7547776],[16.0168737,45.754784],[16.0171166,45.7548042],[16.0175133,45.7548475]]}},{"type":"Feature","properties":{"osmId":"755032931","railway_type":"rail","name":null,"electrified":"no","voltage":null,"frequency":null,"bounds":[16.0066716,45.754741,16.0171945,45.7557642],"tags":{"electrified":"no","gauge":"1435","operator":"HŽ Infrastruktura","railway":"rail","service":"yard"}},"geometry":{"type":"LineString","coordinates":[[16.0171945,45.7547628],[16.0170519,45.7547501],[16.0169574,45.7547449],[16.0167855,45.7547432],[16.0166097,45.754741],[16.0164246,45.7547455],[16.0160661,45.7547712],[16.0085472,45.7553658],[16.0080141,45.755408],[16.0078407,45.7554244],[16.0076608,45.755451],[16.0074074,45.7555051],[16.00724,45.7555514],[16.0070988,45.7555985],[16.0066716,45.7557642]]}},{"type":"Feature","properties":{"osmId":"755032932","railway_type":"rail","name":null,"electrified":"no","voltage":null,"frequency":null,"bounds":[16.0061273,45.7546342,16.0170904,45.7558261],"tags":{"electrified":"no","gauge":"1435","operator":"HŽ Infrastruktura","railway":"rail","service":"yard"}},"geometry":{"type":"LineString","coordinates":[[16.0061273,45.7558261],[16.0062325,45.755781],[16.0063376,45.7557391],[16.0063815,45.7557231],[16.0064873,45.7556868],[16.0065971,45.755652],[16.0066905,45.7556261],[16.0068552,45.7555873],[16.0069675,45.7555587],[16.0070534,45.7555335],[16.0072919,45.755451],[16.0075374,45.7553832],[16.007909,45.7553035],[16.0081468,45.7552638],[16.0085039,45.7552284],[16.0157759,45.7546558],[16.0159187,45.7546441],[16.0160462,45.7546382],[16.0162113,45.7546342],[16.0163187,45.7546368],[16.0164236,45.7546424],[16.0165508,45.7546528],[16.0168233,45.7546818],[16.0169442,45.7546985],[16.0170904,45.7547224]]}},{"type":"Feature","properties":{"osmId":"755032933","railway_type":"rail","name":null,"electrified":"no","voltage":null,"frequency":null,"bounds":[16.0063815,45.7545889,16.0165508,45.7557231],"tags":{"electrified":"no","gauge":"1435","operator":"HŽ Infrastruktura","railway":"rail","service":"yard"}},"geometry":{"type":"LineString","coordinates":[[16.0165508,45.7546528],[16.0161981,45.7546145],[16.0160148,45.7545979],[16.0158626,45.7545898],[16.0156774,45.7545889],[16.0154805,45.7545989],[16.0147688,45.7546539],[16.0084369,45.7551523],[16.0081795,45.7551725],[16.0079156,45.7552137],[16.0077107,45.7552559],[16.0074508,45.7553209],[16.0071632,45.755418],[16.0066994,45.7555884],[16.0065852,45.7556353],[16.0064844,45.7556802],[16.0063815,45.7557231]]}},{"type":"Feature","properties":{"osmId":"755032934","railway_type":"rail","name":null,"electrified":"no","voltage":null,"frequency":null,"bounds":[16.0065971,45.7546281,16.0162113,45.755652],"tags":{"electrified":"no","gauge":"1435","operator":"HŽ Infrastruktura","railway":"rail","service":"yard"}},"geometry":{"type":"LineString","coordinates":[[16.0065971,45.755652],[16.006706,45.7556157],[16.007133,45.7554675],[16.0075138,45.7553456],[16.0079248,45.755254],[16.0084251,45.7551936],[16.0155199,45.7546365],[16.0156787,45.7546301],[16.0158269,45.7546281],[16.0162113,45.7546342]]}},{"type":"Feature","properties":{"osmId":"755032935","railway_type":"rail","name":null,"electrified":"no","voltage":null,"frequency":null,"bounds":[16.0065852,45.7545475,16.0166594,45.7556353],"tags":{"electrified":"no","gauge":"1435","operator":"HŽ Infrastruktura","railway":"rail","service":"yard"}},"geometry":{"type":"LineString","coordinates":[[16.0166594,45.7546351],[16.0165508,45.7546158],[16.0164108,45.7545961],[16.0161155,45.7545636],[16.0160012,45.7545555],[16.0159087,45.7545513],[16.0157807,45.7545475],[16.0156164,45.75455],[16.0155013,45.7545567],[16.0153885,45.754566],[16.0148003,45.7546127],[16.0082649,45.7551267],[16.0080522,45.7551514],[16.0077738,45.7551991],[16.0075295,45.755254],[16.0071409,45.7553823],[16.0069639,45.7554514],[16.006861,45.755499],[16.0067797,45.7555388],[16.0066761,45.7555916],[16.0065852,45.7556353]]}},{"type":"Feature","properties":{"osmId":"755032936","railway_type":"rail","name":null,"electrified":"no","voltage":null,"frequency":null,"bounds":[16.006364,45.7545403,16.0157807,45.7556994],"tags":{"electrified":"no","gauge":"1435","operator":"HŽ Infrastruktura","railway":"rail","service":"yard"}},"geometry":{"type":"LineString","coordinates":[[16.006364,45.7556994],[16.0064451,45.7556542],[16.006544,45.7556018],[16.0068336,45.7554748],[16.0070699,45.7553676],[16.0072853,45.7552861],[16.0074915,45.7552192],[16.0077173,45.7551652],[16.0080193,45.7551111],[16.0083857,45.755069],[16.0149473,45.7545486],[16.0151297,45.7545403],[16.0152953,45.7545403],[16.0157807,45.7545475]]}},{"type":"Feature","properties":{"osmId":"755032937","railway_type":"rail","name":null,"electrified":"no","voltage":null,"frequency":null,"bounds":[16.006544,45.7544938,16.0161155,45.7556018],"tags":{"electrified":"no","gauge":"1435","operator":"HŽ Infrastruktura","railway":"rail","service":"yard"}},"geometry":{"type":"LineString","coordinates":[[16.0161155,45.7545636],[16.0155993,45.7545104],[16.0154524,45.7544991],[16.0153128,45.7544938],[16.0151364,45.7544972],[16.0149775,45.7545064],[16.0144129,45.7545495],[16.0082623,45.7550406],[16.007951,45.7550745],[16.0077685,45.7551038],[16.0075466,45.7551542],[16.0073404,45.7552201],[16.0071934,45.7552733],[16.0070594,45.755331],[16.0068887,45.7554125],[16.0067509,45.7554867],[16.006544,45.7556018]]}},{"type":"Feature","properties":{"osmId":"755032938","railway_type":"rail","name":null,"electrified":"no","voltage":null,"frequency":null,"bounds":[16.0065319,45.7544569,16.0162267,45.7555875],"tags":{"electrified":"no","gauge":"1435","operator":"HŽ Infrastruktura","railway":"rail","service":"yard"}},"geometry":{"type":"LineString","coordinates":[[16.0065319,45.7555875],[16.006957,45.755331],[16.007066,45.7552788],[16.0072262,45.755211],[16.0074613,45.7551267],[16.0076766,45.7550717],[16.0079497,45.7550286],[16.0083568,45.7549911],[16.0088479,45.7549526],[16.0149959,45.7544643],[16.0152008,45.7544569],[16.0153741,45.7544569],[16.015617,45.7544707],[16.0158573,45.7544945],[16.0159964,45.7545116],[16.0160896,45.754524],[16.0162267,45.7545471]]}},{"type":"Feature","properties":{"osmId":"755032939","railway_type":"rail","name":null,"electrified":"no","voltage":null,"frequency":null,"bounds":[16.0063119,45.7543812,16.0146329,45.7549851],"tags":{"electrified":"no","gauge":"1435","operator":"HŽ Infrastruktura","railway":"rail","service":"yard"}},"geometry":{"type":"LineString","coordinates":[[16.0146329,45.7543812],[16.0144877,45.7543831],[16.0143086,45.7543928],[16.0139043,45.7544269],[16.0133042,45.754481],[16.013119,45.7545048],[16.0128485,45.7545497],[16.0126135,45.7545726],[16.0118807,45.7546294],[16.0117192,45.7546349],[16.0115656,45.7546377],[16.0114024,45.7546359],[16.0112874,45.7546379],[16.011165,45.7546455],[16.0110509,45.7546542],[16.0103487,45.7547096],[16.0102643,45.7547146],[16.00877,45.7548328],[16.0086268,45.7548392],[16.0084811,45.754842],[16.0080389,45.7548345],[16.0075716,45.7548278],[16.0073559,45.7548255],[16.0071329,45.7548338],[16.0069625,45.7548501],[16.0067614,45.7548784],[16.0065805,45.7549149],[16.0064521,45.7549466],[16.0063119,45.7549851]]}},{"type":"Feature","properties":{"osmId":"755032940","railway_type":"rail","name":null,"electrified":null,"voltage":null,"frequency":null,"bounds":[16.0075716,45.7546554,16.0101003,45.7548278],"tags":{"gauge":"1435","operator":"HŽ Infrastruktura","railway":"rail","service":"yard"}},"geometry":{"type":"LineString","coordinates":[[16.0075716,45.7548278],[16.007699,45.754827],[16.0078551,45.7548197],[16.0080774,45.7548029],[16.0098161,45.7546656],[16.0099627,45.754657],[16.0101003,45.7546554]]}},{"type":"Feature","properties":{"osmId":"755032941","railway_type":"rail","name":null,"electrified":null,"voltage":null,"frequency":null,"bounds":[16.011165,45.7543778,16.0141601,45.7546455],"tags":{"gauge":"1435","operator":"HŽ Infrastruktura","railway":"rail","service":"yard"}},"geometry":{"type":"LineString","coordinates":[[16.0141601,45.7543778],[16.0140028,45.7543809],[16.013877,45.7543873],[16.0136997,45.7544016],[16.0133437,45.7544281],[16.0132136,45.7544437],[16.0129976,45.7544803],[16.0127097,45.7545226],[16.0124437,45.7545461],[16.0119656,45.754579],[16.011165,45.7546455]]}},{"type":"Feature","properties":{"osmId":"755032942","railway_type":"rail","name":null,"electrified":null,"voltage":null,"frequency":null,"bounds":[16.0080389,45.7545355,16.0119874,45.7548345],"tags":{"gauge":"1435","operator":"HŽ Infrastruktura","railway":"rail","service":"yard"}},"geometry":{"type":"LineString","coordinates":[[16.0119874,45.7545355],[16.0110496,45.7546103],[16.0104382,45.7546579],[16.0096742,45.7547188],[16.0085428,45.7548081],[16.0082555,45.7548293],[16.0081499,45.7548338],[16.0080389,45.7548345]]}},{"type":"Feature","properties":{"osmId":"755032943","railway_type":"rail","name":null,"electrified":null,"voltage":null,"frequency":null,"bounds":[16.0081556,45.7546518,16.0104382,45.7547658],"tags":{"gauge":"1435","operator":"HŽ Infrastruktura","railway":"rail","service":"yard"}},"geometry":{"type":"LineString","coordinates":[[16.0081556,45.7547658],[16.0094368,45.7546612],[16.0097146,45.7546518],[16.0101003,45.7546554],[16.0104382,45.7546579]]}},{"type":"Feature","properties":{"osmId":"755032944","railway_type":"rail","name":null,"electrified":"no","voltage":null,"frequency":null,"bounds":[16.0105607,45.7542146,16.0124679,45.7542892],"tags":{"electrified":"no","gauge":"1435","operator":"HŽ Infrastruktura","railway":"rail","service":"yard"}},"geometry":{"type":"LineString","coordinates":[[16.0124679,45.7542425],[16.0123182,45.7542296],[16.0122206,45.7542241],[16.0121291,45.7542224],[16.0116906,45.7542146],[16.0115434,45.754218],[16.011393,45.7542268],[16.0105607,45.7542892]]}},{"type":"Feature","properties":{"osmId":"755032945","railway_type":"rail","name":null,"electrified":"no","voltage":null,"frequency":null,"bounds":[16.0105695,45.7542224,16.0121291,45.754348],"tags":{"electrified":"no","gauge":"1435","operator":"HŽ Infrastruktura","railway":"rail","service":"yard"}},"geometry":{"type":"LineString","coordinates":[[16.0105695,45.754348],[16.0113021,45.7542879],[16.0115948,45.7542551],[16.0117268,45.7542405],[16.0118718,45.7542297],[16.0120025,45.7542242],[16.0121291,45.7542224]]}},{"type":"Feature","properties":{"osmId":"755032946","railway_type":"rail","name":null,"electrified":"no","voltage":null,"frequency":null,"bounds":[16.010549,45.7541657,16.0120103,45.7542112],"tags":{"electrified":"no","gauge":"1435","operator":"HŽ Infrastruktura","railway":"rail","service":"yard"}},"geometry":{"type":"LineString","coordinates":[[16.0120103,45.7541902],[16.0118959,45.7541812],[16.0117602,45.7541731],[16.0113206,45.7541657],[16.0111623,45.7541716],[16.010549,45.7542112]]}},{"type":"Feature","properties":{"osmId":"755032947","railway_type":"rail","name":null,"electrified":"no","voltage":null,"frequency":null,"bounds":[16.0105407,45.754119,16.011546,45.7541559],"tags":{"electrified":"no","gauge":"1435","operator":"HŽ Infrastruktura","railway":"rail","service":"yard"}},"geometry":{"type":"LineString","coordinates":[[16.0105407,45.7541559],[16.0110478,45.7541211],[16.0112102,45.754119],[16.0113979,45.7541275],[16.011546,45.7541381]]}},{"type":"Feature","properties":{"osmId":"755033385","railway_type":"rail","name":null,"electrified":"no","voltage":null,"frequency":null,"bounds":[16.0062798,45.7551422,16.019186,45.7563527],"tags":{"electrified":"no","gauge":"1435","operator":"HŽ Infrastruktura","railway":"rail","service":"yard"}},"geometry":{"type":"LineString","coordinates":[[16.019186,45.7551422],[16.0190421,45.7551563],[16.018915,45.7551748],[16.0187739,45.7552012],[16.0186321,45.7552353],[16.0184955,45.7552717],[16.0181266,45.7553736],[16.0175884,45.7555209],[16.0174236,45.7555573],[16.0172787,45.7555824],[16.0170955,45.7556034],[16.0170156,45.7556103],[16.0167279,45.755635],[16.0079271,45.7563316],[16.007672,45.7563478],[16.0074528,45.7563527],[16.0072464,45.7563519],[16.0069291,45.7563432],[16.0068159,45.7563395],[16.0066986,45.7563322],[16.0065855,45.7563282],[16.006527,45.7563292],[16.0064161,45.7563319],[16.0062798,45.7563372]]}},{"type":"Feature","properties":{"osmId":"755033386","railway_type":"rail","name":null,"electrified":"no","voltage":null,"frequency":null,"bounds":[16.0065855,45.7553736,16.0181266,45.7563282],"tags":{"electrified":"no","gauge":"1435","operator":"HŽ Infrastruktura","railway":"rail","service":"yard"}},"geometry":{"type":"LineString","coordinates":[[16.0065855,45.7563282],[16.0066997,45.7563257],[16.006816,45.7563215],[16.0069372,45.7563125],[16.0071351,45.7562936],[16.0072974,45.7562839],[16.0076245,45.7562709],[16.0080698,45.7562386],[16.0170688,45.7555249],[16.017178,45.7555164],[16.0173665,45.7555024],[16.0175285,45.7554869],[16.0176867,45.755465],[16.0178362,45.7554371],[16.0179642,45.7554134],[16.0181266,45.7553736]]}},{"type":"Feature","properties":{"osmId":"755033387","railway_type":"rail","name":null,"electrified":"no","voltage":null,"frequency":null,"bounds":[16.006816,45.755465,16.0176867,45.7563215],"tags":{"electrified":"no","gauge":"1435","operator":"HŽ Infrastruktura","railway":"rail","service":"yard"}},"geometry":{"type":"LineString","coordinates":[[16.0176867,45.755465],[16.0172393,45.7555435],[16.0171157,45.7555596],[16.0170313,45.7555691],[16.0168555,45.755584],[16.0078158,45.7562993],[16.0076407,45.7563098],[16.0073989,45.7563161],[16.0071329,45.7563183],[16.0069386,45.7563187],[16.006816,45.7563215]]}},{"type":"Feature","properties":{"osmId":"755033388","railway_type":"rail","name":null,"electrified":"no","voltage":null,"frequency":null,"bounds":[16.0068159,45.7555769,16.0176178,45.7563885],"tags":{"electrified":"no","gauge":"1435","operator":"HŽ Infrastruktura","railway":"rail","service":"yard"}},"geometry":{"type":"LineString","coordinates":[[16.0068159,45.7563395],[16.006936,45.7563498],[16.0070875,45.756368],[16.0072557,45.7563819],[16.0073931,45.7563885],[16.0075148,45.7563878],[16.0077381,45.756385],[16.0080327,45.7563632],[16.008449,45.7563316],[16.0168241,45.7556681],[16.0169365,45.7556597],[16.0170491,45.7556512],[16.0172092,45.755635],[16.0176178,45.7555769]]}},{"type":"Feature","properties":{"osmId":"755033389","railway_type":"rail","name":null,"electrified":"no","voltage":null,"frequency":null,"bounds":[16.0065809,45.7552717,16.0184955,45.756303],"tags":{"electrified":"no","gauge":"1435","operator":"HŽ Infrastruktura","railway":"rail","service":"yard"}},"geometry":{"type":"LineString","coordinates":[[16.0184955,45.7552717],[16.0183773,45.7553005],[16.0182797,45.7553222],[16.018177,45.7553416],[16.017765,45.7554125],[16.0176205,45.7554355],[16.0174854,45.7554519],[16.0172431,45.7554707],[16.0170022,45.7554893],[16.0074227,45.7562469],[16.0072163,45.7562592],[16.0069374,45.7562708],[16.0068125,45.7562779],[16.0066863,45.7562891],[16.0065809,45.756303]]}},{"type":"Feature","properties":{"osmId":"755033390","railway_type":"rail","name":null,"electrified":"no","voltage":null,"frequency":null,"bounds":[16.0068125,45.7553416,16.018177,45.7562779],"tags":{"electrified":"no","gauge":"1435","operator":"HŽ Infrastruktura","railway":"rail","service":"yard"}},"geometry":{"type":"LineString","coordinates":[[16.0068125,45.7562779],[16.0069307,45.7562644],[16.007125,45.7562362],[16.0073108,45.7562144],[16.0077747,45.7561792],[16.017313,45.7554236],[16.017675,45.7553948],[16.0178862,45.7553779],[16.018004,45.755366],[16.018177,45.7553416]]}},{"type":"Feature","properties":{"osmId":"755033391","railway_type":"rail","name":null,"electrified":"no","voltage":null,"frequency":null,"bounds":[16.0068066,45.7552476,16.018324,45.7562613],"tags":{"electrified":"no","gauge":"1435","operator":"HŽ Infrastruktura","railway":"rail","service":"yard"}},"geometry":{"type":"LineString","coordinates":[[16.018324,45.7552476],[16.0178272,45.7553324],[16.0177433,45.7553449],[16.0176507,45.7553547],[16.0173869,45.7553764],[16.0075992,45.7561483],[16.0073958,45.7561704],[16.007177,45.756202],[16.0068066,45.7562613]]}},{"type":"Feature","properties":{"osmId":"755034760","railway_type":"rail","name":null,"electrified":"no","voltage":null,"frequency":null,"bounds":[16.0065286,45.7561468,16.0169091,45.7569244],"tags":{"electrified":"no","gauge":"1435","operator":"HŽ Infrastruktura","railway":"rail","service":"yard"}},"geometry":{"type":"LineString","coordinates":[[16.0169091,45.7561468],[16.0167667,45.7561814],[16.0166901,45.7561978],[16.0165854,45.7562161],[16.0161655,45.7562908],[16.0159997,45.7563159],[16.0158083,45.7563329],[16.0148725,45.7564072],[16.0085232,45.7569114],[16.0083342,45.7569211],[16.0081719,45.7569244],[16.007991,45.7569171],[16.0077034,45.7568936],[16.0075348,45.7568692],[16.0073269,45.7568317],[16.0071351,45.756786],[16.0069925,45.7567472],[16.0067456,45.7566741],[16.0066504,45.7566513],[16.0065286,45.7566249]]}},{"type":"Feature","properties":{"osmId":"755034761","railway_type":"rail","name":null,"electrified":"no","voltage":null,"frequency":null,"bounds":[16.0067512,45.7562629,16.0153754,45.7567868],"tags":{"electrified":"no","gauge":"1435","operator":"HŽ Infrastruktura","railway":"rail","service":"yard"}},"geometry":{"type":"LineString","coordinates":[[16.0067512,45.7566578],[16.0070992,45.7566873],[16.0072291,45.7567027],[16.0074703,45.7567415],[16.0076825,45.7567714],[16.0079527,45.7567868],[16.0081614,45.7567868],[16.0084061,45.7567698],[16.0147901,45.7562698],[16.0149617,45.7562665],[16.0150327,45.7562693],[16.0151363,45.7562717],[16.0152354,45.7562698],[16.0153754,45.7562629]]}},{"type":"Feature","properties":{"osmId":"755034762","railway_type":"rail","name":null,"electrified":"no","voltage":null,"frequency":null,"bounds":[16.0067456,45.7562161,16.0165854,45.7568801],"tags":{"electrified":"no","gauge":"1435","operator":"HŽ Infrastruktura","railway":"rail","service":"yard"}},"geometry":{"type":"LineString","coordinates":[[16.0165854,45.7562161],[16.0164015,45.7562425],[16.0162774,45.7562537],[16.0161114,45.756267],[16.0156505,45.7563064],[16.0149178,45.7563642],[16.0085462,45.7568666],[16.0082964,45.7568801],[16.0080547,45.7568762],[16.0078057,45.7568632],[16.0076256,45.7568422],[16.0074432,45.7568133],[16.0071664,45.7567587],[16.0069687,45.7567204],[16.0067456,45.7566741]]}},{"type":"Feature","properties":{"osmId":"755034763","railway_type":"rail","name":null,"electrified":"no","voltage":null,"frequency":null,"bounds":[16.0065196,45.756351,16.016107,45.7569755],"tags":{"electrified":"no","gauge":"1435","operator":"HŽ Infrastruktura","railway":"rail","service":"yard"}},"geometry":{"type":"LineString","coordinates":[[16.0065196,45.7566511],[16.0066205,45.756685],[16.006727,45.7567174],[16.0070177,45.7567867],[16.0072735,45.7568552],[16.0074489,45.7568967],[16.0076779,45.7569351],[16.0080407,45.7569693],[16.0082206,45.7569755],[16.0085343,45.7569621],[16.0092525,45.7569019],[16.0146305,45.7564817],[16.0148028,45.756468],[16.0156074,45.7564039],[16.0157909,45.7563892],[16.0159243,45.7563757],[16.016107,45.756351]]}},{"type":"Feature","properties":{"osmId":"755034764","railway_type":"rail","name":null,"electrified":"no","voltage":null,"frequency":null,"bounds":[16.006727,45.7564348,16.0156259,45.7570202],"tags":{"electrified":"no","gauge":"1435","operator":"HŽ Infrastruktura","railway":"rail","service":"yard"}},"geometry":{"type":"LineString","coordinates":[[16.0156259,45.7564348],[16.0154687,45.7564559],[16.0153538,45.7564689],[16.0149888,45.7564983],[16.0147323,45.7565185],[16.0084882,45.7570098],[16.0083619,45.7570191],[16.0081463,45.7570202],[16.0078355,45.7569963],[16.0076125,45.7569662],[16.0073121,45.7569029],[16.0070787,45.7568397],[16.0069434,45.7567909],[16.006727,45.7567174]]}},{"type":"Feature","properties":{"osmId":"755034765","railway_type":"rail","name":null,"electrified":"no","voltage":null,"frequency":null,"bounds":[16.0067152,45.7565082,16.0151999,45.7570648],"tags":{"electrified":"no","gauge":"1435","operator":"HŽ Infrastruktura","railway":"rail","service":"yard"}},"geometry":{"type":"LineString","coordinates":[[16.0067152,45.7567315],[16.0071649,45.7569019],[16.0073538,45.756959],[16.0075931,45.7570108],[16.007889,45.7570482],[16.0081388,45.7570617],[16.0083232,45.7570648],[16.0088005,45.7570264],[16.0146795,45.7565639],[16.0149007,45.7565443],[16.0150165,45.7565335],[16.0151999,45.7565082]]}},{"type":"Feature","properties":{"osmId":"755034768","railway_type":"rail","name":null,"electrified":"no","voltage":null,"frequency":null,"bounds":[16.0068024,45.7557423,16.0168819,45.7564668],"tags":{"electrified":"no","gauge":"1435","operator":"HŽ Infrastruktura","railway":"rail","service":"yard"}},"geometry":{"type":"LineString","coordinates":[[16.0168819,45.7557423],[16.0165925,45.7557865],[16.0164532,45.7558079],[16.0161644,45.7558329],[16.0156958,45.7558692],[16.00805,45.756461],[16.0079137,45.7564668],[16.0077448,45.7564646],[16.0074959,45.7564646],[16.0068024,45.756465]]}},{"type":"Feature","properties":{"osmId":"755034769","railway_type":"rail","name":null,"electrified":"no","voltage":null,"frequency":null,"bounds":[16.0062772,45.7556902,16.0171963,45.7567357],"tags":{"electrified":"no","gauge":"1435","operator":"HŽ Infrastruktura","railway":"rail","service":"yard"}},"geometry":{"type":"LineString","coordinates":[[16.0171963,45.7556902],[16.0168166,45.7557952],[16.0163306,45.7559296],[16.0161282,45.7559856],[16.0159826,45.7560248],[16.0157942,45.7560754],[16.0157223,45.7560916],[16.0155182,45.7561337],[16.0153361,45.7561539],[16.0151506,45.7561693],[16.014035,45.7562591],[16.008167,45.7567252],[16.0079757,45.7567357],[16.0077762,45.7567316],[16.007557,45.7567195],[16.0073703,45.7566952],[16.0071894,45.7566523],[16.0068403,45.7565536],[16.0066149,45.7565034],[16.0065224,45.7564828],[16.0062772,45.7564458]]}},{"type":"Feature","properties":{"osmId":"755034770","railway_type":"rail","name":null,"electrified":"no","voltage":null,"frequency":null,"bounds":[16.0068382,45.7557952,16.0168166,45.7565504],"tags":{"electrified":"no","gauge":"1435","maxaxleload":"22.5","operator":"HŽ Infrastruktura","railway":"rail","service":"yard"}},"geometry":{"type":"LineString","coordinates":[[16.0068382,45.7564826],[16.0070711,45.7565148],[16.0073239,45.7565358],[16.0075953,45.7565504],[16.0079594,45.7565504],[16.0082656,45.7565399],[16.0087944,45.756501],[16.0157125,45.7559547],[16.0158638,45.7559427],[16.0160493,45.7559257],[16.0162441,45.7558958],[16.01648,45.7558524],[16.0165874,45.7558327],[16.0168166,45.7557952]]}},{"type":"Feature","properties":{"osmId":"755034771","railway_type":"rail","name":null,"electrified":"no","voltage":null,"frequency":null,"bounds":[16.0032208,45.7558524,16.01648,45.7565099],"tags":{"electrified":"no","gauge":"1435","maxaxleload":"22.5","operator":"HŽ Infrastruktura","railway":"rail","service":"yard"}},"geometry":{"type":"LineString","coordinates":[[16.0032208,45.756448],[16.0036213,45.756417],[16.00418,45.7563741],[16.0045158,45.7563475],[16.0046564,45.7563395],[16.0048065,45.7563359],[16.0049236,45.7563402],[16.005296,45.7563614],[16.0054088,45.7563711],[16.005606,45.7563841],[16.0057299,45.756393],[16.0060508,45.756424],[16.0062772,45.7564458],[16.006417,45.7564579],[16.0065264,45.7564634],[16.0065786,45.7564657],[16.0068382,45.7564826],[16.0073993,45.7565035],[16.0078006,45.7565099],[16.0081345,45.7565002],[16.0084268,45.7564889],[16.0147632,45.7559856],[16.0157062,45.7559128],[16.0161467,45.7558788],[16.01648,45.7558524]]}},{"type":"Feature","properties":{"osmId":"755034772","railway_type":"rail","name":null,"electrified":"no","voltage":null,"frequency":null,"bounds":[16.0066149,45.7559296,16.0163306,45.7566475],"tags":{"electrified":"no","gauge":"1435","operator":"HŽ Infrastruktura","railway":"rail","service":"yard"}},"geometry":{"type":"LineString","coordinates":[[16.0163306,45.7559296],[16.0160342,45.755979],[16.0157615,45.7560245],[16.0157221,45.7560299],[16.0155423,45.7560547],[16.0152744,45.7560758],[16.0082715,45.7566356],[16.0080903,45.7566438],[16.0078907,45.7566475],[16.007653,45.7566411],[16.0073825,45.7566173],[16.0071777,45.7565889],[16.0069915,45.7565533],[16.0068993,45.7565357],[16.0066149,45.7565034]]}},{"type":"Feature","properties":{"osmId":"755034773","railway_type":"rail","name":null,"electrified":"no","voltage":null,"frequency":null,"bounds":[16.0069915,45.755979,16.0160342,45.7566008],"tags":{"electrified":"no","gauge":"1435","operator":"HŽ Infrastruktura","railway":"rail","service":"yard"}},"geometry":{"type":"LineString","coordinates":[[16.0069915,45.7565533],[16.0076622,45.7566008],[16.0078395,45.7565998],[16.00811,45.7565998],[16.0084475,45.7565779],[16.0090568,45.7565311],[16.0156473,45.7560062],[16.0157214,45.756001],[16.0160342,45.755979]]}},{"type":"Feature","properties":{"osmId":"755034774","railway_type":"rail","name":null,"electrified":"no","voltage":null,"frequency":null,"bounds":[16.0068403,45.7560248,16.0159826,45.7566933],"tags":{"electrified":"no","gauge":"1435","operator":"HŽ Infrastruktura","railway":"rail","service":"yard"}},"geometry":{"type":"LineString","coordinates":[[16.0159826,45.7560248],[16.0157221,45.7560659],[16.0155777,45.7560886],[16.0153781,45.7561088],[16.0148844,45.7561491],[16.0083109,45.7566704],[16.008089,45.756686],[16.007913,45.7566933],[16.0076596,45.7566841],[16.0072709,45.7566337],[16.007074,45.756598],[16.0068403,45.7565536]]}},{"type":"Feature","properties":{"osmId":"755037010","railway_type":"rail","name":null,"electrified":null,"voltage":null,"frequency":null,"bounds":[16.0217688,45.7549934,16.0233072,45.7550219],"tags":{"railway":"rail","service":"yard"}},"geometry":{"type":"LineString","coordinates":[[16.0217688,45.7550039],[16.021901,45.7549968],[16.0220299,45.7549934],[16.0221406,45.7549946],[16.0222388,45.7549978],[16.0229303,45.7550188],[16.0230573,45.7550219],[16.023174,45.7550188],[16.0233072,45.755012]]}},{"type":"Feature","properties":{"osmId":"755037011","railway_type":"rail","name":null,"electrified":"contact_line","voltage":"25000","frequency":"50","bounds":[16.0226205,45.7542188,16.0319223,45.7549541],"tags":{"electrified":"contact_line","frequency":"50","gauge":"1435","operator":"HŽ Infrastruktura","railway":"rail","service":"yard","voltage":"25000"}},"geometry":{"type":"LineString","coordinates":[[16.0226205,45.7549541],[16.0227581,45.754954],[16.0229096,45.75495],[16.023022,45.7549452],[16.0231586,45.754936],[16.0237414,45.7548876],[16.0314958,45.7542776],[16.0316523,45.7542617],[16.0317639,45.7542467],[16.0319223,45.7542188]]}},{"type":"Feature","properties":{"osmId":"755037012","railway_type":"rail","name":null,"electrified":"contact_line","voltage":"25000","frequency":"50","bounds":[16.0308539,45.7541115,16.0324592,45.7544144],"tags":{"electrified":"contact_line","frequency":"50","gauge":"1435","operator":"HŽ Infrastruktura","railway":"rail","service":"yard","voltage":"25000"}},"geometry":{"type":"LineString","coordinates":[[16.0324592,45.7541115],[16.0323368,45.7541323],[16.0322348,45.7541522],[16.0319223,45.7542188],[16.031586,45.7542896],[16.031232,45.7543591],[16.0311274,45.7543806],[16.0309762,45.7544016],[16.0308539,45.7544144]]}},{"type":"Feature","properties":{"osmId":"755037013","railway_type":"rail","name":null,"electrified":"contact_line","voltage":"25000","frequency":"50","bounds":[16.0229615,45.7542896,16.031586,45.754967],"tags":{"electrified":"contact_line","frequency":"50","gauge":"1435","operator":"HŽ Infrastruktura","railway":"rail","service":"yard","voltage":"25000"}},"geometry":{"type":"LineString","coordinates":[[16.031586,45.7542896],[16.0314141,45.7543191],[16.0313126,45.7543323],[16.0311777,45.7543454],[16.0308427,45.7543689],[16.0234841,45.7549528],[16.0233453,45.7549591],[16.0232127,45.7549646],[16.023091,45.754967],[16.0229615,45.7549642]]}},{"type":"Feature","properties":{"osmId":"755037014","railway_type":"rail","name":null,"electrified":"contact_line","voltage":"25000","frequency":"50","bounds":[16.0222734,45.7538946,16.0339498,45.754631],"tags":{"electrified":"contact_line","frequency":"50","gauge":"1435","operator":"HŽ Infrastruktura","railway":"rail","service":"yard","voltage":"25000"}},"geometry":{"type":"LineString","coordinates":[[16.0339498,45.7539337],[16.0338232,45.7539401],[16.0337251,45.7539427],[16.0335508,45.7539445],[16.0332127,45.7539457],[16.0326707,45.7539485],[16.0321706,45.7539432],[16.0317832,45.7539249],[16.0311109,45.7538992],[16.0308719,45.7538946],[16.0304793,45.7539011],[16.030084,45.7539267],[16.0237049,45.7544306],[16.0232414,45.7544691],[16.0231018,45.7544867],[16.0229817,45.7545051],[16.0228417,45.7545312],[16.022733,45.7545547],[16.0226189,45.7545757],[16.0225074,45.7545951],[16.0222734,45.754631]]}},{"type":"Feature","properties":{"osmId":"755037015","railway_type":"rail","name":null,"electrified":"contact_line","voltage":"25000","frequency":"50","bounds":[16.0225074,45.7539368,16.032433,45.7545951],"tags":{"electrified":"contact_line","frequency":"50","gauge":"1435","operator":"HŽ Infrastruktura","railway":"rail","service":"yard","voltage":"25000"}},"geometry":{"type":"LineString","coordinates":[[16.0225074,45.7545951],[16.0227561,45.7545602],[16.0229385,45.754538],[16.0231613,45.7545168],[16.0238874,45.7544618],[16.0301129,45.7539707],[16.0306789,45.7539368],[16.03104,45.7539405],[16.0316401,45.7539624],[16.0319775,45.7539753],[16.0321856,45.7539767],[16.0323159,45.7539726],[16.032433,45.7539657]]}},{"type":"Feature","properties":{"osmId":"755037016","railway_type":"rail","name":null,"electrified":"no","voltage":null,"frequency":null,"bounds":[16.0206072,45.7543169,16.02857,45.7549448],"tags":{"electrified":"no","gauge":"1435","operator":"HŽ Infrastruktura","railway":"rail","service":"yard"}},"geometry":{"type":"LineString","coordinates":[[16.0206072,45.7549448],[16.0214516,45.7548796],[16.02857,45.7543169]]}},{"type":"Feature","properties":{"osmId":"755037017","railway_type":"rail","name":null,"electrified":"contact_line","voltage":"25000","frequency":"50","bounds":[16.0228417,45.7538534,16.0333601,45.7545312],"tags":{"electrified":"contact_line","frequency":"50","gauge":"1435","operator":"HŽ Infrastruktura","railway":"rail","service":"yard","voltage":"25000"}},"geometry":{"type":"LineString","coordinates":[[16.0333601,45.7538945],[16.0332369,45.7539006],[16.0330478,45.7539026],[16.0327562,45.7539047],[16.03234,45.7539047],[16.0320209,45.7538946],[16.0315574,45.7538717],[16.0310374,45.7538534],[16.0306828,45.7538543],[16.0303769,45.7538617],[16.0298306,45.7539047],[16.0254409,45.7542511],[16.0236197,45.7543937],[16.0234631,45.7544098],[16.0233059,45.7544336],[16.0231615,45.7544633],[16.0228417,45.7545312]]}},{"type":"Feature","properties":{"osmId":"755037018","railway_type":"rail","name":null,"electrified":"no","voltage":null,"frequency":null,"bounds":[16.0210502,45.75423,16.0285613,45.7548577],"tags":{"electrified":"no","gauge":"1435","operator":"HŽ Infrastruktura","railway":"rail","service":"yard"}},"geometry":{"type":"LineString","coordinates":[[16.0210502,45.7548577],[16.0211845,45.7548306],[16.0212994,45.7548136],[16.0214108,45.7547979],[16.0215613,45.7547841],[16.0222647,45.7547295],[16.0285613,45.75423]]}},{"type":"Feature","properties":{"osmId":"755037019","railway_type":"rail","name":null,"electrified":"contact_line","voltage":"25000","frequency":"50","bounds":[16.0299341,45.7540588,16.0308155,45.7540783],"tags":{"electrified":"contact_line","frequency":"50","gauge":"1435","operator":"HŽ Infrastruktura","railway":"rail","service":"yard","voltage":"25000"}},"geometry":{"type":"LineString","coordinates":[[16.0299341,45.7540671],[16.0300635,45.7540612],[16.0302311,45.7540588],[16.0303432,45.7540614],[16.030574,45.7540709],[16.0306874,45.7540762],[16.0308155,45.7540783]]}},{"type":"Feature","properties":{"osmId":"755037020","railway_type":"rail","name":null,"electrified":"contact_line","voltage":"25000","frequency":"50","bounds":[16.0239187,45.7539848,16.0338419,45.7549811],"tags":{"electrified":"contact_line","frequency":"50","gauge":"1435","operator":"HŽ Infrastruktura","railway":"rail","service":"yard","voltage":"25000"}},"geometry":{"type":"LineString","coordinates":[[16.0239187,45.7549811],[16.0245747,45.7549614],[16.0249043,45.7549375],[16.0306019,45.7544877],[16.0312086,45.7544373],[16.0315237,45.7544006],[16.0319321,45.7543383],[16.0323484,45.754254],[16.0328854,45.7541404],[16.0332649,45.7540653],[16.0334908,45.754025],[16.0336236,45.7540078],[16.0337094,45.7539974],[16.0338419,45.7539848]]}},{"type":"Feature","properties":{"osmId":"755037021","railway_type":"rail","name":null,"electrified":"contact_line","voltage":"25000","frequency":"50","bounds":[16.021409,45.7539495,16.034277,45.7549962],"tags":{"electrified":"contact_line","frequency":"50","gauge":"1435","operator":"HŽ Infrastruktura","railway":"rail","service":"yard","voltage":"25000"}},"geometry":{"type":"LineString","coordinates":[[16.034277,45.7539495],[16.0340916,45.7539684],[16.0339818,45.7539831],[16.0338485,45.754004],[16.0336182,45.7540488],[16.032934,45.7541872],[16.0324114,45.7542971],[16.0321199,45.7543548],[16.031873,45.7543988],[16.0314502,45.754462],[16.0309788,45.7545023],[16.0253783,45.7549439],[16.0247927,45.7549893],[16.0246556,45.7549936],[16.0245215,45.7549962],[16.0243606,45.7549945],[16.0242036,45.7549871],[16.0240373,45.7549815],[16.0239187,45.7549811],[16.0236802,45.7549815],[16.0233998,45.7549828],[16.0232943,45.7549806],[16.0229615,45.7549642],[16.0226205,45.7549541],[16.0223659,45.7549566],[16.0219538,45.7549564],[16.0216552,45.7549589],[16.0215578,45.754961],[16.021409,45.7549686]]}},{"type":"Feature","properties":{"osmId":"755037022","railway_type":"rail","name":null,"electrified":"contact_line","voltage":"25000","frequency":"50","bounds":[16.0335583,45.7536553,16.0349468,45.7538775],"tags":{"electrified":"contact_line","frequency":"50","gauge":"1435","operator":"HŽ Infrastruktura","railway":"rail","service":"yard","voltage":"25000"}},"geometry":{"type":"LineString","coordinates":[[16.0335583,45.7538775],[16.0336916,45.7538623],[16.0338478,45.7538411],[16.0340021,45.7538141],[16.0343126,45.7537614],[16.0349468,45.7536553]]}},{"type":"Feature","properties":{"osmId":"755040188","railway_type":"rail","name":null,"electrified":"no","voltage":null,"frequency":null,"bounds":[16.0081455,45.7575902,16.0102658,45.7576717],"tags":{"electrified":"no","railway":"rail","service":"yard"}},"geometry":{"type":"LineString","coordinates":[[16.0102658,45.7576717],[16.0101162,45.7576626],[16.009953,45.7576569],[16.0098232,45.7576588],[16.009663,45.7576638],[16.0094829,45.7576658],[16.0094491,45.7576652],[16.0092648,45.7576619],[16.0090176,45.7576415],[16.0087344,45.7576148],[16.0084671,45.7575929],[16.0083701,45.7575902],[16.0082981,45.7575913],[16.0081455,45.7576007]]}},{"type":"Feature","properties":{"osmId":"755040189","railway_type":"rail","name":null,"electrified":"no","voltage":null,"frequency":null,"bounds":[16.0078207,45.7575105,16.0098264,45.7576277],"tags":{"electrified":"no","railway":"rail","service":"yard"}},"geometry":{"type":"LineString","coordinates":[[16.0078207,45.7575105],[16.0081825,45.7575121],[16.0084275,45.7575254],[16.0087265,45.7575591],[16.0091773,45.7576062],[16.0092866,45.7576109],[16.0094651,45.7576132],[16.0096819,45.7576185],[16.0098264,45.7576277]]}},{"type":"Feature","properties":{"osmId":"755040190","railway_type":"rail","name":null,"electrified":"no","voltage":null,"frequency":null,"bounds":[16.0090639,45.7575518,16.0111244,45.7576232],"tags":{"electrified":"no","railway":"rail","service":"yard"}},"geometry":{"type":"LineString","coordinates":[[16.0090639,45.7575518],[16.0091907,45.7575622],[16.0093105,45.7575704],[16.0094831,45.7575707],[16.0096598,45.7575673],[16.009959,45.7575651],[16.010504,45.7575816],[16.0108075,45.7575981],[16.0111244,45.7576232]]}},{"type":"Feature","properties":{"osmId":"755040191","railway_type":"rail","name":null,"electrified":"no","voltage":null,"frequency":null,"bounds":[16.0101275,45.7577584,16.0116578,45.757825],"tags":{"electrified":"no","railway":"rail","service":"yard"}},"geometry":{"type":"LineString","coordinates":[[16.0116578,45.7577839],[16.0111918,45.7578188],[16.0110624,45.7578246],[16.0108535,45.757825],[16.01064,45.7578086],[16.0101275,45.7577584]]}},{"type":"Feature","properties":{"osmId":"755040192","railway_type":"rail","name":null,"electrified":"no","voltage":null,"frequency":null,"bounds":[16.0134519,45.7567952,16.018048,45.7575969],"tags":{"electrified":"no","railway":"rail","service":"yard"}},"geometry":{"type":"LineString","coordinates":[[16.0134519,45.7575969],[16.0141723,45.757531],[16.0146511,45.7574855],[16.0149997,45.7574383],[16.01534,45.7573906],[16.01583,45.7572997],[16.0164583,45.757175],[16.0169955,45.7570448],[16.0174441,45.7569263],[16.0175725,45.7568991],[16.0177638,45.7568618],[16.0179139,45.7568293],[16.018048,45.7567952]]}},{"type":"Feature","properties":{"osmId":"755199667","railway_type":"rail","name":"DG – S. Marof – Zagreb Gk","electrified":"contact_line","voltage":"25000","frequency":"50","bounds":[15.9732107,45.8041625,15.9740226,45.8042068],"tags":{"electrified":"contact_line","frequency":"50","gauge":"1435","loading_gauge":"TSI_GC","maxaxleload":"22","maxspeed":"50","name":"DG – S. Marof – Zagreb Gk","operator":"HŽ Infrastruktura","passenger_lines":"2","railway":"rail","railway:pzb":"yes","railway:traffic_mode":"mixed","ref":"M101","usage":"main","voltage":"25000"}},"geometry":{"type":"LineString","coordinates":[[15.9740226,45.8042068],[15.9732107,45.8041625]]}},{"type":"Feature","properties":{"osmId":"759836447","railway_type":"rail","name":null,"electrified":"no","voltage":null,"frequency":null,"bounds":[16.0074006,45.7544487,16.00928,45.7546418],"tags":{"electrified":"no","gauge":"1435","operator":"HŽ Infrastruktura","railway":"rail","service":"yard"}},"geometry":{"type":"LineString","coordinates":[[16.0074006,45.7546418],[16.0075141,45.7546138],[16.0076048,45.7545918],[16.0077213,45.7545709],[16.0078633,45.7545499],[16.0079898,45.7545364],[16.008133,45.7545255],[16.0083205,45.7545171],[16.0084924,45.7545089],[16.0088397,45.7544848],[16.00928,45.7544487]]}},{"type":"Feature","properties":{"osmId":"759836448","railway_type":"rail","name":null,"electrified":"no","voltage":null,"frequency":null,"bounds":[16.0077213,45.7543936,16.0092717,45.7545709],"tags":{"electrified":"no","gauge":"1435","operator":"HŽ Infrastruktura","railway":"rail","service":"yard"}},"geometry":{"type":"LineString","coordinates":[[16.0077213,45.7545709],[16.0081727,45.7544926],[16.0083131,45.7544732],[16.0086771,45.7544423],[16.0092717,45.7543936]]}},{"type":"Feature","properties":{"osmId":"759836449","railway_type":"rail","name":null,"electrified":"no","voltage":null,"frequency":null,"bounds":[16.0078302,45.7543126,16.0092596,45.7545206],"tags":{"electrified":"no","gauge":"1435","operator":"HŽ Infrastruktura","railway":"rail","service":"yard"}},"geometry":{"type":"LineString","coordinates":[[16.0078302,45.7545206],[16.0079378,45.7544944],[16.0080576,45.7544652],[16.0082633,45.7544294],[16.0085478,45.7543778],[16.0087362,45.7543546],[16.0089949,45.754334],[16.0092596,45.7543126]]}},{"type":"Feature","properties":{"osmId":"759836450","railway_type":"rail","name":null,"electrified":"no","voltage":null,"frequency":null,"bounds":[16.0082677,45.7542613,16.0092519,45.7543974],"tags":{"electrified":"no","gauge":"1435","operator":"HŽ Infrastruktura","railway":"rail","service":"yard"}},"geometry":{"type":"LineString","coordinates":[[16.0082677,45.7543974],[16.0083825,45.7543695],[16.0085065,45.7543418],[16.0087159,45.7543082],[16.0090207,45.7542786],[16.0092519,45.7542613]]}},{"type":"Feature","properties":{"osmId":"759836451","railway_type":"rail","name":null,"electrified":"no","voltage":null,"frequency":null,"bounds":[16.00928,45.754348,16.0105695,45.7544487],"tags":{"covered":"yes","electrified":"no","gauge":"1435","operator":"HŽ Infrastruktura","railway":"rail","service":"yard"}},"geometry":{"type":"LineString","coordinates":[[16.00928,45.7544487],[16.0105695,45.754348]]}},{"type":"Feature","properties":{"osmId":"759836452","railway_type":"rail","name":null,"electrified":"no","voltage":null,"frequency":null,"bounds":[16.0092717,45.7542892,16.0105607,45.7543936],"tags":{"covered":"yes","electrified":"no","gauge":"1435","operator":"HŽ Infrastruktura","railway":"rail","service":"yard"}},"geometry":{"type":"LineString","coordinates":[[16.0092717,45.7543936],[16.0105607,45.7542892]]}},{"type":"Feature","properties":{"osmId":"759836453","railway_type":"rail","name":null,"electrified":"no","voltage":null,"frequency":null,"bounds":[16.0092596,45.7542112,16.010549,45.7543126],"tags":{"covered":"yes","electrified":"no","gauge":"1435","operator":"HŽ Infrastruktura","railway":"rail","service":"yard"}},"geometry":{"type":"LineString","coordinates":[[16.0092596,45.7543126],[16.010549,45.7542112]]}},{"type":"Feature","properties":{"osmId":"759836454","railway_type":"rail","name":null,"electrified":"no","voltage":null,"frequency":null,"bounds":[16.0092519,45.7541559,16.0105407,45.7542613],"tags":{"covered":"yes","electrified":"no","gauge":"1435","operator":"HŽ Infrastruktura","railway":"rail","service":"yard"}},"geometry":{"type":"LineString","coordinates":[[16.0092519,45.7542613],[16.0105407,45.7541559]]}},{"type":"Feature","properties":{"osmId":"759836455","railway_type":"rail","name":null,"electrified":null,"voltage":null,"frequency":null,"bounds":[16.0103487,45.7546103,16.0110496,45.7547096],"tags":{"gauge":"1435","operator":"HŽ Infrastruktura","railway":"rail","service":"yard"}},"geometry":{"type":"LineString","coordinates":[[16.0103487,45.7547096],[16.0104687,45.7546958],[16.0105603,45.7546841],[16.0107091,45.7546587],[16.0108086,45.7546401],[16.0109183,45.754625],[16.0110496,45.7546103]]}},{"type":"Feature","properties":{"osmId":"759836456","railway_type":"rail","name":null,"electrified":null,"voltage":null,"frequency":null,"bounds":[16.0104382,45.7546542,16.0110509,45.7546616],"tags":{"gauge":"1435","operator":"HŽ Infrastruktura","railway":"rail","service":"yard"}},"geometry":{"type":"LineString","coordinates":[[16.0104382,45.7546579],[16.0107091,45.7546587],[16.0108323,45.7546616],[16.0109349,45.7546595],[16.0110509,45.7546542]]}},{"type":"Feature","properties":{"osmId":"759836457","railway_type":"rail","name":null,"electrified":"no","voltage":null,"frequency":null,"bounds":[16.0113229,45.7543987,16.0136997,45.7544741],"tags":{"electrified":"no","gauge":"1435","operator":"HŽ Infrastruktura","railway":"rail","service":"yard"}},"geometry":{"type":"LineString","coordinates":[[16.0136997,45.7544016],[16.0135716,45.7544088],[16.0134342,45.7544093],[16.0132461,45.754408],[16.0129136,45.7544046],[16.0127552,45.7544017],[16.0123315,45.7543987],[16.0121154,45.7544117],[16.0113229,45.7544741]]}},{"type":"Feature","properties":{"osmId":"759836458","railway_type":"rail","name":null,"electrified":"no","voltage":null,"frequency":null,"bounds":[16.012039,45.7544046,16.0129136,45.754463],"tags":{"electrified":"no","gauge":"1435","operator":"HŽ Infrastruktura","railway":"rail","service":"yard"}},"geometry":{"type":"LineString","coordinates":[[16.012039,45.754463],[16.0126238,45.7544123],[16.0127832,45.754405],[16.0129136,45.7544046]]}},{"type":"Feature","properties":{"osmId":"759836459","railway_type":"rail","name":null,"electrified":"no","voltage":null,"frequency":null,"bounds":[16.0128928,45.7541239,16.0134965,45.7541882],"tags":{"covered":"yes","electrified":"no","gauge":"1435","operator":"HŽ Infrastruktura","railway":"rail","service":"yard"}},"geometry":{"type":"LineString","coordinates":[[16.0128928,45.7541239],[16.0134965,45.7541882]]}},{"type":"Feature","properties":{"osmId":"759836460","railway_type":"rail","name":null,"electrified":"no","voltage":null,"frequency":null,"bounds":[16.0129075,45.7540599,16.0135112,45.7541244],"tags":{"covered":"yes","electrified":"no","gauge":"1435","operator":"HŽ Infrastruktura","railway":"rail","service":"yard"}},"geometry":{"type":"LineString","coordinates":[[16.0129075,45.7540599],[16.0135112,45.7541244]]}},{"type":"Feature","properties":{"osmId":"759836461","railway_type":"rail","name":null,"electrified":"no","voltage":null,"frequency":null,"bounds":[16.0122873,45.7538924,16.0135943,45.7540396],"tags":{"covered":"yes","electrified":"no","gauge":"1435","operator":"HŽ Infrastruktura","railway":"rail","service":"yard"}},"geometry":{"type":"LineString","coordinates":[[16.0122873,45.7538924],[16.0135943,45.7540396]]}},{"type":"Feature","properties":{"osmId":"759836462","railway_type":"rail","name":null,"electrified":"no","voltage":null,"frequency":null,"bounds":[16.012301,45.7538328,16.0136089,45.7539759],"tags":{"covered":"yes","electrified":"no","gauge":"1435","operator":"HŽ Infrastruktura","railway":"rail","service":"yard"}},"geometry":{"type":"LineString","coordinates":[[16.012301,45.7538328],[16.0136089,45.7539759]]}},{"type":"Feature","properties":{"osmId":"759836463","railway_type":"rail","name":null,"electrified":"no","voltage":null,"frequency":null,"bounds":[16.013491,45.7533191,16.0140357,45.7533811],"tags":{"covered":"yes","electrified":"no","gauge":"1435","operator":"HŽ Infrastruktura","railway":"rail","service":"yard"}},"geometry":{"type":"LineString","coordinates":[[16.013491,45.7533191],[16.0140357,45.7533811]]}},{"type":"Feature","properties":{"osmId":"759836464","railway_type":"rail","name":null,"electrified":"no","voltage":null,"frequency":null,"bounds":[16.0135052,45.7532572,16.0140503,45.7533174],"tags":{"covered":"yes","electrified":"no","gauge":"1435","operator":"HŽ Infrastruktura","railway":"rail","service":"yard"}},"geometry":{"type":"LineString","coordinates":[[16.0135052,45.7532572],[16.0140503,45.7533174]]}},{"type":"Feature","properties":{"osmId":"759836469","railway_type":"rail","name":null,"electrified":"no","voltage":null,"frequency":null,"bounds":[16.0125282,45.7542493,16.0130271,45.7543054],"tags":{"covered":"yes","electrified":"no","gauge":"1435","maxaxleload":"22.5","operator":"HŽ Infrastruktura","railway":"rail","service":"yard"}},"geometry":{"type":"LineString","coordinates":[[16.0125282,45.7542493],[16.0130271,45.7543054]]}},{"type":"Feature","properties":{"osmId":"759836470","railway_type":"rail","name":null,"electrified":"no","voltage":null,"frequency":null,"bounds":[16.0130271,45.7543054,16.0201399,45.7549825],"tags":{"electrified":"no","gauge":"1435","maxaxleload":"22.5","operator":"HŽ Infrastruktura","railway":"rail","service":"yard"}},"geometry":{"type":"LineString","coordinates":[[16.0130271,45.7543054],[16.0133421,45.754343],[16.0134624,45.7543566],[16.0135915,45.7543649],[16.0137568,45.7543717],[16.0141601,45.7543778],[16.0146329,45.7543812],[16.0154269,45.754389],[16.015645,45.7543875],[16.0157578,45.7543918],[16.015865,45.7543983],[16.0159765,45.7544092],[16.0161184,45.7544279],[16.0162826,45.7544551],[16.0185963,45.754917],[16.0187724,45.7549461],[16.0188861,45.7549628],[16.0190293,45.7549731],[16.0195277,45.7549798],[16.0199368,45.7549825],[16.0201399,45.7549812]]}},{"type":"Feature","properties":{"osmId":"759852591","railway_type":"rail","name":null,"electrified":"contact_line","voltage":"25000","frequency":"50","bounds":[16.0215329,45.7540592,16.0327997,45.7550227],"tags":{"electrified":"contact_line","frequency":"50","gauge":"1435","maxaxleload":"22.5","operator":"HŽ Infrastruktura","railway":"rail","service":"yard","voltage":"25000"}},"geometry":{"type":"LineString","coordinates":[[16.0215329,45.7550227],[16.0219538,45.7549564],[16.0222069,45.7549159],[16.0223445,45.7548982],[16.0224831,45.7548826],[16.0276579,45.7544718],[16.0299939,45.7542872],[16.0310199,45.7542059],[16.0321009,45.7541212],[16.0324997,45.7540908],[16.0326563,45.7540764],[16.0327997,45.7540592]]}},{"type":"Feature","properties":{"osmId":"759852593","railway_type":"rail","name":null,"electrified":"no","voltage":null,"frequency":null,"bounds":[16.0085057,45.7551184,16.0219265,45.7573098],"tags":{"electrified":"no","gauge":"1435","maxaxleload":"22.5","operator":"HŽ Infrastruktura","passenger_lines":"2","railway":"rail","railway:pzb":"yes","service":"yard"}},"geometry":{"type":"LineString","coordinates":[[16.0219265,45.7551184],[16.0216663,45.7551461],[16.0214243,45.7551781],[16.0211569,45.7552217],[16.0208937,45.7552721],[16.0205851,45.7553431],[16.0201155,45.7554702],[16.0181916,45.7560019],[16.0159648,45.756611],[16.0157472,45.7566766],[16.0155796,45.7567176],[16.0153864,45.7567551],[16.015203,45.7567798],[16.015078,45.7567917],[16.0148832,45.7568072],[16.0145797,45.7568344],[16.0144983,45.7568417],[16.0116998,45.757061],[16.0090842,45.7572666],[16.0085057,45.7573098]]}},{"type":"Feature","properties":{"osmId":"759852594","railway_type":"rail","name":"Sava – Zagreb Klara","electrified":"contact_line","voltage":"25000","frequency":"50","bounds":[16.0063962,45.7554448,16.0196795,45.7574182],"tags":{"electrified":"contact_line","frequency":"50","gauge":"1435","maxaxleload":"22","maxspeed":"20","name":"Sava – Zagreb Klara","operator":"HŽ Infrastruktura","railway":"rail","railway:traffic_mode":"freight","ref":"M402","usage":"main","voltage":"25000"}},"geometry":{"type":"LineString","coordinates":[[16.0196795,45.7554448],[16.0187458,45.7557047],[16.0165462,45.7563054],[16.015792,45.7565124],[16.0153813,45.7566125],[16.0151427,45.7566656],[16.0149578,45.7566999],[16.0147657,45.7567322],[16.0145646,45.7567595],[16.014294,45.7567913],[16.0140703,45.7568117],[16.0121031,45.7569698],[16.008806,45.757231],[16.0063962,45.7574182]]}},{"type":"Feature","properties":{"osmId":"759852595","railway_type":"rail","name":null,"electrified":"contact_line","voltage":"25000","frequency":"50","bounds":[15.9868565,45.7577141,15.9880629,45.7577402],"tags":{"electrified":"contact_line","frequency":"50","gauge":"1435","maxaxleload":"22","railway":"rail","railway:pzb":"yes","service":"crossover","voltage":"25000"}},"geometry":{"type":"LineString","coordinates":[[15.9880629,45.7577164],[15.9876164,45.7577141],[15.9874213,45.757716],[15.9872454,45.7577175],[15.9870513,45.7577281],[15.9868565,45.7577402]]}},{"type":"Feature","properties":{"osmId":"759853080","railway_type":"rail","name":null,"electrified":"contact_line","voltage":"25000","frequency":"50","bounds":[16.0173124,45.7550973,16.0207658,45.7560343],"tags":{"electrified":"contact_line","frequency":"50","gauge":"1435","maxaxleload":"22.5","operator":"HŽ Infrastruktura","railway":"rail","service":"yard","voltage":"25000"}},"geometry":{"type":"LineString","coordinates":[[16.0173124,45.7560343],[16.0174342,45.7559965],[16.0175673,45.7559516],[16.0177892,45.7558657],[16.0178679,45.7558377],[16.0179483,45.7558134],[16.0183826,45.7556965],[16.019296,45.7554469],[16.0199625,45.7552571],[16.0201615,45.7552058],[16.0203477,45.7551697],[16.0207658,45.7550973]]}},{"type":"Feature","properties":{"osmId":"759853081","railway_type":"rail","name":null,"electrified":"no","voltage":null,"frequency":null,"bounds":[16.0065786,45.755056,16.0210931,45.7564657],"tags":{"electrified":"no","gauge":"1435","maxaxleload":"22.5","operator":"HŽ Infrastruktura","railway":"rail","service":"yard"}},"geometry":{"type":"LineString","coordinates":[[16.0065786,45.7564657],[16.0068024,45.756465],[16.0069157,45.7564589],[16.0070308,45.7564494],[16.007173,45.7564355],[16.0073218,45.7564301],[16.0078633,45.7564277],[16.0080797,45.7564178],[16.0156938,45.7558317],[16.0160177,45.7558068],[16.0168819,45.7557423],[16.0171963,45.7556902],[16.0174345,45.7556282],[16.0176178,45.7555769],[16.018533,45.7553186],[16.0187307,45.7552713],[16.0188952,45.7552405],[16.0190872,45.7552138],[16.0196811,45.7551671],[16.02015,45.7551305],[16.0206222,45.7550932],[16.0210931,45.755056]]}},{"type":"Feature","properties":{"osmId":"759853489","railway_type":"rail","name":null,"electrified":"contact_line","voltage":"25000","frequency":"50","bounds":[15.9750358,45.7598621,15.9756165,45.7602713],"tags":{"electrified":"contact_line","frequency":"50","gauge":"1435","maxaxleload":"22","operator":"HŽ Infrastruktura","railway":"rail","railway:pzb":"yes","service":"crossover","voltage":"25000"}},"geometry":{"type":"LineString","coordinates":[[15.9756165,45.7598621],[15.9750358,45.7602713]]}},{"type":"Feature","properties":{"osmId":"759863928","railway_type":"rail","name":null,"electrified":"contact_line","voltage":"25000","frequency":"50","bounds":[16.0041664,45.7573299,16.0058746,45.7574766],"tags":{"electrified":"contact_line","frequency":"50","gauge":"1435","maxaxleload":"22.5","operator":"HŽ Infrastruktura","railway":"rail","service":"yard","voltage":"25000"}},"geometry":{"type":"LineString","coordinates":[[16.0041664,45.7573299],[16.0049639,45.7574434],[16.0051443,45.7574628],[16.0052759,45.7574728],[16.0054008,45.7574758],[16.0054864,45.7574766],[16.0056752,45.757472],[16.0058746,45.7574605]]}},{"type":"Feature","properties":{"osmId":"759863929","railway_type":"rail","name":null,"electrified":"contact_line","voltage":"25000","frequency":"50","bounds":[15.9899082,45.756448,16.0032208,45.7575016],"tags":{"electrified":"contact_line","frequency":"50","gauge":"1435","maxaxleload":"22.5","operator":"HŽ Infrastruktura","railway":"rail","service":"yard","voltage":"25000"}},"geometry":{"type":"LineString","coordinates":[[15.9899082,45.7575016],[15.9901392,45.7574829],[15.9915321,45.7573705],[15.9934528,45.757221],[16.0020694,45.7565427],[16.0026497,45.7564959],[16.0029924,45.7564673],[16.0032208,45.756448]]}},{"type":"Feature","properties":{"osmId":"779687677","railway_type":"rail","name":null,"electrified":"no","voltage":null,"frequency":null,"bounds":[15.9091591,45.8104956,15.9249949,45.8113169],"tags":{"electrified":"no","gauge":"1435","maxaxleload":"22","railway":"rail","service":"yard"}},"geometry":{"type":"LineString","coordinates":[[15.9249949,45.8104956],[15.9249325,45.8104993],[15.9229995,45.8106108],[15.9213502,45.8107085],[15.9200443,45.8107893],[15.919788,45.810804],[15.9188503,45.8108557],[15.918082,45.8108981],[15.9179436,45.8109013],[15.9177776,45.8108998],[15.9171822,45.8108885],[15.9170471,45.8108885],[15.9168903,45.8108937],[15.9091591,45.8113169]]}},{"type":"Feature","properties":{"osmId":"779687678","railway_type":"rail","name":null,"electrified":"no","voltage":null,"frequency":null,"bounds":[15.9249949,45.8104887,15.9251109,45.8104956],"tags":{"bridge":"yes","electrified":"no","gauge":"1435","layer":"1","maxaxleload":"22","railway":"rail","service":"yard"}},"geometry":{"type":"LineString","coordinates":[[15.9251109,45.8104887],[15.9249949,45.8104956]]}},{"type":"Feature","properties":{"osmId":"792954403","railway_type":"rail","name":null,"electrified":"contact_line","voltage":"25000","frequency":"50","bounds":[15.9867507,45.8049819,15.9902526,45.8053682],"tags":{"electrified":"contact_line","frequency":"50","gauge":"1435","operator":"HŽ Infrastruktura","railway":"rail","service":"yard","voltage":"25000"}},"geometry":{"type":"LineString","coordinates":[[15.9902526,45.8053682],[15.9898239,45.8052777],[15.9892766,45.8051624],[15.9889873,45.8051175],[15.9887545,45.8050957],[15.9882545,45.8050599],[15.9874643,45.8050205],[15.9867507,45.8049819]]}},{"type":"Feature","properties":{"osmId":"793061089","railway_type":"rail","name":"Zagreb Gk – Dugo Selo","electrified":"contact_line","voltage":"25000","frequency":"50","bounds":[16.164183,45.8101157,16.171205,45.8118109],"tags":{"electrified":"contact_line","frequency":"50","gauge":"1435","loading_gauge":"TSI_GC","maxaxleload":"22.5","maxspeed":"100","name":"Zagreb Gk – Dugo Selo","operator":"HŽ Infrastruktura","passenger_lines":"2","railway":"rail","railway:pzb":"yes","railway:traffic_mode":"mixed","ref":"M102","usage":"main","voltage":"25000"}},"geometry":{"type":"LineString","coordinates":[[16.164183,45.8118109],[16.1643295,45.8117751],[16.1649665,45.8116266],[16.1662164,45.8113234],[16.168578,45.8107473],[16.1689581,45.8106606],[16.171205,45.8101157]]}},{"type":"Feature","properties":{"osmId":"793061090","railway_type":"rail","name":"Zagreb Gk – Dugo Selo","electrified":"contact_line","voltage":"25000","frequency":"50","bounds":[16.1190349,45.811865,16.164122,45.8227586],"tags":{"electrified":"contact_line","frequency":"50","gauge":"1435","loading_gauge":"TSI_GC","maxaxleload":"22.5","maxspeed":"140","name":"Zagreb Gk – Dugo Selo","operator":"HŽ Infrastruktura","passenger_lines":"2","railway":"rail","railway:pzb":"yes","railway:traffic_mode":"mixed","ref":"M102","usage":"main","voltage":"25000"}},"geometry":{"type":"LineString","coordinates":[[16.1190349,45.8227586],[16.1232864,45.8217253],[16.1238394,45.8215913],[16.1244459,45.8214442],[16.1250419,45.8212993],[16.1261256,45.8210424],[16.127272,45.8207637],[16.128128,45.8205567],[16.1338428,45.8191809],[16.1351776,45.8188569],[16.1367999,45.8184633],[16.1378664,45.8182072],[16.1382562,45.8181133],[16.1394506,45.8178242],[16.1402774,45.817624],[16.1412547,45.8173942],[16.1421605,45.817174],[16.14317,45.8169285],[16.1442653,45.8166634],[16.1451268,45.8164553],[16.1455682,45.8163475],[16.1463064,45.8161708],[16.1474601,45.815892],[16.1486607,45.8156023],[16.1493876,45.8154265],[16.1502287,45.8152241],[16.1511867,45.8149921],[16.1522888,45.8147249],[16.1530567,45.814538],[16.1540496,45.814303],[16.1547147,45.814141],[16.1565591,45.8136933],[16.1573424,45.8135042],[16.158594,45.813202],[16.1586841,45.8131828],[16.1591956,45.8130571],[16.1601201,45.812835],[16.1613572,45.8125345],[16.1619485,45.812393],[16.164122,45.811865]]}},{"type":"Feature","properties":{"osmId":"793061091","railway_type":"rail","name":"Zagreb Gk – Dugo Selo","electrified":"contact_line","voltage":"25000","frequency":"50","bounds":[16.1641948,45.8101547,16.1712347,45.8118473],"tags":{"electrified":"contact_line","frequency":"50","gauge":"1435","loading_gauge":"TSI_GC","maxaxleload":"22.5","maxspeed":"100","name":"Zagreb Gk – Dugo Selo","operator":"HŽ Infrastruktura","passenger_lines":"2","railway":"rail","railway:pzb":"yes","railway:traffic_mode":"mixed","ref":"M102","usage":"main","voltage":"25000"}},"geometry":{"type":"LineString","coordinates":[[16.1641948,45.8118473],[16.1643478,45.8118101],[16.1654312,45.8115556],[16.1662361,45.8113653],[16.167203,45.8111313],[16.1677799,45.810991],[16.1686011,45.810789],[16.168983,45.8106982],[16.1712347,45.8101547]]}},{"type":"Feature","properties":{"osmId":"793061093","railway_type":"rail","name":"Zagreb Gk – Dugo Selo","electrified":"contact_line","voltage":"25000","frequency":"50","bounds":[16.118217,45.81183,16.1641047,45.8229111],"tags":{"electrified":"contact_line","frequency":"50","gauge":"1435","loading_gauge":"TSI_GC","maxaxleload":"22.5","maxspeed":"140","name":"Zagreb Gk – Dugo Selo","operator":"HŽ Infrastruktura","passenger_lines":"2","railway":"rail","railway:pzb":"yes","railway:traffic_mode":"mixed","ref":"M102","usage":"main","voltage":"25000"}},"geometry":{"type":"LineString","coordinates":[[16.118217,45.8229111],[16.120528,45.8223542],[16.1221665,45.8219579],[16.1225846,45.8218573],[16.1231818,45.821713],[16.1244528,45.8214037],[16.1253589,45.8211846],[16.1261511,45.8209952],[16.1298902,45.8201016],[16.1326198,45.8194362],[16.1340935,45.8190835],[16.1351782,45.818823],[16.1362357,45.8185613],[16.1372992,45.8183075],[16.1378692,45.8181695],[16.1382604,45.8180778],[16.1395267,45.8177699],[16.1402451,45.8175956],[16.1412658,45.8173525],[16.1420132,45.8171683],[16.1429838,45.8169341],[16.1442032,45.8166391],[16.1451071,45.8164234],[16.145513,45.8163255],[16.1463033,45.8161355],[16.1470693,45.815951],[16.1475406,45.8158364],[16.1484678,45.8156151],[16.1493739,45.8153948],[16.1503481,45.8151554],[16.151174,45.8149586],[16.1521756,45.814713],[16.152979,45.8145206],[16.154029,45.8142676],[16.1549825,45.8140347],[16.1561885,45.8137485],[16.1580198,45.8133008],[16.158577,45.8131669],[16.15866,45.8131492],[16.1597428,45.8128885],[16.1610591,45.8125682],[16.1623379,45.8122613],[16.1641047,45.81183]]}},{"type":"Feature","properties":{"osmId":"793302669","railway_type":"rail","name":"Zagreb Gk – Velika Gorica","electrified":"contact_line","voltage":"25000","frequency":"50","bounds":[15.9852516,45.7513187,15.9874248,45.7528788],"tags":{"electrified":"contact_line","frequency":"50","gauge":"1435","loading_gauge":"TSI_GC","maxaxleload":"22","maxspeed":"100","name":"Zagreb Gk – Velika Gorica","operator":"HŽ Infrastruktura","passenger_lines":"1","railway":"rail","railway:pzb":"yes","railway:traffic_mode":"mixed","ref":"M502-1","usage":"main","voltage":"25000"}},"geometry":{"type":"LineString","coordinates":[[15.9874248,45.7513187],[15.9862732,45.752136],[15.9852516,45.7528788]]}},{"type":"Feature","properties":{"osmId":"793619360","railway_type":"rail","name":"Zagreb Gk – Rijeka","electrified":"contact_line","voltage":"25000","frequency":"50","bounds":[15.9164782,45.7544501,15.9492885,45.7678796],"tags":{"electrified":"contact_line","frequency":"50","gauge":"1435","loading_gauge":"TSI_GC","maxaxleload":"22","maxspeed":"90","maxspeed:tilting":"110","name":"Zagreb Gk – Rijeka","operator":"HŽ Infrastruktura","passenger_lines":"1","railway":"rail","railway:pzb":"yes","railway:traffic_mode":"mixed","ref":"M202","usage":"main","voltage":"25000"}},"geometry":{"type":"LineString","coordinates":[[15.9492885,45.7678796],[15.9484863,45.7675512],[15.9464639,45.7667206],[15.9461132,45.7665775],[15.946061,45.7665562],[15.945659,45.7663922],[15.9443926,45.7658688],[15.9396009,45.7639063],[15.9364432,45.7626124],[15.9302022,45.7600552],[15.924196,45.757594],[15.9166166,45.7545065],[15.9164782,45.7544501]]}},{"type":"Feature","properties":{"osmId":"827879642","railway_type":"rail","name":null,"electrified":null,"voltage":null,"frequency":null,"bounds":[16.0532096,45.8065559,16.0540607,45.8066293],"tags":{"gauge":"1435","railway":"rail","service":"spur"}},"geometry":{"type":"LineString","coordinates":[[16.0540607,45.8066293],[16.0538553,45.8066279],[16.053696,45.8066195],[16.0535735,45.8066047],[16.0533736,45.8065797],[16.0532096,45.8065559]]}},{"type":"Feature","properties":{"osmId":"827879643","railway_type":"rail","name":null,"electrified":null,"voltage":null,"frequency":null,"bounds":[16.058444,45.7948447,16.0610032,45.7993949],"tags":{"railway":"rail","service":"spur"}},"geometry":{"type":"LineString","coordinates":[[16.058444,45.7948447],[16.0585679,45.7950448],[16.0587232,45.795316],[16.0589171,45.7956694],[16.0590051,45.7958241],[16.0591273,45.7960391],[16.059344,45.7964344],[16.0595829,45.7968824],[16.0597817,45.7972413],[16.0601616,45.7979118],[16.0604817,45.7984737],[16.0607676,45.7989791],[16.0610032,45.7993949]]}},{"type":"Feature","properties":{"osmId":"886302353","railway_type":"rail","name":null,"electrified":null,"voltage":null,"frequency":null,"bounds":[15.9811526,45.8047214,15.9862848,45.8049502],"tags":{"gauge":"1435","railway":"rail","service":"siding"}},"geometry":{"type":"LineString","coordinates":[[15.9811526,45.8047214],[15.9812283,45.8047259],[15.981795,45.8047595],[15.9831906,45.8048363],[15.9841226,45.8048863],[15.9845672,45.8049099],[15.9852178,45.8049444],[15.9853463,45.8049502],[15.9854286,45.8049491],[15.9858294,45.804931],[15.9860519,45.8049217],[15.9862848,45.8049166]]}},{"type":"Feature","properties":{"osmId":"886302354","railway_type":"rail","name":null,"electrified":null,"voltage":null,"frequency":null,"bounds":[15.9836011,45.8048989,15.9858294,45.8049785],"tags":{"gauge":"1435","railway":"rail","service":"siding"}},"geometry":{"type":"LineString","coordinates":[[15.9858294,45.804931],[15.9856814,45.8049407],[15.9855546,45.8049557],[15.9854721,45.8049654],[15.9853752,45.804974],[15.9852494,45.8049779],[15.9851521,45.8049785],[15.9850079,45.8049729],[15.9836011,45.8048989]]}},{"type":"Feature","properties":{"osmId":"895986207","railway_type":"rail","name":"Zagreb Gk – Dugo Selo","electrified":"contact_line","voltage":"25000","frequency":"50","bounds":[16.0170455,45.8124642,16.0191608,45.8130406],"tags":{"electrified":"contact_line","frequency":"50","gauge":"1435","loading_gauge":"TSI_GB","maxaxleload":"22.5","maxspeed":"80","name":"Zagreb Gk – Dugo Selo","operator":"HŽ Infrastruktura","passenger_lines":"2","railway":"rail","railway:pzb":"yes","railway:traffic_mode":"mixed","ref":"M102","usage":"main","voltage":"25000"}},"geometry":{"type":"LineString","coordinates":[[16.0170455,45.8124642],[16.0185394,45.8128721],[16.0191608,45.8130406]]}},{"type":"Feature","properties":{"osmId":"895986208","railway_type":"rail","name":"Zagreb Gk – Dugo Selo","electrified":"contact_line","voltage":"25000","frequency":"50","bounds":[16.0170626,45.8124323,16.0191796,45.8130063],"tags":{"electrified":"contact_line","frequency":"50","gauge":"1435","loading_gauge":"TSI_GB","maxaxleload":"22.5","maxspeed":"80","name":"Zagreb Gk – Dugo Selo","operator":"HŽ Infrastruktura","passenger_lines":"2","railway":"rail","railway:pzb":"yes","railway:traffic_mode":"mixed","ref":"M102","usage":"main","voltage":"25000"}},"geometry":{"type":"LineString","coordinates":[[16.0170626,45.8124323],[16.0175984,45.8125725],[16.0184992,45.8128183],[16.0191796,45.8130063]]}},{"type":"Feature","properties":{"osmId":"895986209","railway_type":"rail","name":"Zagreb Gk – Dugo Selo","electrified":"contact_line","voltage":"25000","frequency":"50","bounds":[16.0191608,45.8130406,16.0198744,45.8132341],"tags":{"bridge":"yes","electrified":"contact_line","frequency":"50","gauge":"1435","layer":"1","loading_gauge":"TSI_GB","maxaxleload":"22.5","maxspeed":"80","name":"Zagreb Gk – Dugo Selo","operator":"HŽ Infrastruktura","passenger_lines":"2","railway":"rail","railway:pzb":"yes","railway:traffic_mode":"mixed","ref":"M102","usage":"main","voltage":"25000"}},"geometry":{"type":"LineString","coordinates":[[16.0191608,45.8130406],[16.0198744,45.8132341]]}},{"type":"Feature","properties":{"osmId":"895986210","railway_type":"rail","name":"Zagreb Gk – Dugo Selo","electrified":"contact_line","voltage":"25000","frequency":"50","bounds":[16.0191796,45.8130063,16.0198953,45.813196],"tags":{"bridge":"yes","electrified":"contact_line","frequency":"50","gauge":"1435","layer":"1","loading_gauge":"TSI_GB","maxaxleload":"22.5","maxspeed":"80","name":"Zagreb Gk – Dugo Selo","operator":"HŽ Infrastruktura","passenger_lines":"2","railway":"rail","railway:pzb":"yes","railway:traffic_mode":"mixed","ref":"M102","usage":"main","voltage":"25000"}},"geometry":{"type":"LineString","coordinates":[[16.0191796,45.8130063],[16.0198953,45.813196]]}},{"type":"Feature","properties":{"osmId":"918288072","railway_type":"rail","name":null,"electrified":"no","voltage":null,"frequency":null,"bounds":[16.0039755,45.7555641,16.0055582,45.7562636],"tags":{"electrified":"no","gauge":"1435","maxaxleload":"22.5","operator":"HŽ Infrastruktura","railway":"rail","service":"yard"}},"geometry":{"type":"LineString","coordinates":[[16.0039755,45.7562636],[16.0043332,45.7562025],[16.0044827,45.756168],[16.0046027,45.7561275],[16.0047233,45.7560786],[16.0048742,45.7560153],[16.0050606,45.7559192],[16.0051602,45.7558557],[16.0053027,45.7557602],[16.0055582,45.7555641]]}},{"type":"Feature","properties":{"osmId":"921263655","railway_type":"rail","name":null,"electrified":"contact_line","voltage":"25000","frequency":"50","bounds":[15.9861419,45.8048637,15.987064,45.8049582],"tags":{"electrified":"contact_line","frequency":"50","gauge":"1435","maxaxleload":"22","operator":"HŽ Infrastruktura","railway":"rail","service":"yard","voltage":"25000"}},"geometry":{"type":"LineString","coordinates":[[15.9861419,45.8048637],[15.9863092,45.8048764],[15.9864331,45.8048865],[15.9866073,45.8049105],[15.9868114,45.8049369],[15.9869072,45.8049468],[15.987064,45.8049582]]}},{"type":"Feature","properties":{"osmId":"921263657","railway_type":"rail","name":null,"electrified":"contact_line","voltage":"25000","frequency":"50","bounds":[15.986852,45.8048586,15.9876579,45.804948],"tags":{"electrified":"contact_line","frequency":"50","gauge":"1435","operator":"HŽ Infrastruktura","railway":"rail","service":"siding","voltage":"25000"}},"geometry":{"type":"LineString","coordinates":[[15.986852,45.8048586],[15.9870102,45.8048718],[15.9873824,45.8049197],[15.9875099,45.8049346],[15.9876579,45.804948]]}},{"type":"Feature","properties":{"osmId":"921263658","railway_type":"rail","name":null,"electrified":"contact_line","voltage":"25000","frequency":"50","bounds":[15.9865588,45.8047781,15.9876251,45.804902],"tags":{"electrified":"contact_line","frequency":"50","gauge":"1435","operator":"HŽ Infrastruktura","railway":"rail","service":"yard","voltage":"25000"}},"geometry":{"type":"LineString","coordinates":[[15.9865588,45.8047781],[15.9873405,45.8048784],[15.9874872,45.8048904],[15.9876251,45.804902]]}},{"type":"Feature","properties":{"osmId":"921263659","railway_type":"rail","name":null,"electrified":"contact_line","voltage":"25000","frequency":"50","bounds":[15.9877539,45.8049087,15.9885531,45.8049954],"tags":{"electrified":"contact_line","frequency":"50","gauge":"1435","operator":"HŽ Infrastruktura","railway":"rail","service":"crossover","voltage":"25000"}},"geometry":{"type":"LineString","coordinates":[[15.9877539,45.8049087],[15.9878728,45.8049197],[15.9879778,45.804931],[15.9881506,45.8049525],[15.9883459,45.8049769],[15.9884446,45.8049875],[15.9885531,45.8049954]]}},{"type":"Feature","properties":{"osmId":"921263660","railway_type":"rail","name":null,"electrified":"contact_line","voltage":"25000","frequency":"50","bounds":[15.9877509,45.8049492,15.9885629,45.8049559],"tags":{"electrified":"contact_line","frequency":"50","gauge":"1435","operator":"HŽ Infrastruktura","railway":"rail","service":"crossover","voltage":"25000"}},"geometry":{"type":"LineString","coordinates":[[15.9877509,45.8049526],[15.9878723,45.8049559],[15.9879639,45.8049553],[15.9881506,45.8049525],[15.988315,45.80495],[15.9884467,45.8049492],[15.9885629,45.8049523]]}},{"type":"Feature","properties":{"osmId":"921263661","railway_type":"rail","name":null,"electrified":null,"voltage":null,"frequency":null,"bounds":[15.9857955,45.8046624,15.9870123,45.8047249],"tags":{"gauge":"1435","operator":"HŽ Infrastruktura","railway":"rail","service":"yard"}},"geometry":{"type":"LineString","coordinates":[[15.9857955,45.8046624],[15.985936,45.8046823],[15.9860494,45.8046951],[15.9861836,45.8047057],[15.9862892,45.8047142],[15.9863962,45.8047199],[15.9865452,45.8047218],[15.9868341,45.8047204],[15.9870123,45.8047249]]}},{"type":"Feature","properties":{"osmId":"921263662","railway_type":"rail","name":null,"electrified":null,"voltage":null,"frequency":null,"bounds":[15.9873744,45.8046841,15.9880939,45.8047462],"tags":{"gauge":"1435","railway":"rail","service":"yard"}},"geometry":{"type":"LineString","coordinates":[[15.9873744,45.8047431],[15.9875093,45.8047462],[15.9876168,45.8047437],[15.9877941,45.8047295],[15.9880476,45.8046933],[15.9880939,45.8046841]]}},{"type":"Feature","properties":{"osmId":"921263663","railway_type":"rail","name":null,"electrified":null,"voltage":null,"frequency":null,"bounds":[15.9896915,45.8048816,15.9909644,45.8049262],"tags":{"gauge":"1435","railway":"rail","service":"yard"}},"geometry":{"type":"LineString","coordinates":[[15.9896915,45.8048869],[15.9902626,45.804922],[15.9903968,45.8049262],[15.9905854,45.8049214],[15.9907836,45.8049081],[15.9909644,45.8048816]]}},{"type":"Feature","properties":{"osmId":"921263664","railway_type":"rail","name":null,"electrified":null,"voltage":null,"frequency":null,"bounds":[15.9850275,45.8043076,15.9882597,45.8044676],"tags":{"gauge":"1435","railway":"rail","service":"yard"}},"geometry":{"type":"LineString","coordinates":[[15.9882597,45.8044676],[15.9872347,45.8044125],[15.9856722,45.8043284],[15.9854352,45.8043146],[15.9853138,45.804309],[15.9851807,45.8043079],[15.9850275,45.8043076]]}},{"type":"Feature","properties":{"osmId":"921263665","railway_type":"rail","name":null,"electrified":null,"voltage":null,"frequency":null,"bounds":[15.9832546,45.8041954,15.9847812,45.8042793],"tags":{"railway":"rail","service":"yard"}},"geometry":{"type":"LineString","coordinates":[[15.9832546,45.8041954],[15.9839318,45.804234],[15.9847812,45.8042793]]}},{"type":"Feature","properties":{"osmId":"921507460","railway_type":"rail","name":null,"electrified":"contact_line","voltage":"25000","frequency":"50","bounds":[15.9289542,45.8103943,15.9293793,45.8104348],"tags":{"electrified":"contact_line","frequency":"50","gauge":"1435","maxaxleload":"22","railway":"rail","service":"yard","voltage":"25000"}},"geometry":{"type":"LineString","coordinates":[[15.9293793,45.8103943],[15.9292538,45.8104107],[15.929114,45.8104238],[15.9289542,45.8104348]]}},{"type":"Feature","properties":{"osmId":"932647393","railway_type":"rail","name":null,"electrified":"no","voltage":null,"frequency":null,"bounds":[16.0394986,45.7995445,16.0418795,45.7998305],"tags":{"electrified":"no","gauge":"1435","maxaxleload":"22.5","railway":"rail","service":"spur"}},"geometry":{"type":"LineString","coordinates":[[16.0418795,45.7998298],[16.0416416,45.7998305],[16.041479,45.7998287],[16.0413861,45.799826],[16.0411487,45.799799],[16.040941,45.7997684],[16.0407965,45.7997405],[16.0403617,45.7996623],[16.0398882,45.799575],[16.0397734,45.7995615],[16.0396315,45.7995525],[16.0394986,45.7995445]]}},{"type":"Feature","properties":{"osmId":"932647394","railway_type":"rail","name":null,"electrified":"no","voltage":null,"frequency":null,"bounds":[16.0378876,45.7998076,16.0413861,45.8017992],"tags":{"electrified":"no","gauge":"1435","maxaxleload":"22.5","railway":"rail","service":"spur"}},"geometry":{"type":"LineString","coordinates":[[16.0413861,45.799826],[16.0410834,45.7998168],[16.0407046,45.7998076],[16.040526,45.7998099],[16.0404019,45.7998168],[16.0402696,45.7998341],[16.0400215,45.799901],[16.0397684,45.800014],[16.0396013,45.8001236],[16.0395795,45.800143],[16.0394425,45.8002654],[16.0393631,45.8003392],[16.0392837,45.8004453],[16.0392109,45.8005953],[16.0391897,45.8006328],[16.0391495,45.800704],[16.0390108,45.8008582],[16.0388536,45.8009954],[16.0386535,45.8011626],[16.0382297,45.8015193],[16.0378876,45.8017992]]}},{"type":"Feature","properties":{"osmId":"932647395","railway_type":"rail","name":null,"electrified":"no","voltage":null,"frequency":null,"bounds":[16.0373814,45.8011626,16.0386535,45.8019318],"tags":{"electrified":"no","gauge":"1435","maxaxleload":"22.5","railway":"rail","service":"spur"}},"geometry":{"type":"LineString","coordinates":[[16.0386535,45.8011626],[16.0384781,45.8012699],[16.0383673,45.8013241],[16.0382151,45.8013875],[16.0380884,45.8014352],[16.0378892,45.8015409],[16.0377718,45.801617],[16.0375452,45.801798],[16.0373814,45.8019318]]}},{"type":"Feature","properties":{"osmId":"932647396","railway_type":"rail","name":null,"electrified":"no","voltage":null,"frequency":null,"bounds":[16.0377718,45.800143,16.0395795,45.801617],"tags":{"electrified":"no","gauge":"1435","maxaxleload":"22.5","railway":"rail","service":"spur"}},"geometry":{"type":"LineString","coordinates":[[16.0377718,45.801617],[16.0380269,45.8013985],[16.0385608,45.8009516],[16.0389824,45.8006011],[16.0390486,45.8005451],[16.0392473,45.8003773],[16.0393383,45.800307],[16.0394342,45.8002355],[16.0395795,45.800143]]}},{"type":"Feature","properties":{"osmId":"966205096","railway_type":"rail","name":"DG – S. Marof – Zagreb Gk","electrified":"contact_line","voltage":"25000","frequency":"50","bounds":[15.8178864,45.8379378,15.8202245,45.84007],"tags":{"electrified":"contact_line","frequency":"50","gauge":"1435","loading_gauge":"TSI_GB","maxaxleload":"22.5","maxspeed":"120","name":"DG – S. Marof – Zagreb Gk","operator":"HŽ Infrastruktura","passenger_lines":"2","railway":"rail","railway:pzb":"yes","railway:traffic_mode":"mixed","ref":"M101","usage":"main","voltage":"25000"}},"geometry":{"type":"LineString","coordinates":[[15.8202245,45.8379378],[15.8198877,45.8382293],[15.8178864,45.84007]]}},{"type":"Feature","properties":{"osmId":"966205097","railway_type":"rail","name":"DG – S. Marof – Zagreb Gk","electrified":"contact_line","voltage":"25000","frequency":"50","bounds":[15.8201823,45.834762,15.8221524,45.8379029],"tags":{"electrified":"contact_line","frequency":"50","gauge":"1435","loading_gauge":"TSI_GC","maxaxleload":"22.5","maxspeed":"100","name":"DG – S. Marof – Zagreb Gk","operator":"HŽ Infrastruktura","passenger_lines":"2","railway":"rail","railway:pzb":"yes","railway:traffic_mode":"mixed","ref":"M101","usage":"main","voltage":"25000"}},"geometry":{"type":"LineString","coordinates":[[15.8221524,45.834762],[15.8219166,45.8355228],[15.8217734,45.8358737],[15.8216055,45.8362227],[15.8214748,45.8364403],[15.8213281,45.8366563],[15.8210701,45.8370039],[15.8208172,45.8372922],[15.820531,45.8375811],[15.8201823,45.8379029]]}},{"type":"Feature","properties":{"osmId":"1021273527","railway_type":"rail","name":null,"electrified":null,"voltage":null,"frequency":null,"bounds":[16.0681628,45.7938917,16.0739496,45.7939429],"tags":{"gauge":"1435","maxaxleload":"22.5","railway":"rail","service":"spur"}},"geometry":{"type":"LineString","coordinates":[[16.0681628,45.7939429],[16.0684789,45.793925],[16.0686547,45.7939094],[16.0688163,45.7939016],[16.0690237,45.7938967],[16.0718105,45.7938926],[16.0733448,45.7938917],[16.0734695,45.7938945],[16.0736948,45.7939094],[16.0739496,45.7939334]]}},{"type":"Feature","properties":{"osmId":"1021273528","railway_type":"rail","name":null,"electrified":null,"voltage":null,"frequency":null,"bounds":[16.0679209,45.7939331,16.0742084,45.793986],"tags":{"gauge":"1435","maxaxleload":"22.5","railway":"rail","service":"spur"}},"geometry":{"type":"LineString","coordinates":[[16.0679209,45.7939433],[16.068237,45.793964],[16.0684881,45.793981],[16.068676,45.793986],[16.0697291,45.7939827],[16.0711775,45.79398],[16.0727828,45.7939774],[16.0737122,45.7939736],[16.0738503,45.7939699],[16.0742084,45.7939331]]}},{"type":"Feature","properties":{"osmId":"1021273530","railway_type":"rail","name":null,"electrified":null,"voltage":null,"frequency":null,"bounds":[16.0696631,45.7942358,16.0712569,45.7942807],"tags":{"gauge":"1435","maxaxleload":"22.5","railway":"rail","service":"spur"}},"geometry":{"type":"LineString","coordinates":[[16.0696631,45.7942358],[16.0699283,45.7942663],[16.0702241,45.7942791],[16.0706974,45.7942771],[16.0712569,45.7942807]]}},{"type":"Feature","properties":{"osmId":"1021273531","railway_type":"rail","name":null,"electrified":null,"voltage":null,"frequency":null,"bounds":[16.0733073,45.7942939,16.0733942,45.7942945],"tags":{"gauge":"1435","maxaxleload":"22.5","railway":"rail","service":"spur"}},"geometry":{"type":"LineString","coordinates":[[16.0733073,45.7942939],[16.0733942,45.7942945]]}},{"type":"Feature","properties":{"osmId":"1029875263","railway_type":"rail","name":"DG – S. Marof – Zagreb Gk","electrified":"contact_line","voltage":"25000","frequency":"50","bounds":[15.9233106,45.8105882,15.9271571,45.8107999],"tags":{"electrified":"contact_line","frequency":"50","gauge":"1435","loading_gauge":"TSI_GC","maxaxleload":"22","maxspeed":"55","name":"DG – S. Marof – Zagreb Gk","operator":"HŽ Infrastruktura","passenger_lines":"2","railway":"rail","railway:pzb":"yes","railway:traffic_mode":"mixed","ref":"M101","usage":"main","voltage":"25000"}},"geometry":{"type":"LineString","coordinates":[[15.9271571,45.8105882],[15.9260221,45.8106523],[15.9249686,45.8107106],[15.9247576,45.8107202],[15.9233106,45.8107999]]}},{"type":"Feature","properties":{"osmId":"1029875264","railway_type":"rail","name":"DG – S. Marof – Zagreb Gk","electrified":"contact_line","voltage":"25000","frequency":"50","bounds":[15.9233187,45.8108154,15.9238217,45.8108419],"tags":{"electrified":"contact_line","frequency":"50","gauge":"1435","loading_gauge":"TSI_GC","maxaxleload":"22","maxspeed":"55","name":"DG – S. Marof – Zagreb Gk","operator":"HŽ Infrastruktura","passenger_lines":"2","railway":"rail","railway:pzb":"yes","railway:traffic_mode":"mixed","ref":"M101","usage":"main","voltage":"25000"}},"geometry":{"type":"LineString","coordinates":[[15.9238217,45.8108154],[15.9233187,45.8108419]]}},{"type":"Feature","properties":{"osmId":"1029875267","railway_type":"rail","name":"DG – S. Marof – Zagreb Gk","electrified":"contact_line","voltage":"25000","frequency":"50","bounds":[15.8309941,45.8154918,15.8379631,45.8174937],"tags":{"electrified":"contact_line","frequency":"50","gauge":"1435","loading_gauge":"TSI_GC","maxaxleload":"22.5","maxspeed":"100","name":"DG – S. Marof – Zagreb Gk","operator":"HŽ Infrastruktura","railway":"rail","railway:pzb":"yes","railway:traffic_mode":"mixed","ref":"M101","usage":"main","voltage":"25000"}},"geometry":{"type":"LineString","coordinates":[[15.8379631,45.8154918],[15.8359455,45.8156118],[15.835722,45.8156313],[15.8354635,45.8156601],[15.835041,45.8157172],[15.8347227,45.815771],[15.834374,45.8158457],[15.833969,45.8159542],[15.8335747,45.8160663],[15.8331764,45.8162112],[15.8329014,45.8163224],[15.832648,45.8164327],[15.8321571,45.8166879],[15.8320002,45.8167711],[15.8318688,45.8168505],[15.8315577,45.8170487],[15.8312733,45.817259],[15.8311228,45.8173755],[15.8309941,45.8174937]]}},{"type":"Feature","properties":{"osmId":"1029875268","railway_type":"rail","name":"DG – S. Marof – Zagreb Gk","electrified":"contact_line","voltage":"25000","frequency":"50","bounds":[15.8309513,45.8154468,15.8379692,45.8174709],"tags":{"electrified":"contact_line","frequency":"50","gauge":"1435","loading_gauge":"TSI_GC","maxaxleload":"22.5","maxspeed":"100","name":"DG – S. Marof – Zagreb Gk","operator":"HŽ Infrastruktura","railway":"rail","railway:pzb":"yes","railway:traffic_mode":"mixed","ref":"M101","usage":"main","voltage":"25000"}},"geometry":{"type":"LineString","coordinates":[[15.8379692,45.8154468],[15.8371739,45.8154959],[15.835745,45.8155869],[15.8354694,45.8156194],[15.8350315,45.8156803],[15.8347063,45.8157337],[15.8343497,45.81581],[15.8339377,45.8159199],[15.8335495,45.8160399],[15.8331308,45.8161811],[15.8328699,45.8162905],[15.8326095,45.8164058],[15.8321118,45.8166586],[15.8319606,45.8167442],[15.8318165,45.8168328],[15.8315097,45.8170326],[15.8312269,45.8172387],[15.8309513,45.8174709]]}},{"type":"Feature","properties":{"osmId":"1029875269","railway_type":"rail","name":"DG – S. Marof – Zagreb Gk","electrified":"contact_line","voltage":"25000","frequency":"50","bounds":[15.8293998,45.8175486,15.8308643,45.8195874],"tags":{"electrified":"contact_line","frequency":"50","gauge":"1435","loading_gauge":"TSI_GC","maxaxleload":"22.5","maxspeed":"100","name":"DG – S. Marof – Zagreb Gk","operator":"HŽ Infrastruktura","passenger_lines":"2","railway":"rail","railway:pzb":"yes","railway:traffic_mode":"mixed","ref":"M101","usage":"main","voltage":"25000"}},"geometry":{"type":"LineString","coordinates":[[15.8308643,45.8175486],[15.8305715,45.8178327],[15.8303556,45.8180743],[15.830251,45.8181982],[15.8301506,45.8183347],[15.8300927,45.8184144],[15.8299957,45.8185557],[15.8299185,45.8186719],[15.8298433,45.8187865],[15.8297812,45.8188886],[15.8297222,45.8189865],[15.8296156,45.8191883],[15.8293998,45.8195874]]}},{"type":"Feature","properties":{"osmId":"1029875270","railway_type":"rail","name":"DG – S. Marof – Zagreb Gk","electrified":"contact_line","voltage":"25000","frequency":"50","bounds":[15.8294502,45.8175748,15.830906,45.8196009],"tags":{"electrified":"contact_line","frequency":"50","gauge":"1435","loading_gauge":"TSI_GC","maxaxleload":"22.5","maxspeed":"100","name":"DG – S. Marof – Zagreb Gk","operator":"HŽ Infrastruktura","passenger_lines":"2","railway":"rail","railway:pzb":"yes","railway:traffic_mode":"mixed","ref":"M101","usage":"main","voltage":"25000"}},"geometry":{"type":"LineString","coordinates":[[15.830906,45.8175748],[15.8306327,45.8178409],[15.8303795,45.8180884],[15.8302766,45.8182103],[15.8301788,45.8183456],[15.8301179,45.818425],[15.8300232,45.8185623],[15.8299507,45.8186788],[15.8298758,45.818797],[15.8298198,45.818891],[15.8297561,45.8189982],[15.8296418,45.8191939],[15.8294502,45.8196009]]}},{"type":"Feature","properties":{"osmId":"1029875271","railway_type":"rail","name":"DG – S. Marof – Zagreb Gk","electrified":"contact_line","voltage":"25000","frequency":"50","bounds":[15.8260999,45.8196009,15.8294502,45.8263714],"tags":{"electrified":"contact_line","frequency":"50","gauge":"1435","loading_gauge":"TSI_GC","maxaxleload":"22.5","maxspeed":"120","name":"DG – S. Marof – Zagreb Gk","operator":"HŽ Infrastruktura","passenger_lines":"2","railway":"rail","railway:pzb":"yes","railway:traffic_mode":"mixed","ref":"M101","usage":"main","voltage":"25000"}},"geometry":{"type":"LineString","coordinates":[[15.8294502,45.8196009],[15.8289223,45.8206515],[15.8284064,45.8217124],[15.82804,45.8224582],[15.8274236,45.8237033],[15.8269708,45.8246208],[15.8265099,45.8255293],[15.8260999,45.8263714]]}},{"type":"Feature","properties":{"osmId":"1029875272","railway_type":"rail","name":"DG – S. Marof – Zagreb Gk","electrified":"contact_line","voltage":"25000","frequency":"50","bounds":[15.8260441,45.8195874,15.8293998,45.8263592],"tags":{"electrified":"contact_line","frequency":"50","gauge":"1435","loading_gauge":"TSI_GC","maxaxleload":"22.5","maxspeed":"120","name":"DG – S. Marof – Zagreb Gk","operator":"HŽ Infrastruktura","passenger_lines":"2","railway":"rail","railway:pzb":"yes","railway:traffic_mode":"mixed","ref":"M101","usage":"main","voltage":"25000"}},"geometry":{"type":"LineString","coordinates":[[15.8293998,45.8195874],[15.8288826,45.8206402],[15.8279822,45.8224445],[15.8273706,45.823699],[15.8269166,45.8246103],[15.8264572,45.8255187],[15.8260441,45.8263592]]}},{"type":"Feature","properties":{"osmId":"1030449467","railway_type":"rail","name":null,"electrified":"contact_line","voltage":"25000","frequency":"50","bounds":[15.9396384,45.8097581,15.9409543,45.8098056],"tags":{"electrified":"contact_line","frequency":"50","gauge":"1435","maxaxleload":"22","railway":"rail","service":"yard","voltage":"25000"}},"geometry":{"type":"LineString","coordinates":[[15.9409543,45.8097985],[15.940814,45.809802],[15.9406207,45.8098056],[15.9403279,45.8098012],[15.9399856,45.8097798],[15.9396384,45.8097581]]}},{"type":"Feature","properties":{"osmId":"1034274570","railway_type":"rail","name":null,"electrified":null,"voltage":null,"frequency":null,"bounds":[16.0144185,45.7821962,16.0173431,45.7833523],"tags":{"gauge":"1435","maxaxleload":"22.5","railway":"rail","service":"spur"}},"geometry":{"type":"LineString","coordinates":[[16.0144185,45.7824247],[16.0146602,45.7823053],[16.0148657,45.782232],[16.0150922,45.7821978],[16.0151314,45.7821976],[16.0153444,45.7821962],[16.0155709,45.7822304],[16.0156792,45.7822606],[16.015746,45.7822792],[16.0159211,45.7823379],[16.0161266,45.7824714],[16.0168574,45.7830006],[16.0173431,45.7833523]]}},{"type":"Feature","properties":{"osmId":"1034274571","railway_type":"rail","name":null,"electrified":null,"voltage":null,"frequency":null,"bounds":[16.0161642,45.7801183,16.0177959,45.7812562],"tags":{"gauge":"1435","maxaxleload":"22.5","railway":"rail","service":"spur"}},"geometry":{"type":"LineString","coordinates":[[16.0161642,45.7812562],[16.0164274,45.7809886],[16.0173117,45.7803977],[16.0177959,45.7801183]]}},{"type":"Feature","properties":{"osmId":"1076853775","railway_type":"rail","name":null,"electrified":null,"voltage":null,"frequency":null,"bounds":[15.8780146,45.8024915,15.8810768,45.8027367],"tags":{"railway":"rail","service":"spur"}},"geometry":{"type":"LineString","coordinates":[[15.8810768,45.8024915],[15.880863,45.8025169],[15.8805477,45.8025426],[15.8795151,45.8026206],[15.8787692,45.8026765],[15.8780146,45.8027367]]}},{"type":"Feature","properties":{"osmId":"1076853776","railway_type":"rail","name":null,"electrified":null,"voltage":null,"frequency":null,"bounds":[15.8771181,45.8026724,15.8787692,45.8026911],"tags":{"railway":"rail","service":"spur"}},"geometry":{"type":"LineString","coordinates":[[15.8787692,45.8026765],[15.8783271,45.8026724],[15.8771181,45.8026911]]}},{"type":"Feature","properties":{"osmId":"1095236153","railway_type":"rail","name":null,"electrified":null,"voltage":null,"frequency":null,"bounds":[16.1099774,45.8240619,16.1110186,45.8241539],"tags":{"railway":"rail","service":"spur"}},"geometry":{"type":"LineString","coordinates":[[16.1099774,45.8240619],[16.1105313,45.8241058],[16.1110186,45.8241539]]}},{"type":"Feature","properties":{"osmId":"1125795003","railway_type":"rail","name":null,"electrified":"contact_line","voltage":"25000","frequency":"50","bounds":[15.9765921,45.8043859,15.9773126,45.8043918],"tags":{"electrified":"contact_line","frequency":"50","gauge":"1435","operator":"HŽ Infrastruktura","railway":"rail","railway:pzb":"yes","service":"siding","voltage":"25000"}},"geometry":{"type":"LineString","coordinates":[[15.9765921,45.8043859],[15.9767386,45.8043904],[15.9768388,45.8043918],[15.9770897,45.8043867],[15.9771894,45.8043863],[15.9773126,45.8043881]]}},{"type":"Feature","properties":{"osmId":"1126354088","railway_type":"rail","name":null,"electrified":"contact_line","voltage":"25000","frequency":"50","bounds":[15.9486957,45.8093909,15.9496393,45.8094018],"tags":{"electrified":"contact_line","frequency":"50","gauge":"1435","operator":"HŽ Infrastruktura","railway":"rail","service":"crossover","voltage":"25000"}},"geometry":{"type":"LineString","coordinates":[[15.9486957,45.8094018],[15.948837,45.8093968],[15.9489978,45.8093966],[15.9492753,45.8093986],[15.9493824,45.809399],[15.9494835,45.8093962],[15.9496393,45.8093909]]}},{"type":"Feature","properties":{"osmId":"1126481492","railway_type":"rail","name":null,"electrified":"no","voltage":null,"frequency":null,"bounds":[16.0140357,45.7533811,16.0154233,45.7536643],"tags":{"electrified":"no","gauge":"1435","maxaxleload":"22.5","operator":"HŽ Infrastruktura","railway":"rail","service":"yard"}},"geometry":{"type":"LineString","coordinates":[[16.0154233,45.7536643],[16.0152468,45.7536034],[16.0151177,45.7535614],[16.01498,45.7535256],[16.0148155,45.7534853],[16.0146334,45.7534517],[16.0144273,45.7534235],[16.0140357,45.7533811]]}},{"type":"Feature","properties":{"osmId":"1126481493","railway_type":"rail","name":null,"electrified":"contact_line","voltage":"25000","frequency":"50","bounds":[16.0151046,45.7535392,16.0154233,45.7536643],"tags":{"electrified":"contact_line","frequency":"50","gauge":"1435","maxaxleload":"22.5","operator":"HŽ Infrastruktura","railway":"rail","service":"yard","voltage":"25000"}},"geometry":{"type":"LineString","coordinates":[[16.0154233,45.7536643],[16.0151046,45.7535392]]}},{"type":"Feature","properties":{"osmId":"1126481494","railway_type":"rail","name":null,"electrified":"contact_line","voltage":"25000","frequency":"50","bounds":[16.0167832,45.7541702,16.0170943,45.7542622],"tags":{"electrified":"contact_line","frequency":"50","gauge":"1435","maxaxleload":"22.5","operator":"HŽ Infrastruktura","railway":"rail","service":"yard","voltage":"25000"}},"geometry":{"type":"LineString","coordinates":[[16.0170943,45.7542622],[16.0167832,45.7541702]]}},{"type":"Feature","properties":{"osmId":"1126481495","railway_type":"rail","name":null,"electrified":"contact_line","voltage":"25000","frequency":"50","bounds":[16.0186834,45.7547477,16.0192737,45.7549087],"tags":{"electrified":"contact_line","frequency":"50","gauge":"1435","maxaxleload":"22.5","operator":"HŽ Infrastruktura","railway":"rail","service":"yard","voltage":"25000"}},"geometry":{"type":"LineString","coordinates":[[16.0192737,45.7549087],[16.0188767,45.7548096],[16.0186834,45.7547477]]}},{"type":"Feature","properties":{"osmId":"1126988221","railway_type":"rail","name":null,"electrified":"contact_line","voltage":"25000","frequency":"50","bounds":[16.0333601,45.7537122,16.03565,45.7538945],"tags":{"electrified":"contact_line","frequency":"50","gauge":"1435","operator":"HŽ Infrastruktura","railway":"rail","service":"siding","voltage":"25000"}},"geometry":{"type":"LineString","coordinates":[[16.0333601,45.7538945],[16.0335583,45.7538775],[16.0344029,45.7538098],[16.03565,45.7537122]]}},{"type":"Feature","properties":{"osmId":"1126988222","railway_type":"rail","name":null,"electrified":"contact_line","voltage":"25000","frequency":"50","bounds":[16.0285668,45.7538945,16.0333601,45.7542726],"tags":{"electrified":"contact_line","frequency":"50","gauge":"1435","operator":"HŽ Infrastruktura","railway":"rail","service":"siding","voltage":"25000"}},"geometry":{"type":"LineString","coordinates":[[16.0285668,45.7542726],[16.0299829,45.7541603],[16.0311633,45.754069],[16.0314657,45.7540439],[16.0320849,45.7539939],[16.032433,45.7539657],[16.0326707,45.7539485],[16.0333601,45.7538945]]}},{"type":"Feature","properties":{"osmId":"1126988223","railway_type":"rail","name":null,"electrified":"contact_line","voltage":"25000","frequency":"50","bounds":[16.02857,45.7540321,16.0321656,45.7543169],"tags":{"electrified":"contact_line","frequency":"50","gauge":"1435","operator":"HŽ Infrastruktura","railway":"rail","service":"yard","voltage":"25000"}},"geometry":{"type":"LineString","coordinates":[[16.02857,45.7543169],[16.0310137,45.7541237],[16.0321656,45.7540321]]}},{"type":"Feature","properties":{"osmId":"1126988224","railway_type":"rail","name":null,"electrified":"contact_line","voltage":"25000","frequency":"50","bounds":[16.0285613,45.754069,16.0311633,45.75423],"tags":{"electrified":"contact_line","frequency":"50","gauge":"1435","operator":"HŽ Infrastruktura","railway":"rail","service":"yard","voltage":"25000"}},"geometry":{"type":"LineString","coordinates":[[16.0285613,45.75423],[16.0303115,45.7540911],[16.0305038,45.7540822],[16.0306441,45.754079],[16.0308155,45.7540783],[16.0309352,45.7540776],[16.0310228,45.7540753],[16.0311633,45.754069]]}},{"type":"Feature","properties":{"osmId":"1126988225","railway_type":"rail","name":null,"electrified":"contact_line","voltage":"25000","frequency":"50","bounds":[16.0285736,45.7539884,16.0332549,45.7543606],"tags":{"electrified":"contact_line","frequency":"50","gauge":"1435","maxaxleload":"22.5","operator":"HŽ Infrastruktura","railway":"rail","service":"yard","voltage":"25000"}},"geometry":{"type":"LineString","coordinates":[[16.0285736,45.7543606],[16.0332549,45.7539884]]}},{"type":"Feature","properties":{"osmId":"1126988226","railway_type":"rail","name":null,"electrified":"contact_line","voltage":"25000","frequency":"50","bounds":[16.0186834,45.7538831,16.0339403,45.754869],"tags":{"electrified":"contact_line","frequency":"50","gauge":"1435","maxaxleload":"22.5","operator":"HŽ Infrastruktura","railway":"rail","service":"yard","voltage":"25000"}},"geometry":{"type":"LineString","coordinates":[[16.0186834,45.7547477],[16.0188861,45.7547894],[16.0190234,45.7548183],[16.0192961,45.7548555],[16.0195252,45.754869],[16.0197636,45.7548671],[16.0199821,45.7548524],[16.0209406,45.754783],[16.0217417,45.7547172],[16.0299341,45.7540671],[16.0303988,45.7540324],[16.0305159,45.7540256],[16.0306473,45.7540232],[16.0308018,45.754029],[16.0310129,45.754039],[16.0311995,45.7540448],[16.0314657,45.7540439],[16.0319188,45.7540412],[16.0320419,45.7540378],[16.0321656,45.7540321],[16.0325514,45.7540009],[16.0332127,45.7539457],[16.0336181,45.753918],[16.0337722,45.7539044],[16.0339403,45.7538831]]}},{"type":"Feature","properties":{"osmId":"1126988227","railway_type":"rail","name":null,"electrified":"no","voltage":null,"frequency":null,"bounds":[16.0184896,45.7546886,16.0186834,45.7547477],"tags":{"electrified":"no","gauge":"1435","maxaxleload":"22.5","operator":"HŽ Infrastruktura","railway":"rail","service":"yard"}},"geometry":{"type":"LineString","coordinates":[[16.0186834,45.7547477],[16.0184896,45.7546886]]}},{"type":"Feature","properties":{"osmId":"1135538982","railway_type":"rail","name":"Zagreb Gk – Dugo Selo","electrified":"contact_line","voltage":"25000","frequency":"50","bounds":[16.1641047,45.8118109,16.164183,45.81183],"tags":{"bridge":"yes","electrified":"contact_line","frequency":"50","gauge":"1435","layer":"1","loading_gauge":"TSI_GC","maxaxleload":"22.5","maxspeed":"140","name":"Zagreb Gk – Dugo Selo","operator":"HŽ Infrastruktura","passenger_lines":"2","railway":"rail","railway:pzb":"yes","railway:traffic_mode":"mixed","ref":"M102","usage":"main","voltage":"25000"}},"geometry":{"type":"LineString","coordinates":[[16.1641047,45.81183],[16.164183,45.8118109]]}},{"type":"Feature","properties":{"osmId":"1135538984","railway_type":"rail","name":"Zagreb Gk – Dugo Selo","electrified":"contact_line","voltage":"25000","frequency":"50","bounds":[16.164122,45.8118473,16.1641948,45.811865],"tags":{"bridge":"yes","electrified":"contact_line","frequency":"50","gauge":"1435","layer":"1","loading_gauge":"TSI_GC","maxaxleload":"22.5","maxspeed":"140","name":"Zagreb Gk – Dugo Selo","operator":"HŽ Infrastruktura","passenger_lines":"2","railway":"rail","railway:pzb":"yes","railway:traffic_mode":"mixed","ref":"M102","usage":"main","voltage":"25000"}},"geometry":{"type":"LineString","coordinates":[[16.164122,45.811865],[16.1641948,45.8118473]]}},{"type":"Feature","properties":{"osmId":"1139600685","railway_type":"rail","name":null,"electrified":null,"voltage":null,"frequency":null,"bounds":[15.8961915,45.7459536,15.9002014,45.7476868],"tags":{"gauge":"1435","railway":"rail","service":"spur"}},"geometry":{"type":"LineString","coordinates":[[15.9002014,45.7476868],[15.8998116,45.747492],[15.8992624,45.7472089],[15.8991657,45.7471623],[15.8988228,45.7470162],[15.8980153,45.7466879],[15.8972707,45.7463825],[15.8966347,45.7461314],[15.8961915,45.7459536]]}},{"type":"Feature","properties":{"osmId":"1164427754","railway_type":"rail","name":"Zagreb Gk – Rijeka","electrified":"contact_line","voltage":"25000","frequency":"50","bounds":[15.9492885,45.7678796,15.952502,45.7692192],"tags":{"electrified":"contact_line","frequency":"50","gauge":"1435","loading_gauge":"TSI_GC","maxaxleload":"22","maxspeed":"80","maxspeed:tilting":"90","name":"Zagreb Gk – Rijeka","operator":"HŽ Infrastruktura","passenger_lines":"1","railway":"rail","railway:pzb":"yes","railway:traffic_mode":"mixed","ref":"M202","usage":"main","voltage":"25000"}},"geometry":{"type":"LineString","coordinates":[[15.952502,45.7692192],[15.9524114,45.76918],[15.9519267,45.7689639],[15.9515453,45.7688029],[15.9497464,45.7680698],[15.9492885,45.7678796]]}},{"type":"Feature","properties":{"osmId":"1188268757","railway_type":"rail","name":null,"electrified":"contact_line","voltage":"25000","frequency":"50","bounds":[15.9893197,45.7573847,15.9908247,45.757504],"tags":{"electrified":"contact_line","frequency":"50","gauge":"1435","maxaxleload":"22","operator":"HŽ Infrastruktura","railway":"rail","railway:pzb":"yes","service":"yard","voltage":"25000"}},"geometry":{"type":"LineString","coordinates":[[15.9908247,45.7573847],[15.9898985,45.757461],[15.9893197,45.757504]]}},{"type":"Feature","properties":{"osmId":"1188268758","railway_type":"rail","name":"Zagreb Zk – Trešnjevka","electrified":"contact_line","voltage":"25000","frequency":"50","bounds":[15.9570517,45.8076047,15.9614177,45.8089415],"tags":{"electrified":"contact_line","frequency":"50","gauge":"1435","maxaxleload":"22","maxspeed":"40","name":"Zagreb Zk – Trešnjevka","operator":"HŽ Infrastruktura","passenger_lines":"1","railway":"rail","railway:pzb":"yes","railway:traffic_mode":"freight","ref":"M405","usage":"main","voltage":"25000"}},"geometry":{"type":"LineString","coordinates":[[15.9614177,45.8076047],[15.9612858,45.8076913],[15.9610355,45.8078366],[15.9607991,45.8079648],[15.9605773,45.8080724],[15.9604272,45.8081424],[15.9602627,45.8082143],[15.9600871,45.8082875],[15.9600318,45.8083105],[15.9597543,45.8084148],[15.9594934,45.8085063],[15.959295,45.8085734],[15.959078,45.8086397],[15.9589352,45.8086798],[15.9587924,45.8087138],[15.9586498,45.8087394],[15.9584187,45.8087734],[15.957845,45.808847],[15.9573485,45.8089119],[15.9572043,45.8089299],[15.9570517,45.8089415]]}},{"type":"Feature","properties":{"osmId":"1188268759","railway_type":"rail","name":"Zagreb Gk – Dugo Selo","electrified":"contact_line","voltage":"25000","frequency":"50","bounds":[16.0639315,45.8208035,16.0653247,45.8210361],"tags":{"electrified":"contact_line","frequency":"50","gauge":"1435","loading_gauge":"TSI_GB","maxaxleload":"22.5","maxspeed":"140","name":"Zagreb Gk – Dugo Selo","operator":"HŽ Infrastruktura","passenger_lines":"2","railway":"rail","railway:pzb":"yes","railway:traffic_mode":"mixed","ref":"M102","usage":"main","voltage":"25000"}},"geometry":{"type":"LineString","coordinates":[[16.0639315,45.8208035],[16.0653247,45.8210361]]}},{"type":"Feature","properties":{"osmId":"1188271605","railway_type":"rail","name":null,"electrified":"contact_line","voltage":"25000","frequency":"50","bounds":[16.0011696,45.7564673,16.0029924,45.7567896],"tags":{"electrified":"contact_line","frequency":"50","gauge":"1435","maxaxleload":"22.5","operator":"HŽ Infrastruktura","railway":"rail","service":"yard","voltage":"25000"}},"geometry":{"type":"LineString","coordinates":[[16.0029924,45.7564673],[16.0028044,45.7564858],[16.0026976,45.7565016],[16.0026071,45.7565204],[16.0024593,45.7565545],[16.0023207,45.7565848],[16.0020094,45.7566326],[16.0017716,45.7566674],[16.0016012,45.7567001],[16.0014788,45.7567238],[16.0011696,45.7567896]]}},{"type":"Feature","properties":{"osmId":"1201837595","railway_type":"rail","name":"Zagreb Gk – Velika Gorica","electrified":"contact_line","voltage":"25000","frequency":"50","bounds":[15.9726224,45.8040883,15.9732107,45.8041625],"tags":{"electrified":"contact_line","frequency":"50","gauge":"1435","loading_gauge":"TSI_GC","maxaxleload":"22","maxspeed":"50","name":"Zagreb Gk – Velika Gorica","operator":"HŽ Infrastruktura","passenger_lines":"1","railway":"rail","railway:pzb":"yes","railway:traffic_mode":"mixed","ref":"M502-1","usage":"main","voltage":"25000"}},"geometry":{"type":"LineString","coordinates":[[15.9726224,45.8040883],[15.9732107,45.8041625]]}},{"type":"Feature","properties":{"osmId":"1207989545","railway_type":"rail","name":"DG – S. Marof – Zagreb Gk","electrified":"contact_line","voltage":"25000","frequency":"50","bounds":[15.8181319,45.8379029,15.8201823,45.8397757],"tags":{"electrified":"contact_line","frequency":"50","gauge":"1435","loading_gauge":"TSI_GC","maxaxleload":"22.5","maxspeed":"120","name":"DG – S. Marof – Zagreb Gk","operator":"HŽ Infrastruktura","passenger_lines":"2","railway":"rail","railway:pzb":"yes","railway:traffic_mode":"mixed","ref":"M101","usage":"main","voltage":"25000"}},"geometry":{"type":"LineString","coordinates":[[15.8201823,45.8379029],[15.8198573,45.8381968],[15.8190398,45.8389395],[15.8181319,45.8397757]]}},{"type":"Feature","properties":{"osmId":"1248310958","railway_type":"rail","name":null,"electrified":null,"voltage":null,"frequency":null,"bounds":[16.0586328,45.7958241,16.0591766,45.7986664],"tags":{"railway":"rail","service":"spur"}},"geometry":{"type":"LineString","coordinates":[[16.0590051,45.7958241],[16.0590889,45.7960308],[16.0591276,45.7961648],[16.0591546,45.7962672],[16.05917,45.7963823],[16.0591751,45.7964481],[16.0591766,45.7965596],[16.05917,45.7966249],[16.0591597,45.796716],[16.0591378,45.7968159],[16.0591196,45.7968877],[16.0590154,45.7972681],[16.0589007,45.7976981],[16.0586328,45.7986664]]}},{"type":"Feature","properties":{"osmId":"1248310959","railway_type":"rail","name":null,"electrified":null,"voltage":null,"frequency":null,"bounds":[16.0578769,45.7941378,16.0585273,45.7957611],"tags":{"railway":"rail","service":"spur"}},"geometry":{"type":"LineString","coordinates":[[16.0584919,45.7957611],[16.0585176,45.7955915],[16.058525,45.7955307],[16.0585273,45.7955118],[16.0585225,45.7953935],[16.058507,45.7952968],[16.0584585,45.7951508],[16.0584093,45.795061],[16.0578769,45.7941378]]}},{"type":"Feature","properties":{"osmId":"1248312577","railway_type":"rail","name":null,"electrified":"no","voltage":null,"frequency":null,"bounds":[16.0392341,45.799259,16.0418795,45.7998298],"tags":{"electrified":"no","gauge":"1435","maxaxleload":"22.5","railway":"rail","service":"spur"}},"geometry":{"type":"LineString","coordinates":[[16.0392341,45.799259],[16.0395026,45.7993226],[16.0398438,45.7994317],[16.0401733,45.7995497],[16.0403781,45.799589],[16.0410731,45.7997066],[16.0416478,45.7998],[16.0418795,45.7998298]]}},{"type":"Feature","properties":{"osmId":"1248312578","railway_type":"rail","name":null,"electrified":"no","voltage":null,"frequency":null,"bounds":[16.0401733,45.7995497,16.0407965,45.7997405],"tags":{"electrified":"no","gauge":"1435","maxaxleload":"22.5","railway":"rail","service":"spur"}},"geometry":{"type":"LineString","coordinates":[[16.0407965,45.7997405],[16.0405961,45.7996926],[16.0401733,45.7995497]]}},{"type":"Feature","properties":{"osmId":"1248913515","railway_type":"rail","name":null,"electrified":"no","voltage":null,"frequency":null,"bounds":[16.0538118,45.8071968,16.0550115,45.8073776],"tags":{"electrified":"no","gauge":"1435","maxaxleload":"22.5","railway":"rail","service":"spur"}},"geometry":{"type":"LineString","coordinates":[[16.0550115,45.8073776],[16.0548047,45.8073604],[16.0546658,45.8073436],[16.0545216,45.807315],[16.0542762,45.8072673],[16.0538118,45.8071968]]}},{"type":"Feature","properties":{"osmId":"1248913518","railway_type":"rail","name":null,"electrified":"yes","voltage":"25000","frequency":"50","bounds":[16.0520768,45.8070141,16.0534271,45.8072095],"tags":{"electrified":"yes","frequency":"50","gauge":"1435","railway":"rail","service":"spur","voltage":"25000"}},"geometry":{"type":"LineString","coordinates":[[16.0520768,45.8070141],[16.0531059,45.8071642],[16.0534102,45.8072071],[16.0534271,45.8072095]]}},{"type":"Feature","properties":{"osmId":"1248913519","railway_type":"rail","name":null,"electrified":"yes","voltage":"25000","frequency":"50","bounds":[16.0534271,45.8072095,16.0542017,45.8073236],"tags":{"electrified":"yes","frequency":"50","gauge":"1435","railway":"rail","service":"spur","tunnel":"building_passage","voltage":"25000"}},"geometry":{"type":"LineString","coordinates":[[16.0534271,45.8072095],[16.0542017,45.8073236]]}},{"type":"Feature","properties":{"osmId":"1248913520","railway_type":"rail","name":null,"electrified":"no","voltage":null,"frequency":null,"bounds":[16.0520929,45.806959,16.0534711,45.807149],"tags":{"electrified":"no","gauge":"1435","maxaxleload":"22.5","railway":"rail","service":"spur"}},"geometry":{"type":"LineString","coordinates":[[16.0534711,45.807149],[16.0534314,45.8071435],[16.0520929,45.806959]]}},{"type":"Feature","properties":{"osmId":"1248913521","railway_type":"rail","name":null,"electrified":"no","voltage":null,"frequency":null,"bounds":[16.0534711,45.807149,16.0538118,45.8071968],"tags":{"electrified":"no","gauge":"1435","maxaxleload":"22.5","railway":"rail","service":"spur","tunnel":"building_passage"}},"geometry":{"type":"LineString","coordinates":[[16.0538118,45.8071968],[16.0534711,45.807149]]}},{"type":"Feature","properties":{"osmId":"1248913523","railway_type":"rail","name":null,"electrified":null,"voltage":null,"frequency":null,"bounds":[16.0575203,45.8062004,16.0597634,45.806345],"tags":{"gauge":"1435","railway":"rail","service":"spur"}},"geometry":{"type":"LineString","coordinates":[[16.0575203,45.8062004],[16.0578171,45.8062441],[16.0583029,45.8063128],[16.0584435,45.8063286],[16.0586297,45.806339],[16.0587617,45.806345],[16.0589365,45.8063371],[16.0590744,45.8063292],[16.0592042,45.8063138],[16.0593986,45.8062929],[16.0595447,45.8062633],[16.0597634,45.8062082]]}},{"type":"Feature","properties":{"osmId":"1248913525","railway_type":"rail","name":null,"electrified":"no","voltage":null,"frequency":null,"bounds":[16.0554144,45.805728,16.060293,45.8062073],"tags":{"electrified":"no","gauge":"1435","maxaxleload":"22.5","railway":"rail","service":"spur"}},"geometry":{"type":"LineString","coordinates":[[16.060293,45.8060389],[16.059979,45.8061186],[16.0598206,45.8061536],[16.0595264,45.8061977],[16.0594009,45.8062067],[16.0592962,45.8062073],[16.0590028,45.8062049],[16.0587077,45.8061862],[16.0577353,45.8060492],[16.0559719,45.8058073],[16.0558486,45.8057898],[16.0554144,45.805728]]}},{"type":"Feature","properties":{"osmId":"1248913530","railway_type":"rail","name":null,"electrified":null,"voltage":null,"frequency":null,"bounds":[16.0546838,45.8040276,16.0550988,45.8040852],"tags":{"gauge":"1435","railway":"rail","service":"spur"}},"geometry":{"type":"LineString","coordinates":[[16.0546838,45.8040276],[16.0550988,45.8040852]]}},{"type":"Feature","properties":{"osmId":"1248913531","railway_type":"rail","name":null,"electrified":null,"voltage":null,"frequency":null,"bounds":[16.0550988,45.8040852,16.0562444,45.8042441],"tags":{"gauge":"1435","railway":"rail","service":"spur","tunnel":"building_passage"}},"geometry":{"type":"LineString","coordinates":[[16.0550988,45.8040852],[16.0562444,45.8042441]]}},{"type":"Feature","properties":{"osmId":"1248913532","railway_type":"rail","name":null,"electrified":"contact_line","voltage":null,"frequency":null,"bounds":[16.0614665,45.8053621,16.0629879,45.8058209],"tags":{"electrified":"contact_line","gauge":"1435","railway":"rail","service":"spur"}},"geometry":{"type":"LineString","coordinates":[[16.0614665,45.8053621],[16.0618981,45.8054927],[16.0620071,45.8055258],[16.0622382,45.805596],[16.0626129,45.8057099],[16.0629879,45.8058209]]}},{"type":"Feature","properties":{"osmId":"1249952884","railway_type":"rail","name":"DG – S. Marof – Zagreb Gk","electrified":"contact_line","voltage":"25000","frequency":"50","bounds":[15.9726272,45.8041307,15.9732107,45.8041625],"tags":{"electrified":"contact_line","frequency":"50","gauge":"1435","loading_gauge":"TSI_GC","maxaxleload":"22","maxspeed":"50","name":"DG – S. Marof – Zagreb Gk","operator":"HŽ Infrastruktura","passenger_lines":"2","railway":"rail","railway:pzb":"yes","railway:traffic_mode":"mixed","ref":"M101","usage":"main","voltage":"25000"}},"geometry":{"type":"LineString","coordinates":[[15.9732107,45.8041625],[15.9726272,45.8041307]]}},{"type":"Feature","properties":{"osmId":"1250809693","railway_type":"rail","name":null,"electrified":null,"voltage":null,"frequency":null,"bounds":[15.9879512,45.8054022,15.9893033,45.8054409],"tags":{"gauge":"1435","railway":"rail","service":"yard"}},"geometry":{"type":"LineString","coordinates":[[15.9879512,45.8054196],[15.9883522,45.8054387],[15.9885164,45.8054409],[15.9887496,45.8054339],[15.9889899,45.8054152],[15.9891169,45.8054065],[15.9892126,45.8054037],[15.9893033,45.8054022]]}},{"type":"Feature","properties":{"osmId":"1250809694","railway_type":"rail","name":null,"electrified":null,"voltage":null,"frequency":null,"bounds":[15.9879444,45.8054058,15.9897321,45.8054944],"tags":{"gauge":"1435","railway":"rail","service":"yard"}},"geometry":{"type":"LineString","coordinates":[[15.9879444,45.8054678],[15.9881714,45.8054863],[15.988326,45.8054928],[15.9884271,45.8054944],[15.988529,45.8054923],[15.9886903,45.8054833],[15.9889339,45.8054599],[15.9890252,45.8054517],[15.9893752,45.8054221],[15.9894902,45.8054128],[15.9895885,45.8054077],[15.9897321,45.8054058]]}},{"type":"Feature","properties":{"osmId":"1260702929","railway_type":"rail","name":null,"electrified":"contact_line","voltage":"25000","frequency":"50","bounds":[15.9859359,45.8047551,15.9866918,45.8048516],"tags":{"electrified":"contact_line","frequency":"50","gauge":"1435","maxaxleload":"22","operator":"HŽ Infrastruktura","railway":"rail","railway:pzb":"yes","service":"siding","voltage":"25000"}},"geometry":{"type":"LineString","coordinates":[[15.9859359,45.8047551],[15.9862108,45.804805],[15.9862871,45.8048166],[15.9864007,45.8048287],[15.9866918,45.8048516]]}},{"type":"Feature","properties":{"osmId":"1260702930","railway_type":"rail","name":null,"electrified":"contact_line","voltage":"25000","frequency":"50","bounds":[15.9855955,45.8046958,15.9859359,45.8047551],"tags":{"electrified":"contact_line","frequency":"50","gauge":"1435","maxaxleload":"22","operator":"HŽ Infrastruktura","railway":"rail","railway:pzb":"yes","service":"siding","voltage":"25000"}},"geometry":{"type":"LineString","coordinates":[[15.9855955,45.8046958],[15.9859359,45.8047551]]}},{"type":"Feature","properties":{"osmId":"1260702931","railway_type":"rail","name":"Zagreb Gk – Dugo Selo","electrified":"contact_line","voltage":"25000","frequency":"50","bounds":[15.9877509,45.8049526,15.9913321,45.8055954],"tags":{"electrified":"contact_line","frequency":"50","gauge":"1435","loading_gauge":"TSI_GB","maxaxleload":"22","maxspeed":"50","name":"Zagreb Gk – Dugo Selo","operator":"HŽ Infrastruktura","passenger_lines":"2","railway":"rail","railway:pzb":"yes","railway:track_ref":"1","railway:traffic_mode":"mixed","ref":"M102","usage":"main","voltage":"25000"}},"geometry":{"type":"LineString","coordinates":[[15.9877509,45.8049526],[15.9885531,45.8049954],[15.9889479,45.8050174],[15.9891374,45.8050323],[15.9892824,45.80505],[15.9894211,45.8050715],[15.9895918,45.8051037],[15.9897435,45.8051392],[15.9899641,45.8051979],[15.990067,45.8052272],[15.9906874,45.8053992],[15.9909966,45.8054916],[15.9913321,45.8055954]]}},{"type":"Feature","properties":{"osmId":"1260702932","railway_type":"rail","name":null,"electrified":"contact_line","voltage":"25000","frequency":"50","bounds":[15.9752438,45.804272,15.9760047,45.8042834],"tags":{"electrified":"contact_line","frequency":"50","gauge":"1435","maxaxleload":"22","operator":"HŽ Infrastruktura","railway":"rail","railway:pzb":"yes","railway:track_ref":"5","service":"siding","voltage":"25000"}},"geometry":{"type":"LineString","coordinates":[[15.9752438,45.8042757],[15.9753799,45.8042803],[15.975508,45.8042834],[15.9760047,45.804272]]}},{"type":"Feature","properties":{"osmId":"1260702933","railway_type":"rail","name":"DG – S. Marof – Zagreb Gk","electrified":"contact_line","voltage":"25000","frequency":"50","bounds":[15.9742654,45.8042205,15.9752438,45.8042757],"tags":{"electrified":"contact_line","frequency":"50","gauge":"1435","loading_gauge":"TSI_GC","maxaxleload":"22","maxspeed":"50","name":"DG – S. Marof – Zagreb Gk","operator":"HŽ Infrastruktura","passenger_lines":"2","railway":"rail","railway:pzb":"yes","railway:track_ref":"1","railway:traffic_mode":"mixed","ref":"M101","usage":"main","voltage":"25000"}},"geometry":{"type":"LineString","coordinates":[[15.9752438,45.8042757],[15.9747155,45.8042453],[15.9742654,45.8042205]]}},{"type":"Feature","properties":{"osmId":"1260702934","railway_type":"rail","name":"Zagreb Gk – Dugo Selo","electrified":"contact_line","voltage":"25000","frequency":"50","bounds":[15.9885629,45.8049523,15.9913562,45.8055524],"tags":{"electrified":"contact_line","frequency":"50","gauge":"1435","loading_gauge":"TSI_GB","maxaxleload":"22","maxspeed":"50","name":"Zagreb Gk – Dugo Selo","operator":"HŽ Infrastruktura","passenger_lines":"2","railway":"rail","railway:pzb":"yes","railway:track_ref":"2","railway:traffic_mode":"mixed","ref":"M102","usage":"main","voltage":"25000"}},"geometry":{"type":"LineString","coordinates":[[15.9885629,45.8049523],[15.9888938,45.8049691],[15.9890231,45.80498],[15.989157,45.8049935],[15.9892922,45.8050111],[15.9894388,45.8050345],[15.9895777,45.8050607],[15.9896624,45.8050786],[15.9897585,45.8051011],[15.9899051,45.8051363],[15.9908059,45.8053893],[15.9913562,45.8055524]]}},{"type":"Feature","properties":{"osmId":"1260748712","railway_type":"rail","name":"Zagreb Gk – Dugo Selo","electrified":"contact_line","voltage":"25000","frequency":"50","bounds":[15.9866918,45.8048516,15.986852,45.8048586],"tags":{"electrified":"contact_line","frequency":"50","gauge":"1435","loading_gauge":"TSI_GB","maxaxleload":"22","maxspeed":"50","name":"Zagreb Gk – Dugo Selo","operator":"HŽ Infrastruktura","passenger_lines":"2","railway":"rail","railway:pzb":"yes","railway:track_ref":"2","railway:traffic_mode":"mixed","ref":"M102","usage":"main","voltage":"25000"}},"geometry":{"type":"LineString","coordinates":[[15.9866918,45.8048516],[15.986852,45.8048586]]}},{"type":"Feature","properties":{"osmId":"1262243314","railway_type":"rail","name":null,"electrified":"contact_line","voltage":"25000","frequency":"50","bounds":[15.981878,45.804635,15.982748,45.8047261],"tags":{"electrified":"contact_line","frequency":"50","gauge":"1435","maxaxleload":"22","operator":"HŽ Infrastruktura","railway":"rail","service":"siding","voltage":"25000"}},"geometry":{"type":"LineString","coordinates":[[15.981878,45.804635],[15.9820848,45.8046507],[15.982227,45.8046639],[15.9824355,45.804691],[15.9825577,45.8047061],[15.982748,45.8047261]]}},{"type":"Feature","properties":{"osmId":"1262243315","railway_type":"rail","name":"Zagreb Gk – Dugo Selo","electrified":"contact_line","voltage":"25000","frequency":"50","bounds":[15.9870111,45.8049107,15.9876579,45.804948],"tags":{"electrified":"contact_line","frequency":"50","gauge":"1435","loading_gauge":"TSI_GB","maxaxleload":"22","maxspeed":"50","name":"Zagreb Gk – Dugo Selo","operator":"HŽ Infrastruktura","passenger_lines":"2","railway":"rail","railway:pzb":"yes","railway:track_ref":"1","railway:traffic_mode":"mixed","ref":"M102","usage":"main","voltage":"25000"}},"geometry":{"type":"LineString","coordinates":[[15.9870111,45.8049107],[15.9876579,45.804948]]}},{"type":"Feature","properties":{"osmId":"1262243316","railway_type":"rail","name":null,"electrified":"contact_line","voltage":"25000","frequency":"50","bounds":[15.9769368,45.8041712,15.9788373,45.8042241],"tags":{"electrified":"contact_line","frequency":"50","gauge":"1435","maxaxleload":"22","operator":"HŽ Infrastruktura","railway":"rail","railway:pzb":"yes","railway:track_ref":"5","service":"siding","voltage":"25000"}},"geometry":{"type":"LineString","coordinates":[[15.9769368,45.8042241],[15.9774579,45.8041904],[15.9777198,45.8041772],[15.9779014,45.8041714],[15.9780376,45.8041712],[15.9782309,45.8041775],[15.9788373,45.8042146]]}},{"type":"Feature","properties":{"osmId":"1262243318","railway_type":"rail","name":"DG – S. Marof – Zagreb Gk","electrified":"contact_line","voltage":"25000","frequency":"50","bounds":[15.9753054,45.8042302,15.9760047,45.804272],"tags":{"electrified":"contact_line","frequency":"50","gauge":"1435","loading_gauge":"TSI_GB","maxaxleload":"22","maxspeed":"50","name":"DG – S. Marof – Zagreb Gk","operator":"HŽ Infrastruktura","passenger_lines":"2","railway":"rail","railway:pzb":"yes","railway:track_ref":"2","railway:traffic_mode":"mixed","ref":"M101","usage":"main","voltage":"25000"}},"geometry":{"type":"LineString","coordinates":[[15.9760047,45.804272],[15.9753054,45.8042302]]}},{"type":"Feature","properties":{"osmId":"1262243319","railway_type":"rail","name":null,"electrified":"contact_line","voltage":"25000","frequency":"50","bounds":[15.9760047,45.8042501,15.9765871,45.804272],"tags":{"electrified":"contact_line","frequency":"50","gauge":"1435","maxaxleload":"22","operator":"HŽ Infrastruktura","railway":"rail","railway:pzb":"yes","railway:track_ref":"5","service":"siding","voltage":"25000"}},"geometry":{"type":"LineString","coordinates":[[15.9760047,45.804272],[15.9762463,45.804269],[15.9765871,45.8042501]]}},{"type":"Feature","properties":{"osmId":"1262243320","railway_type":"rail","name":null,"electrified":"contact_line","voltage":"25000","frequency":"50","bounds":[15.9765871,45.8042421,15.9788213,45.8043407],"tags":{"electrified":"contact_line","frequency":"50","gauge":"1435","maxaxleload":"22","operator":"HŽ Infrastruktura","railway":"rail","railway:pzb":"yes","railway:track_ref":"3","service":"siding","voltage":"25000"}},"geometry":{"type":"LineString","coordinates":[[15.9765871,45.8042501],[15.9767461,45.8042434],[15.9768678,45.8042421],[15.9770175,45.8042444],[15.9771769,45.8042512],[15.9788213,45.8043407]]}},{"type":"Feature","properties":{"osmId":"1264569984","railway_type":"rail","name":null,"electrified":"contact_line","voltage":"25000","frequency":"50","bounds":[15.9765871,45.8042241,15.9769368,45.8042501],"tags":{"electrified":"contact_line","frequency":"50","gauge":"1435","maxaxleload":"22","operator":"HŽ Infrastruktura","railway":"rail","railway:pzb":"yes","railway:track_ref":"5","service":"siding","voltage":"25000"}},"geometry":{"type":"LineString","coordinates":[[15.9765871,45.8042501],[15.9769368,45.8042241]]}},{"type":"Feature","properties":{"osmId":"1264583397","railway_type":"rail","name":null,"electrified":"contact_line","voltage":"25000","frequency":"50","bounds":[15.9769368,45.8042167,15.9788258,45.804303],"tags":{"electrified":"contact_line","frequency":"50","gauge":"1435","loading_gauge":"TSI_GC","maxaxleload":"22","operator":"HŽ Infrastruktura","railway":"rail","railway:pzb":"yes","railway:track_ref":"4","service":"siding","voltage":"25000"}},"geometry":{"type":"LineString","coordinates":[[15.9788258,45.804303],[15.977409,45.8042225],[15.97736,45.8042204],[15.9773174,45.8042185],[15.9772306,45.8042167],[15.9770823,45.804218],[15.9769368,45.8042241]]}},{"type":"Feature","properties":{"osmId":"1264583398","railway_type":"rail","name":"Zagreb Gk – Dugo Selo","electrified":"contact_line","voltage":"25000","frequency":"50","bounds":[15.986852,45.8048586,15.9885629,45.8049523],"tags":{"electrified":"contact_line","frequency":"50","gauge":"1435","loading_gauge":"TSI_GB","maxaxleload":"22","maxspeed":"50","name":"Zagreb Gk – Dugo Selo","operator":"HŽ Infrastruktura","passenger_lines":"2","railway":"rail","railway:pzb":"yes","railway:track_ref":"2","railway:traffic_mode":"mixed","ref":"M102","usage":"main","voltage":"25000"}},"geometry":{"type":"LineString","coordinates":[[15.986852,45.8048586],[15.9876251,45.804902],[15.9877539,45.8049087],[15.9885629,45.8049523]]}},{"type":"Feature","properties":{"osmId":"1264583399","railway_type":"rail","name":"Zagreb Gk – Dugo Selo","electrified":"contact_line","voltage":"25000","frequency":"50","bounds":[15.9876579,45.804948,15.9877509,45.8049526],"tags":{"electrified":"contact_line","frequency":"50","gauge":"1435","loading_gauge":"TSI_GB","maxaxleload":"22","maxspeed":"50","name":"Zagreb Gk – Dugo Selo","operator":"HŽ Infrastruktura","passenger_lines":"2","railway":"rail","railway:pzb":"yes","railway:track_ref":"1","railway:traffic_mode":"mixed","ref":"M102","usage":"main","voltage":"25000"}},"geometry":{"type":"LineString","coordinates":[[15.9876579,45.804948],[15.9877509,45.8049526]]}},{"type":"Feature","properties":{"osmId":"1266285258","railway_type":"rail","name":"DG – S. Marof – Zagreb Gk","electrified":"contact_line","voltage":"25000","frequency":"50","bounds":[15.9720615,45.8040573,15.9726224,45.8040883],"tags":{"electrified":"contact_line","frequency":"50","gauge":"1435","loading_gauge":"TSI_GC","maxaxleload":"22","maxspeed":"50","name":"DG – S. Marof – Zagreb Gk","operator":"HŽ Infrastruktura","passenger_lines":"2","railway":"rail","railway:pzb":"yes","railway:traffic_mode":"mixed","ref":"M101","usage":"main","voltage":"25000"}},"geometry":{"type":"LineString","coordinates":[[15.9726224,45.8040883],[15.9720615,45.8040573]]}},{"type":"Feature","properties":{"osmId":"1272412918","railway_type":"rail","name":null,"electrified":"no","voltage":null,"frequency":null,"bounds":[15.8665678,45.8037098,15.866613,45.8043019],"tags":{"electrified":"no","gauge":"1435","railway":"rail","service":"spur"}},"geometry":{"type":"LineString","coordinates":[[15.8665823,45.8043019],[15.8665751,45.8042074],[15.8665678,45.804118],[15.8665726,45.803968],[15.8665885,45.8038318],[15.866613,45.8037098]]}},{"type":"Feature","properties":{"osmId":"1274630281","railway_type":"rail","name":null,"electrified":"no","voltage":null,"frequency":null,"bounds":[15.8666971,45.8048322,15.8668038,45.8052161],"tags":{"electrified":"no","gauge":"1435","railway":"rail","service":"spur"}},"geometry":{"type":"LineString","coordinates":[[15.8668038,45.8052161],[15.8667614,45.8050535],[15.8666971,45.8048322]]}},{"type":"Feature","properties":{"osmId":"1274630282","railway_type":"rail","name":null,"electrified":"no","voltage":null,"frequency":null,"bounds":[15.8665823,45.8043019,15.8666971,45.8048322],"tags":{"covered":"yes","electrified":"no","gauge":"1435","railway":"rail","service":"spur"}},"geometry":{"type":"LineString","coordinates":[[15.8666971,45.8048322],[15.8665823,45.8043019]]}},{"type":"Feature","properties":{"osmId":"1293848520","railway_type":"rail","name":null,"electrified":"no","voltage":null,"frequency":null,"bounds":[15.930738,45.8028969,15.9310342,45.8041974],"tags":{"access":"private","electrified":"no","gauge":"1435","railway":"rail","service":"spur"}},"geometry":{"type":"LineString","coordinates":[[15.930738,45.8041974],[15.9307486,45.8039513],[15.9307669,45.8034838],[15.9307892,45.8033575],[15.9308072,45.8032745],[15.9308415,45.803183],[15.9308879,45.8030872],[15.9310342,45.8028969]]}},{"type":"Feature","properties":{"osmId":"1340152735","railway_type":"rail","name":null,"electrified":"contact_line","voltage":"25000","frequency":"50","bounds":[16.1064476,45.8253701,16.1076076,45.8257462],"tags":{"electrified":"contact_line","frequency":"50","gauge":"1435","maxaxleload":"22.5","railway":"rail","railway:pzb":"yes","service":"crossover","voltage":"25000"}},"geometry":{"type":"LineString","coordinates":[[16.1064476,45.8257462],[16.1070464,45.825554],[16.1076076,45.8253701]]}},{"type":"Feature","properties":{"osmId":"1348510556","railway_type":"rail","name":null,"electrified":"no","voltage":null,"frequency":null,"bounds":[16.0091277,45.7533184,16.0100312,45.7535008],"tags":{"electrified":"no","gauge":"1435","railway":"rail","service":"yard"}},"geometry":{"type":"LineString","coordinates":[[16.0091277,45.7535008],[16.009752,45.7533661],[16.0098859,45.7533404],[16.0100312,45.7533184]]}},{"type":"Feature","properties":{"osmId":"1348559879","railway_type":"rail","name":null,"electrified":"no","voltage":null,"frequency":null,"bounds":[16.0258266,45.7550477,16.0261365,45.7550695],"tags":{"electrified":"no","gauge":"1435","operator":"HŽ Infrastruktura","railway":"rail","service":"yard"}},"geometry":{"type":"LineString","coordinates":[[16.0261365,45.7550477],[16.0259818,45.7550579],[16.0258266,45.7550695]]}},{"type":"Feature","properties":{"osmId":"1348678511","railway_type":"rail","name":null,"electrified":null,"voltage":null,"frequency":null,"bounds":[15.9889748,45.8043695,15.9898459,45.8044692],"tags":{"gauge":"1435","railway":"rail","service":"yard"}},"geometry":{"type":"LineString","coordinates":[[15.9889748,45.8043695],[15.9891014,45.8043793],[15.9892817,45.8043971],[15.9895497,45.8044394],[15.9896557,45.8044532],[15.9897445,45.8044622],[15.9898459,45.8044692]]}},{"type":"Feature","properties":{"osmId":"1348698433","railway_type":"rail","name":null,"electrified":"contact_line","voltage":"25000","frequency":"50","bounds":[15.9740372,45.8042707,15.9742518,45.8043051],"tags":{"bridge":"yes","electrified":"contact_line","frequency":"50","gauge":"1435","layer":"1","maxaxleload":"22","operator":"HŽ Infrastruktura","railway":"rail","railway:track_ref":"1","service":"siding","voltage":"25000"}},"geometry":{"type":"LineString","coordinates":[[15.9740372,45.8042707],[15.974138,45.8042854],[15.9742083,45.8042971],[15.9742518,45.8043051]]}},{"type":"Feature","properties":{"osmId":"1348698434","railway_type":"rail","name":null,"electrified":"contact_line","voltage":"25000","frequency":"50","bounds":[15.9740372,45.8042707,15.974253,45.8042977],"tags":{"bridge":"yes","electrified":"contact_line","frequency":"50","gauge":"1435","layer":"1","maxaxleload":"22","operator":"HŽ Infrastruktura","railway":"rail","railway:track_ref":"2","service":"siding","voltage":"25000"}},"geometry":{"type":"LineString","coordinates":[[15.9740372,45.8042707],[15.974253,45.8042977]]}},{"type":"Feature","properties":{"osmId":"1348698435","railway_type":"rail","name":null,"electrified":"contact_line","voltage":"25000","frequency":"50","bounds":[15.9610327,45.7998724,15.9610672,45.7999274],"tags":{"bridge":"yes","electrified":"contact_line","frequency":"50","gauge":"1435","layer":"1","operator":"HŽ Infrastruktura","railway":"rail","railway:pzb":"yes","service":"crossover","voltage":"25000"}},"geometry":{"type":"LineString","coordinates":[[15.9610327,45.7998724],[15.9610672,45.7999274]]}},{"type":"Feature","properties":{"osmId":"1348990560","railway_type":"rail","name":null,"electrified":null,"voltage":null,"frequency":null,"bounds":[16.0514848,45.8185721,16.0523677,45.8186326],"tags":{"gauge":"1435","railway":"rail","service":"yard"}},"geometry":{"type":"LineString","coordinates":[[16.0514848,45.8185721],[16.0515878,45.8185847],[16.0516644,45.818591],[16.0517493,45.8185951],[16.052013,45.8185993],[16.052152,45.8186077],[16.0522691,45.8186177],[16.0523677,45.8186326]]}},{"type":"Feature","properties":{"osmId":"1348990561","railway_type":"rail","name":null,"electrified":null,"voltage":null,"frequency":null,"bounds":[16.0525966,45.8186135,16.0532526,45.8187878],"tags":{"gauge":"1435","railway":"rail","service":"yard"}},"geometry":{"type":"LineString","coordinates":[[16.0532526,45.8187878],[16.0531221,45.8187603],[16.0530235,45.8187311],[16.0529346,45.8186988],[16.0527325,45.8186411],[16.0526759,45.8186277],[16.0526257,45.818618],[16.0525966,45.8186135]]}},{"type":"Feature","properties":{"osmId":"1348990562","railway_type":"rail","name":null,"electrified":null,"voltage":null,"frequency":null,"bounds":[16.0526257,45.818618,16.0530058,45.8186498],"tags":{"gauge":"1435","railway":"rail","service":"yard"}},"geometry":{"type":"LineString","coordinates":[[16.0530058,45.8186498],[16.0529027,45.8186391],[16.0528065,45.8186352],[16.0527066,45.8186291],[16.0526257,45.818618]]}},{"type":"Feature","properties":{"osmId":"1348990563","railway_type":"rail","name":null,"electrified":null,"voltage":null,"frequency":null,"bounds":[16.0521619,45.8185665,16.0533221,45.8187602],"tags":{"gauge":"1435","railway":"rail","service":"yard"}},"geometry":{"type":"LineString","coordinates":[[16.0533221,45.8187602],[16.0531313,45.8187283],[16.0529346,45.8186988],[16.0526467,45.8186529],[16.0523317,45.8185985],[16.0521619,45.8185665]]}},{"type":"Feature","properties":{"osmId":"1349193869","railway_type":"rail","name":null,"electrified":null,"voltage":null,"frequency":null,"bounds":[15.9327859,45.8045276,15.9327958,45.8051233],"tags":{"railway":"rail","service":"spur"}},"geometry":{"type":"LineString","coordinates":[[15.9327958,45.8045276],[15.9327928,45.8046589],[15.9327879,45.8049187],[15.9327859,45.8050013],[15.9327886,45.8051233]]}},{"type":"Feature","properties":{"osmId":"1355240320","railway_type":"rail","name":null,"electrified":"no","voltage":null,"frequency":null,"bounds":[15.8655313,45.8028079,15.866312,45.80453],"tags":{"electrified":"no","gauge":"1435","railway":"rail","service":"spur"}},"geometry":{"type":"LineString","coordinates":[[15.866312,45.8028079],[15.8660048,45.8029786],[15.8658705,45.8030768],[15.8657817,45.8031587],[15.8656957,45.8032596],[15.8656291,45.8033623],[15.8655861,45.8034624],[15.8655522,45.8035742],[15.8655339,45.8036733],[15.8655313,45.8037534],[15.8655391,45.8038598],[15.8655639,45.8039716],[15.8655743,45.8040092],[15.8657189,45.80453]]}},{"type":"Feature","properties":{"osmId":"1355240321","railway_type":"rail","name":null,"electrified":"no","voltage":null,"frequency":null,"bounds":[15.8655743,45.8040092,15.8657951,45.8045196],"tags":{"electrified":"no","gauge":"1435","railway":"rail","service":"spur"}},"geometry":{"type":"LineString","coordinates":[[15.8657951,45.8045196],[15.8657614,45.804425],[15.8656957,45.8042681],[15.8655743,45.8040092]]}},{"type":"Feature","properties":{"osmId":"1355240322","railway_type":"rail","name":null,"electrified":"no","voltage":null,"frequency":null,"bounds":[15.8685181,45.8021598,15.8707327,45.8024046],"tags":{"electrified":"no","gauge":"1435","railway":"rail","service":"spur"}},"geometry":{"type":"LineString","coordinates":[[15.8685181,45.8024046],[15.8689483,45.8023914],[15.8690677,45.8023806],[15.8707327,45.8021598]]}},{"type":"Feature","properties":{"osmId":"1360153491","railway_type":"rail","name":null,"electrified":"no","voltage":null,"frequency":null,"bounds":[15.864941,45.8087016,15.8658766,45.808908],"tags":{"electrified":"no","gauge":"1435","maxaxleload":"22.5","railway":"rail","service":"spur"}},"geometry":{"type":"LineString","coordinates":[[15.8658766,45.8087016],[15.8654013,45.8087974],[15.8653406,45.8088119],[15.864941,45.808908]]}},{"type":"Feature","properties":{"osmId":"1360153492","railway_type":"rail","name":null,"electrified":null,"voltage":null,"frequency":null,"bounds":[15.8696106,45.8082292,15.8713858,45.8086542],"tags":{"railway":"rail","service":"spur"}},"geometry":{"type":"LineString","coordinates":[[15.8713858,45.8082292],[15.8712514,45.8082571],[15.8711036,45.8082863],[15.8706588,45.8083743],[15.870133,45.8084838],[15.8699335,45.8085374],[15.8696106,45.8086542]]}},{"type":"Feature","properties":{"osmId":"1360153493","railway_type":"rail","name":null,"electrified":null,"voltage":null,"frequency":null,"bounds":[15.8727763,45.8077945,15.8735362,45.8079487],"tags":{"railway":"rail","service":"spur"}},"geometry":{"type":"LineString","coordinates":[[15.8735362,45.8077945],[15.873187,45.8078654],[15.8727763,45.8079487]]}},{"type":"Feature","properties":{"osmId":"1462149253","railway_type":"rail","name":"Zagreb Gk – Rijeka","electrified":"contact_line","voltage":"25000","frequency":"50","bounds":[15.952502,45.7692192,15.9562851,45.771803],"tags":{"electrified":"contact_line","embankment":"yes","frequency":"50","gauge":"1435","loading_gauge":"TSI_GC","maxaxleload":"22","maxspeed":"80","maxspeed:tilting":"90","name":"Zagreb Gk – Rijeka","operator":"HŽ Infrastruktura","passenger_lines":"1","railway":"rail","railway:pzb":"yes","railway:traffic_mode":"mixed","ref":"M202","usage":"main","voltage":"25000"}},"geometry":{"type":"LineString","coordinates":[[15.9562851,45.771803],[15.9559631,45.7714886],[15.9557516,45.771299],[15.9555685,45.7711423],[15.9552105,45.770858],[15.9550851,45.7707579],[15.9549228,45.7706392],[15.9545817,45.7703988],[15.9544719,45.7703217],[15.9544138,45.7702809],[15.954237,45.7701684],[15.9538934,45.769954],[15.9535808,45.7697717],[15.9531739,45.7695505],[15.9529163,45.7694197],[15.952502,45.7692192]]}},{"type":"Feature","properties":{"osmId":"1462149254","railway_type":"rail","name":"Zagreb Gk – Rijeka","electrified":"contact_line","voltage":"25000","frequency":"50","bounds":[15.9562851,45.771803,15.9563285,45.7718465],"tags":{"bridge":"yes","electrified":"contact_line","frequency":"50","gauge":"1435","layer":"1","loading_gauge":"TSI_GC","maxaxleload":"22","maxspeed":"80","maxspeed:tilting":"90","name":"Zagreb Gk – Rijeka","operator":"HŽ Infrastruktura","passenger_lines":"1","railway":"rail","railway:pzb":"yes","railway:traffic_mode":"mixed","ref":"M202","usage":"main","voltage":"25000"}},"geometry":{"type":"LineString","coordinates":[[15.9563285,45.7718465],[15.9562851,45.771803]]}}]}
