{"type":"FeatureCollection","features":[{"type":"Feature","properties":{"shapeId":"1_1","routeName":"1","routeLong":"Zap.kol. - Borongaj"},"geometry":{"type":"LineString","coordinates":[[15.955826,45.809361],[15.956492,45.809307],[15.956822,45.809294],[15.956974,45.809351],[15.957065,45.80952],[15.957452,45.812808],[15.957452,45.812808],[15.957451,45.813036],[15.957477,45.813077],[15.957564,45.813143],[15.9582,45.81312],[15.958636,45.813099],[15.959631,45.812986],[15.961123,45.812682],[15.962533,45.812383],[15.962992,45.812306],[15.963081,45.812333],[15.963081,45.812333],[15.963169,45.812269],[15.963316,45.812268],[15.963666,45.812271],[15.963904,45.812316],[15.964231,45.812381],[15.964931,45.812576],[15.965659,45.81278],[15.966683,45.813027],[15.967434,45.813163],[15.96833,45.813253],[15.969049,45.813289],[15.969413,45.813252],[15.969422,45.813251],[15.969399,45.813299],[15.969396,45.813293],[15.970403,45.813251],[15.971011,45.813225],[15.971824,45.81317],[15.973019,45.813134],[15.974284,45.813069],[15.974452,45.813052],[15.974745,45.813044],[15.975694,45.813042],[15.976134,45.813039],[15.976859,45.812952],[15.977081,45.812895],[15.977339,45.812859],[15.977313,45.812908],[15.977313,45.812908],[15.977327,45.812861],[15.977603,45.812796],[15.977779,45.812759],[15.978002,45.812702],[15.978299,45.812615],[15.978583,45.812537],[15.978843,45.812462],[15.979098,45.81242],[15.979509,45.812408],[15.980412,45.812335],[15.981254,45.812289],[15.983107,45.812175],[15.983484,45.812135],[15.9836,45.812074],[15.984468,45.811525],[15.984468,45.811525],[15.984496,45.811527],[15.98489,45.811272],[15.985596,45.810849],[15.986333,45.810403],[15.986359,45.810256],[15.986405,45.809867],[15.986437,45.809525],[15.986521,45.809442],[15.986657,45.80941],[15.986967,45.809413],[15.987442,45.809431],[15.987633,45.809444],[15.987633,45.809444],[15.987942,45.809452],[15.988009,45.809495],[15.988084,45.809569],[15.988089,45.809633],[15.988077,45.809726],[15.988098,45.809891],[15.988133,45.809925],[15.988225,45.809965],[15.988473,45.809982],[15.989993,45.81005],[15.990562,45.810075],[15.991025,45.810108],[15.992948,45.810275],[15.993145,45.810306],[15.993587,45.810355],[15.994077,45.81043],[15.994247,45.810458],[15.994284,45.810538],[15.994284,45.810538],[15.994291,45.810472],[15.994445,45.810496],[15.994667,45.810523],[15.995258,45.810616],[15.995933,45.81073],[15.997099,45.810964],[15.997394,45.811014],[15.997451,45.811025],[15.997504,45.811024],[15.997504,45.811024],[15.997531,45.811066],[15.997584,45.811065],[15.998333,45.811247],[15.998941,45.811402],[15.999464,45.811544],[16.000117,45.811719],[16.001278,45.81207],[16.001278,45.81207],[16.001527,45.812146],[16.002045,45.812308],[16.002547,45.812471],[16.004379,45.813151],[16.004503,45.813205],[16.004559,45.813211],[16.004559,45.813211],[16.004855,45.813351],[16.005199,45.813478],[16.005564,45.813622],[16.006092,45.813828],[16.006365,45.813933],[16.008037,45.814706],[16.008037,45.814706],[16.008476,45.814924],[16.008755,45.815054],[16.009185,45.815196],[16.009515,45.815273],[16.009874,45.815353],[16.010166,45.81539],[16.010792,45.815426],[16.011829,45.815451],[16.012783,45.815415],[16.012783,45.815415],[16.012882,45.815388],[16.013906,45.815272],[16.014854,45.815088],[16.015467,45.814938],[16.015913,45.814811],[16.016681,45.814561],[16.016905,45.814459],[16.017149,45.814373],[16.017236,45.814348],[16.017367,45.814343],[16.017565,45.814374],[16.017803,45.814418],[16.017884,45.81442],[16.01795,45.814411],[16.018149,45.814318],[16.018404,45.814179]]}},{"type":"Feature","properties":{"shapeId":"1_10","routeName":"1","routeLong":"Zap.kol. - Borongaj"},"geometry":{"type":"LineString","coordinates":[[15.944087,45.797828],[15.945,45.797981],[15.946774,45.798286],[15.947057,45.798338],[15.94729,45.798403],[15.947703,45.798534],[15.948458,45.798786],[15.948447,45.79884],[15.948447,45.79884],[15.948453,45.798807],[15.949742,45.799192],[15.950299,45.799316],[15.95084,45.799423],[15.951106,45.799464],[15.952073,45.799615],[15.953432,45.799823],[15.953796,45.799876],[15.954257,45.799948],[15.954644,45.800031],[15.954835,45.800044],[15.954835,45.800044],[15.954955,45.800092],[15.955688,45.800263],[15.956195,45.8004],[15.956874,45.800611],[15.957367,45.800783],[15.959109,45.801618],[15.959217,45.801668],[15.959309,45.801701],[15.959309,45.801701],[15.959432,45.801762],[15.96273,45.803335],[15.962862,45.803375],[15.962981,45.803372],[15.964096,45.803295],[15.964304,45.803273],[15.964306,45.803324],[15.964306,45.803324],[15.96437,45.80327],[15.964794,45.803257],[15.964946,45.803314],[15.966938,45.806236],[15.966938,45.806236],[15.968247,45.808138],[15.968618,45.808677],[15.968646,45.808776],[15.968646,45.808776],[15.968729,45.808824],[15.968917,45.809193],[15.969002,45.80948],[15.969051,45.809648],[15.969593,45.8125],[15.969593,45.8125],[15.969646,45.812863],[15.96965,45.813154],[15.969703,45.813238],[15.969848,45.813276],[15.972101,45.813158],[15.973087,45.813144],[15.974517,45.813043],[15.976078,45.813028],[15.976343,45.813017],[15.977249,45.812871],[15.977313,45.812908],[15.977313,45.812908],[15.977327,45.812861],[15.977603,45.812796],[15.977779,45.812759],[15.978002,45.812702],[15.978299,45.812615],[15.978583,45.812537],[15.978843,45.812462],[15.979098,45.81242],[15.979509,45.812408],[15.980412,45.812335],[15.981254,45.812289],[15.983107,45.812175],[15.983484,45.812135],[15.9836,45.812074],[15.984468,45.811525],[15.984468,45.811525],[15.984496,45.811527],[15.98489,45.811272],[15.985596,45.810849],[15.986333,45.810403],[15.986359,45.810256],[15.986405,45.809867],[15.986437,45.809525],[15.986521,45.809442],[15.986657,45.80941],[15.986967,45.809413],[15.987442,45.809431],[15.987633,45.809444],[15.987633,45.809444],[15.987942,45.809452],[15.988009,45.809495],[15.988084,45.809569],[15.988089,45.809633],[15.988077,45.809726],[15.988098,45.809891],[15.988133,45.809925],[15.988225,45.809965],[15.988473,45.809982],[15.989993,45.81005],[15.990562,45.810075],[15.991025,45.810108],[15.992948,45.810275],[15.993145,45.810306],[15.993587,45.810355],[15.994077,45.81043],[15.994247,45.810458],[15.994284,45.810538],[15.994284,45.810538],[15.994291,45.810472],[15.994445,45.810496],[15.994667,45.810523],[15.995258,45.810616],[15.995933,45.81073],[15.997099,45.810964],[15.997394,45.811014],[15.997451,45.811025],[15.997504,45.811024],[15.997504,45.811024],[15.997531,45.811066],[15.997584,45.811065],[15.998333,45.811247],[15.998941,45.811402],[15.999464,45.811544],[16.000117,45.811719],[16.001278,45.81207],[16.001278,45.81207],[16.001527,45.812146],[16.002045,45.812308],[16.002547,45.812471],[16.004379,45.813151],[16.004503,45.813205],[16.004559,45.813211],[16.004559,45.813211],[16.004855,45.813351],[16.005199,45.813478],[16.005564,45.813622],[16.006092,45.813828],[16.006365,45.813933],[16.008037,45.814706],[16.008037,45.814706],[16.008476,45.814924],[16.008755,45.815054],[16.009185,45.815196],[16.009515,45.815273],[16.009874,45.815353],[16.010166,45.81539],[16.010792,45.815426],[16.011829,45.815451],[16.012783,45.815415],[16.012783,45.815415],[16.012882,45.815388],[16.013906,45.815272],[16.014854,45.815088],[16.015467,45.814938],[16.015913,45.814811],[16.016681,45.814561],[16.016905,45.814459],[16.017149,45.814373],[16.017236,45.814348],[16.017367,45.814343],[16.017565,45.814374],[16.017803,45.814418],[16.017884,45.81442],[16.01795,45.814411],[16.018149,45.814318],[16.018404,45.814179]]}},{"type":"Feature","properties":{"shapeId":"11_1","routeName":"11","routeLong":"Črnomerec - Dubec"},"geometry":{"type":"LineString","coordinates":[[16.039997,45.824853],[16.040018,45.824837],[16.041614,45.825245],[16.041683,45.825254],[16.041743,45.825278],[16.042118,45.825369],[16.042355,45.82544],[16.04314,45.825655],[16.043971,45.825935],[16.045282,45.826427],[16.045351,45.826437],[16.045368,45.826402],[16.045368,45.826402],[16.045335,45.826426],[16.04667,45.826915],[16.047983,45.827362],[16.048722,45.827603],[16.048722,45.827603],[16.049026,45.827729],[16.052417,45.828821],[16.052495,45.828816],[16.052448,45.828881],[16.052467,45.828807],[16.053183,45.829012],[16.053611,45.829102],[16.05403,45.829206],[16.054474,45.829306],[16.055088,45.829428],[16.055468,45.829498],[16.055744,45.829525],[16.056243,45.829579],[16.056815,45.829615],[16.056815,45.829615],[16.057169,45.829631],[16.057364,45.829656],[16.057641,45.829643],[16.058033,45.829614],[16.059281,45.829388],[16.060714,45.829123],[16.061289,45.829024],[16.062273,45.828867],[16.06324,45.828739],[16.063825,45.828677],[16.063823,45.828722],[16.063823,45.828722],[16.063881,45.828688],[16.064171,45.828674],[16.06462,45.82865],[16.065035,45.82865],[16.065751,45.828674],[16.066736,45.828698],[16.066927,45.828711],[16.067696,45.828727],[16.067793,45.828739],[16.06814,45.828736],[16.068458,45.828724],[16.068732,45.828699],[16.0696,45.828597],[16.069699,45.82857],[16.069699,45.82857],[16.069752,45.82857],[16.072364,45.82825],[16.0727,45.82821],[16.072995,45.828169],[16.072995,45.828169],[16.07358,45.828107],[16.073813,45.82808],[16.075119,45.827924],[16.075635,45.827852],[16.076559,45.827677],[16.077188,45.827538],[16.07801,45.827371],[16.07828,45.827333],[16.078437,45.82737],[16.078515,45.82745],[16.078537,45.827524],[16.078491,45.827635],[16.07842,45.827671],[16.078309,45.827706],[16.077841,45.827797],[16.077696,45.82785]]}},{"type":"Feature","properties":{"shapeId":"11_12","routeName":"11","routeLong":"Črnomerec - Dubec"},"geometry":{"type":"LineString","coordinates":[[15.944087,45.797828],[15.945,45.797981],[15.946774,45.798286],[15.947057,45.798338],[15.94729,45.798403],[15.947703,45.798534],[15.948458,45.798786],[15.948447,45.79884],[15.948447,45.79884],[15.948453,45.798807],[15.949742,45.799192],[15.950299,45.799316],[15.95084,45.799423],[15.951106,45.799464],[15.952073,45.799615],[15.953432,45.799823],[15.953796,45.799876],[15.954257,45.799948],[15.954644,45.800031],[15.954835,45.800044],[15.954835,45.800044],[15.954955,45.800092],[15.955688,45.800263],[15.956195,45.8004],[15.956874,45.800611],[15.957367,45.800783],[15.959109,45.801618],[15.959217,45.801668],[15.959309,45.801701],[15.959309,45.801701],[15.959432,45.801762],[15.96273,45.803335],[15.962862,45.803375],[15.962981,45.803372],[15.964096,45.803295],[15.964304,45.803273],[15.964306,45.803324],[15.964306,45.803324],[15.96437,45.80327],[15.964794,45.803257],[15.964946,45.803314],[15.966938,45.806236],[15.966938,45.806236],[15.968247,45.808138],[15.968618,45.808677],[15.968646,45.808776],[15.968646,45.808776],[15.968729,45.808824],[15.968917,45.809193],[15.969002,45.80948],[15.969051,45.809648],[15.969593,45.8125],[15.969593,45.8125],[15.969646,45.812863],[15.96965,45.813154],[15.969703,45.813238],[15.969848,45.813276],[15.972101,45.813158],[15.973087,45.813144],[15.974517,45.813043],[15.976078,45.813028],[15.976343,45.813017],[15.977249,45.812871],[15.977313,45.812908],[15.977313,45.812908],[15.977352,45.812857],[15.977696,45.812796],[15.978831,45.81247],[15.97911,45.812418],[15.979852,45.812387],[15.981674,45.812263],[15.983288,45.81215],[15.983392,45.812187],[15.983484,45.812226],[15.983526,45.812279],[15.983555,45.812372],[15.983495,45.813354],[15.983495,45.813354],[15.983444,45.813497],[15.98338,45.813655],[15.983365,45.813735],[15.983427,45.813811],[15.983534,45.813861],[15.983619,45.813869],[15.983805,45.813817],[15.984024,45.813748],[15.984307,45.813702],[15.986632,45.813697],[15.986753,45.813739],[15.986753,45.813739],[15.986811,45.813705],[15.987735,45.813712],[15.98954,45.813793],[15.991696,45.813844],[15.991696,45.813844],[15.99273,45.813862],[15.993327,45.813883],[15.993679,45.813944],[15.99528,45.814384],[15.996212,45.814683],[15.996967,45.814928],[15.997061,45.814928],[15.997061,45.814928],[15.997163,45.815005],[15.997672,45.815193],[15.997853,45.815259],[16.003437,45.816546],[16.003533,45.816592],[16.003533,45.816592],[16.003752,45.816607],[16.008159,45.817623],[16.008156,45.817625],[16.012255,45.818578],[16.014085,45.819036],[16.014089,45.81903],[16.015128,45.819288],[16.017858,45.819921],[16.020959,45.820631],[16.022278,45.820928],[16.022726,45.821041],[16.022729,45.821047],[16.022722,45.821022],[16.022722,45.821022],[16.022874,45.821085],[16.023636,45.821265],[16.027491,45.822078],[16.027491,45.822078],[16.034547,45.823626],[16.034917,45.823653],[16.035675,45.82382],[16.038149,45.824351],[16.039978,45.82483],[16.039997,45.824853],[16.039997,45.824853],[16.040018,45.824837],[16.041614,45.825245],[16.041683,45.825254],[16.041743,45.825278],[16.042118,45.825369],[16.042355,45.82544],[16.04314,45.825655],[16.043971,45.825935],[16.045282,45.826427],[16.045351,45.826437],[16.045368,45.826402],[16.045368,45.826402],[16.045335,45.826426],[16.04667,45.826915],[16.047983,45.827362],[16.048722,45.827603],[16.048722,45.827603],[16.049026,45.827729],[16.052417,45.828821],[16.052495,45.828816],[16.052448,45.828881],[16.052467,45.828807],[16.053183,45.829012],[16.053611,45.829102],[16.05403,45.829206],[16.054474,45.829306],[16.055088,45.829428],[16.055468,45.829498],[16.055744,45.829525],[16.056243,45.829579],[16.056815,45.829615],[16.056815,45.829615],[16.057169,45.829631],[16.057364,45.829656],[16.057641,45.829643],[16.058033,45.829614],[16.059281,45.829388],[16.060714,45.829123],[16.061289,45.829024],[16.062273,45.828867],[16.06324,45.828739],[16.063825,45.828677],[16.063823,45.828722],[16.063823,45.828722],[16.063881,45.828688],[16.064171,45.828674],[16.06462,45.82865],[16.065035,45.82865],[16.065751,45.828674],[16.066736,45.828698],[16.066927,45.828711],[16.067696,45.828727],[16.067793,45.828739],[16.06814,45.828736],[16.068458,45.828724],[16.068732,45.828699],[16.0696,45.828597],[16.069699,45.82857],[16.069699,45.82857],[16.069752,45.82857],[16.072364,45.82825],[16.0727,45.82821],[16.072995,45.828169],[16.072995,45.828169],[16.07358,45.828107],[16.073813,45.82808],[16.075119,45.827924],[16.075635,45.827852],[16.076559,45.827677],[16.077188,45.827538],[16.07801,45.827371],[16.07828,45.827333],[16.078437,45.82737],[16.078515,45.82745],[16.078537,45.827524],[16.078491,45.827635],[16.07842,45.827671],[16.078309,45.827706],[16.077841,45.827797],[16.077696,45.82785]]}},{"type":"Feature","properties":{"shapeId":"11_13","routeName":"11","routeLong":"Črnomerec - Dubec"},"geometry":{"type":"LineString","coordinates":[[15.934931,45.815001],[15.935038,45.814902],[15.935167,45.814839],[15.935297,45.814833],[15.935513,45.814836],[15.935759,45.814809],[15.936073,45.814785],[15.936591,45.81468],[15.938314,45.814305],[15.938878,45.814175],[15.940265,45.81384],[15.941619,45.81353],[15.94213,45.8134],[15.942623,45.8133],[15.942918,45.813253],[15.943049,45.813247],[15.943049,45.813247],[15.943275,45.813197],[15.943411,45.813158],[15.943576,45.813129],[15.943768,45.813096],[15.943994,45.813051],[15.944258,45.812989],[15.945306,45.812779],[15.94568,45.812682],[15.945804,45.812645],[15.946249,45.812525],[15.946705,45.812442],[15.947213,45.812385],[15.947768,45.81236],[15.94813,45.812368],[15.948322,45.812432],[15.948322,45.812432],[15.948577,45.812384],[15.949757,45.812396],[15.95091,45.812404],[15.951703,45.812418],[15.951958,45.81246],[15.951958,45.81246],[15.952212,45.812412],[15.952468,45.812422],[15.952963,45.81247],[15.953695,45.81259],[15.954432,45.812779],[15.954989,45.812897],[15.95574,45.813039],[15.956173,45.813102],[15.956489,45.81313],[15.956652,45.81314],[15.956774,45.813143],[15.95682,45.813117],[15.95682,45.813117],[15.956998,45.813131],[15.957228,45.813093],[15.957362,45.813003],[15.957378,45.812832],[15.957307,45.812225],[15.957279,45.811755],[15.957231,45.811457],[15.95718,45.811055],[15.957132,45.810581],[15.957116,45.810473],[15.957093,45.810256],[15.957054,45.809943],[15.957038,45.809848],[15.957095,45.809672],[15.957095,45.809672],[15.957006,45.809645],[15.956987,45.80944],[15.956992,45.809232],[15.957054,45.809119],[15.957142,45.809055],[15.957278,45.809023],[15.957466,45.809017],[15.957649,45.809004],[15.957874,45.808993],[15.958169,45.808958],[15.958464,45.808911],[15.958892,45.808819],[15.959155,45.808757],[15.959526,45.808653],[15.959881,45.808539],[15.959964,45.808508],[15.9603,45.808377],[15.960722,45.808215],[15.961008,45.808097],[15.961212,45.808011],[15.961441,45.807888],[15.961583,45.807816],[15.961583,45.807816],[15.961616,45.807799],[15.961751,45.807709],[15.962141,45.80744],[15.962369,45.80726],[15.962646,45.807065],[15.962945,45.806849],[15.963231,45.80664],[15.96356,45.806393],[15.963807,45.806229],[15.964047,45.806047],[15.964224,45.805925],[15.964438,45.805785],[15.96469,45.805594],[15.964837,45.805502],[15.964959,45.805414],[15.965079,45.805365],[15.965169,45.805353],[15.965312,45.805346],[15.965459,45.805345],[15.965583,45.805308],[15.965711,45.805245],[15.965825,45.805177],[15.965893,45.805181],[15.965893,45.805181],[15.965904,45.805127],[15.965971,45.805079],[15.965987,45.804999],[15.965918,45.804898],[15.965803,45.804733],[15.965651,45.804494],[15.965504,45.804313],[15.965306,45.804003],[15.965142,45.80376],[15.965001,45.803552],[15.964886,45.803387],[15.964762,45.803326],[15.964599,45.803323],[15.963513,45.803402],[15.963513,45.803402],[15.963124,45.803449],[15.9629,45.803455],[15.962702,45.803417],[15.959664,45.801957],[15.959664,45.801957],[15.957554,45.800965],[15.957303,45.800843],[15.957066,45.800766],[15.956722,45.800645],[15.955672,45.800343],[15.954624,45.800105],[15.954486,45.800086],[15.954478,45.800106],[15.954478,45.800106],[15.954478,45.8001],[15.95437,45.800056],[15.951131,45.799545],[15.950283,45.79939],[15.949534,45.799208],[15.948626,45.798945],[15.947583,45.798583],[15.947028,45.798426],[15.947028,45.798426],[15.94677,45.798365],[15.945652,45.798156],[15.943426,45.797771],[15.942286,45.797669],[15.942276,45.797722],[15.942276,45.797722],[15.942286,45.797669],[15.941967,45.797629],[15.939152,45.797383],[15.939043,45.797372],[15.938933,45.797361],[15.938783,45.79735],[15.93841,45.797311],[15.938,45.797283],[15.937737,45.797255],[15.937643,45.797255]]}},{"type":"Feature","properties":{"shapeId":"11_14","routeName":"11","routeLong":"Črnomerec - Dubec"},"geometry":{"type":"LineString","coordinates":[[15.944087,45.797828],[15.945,45.797981],[15.946774,45.798286],[15.947057,45.798338],[15.94729,45.798403],[15.947703,45.798534],[15.948458,45.798786],[15.948447,45.79884],[15.948447,45.79884],[15.948453,45.798807],[15.949742,45.799192],[15.950299,45.799316],[15.95084,45.799423],[15.951106,45.799464],[15.952073,45.799615],[15.953432,45.799823],[15.953796,45.799876],[15.954257,45.799948],[15.954644,45.800031],[15.954835,45.800044],[15.954835,45.800044],[15.954955,45.800092],[15.955688,45.800263],[15.956195,45.8004],[15.956874,45.800611],[15.957367,45.800783],[15.959109,45.801618],[15.959217,45.801668],[15.959309,45.801701],[15.959309,45.801701],[15.959432,45.801762],[15.96273,45.803335],[15.962862,45.803375],[15.962981,45.803372],[15.964096,45.803295],[15.964304,45.803273],[15.964306,45.803324],[15.964306,45.803324],[15.964329,45.803269],[15.964659,45.803249],[15.964847,45.803256],[15.964981,45.803347],[15.965184,45.803631],[15.965428,45.804006],[15.965734,45.80445],[15.966036,45.804895],[15.9661,45.805016],[15.966056,45.805093],[15.965946,45.80518],[15.965876,45.805215],[15.96578,45.805255],[15.965678,45.805263],[15.965678,45.805263],[15.965598,45.805312],[15.965448,45.805398],[15.965367,45.805396],[15.965183,45.805403],[15.965052,45.805414],[15.964927,45.80549],[15.963957,45.80615],[15.962042,45.807564],[15.962042,45.807564],[15.961795,45.807722],[15.961289,45.808006],[15.960846,45.808184],[15.960406,45.808369],[15.959996,45.808523],[15.959607,45.808655],[15.95915,45.808783],[15.958676,45.808907],[15.95813,45.809003],[15.957868,45.809026],[15.957595,45.809044],[15.957506,45.809018],[15.957506,45.809018],[15.957314,45.809051],[15.957116,45.809104],[15.957029,45.80922],[15.957043,45.809633],[15.957284,45.811638],[15.957452,45.812808],[15.957452,45.812808],[15.957405,45.812964],[15.957346,45.813089],[15.957208,45.813167],[15.957072,45.813205],[15.956876,45.813213],[15.956636,45.813214],[15.956457,45.813206],[15.956295,45.813196],[15.955865,45.813145],[15.95428,45.812807],[15.953776,45.812682],[15.953446,45.812611],[15.952511,45.812475],[15.952511,45.812475],[15.952477,45.812499],[15.952196,45.812499],[15.951069,45.812486],[15.950357,45.812475],[15.949848,45.812474],[15.949469,45.812461],[15.948948,45.812462],[15.948849,45.812495],[15.948849,45.812495],[15.948814,45.812462],[15.948708,45.812463],[15.948098,45.812437],[15.947483,45.812445],[15.94696,45.812485],[15.946764,45.812499],[15.946435,45.812564],[15.946122,45.81264],[15.945714,45.812748],[15.945376,45.812834],[15.94386,45.813141],[15.943199,45.813259],[15.942423,45.813399],[15.941464,45.813636],[15.941464,45.813636],[15.937855,45.814473],[15.936669,45.814761],[15.936123,45.814862],[15.935898,45.814867],[15.9354,45.81491],[15.935151,45.814925],[15.935027,45.814955],[15.934884,45.815066],[15.934749,45.81515],[15.934615,45.815246],[15.93449,45.815322],[15.934369,45.815364],[15.93432,45.815378],[15.934267,45.815379],[15.933924,45.8154]]}},{"type":"Feature","properties":{"shapeId":"11_20","routeName":"11","routeLong":"Črnomerec - Dubec"},"geometry":{"type":"LineString","coordinates":[[16.077696,45.82785],[16.077438,45.827879],[16.077024,45.827755],[16.076663,45.827708],[16.076428,45.82778],[16.075289,45.827952],[16.074379,45.828086],[16.072922,45.828244],[16.072553,45.828302],[16.072488,45.828402],[16.072488,45.828402],[16.072389,45.828338],[16.072132,45.828334],[16.070817,45.828505],[16.069838,45.828635],[16.06832,45.828802],[16.067956,45.82884],[16.067956,45.82884],[16.067859,45.828821],[16.065322,45.828714],[16.064169,45.828713],[16.063155,45.828815],[16.062211,45.828973],[16.062082,45.829036],[16.062082,45.829036],[16.061966,45.829001],[16.061298,45.829101],[16.060075,45.82931],[16.05861,45.829573],[16.057908,45.82969],[16.056771,45.829693],[16.055424,45.82957],[16.054473,45.829436],[16.054473,45.829436],[16.054372,45.829411],[16.052315,45.828841],[16.051894,45.828777],[16.051894,45.828777],[16.051843,45.828738],[16.050756,45.828325],[16.048775,45.827693],[16.048156,45.827591],[16.048156,45.827591],[16.048128,45.827491],[16.046651,45.826983],[16.044164,45.826083],[16.043692,45.82598],[16.043692,45.82598],[16.04351,45.825869],[16.042401,45.825511],[16.041099,45.825186],[16.040017,45.824876],[16.038892,45.824598],[16.037706,45.824348],[16.037136,45.824324],[16.037136,45.824324],[16.036965,45.824237],[16.035317,45.823824],[16.03386,45.823521],[16.032015,45.823122],[16.030753,45.822837],[16.029497,45.822577],[16.028293,45.822355],[16.028293,45.822355],[16.028193,45.822324],[16.023746,45.821366],[16.022077,45.820975],[16.022077,45.820975],[16.017515,45.819936],[16.01414,45.81916],[16.012275,45.818686],[16.012147,45.818619],[16.012147,45.818619],[16.011941,45.818602],[16.00957,45.81805],[16.007687,45.817611],[16.007569,45.817614],[16.007569,45.817614],[16.00747,45.817556],[16.005559,45.817108],[16.002953,45.816536],[16.002856,45.816524],[16.002856,45.816524],[16.002666,45.816472],[15.9978,45.815351],[15.997632,45.815283],[15.997632,45.815283],[15.997154,45.81511],[15.995196,45.81446],[15.993852,45.814076],[15.993352,45.81397],[15.99133,45.81392],[15.991052,45.813842],[15.991052,45.813842],[15.990911,45.813907],[15.987772,45.813798],[15.986685,45.813781],[15.986537,45.813827],[15.986537,45.813827],[15.986307,45.813768],[15.985273,45.813762],[15.984492,45.813747],[15.984243,45.813763],[15.98398,45.813819],[15.983761,45.813895],[15.983669,45.813946],[15.98349,45.813932],[15.983354,45.81388],[15.983317,45.8138],[15.983382,45.812877],[15.983433,45.81283],[15.983433,45.81283],[15.983385,45.812798],[15.983415,45.81258],[15.983457,45.812457],[15.983505,45.812392],[15.983505,45.812301],[15.983466,45.812255],[15.983399,45.812212],[15.983326,45.81219],[15.983229,45.812184],[15.979059,45.812471],[15.978891,45.812488],[15.977506,45.812875],[15.97714,45.812952],[15.976878,45.812975],[15.976698,45.813],[15.97662,45.813011],[15.97662,45.813011],[15.976341,45.813056],[15.976235,45.813064],[15.975502,45.813075],[15.974553,45.813077],[15.97311,45.81318],[15.97132,45.813234],[15.970426,45.813286],[15.969562,45.813303],[15.968627,45.81327],[15.968627,45.81327],[15.968496,45.813275],[15.96809,45.81326],[15.967519,45.813184],[15.966791,45.813071],[15.965849,45.812831],[15.965836,45.812833],[15.964841,45.812588],[15.964698,45.812511],[15.964726,45.812423],[15.964726,45.812423],[15.964714,45.812521],[15.964636,45.812526],[15.964242,45.812412],[15.963987,45.812369],[15.963676,45.812309],[15.963494,45.812288],[15.963311,45.812301],[15.962634,45.812408],[15.961766,45.812593],[15.96066,45.812837],[15.960229,45.812923],[15.959531,45.813052],[15.95917,45.813096],[15.958818,45.813132],[15.958594,45.813143],[15.957786,45.813171],[15.957786,45.813171],[15.957019,45.813206],[15.956579,45.813208],[15.956238,45.813184],[15.955938,45.813161],[15.954699,45.812911],[15.954368,45.812834],[15.954308,45.81281],[15.954239,45.8128],[15.953918,45.812708],[15.953789,45.81268],[15.953179,45.812564],[15.952887,45.812526],[15.952537,45.812523],[15.952511,45.812475],[15.952511,45.812475],[15.952477,45.812499],[15.952196,45.812499],[15.951069,45.812486],[15.950357,45.812475],[15.949848,45.812474],[15.949469,45.812461],[15.948948,45.812462],[15.948849,45.812495],[15.948849,45.812495],[15.948814,45.812462],[15.948708,45.812463],[15.948098,45.812437],[15.947483,45.812445],[15.94696,45.812485],[15.946764,45.812499],[15.946435,45.812564],[15.946122,45.81264],[15.945714,45.812748],[15.945376,45.812834],[15.94386,45.813141],[15.943199,45.813259],[15.942423,45.813399],[15.941464,45.813636],[15.941464,45.813636],[15.937855,45.814473],[15.936669,45.814761],[15.936123,45.814862],[15.935898,45.814867],[15.9354,45.81491],[15.935151,45.814925],[15.935027,45.814955],[15.934884,45.815066],[15.934749,45.81515],[15.934615,45.815246],[15.93449,45.815322],[15.934369,45.815364],[15.93432,45.815378],[15.934267,45.815379],[15.933924,45.8154]]}},{"type":"Feature","properties":{"shapeId":"11_21","routeName":"11","routeLong":"Črnomerec - Dubec"},"geometry":{"type":"LineString","coordinates":[[16.077696,45.82785],[16.077438,45.827879],[16.077024,45.827755],[16.076663,45.827708],[16.076428,45.82778],[16.075289,45.827952],[16.074379,45.828086],[16.072922,45.828244],[16.072553,45.828302],[16.072488,45.828402],[16.072488,45.828402],[16.072389,45.828338],[16.072132,45.828334],[16.070817,45.828505],[16.069838,45.828635],[16.06832,45.828802],[16.067956,45.82884],[16.067956,45.82884],[16.067859,45.828821],[16.065322,45.828714],[16.064169,45.828713],[16.063155,45.828815],[16.062211,45.828973],[16.062082,45.829036],[16.062082,45.829036],[16.061966,45.829001],[16.061298,45.829101],[16.060075,45.82931],[16.05861,45.829573],[16.057908,45.82969],[16.056771,45.829693],[16.055424,45.82957],[16.054473,45.829436],[16.054473,45.829436],[16.054372,45.829411],[16.052315,45.828841],[16.051894,45.828777],[16.051894,45.828777],[16.051843,45.828738],[16.050756,45.828325],[16.048775,45.827693],[16.048156,45.827591],[16.048156,45.827591],[16.048128,45.827491],[16.046651,45.826983],[16.044164,45.826083],[16.043692,45.82598],[16.043692,45.82598],[16.04351,45.825869],[16.042401,45.825511],[16.041099,45.825186],[16.040017,45.824876],[16.038892,45.824598],[16.037706,45.824348],[16.037136,45.824324]]}},{"type":"Feature","properties":{"shapeId":"11_22","routeName":"11","routeLong":"Črnomerec - Dubec"},"geometry":{"type":"LineString","coordinates":[[16.077696,45.82785],[16.077438,45.827879],[16.077024,45.827755],[16.076663,45.827708],[16.076428,45.82778],[16.075289,45.827952],[16.074379,45.828086],[16.072922,45.828244],[16.072553,45.828302],[16.072488,45.828402],[16.072488,45.828402],[16.072389,45.828338],[16.072132,45.828334],[16.070817,45.828505],[16.069838,45.828635],[16.06832,45.828802],[16.067956,45.82884],[16.067956,45.82884],[16.067859,45.828821],[16.065322,45.828714],[16.064169,45.828713],[16.063155,45.828815],[16.062211,45.828973],[16.062082,45.829036],[16.062082,45.829036],[16.061966,45.829001],[16.061298,45.829101],[16.060075,45.82931],[16.05861,45.829573],[16.057908,45.82969],[16.056771,45.829693],[16.055424,45.82957],[16.054473,45.829436],[16.054473,45.829436],[16.054372,45.829411],[16.052315,45.828841],[16.051894,45.828777],[16.051894,45.828777],[16.051843,45.828738],[16.050756,45.828325],[16.048775,45.827693],[16.048156,45.827591],[16.048156,45.827591],[16.048128,45.827491],[16.046651,45.826983],[16.044164,45.826083],[16.043692,45.82598],[16.043692,45.82598],[16.04351,45.825869],[16.042401,45.825511],[16.041099,45.825186],[16.040017,45.824876],[16.038892,45.824598],[16.037706,45.824348],[16.037136,45.824324],[16.037136,45.824324],[16.036965,45.824237],[16.035317,45.823824],[16.03386,45.823521],[16.032015,45.823122],[16.030753,45.822837],[16.029497,45.822577],[16.028293,45.822355],[16.028293,45.822355],[16.028193,45.822324],[16.023746,45.821366],[16.022077,45.820975],[16.022077,45.820975],[16.017515,45.819936],[16.01414,45.81916],[16.012275,45.818686],[16.012147,45.818619],[16.012147,45.818619],[16.011941,45.818602],[16.00957,45.81805],[16.007687,45.817611],[16.007569,45.817614],[16.007569,45.817614],[16.00747,45.817556],[16.005559,45.817108],[16.002953,45.816536],[16.002856,45.816524],[16.002856,45.816524],[16.002666,45.816472],[15.9978,45.815351],[15.997632,45.815283],[15.997632,45.815283],[15.997154,45.81511],[15.995196,45.81446],[15.993852,45.814076],[15.993352,45.81397],[15.99133,45.81392],[15.991052,45.813842],[15.991052,45.813842],[15.990911,45.813907],[15.987772,45.813798],[15.986685,45.813781],[15.986537,45.813827],[15.986537,45.813827],[15.986307,45.813768],[15.985273,45.813762],[15.984492,45.813747],[15.984243,45.813763],[15.98398,45.813819],[15.983761,45.813895],[15.983669,45.813946],[15.98349,45.813932],[15.983354,45.81388],[15.983317,45.8138],[15.983382,45.812877],[15.983433,45.81283],[15.983433,45.81283],[15.983385,45.812798],[15.983415,45.81258],[15.983457,45.812457],[15.983505,45.812392],[15.983505,45.812301],[15.983466,45.812255],[15.983399,45.812212],[15.983326,45.81219],[15.983229,45.812184],[15.979059,45.812471],[15.978891,45.812488],[15.977506,45.812875],[15.97714,45.812952],[15.976878,45.812975],[15.976698,45.813],[15.97662,45.813011],[15.976611,45.813013],[15.976505,45.813027],[15.976443,45.813042],[15.976051,45.81307],[15.974621,45.813081],[15.97311,45.813174],[15.972112,45.813195],[15.970096,45.8133],[15.96979,45.813303],[15.969678,45.813247],[15.969624,45.813197],[15.969588,45.813078],[15.969484,45.812489],[15.969474,45.812489],[15.969386,45.811841],[15.968867,45.809333],[15.968878,45.809335],[15.96879,45.80912],[15.966744,45.80612],[15.966604,45.805964],[15.966604,45.805964],[15.966445,45.805695],[15.96487,45.803382],[15.964762,45.803326],[15.963513,45.803402],[15.963513,45.803402],[15.963124,45.803449],[15.9629,45.803455],[15.962702,45.803417],[15.959664,45.801957],[15.959664,45.801957],[15.957554,45.800965],[15.957303,45.800843],[15.957066,45.800766],[15.956722,45.800645],[15.955672,45.800343],[15.954624,45.800105],[15.954486,45.800086],[15.954478,45.800106],[15.954478,45.800106],[15.954478,45.8001],[15.95437,45.800056],[15.951131,45.799545],[15.950283,45.79939],[15.949534,45.799208],[15.948626,45.798945],[15.947583,45.798583],[15.947028,45.798426],[15.947028,45.798426],[15.94677,45.798365],[15.945652,45.798156],[15.943426,45.797771],[15.942286,45.797669],[15.942276,45.797722],[15.942276,45.797722],[15.942286,45.797669],[15.941967,45.797629],[15.939152,45.797383],[15.939043,45.797372],[15.938933,45.797361],[15.938783,45.79735],[15.93841,45.797311],[15.938,45.797283],[15.937737,45.797255],[15.937643,45.797255]]}},{"type":"Feature","properties":{"shapeId":"11_24","routeName":"11","routeLong":"Črnomerec - Dubec"},"geometry":{"type":"LineString","coordinates":[[15.934931,45.815001],[15.935038,45.814902],[15.935167,45.814839],[15.935297,45.814833],[15.935513,45.814836],[15.935759,45.814809],[15.936073,45.814785],[15.936591,45.81468],[15.938314,45.814305],[15.938878,45.814175],[15.940265,45.81384],[15.941619,45.81353],[15.94213,45.8134],[15.942623,45.8133],[15.942918,45.813253],[15.943049,45.813247],[15.943049,45.813247],[15.943275,45.813197],[15.943411,45.813158],[15.943576,45.813129],[15.943768,45.813096],[15.943994,45.813051],[15.944258,45.812989],[15.945306,45.812779],[15.94568,45.812682],[15.945804,45.812645],[15.946249,45.812525],[15.946705,45.812442],[15.947213,45.812385],[15.947768,45.81236],[15.94813,45.812368],[15.948322,45.812432],[15.948322,45.812432],[15.948577,45.812384],[15.949757,45.812396],[15.95091,45.812404],[15.951703,45.812418],[15.951958,45.81246],[15.951958,45.81246],[15.952212,45.812412],[15.952468,45.812422],[15.952963,45.81247],[15.953695,45.81259],[15.954432,45.812779],[15.954989,45.812897],[15.95574,45.813039],[15.956173,45.813102],[15.956489,45.81313],[15.956652,45.81314],[15.956774,45.813143],[15.95682,45.813117],[15.95682,45.813117],[15.956973,45.813134],[15.95714,45.813157],[15.957604,45.813144],[15.95796,45.813121],[15.958318,45.81311],[15.958854,45.813075],[15.959193,45.813041],[15.959582,45.812993],[15.960893,45.812727],[15.961752,45.812549],[15.962837,45.812321],[15.962977,45.812295],[15.963081,45.812333],[15.963081,45.812333],[15.963169,45.812269],[15.963316,45.812268],[15.963666,45.812271],[15.963904,45.812316],[15.964231,45.812381],[15.964931,45.812576],[15.965659,45.81278],[15.966683,45.813027],[15.967434,45.813163],[15.96833,45.813253],[15.969049,45.813289],[15.969413,45.813252],[15.969422,45.813251],[15.969399,45.813299],[15.969396,45.813293],[15.970403,45.813251],[15.971011,45.813225],[15.971824,45.81317],[15.973019,45.813134],[15.974284,45.813069],[15.974452,45.813052],[15.974745,45.813044],[15.975694,45.813042],[15.976134,45.813039],[15.976859,45.812952],[15.977081,45.812895],[15.977339,45.812859],[15.977313,45.812908],[15.977313,45.812908],[15.977352,45.812857],[15.977696,45.812796],[15.978831,45.81247],[15.97911,45.812418],[15.979852,45.812387],[15.981674,45.812263],[15.983288,45.81215],[15.983392,45.812187],[15.983484,45.812226],[15.983526,45.812279],[15.983555,45.812372],[15.983495,45.813354],[15.983495,45.813354],[15.983444,45.813497],[15.98338,45.813655],[15.983365,45.813735],[15.983427,45.813811],[15.983534,45.813861],[15.983619,45.813869],[15.983805,45.813817],[15.984024,45.813748],[15.984307,45.813702],[15.986632,45.813697],[15.986753,45.813739],[15.986753,45.813739],[15.986811,45.813705],[15.987735,45.813712],[15.98954,45.813793],[15.991696,45.813844],[15.991696,45.813844],[15.99273,45.813862],[15.993327,45.813883],[15.993679,45.813944],[15.99528,45.814384],[15.996212,45.814683],[15.996967,45.814928],[15.997061,45.814928],[15.997061,45.814928],[15.997163,45.815005],[15.997672,45.815193],[15.997853,45.815259],[16.003437,45.816546],[16.003533,45.816592],[16.003533,45.816592],[16.003752,45.816607],[16.008159,45.817623],[16.008156,45.817625],[16.012255,45.818578],[16.014085,45.819036],[16.014089,45.81903],[16.015128,45.819288],[16.017858,45.819921],[16.020959,45.820631],[16.022278,45.820928],[16.022726,45.821041],[16.022729,45.821047],[16.022722,45.821022],[16.022722,45.821022],[16.022874,45.821085],[16.023636,45.821265],[16.027491,45.822078],[16.027491,45.822078],[16.031759,45.823022],[16.033175,45.823331],[16.034729,45.823653],[16.035118,45.823703],[16.035361,45.823753],[16.035587,45.823793],[16.035688,45.823818]]}},{"type":"Feature","properties":{"shapeId":"11_3","routeName":"11","routeLong":"Črnomerec - Dubec"},"geometry":{"type":"LineString","coordinates":[[15.934931,45.815001],[15.935038,45.814902],[15.935167,45.814839],[15.935297,45.814833],[15.935513,45.814836],[15.935759,45.814809],[15.936073,45.814785],[15.936591,45.81468],[15.938314,45.814305],[15.938878,45.814175],[15.940265,45.81384],[15.941619,45.81353],[15.94213,45.8134],[15.942623,45.8133],[15.942918,45.813253],[15.943049,45.813247],[15.943049,45.813247],[15.943275,45.813197],[15.943411,45.813158],[15.943576,45.813129],[15.943768,45.813096],[15.943994,45.813051],[15.944258,45.812989],[15.945306,45.812779],[15.94568,45.812682],[15.945804,45.812645],[15.946249,45.812525],[15.946705,45.812442],[15.947213,45.812385],[15.947768,45.81236],[15.94813,45.812368],[15.948322,45.812432],[15.948322,45.812432],[15.948577,45.812384],[15.949757,45.812396],[15.95091,45.812404],[15.951703,45.812418],[15.951958,45.81246],[15.951958,45.81246],[15.952212,45.812412],[15.952468,45.812422],[15.952963,45.81247],[15.953695,45.81259],[15.954432,45.812779],[15.954989,45.812897],[15.95574,45.813039],[15.956173,45.813102],[15.956489,45.81313],[15.956652,45.81314],[15.956774,45.813143],[15.95682,45.813117],[15.95682,45.813117],[15.956973,45.813134],[15.95714,45.813157],[15.957604,45.813144],[15.95796,45.813121],[15.958318,45.81311],[15.958854,45.813075],[15.959193,45.813041],[15.959582,45.812993],[15.960893,45.812727],[15.961752,45.812549],[15.962837,45.812321],[15.962977,45.812295],[15.963081,45.812333],[15.963081,45.812333],[15.963169,45.812269],[15.963316,45.812268],[15.963666,45.812271],[15.963904,45.812316],[15.964231,45.812381],[15.964931,45.812576],[15.965659,45.81278],[15.966683,45.813027],[15.967434,45.813163],[15.96833,45.813253],[15.969049,45.813289],[15.969413,45.813252],[15.969422,45.813251],[15.969399,45.813299],[15.969396,45.813293],[15.970403,45.813251],[15.971011,45.813225],[15.971824,45.81317],[15.973019,45.813134],[15.974284,45.813069],[15.974452,45.813052],[15.974745,45.813044],[15.975694,45.813042],[15.976134,45.813039],[15.976859,45.812952],[15.977081,45.812895],[15.977339,45.812859],[15.977313,45.812908],[15.977313,45.812908],[15.977352,45.812857],[15.977696,45.812796],[15.978831,45.81247],[15.97911,45.812418],[15.979852,45.812387],[15.981674,45.812263],[15.983288,45.81215],[15.983392,45.812187],[15.983484,45.812226],[15.983526,45.812279],[15.983555,45.812372],[15.983495,45.813354],[15.983495,45.813354],[15.983444,45.813497],[15.98338,45.813655],[15.983365,45.813735],[15.983427,45.813811],[15.983534,45.813861],[15.983619,45.813869],[15.983805,45.813817],[15.984024,45.813748],[15.984307,45.813702],[15.986632,45.813697],[15.986753,45.813739],[15.986753,45.813739],[15.986811,45.813705],[15.987735,45.813712],[15.98954,45.813793],[15.991696,45.813844],[15.991696,45.813844],[15.99273,45.813862],[15.993327,45.813883],[15.993679,45.813944],[15.99528,45.814384],[15.996212,45.814683],[15.996967,45.814928],[15.997061,45.814928],[15.997061,45.814928],[15.997163,45.815005],[15.997672,45.815193],[15.997853,45.815259],[16.003437,45.816546],[16.003533,45.816592],[16.003533,45.816592],[16.003752,45.816607],[16.008159,45.817623],[16.008156,45.817625],[16.012255,45.818578],[16.014085,45.819036],[16.014089,45.81903],[16.015128,45.819288],[16.017858,45.819921],[16.020959,45.820631],[16.022278,45.820928],[16.022726,45.821041],[16.022729,45.821047],[16.022722,45.821022],[16.022722,45.821022],[16.022874,45.821085],[16.023636,45.821265],[16.027491,45.822078],[16.027491,45.822078],[16.034547,45.823626],[16.034917,45.823653],[16.035675,45.82382],[16.038149,45.824351],[16.039978,45.82483],[16.039997,45.824853],[16.039997,45.824853],[16.040018,45.824837],[16.041614,45.825245],[16.041683,45.825254],[16.041743,45.825278],[16.042118,45.825369],[16.042355,45.82544],[16.04314,45.825655],[16.043971,45.825935],[16.045282,45.826427],[16.045351,45.826437],[16.045368,45.826402],[16.045368,45.826402],[16.045335,45.826426],[16.04667,45.826915],[16.047983,45.827362],[16.048722,45.827603],[16.048722,45.827603],[16.049026,45.827729],[16.052417,45.828821],[16.052495,45.828816],[16.052448,45.828881],[16.052467,45.828807],[16.053183,45.829012],[16.053611,45.829102],[16.05403,45.829206],[16.054474,45.829306],[16.055088,45.829428],[16.055468,45.829498],[16.055744,45.829525],[16.056243,45.829579],[16.056815,45.829615],[16.056815,45.829615],[16.057169,45.829631],[16.057364,45.829656],[16.057641,45.829643],[16.058033,45.829614],[16.059281,45.829388],[16.060714,45.829123],[16.061289,45.829024],[16.062273,45.828867],[16.06324,45.828739],[16.063825,45.828677],[16.063823,45.828722],[16.063823,45.828722],[16.063881,45.828688],[16.064171,45.828674],[16.06462,45.82865],[16.065035,45.82865],[16.065751,45.828674],[16.066736,45.828698],[16.066927,45.828711],[16.067696,45.828727],[16.067793,45.828739],[16.06814,45.828736],[16.068458,45.828724],[16.068732,45.828699],[16.0696,45.828597],[16.069699,45.82857],[16.069699,45.82857],[16.069752,45.82857],[16.072364,45.82825],[16.0727,45.82821],[16.072995,45.828169],[16.072995,45.828169],[16.07358,45.828107],[16.073813,45.82808],[16.075119,45.827924],[16.075635,45.827852],[16.076559,45.827677],[16.077188,45.827538],[16.07801,45.827371],[16.07828,45.827333],[16.078437,45.82737],[16.078515,45.82745],[16.078537,45.827524],[16.078491,45.827635],[16.07842,45.827671],[16.078309,45.827706],[16.077841,45.827797],[16.077696,45.82785]]}},{"type":"Feature","properties":{"shapeId":"11_9","routeName":"11","routeLong":"Črnomerec - Dubec"},"geometry":{"type":"LineString","coordinates":[[16.028293,45.822355],[16.028193,45.822324],[16.023746,45.821366],[16.022077,45.820975],[16.022077,45.820975],[16.017515,45.819936],[16.01414,45.81916],[16.012275,45.818686],[16.012147,45.818619],[16.012147,45.818619],[16.011941,45.818602],[16.00957,45.81805],[16.007687,45.817611],[16.007569,45.817614],[16.007569,45.817614],[16.00747,45.817556],[16.005559,45.817108],[16.002953,45.816536],[16.002856,45.816524],[16.002856,45.816524],[16.002666,45.816472],[15.9978,45.815351],[15.997632,45.815283],[15.997632,45.815283],[15.997154,45.81511],[15.995196,45.81446],[15.993852,45.814076],[15.993352,45.81397],[15.99133,45.81392],[15.991052,45.813842],[15.991052,45.813842],[15.990911,45.813907],[15.987772,45.813798],[15.986685,45.813781],[15.986537,45.813827],[15.986537,45.813827],[15.986307,45.813768],[15.985273,45.813762],[15.984492,45.813747],[15.984243,45.813763],[15.98398,45.813819],[15.983761,45.813895],[15.983669,45.813946],[15.98349,45.813932],[15.983354,45.81388],[15.983317,45.8138],[15.983382,45.812877],[15.983433,45.81283],[15.983433,45.81283],[15.983385,45.812798],[15.983415,45.81258],[15.983457,45.812457],[15.983505,45.812392],[15.983505,45.812301],[15.983466,45.812255],[15.983399,45.812212],[15.983326,45.81219],[15.983229,45.812184],[15.979059,45.812471],[15.978891,45.812488],[15.977506,45.812875],[15.97714,45.812952],[15.976878,45.812975],[15.976698,45.813],[15.97662,45.813011],[15.97662,45.813011],[15.976341,45.813056],[15.976235,45.813064],[15.975502,45.813075],[15.974553,45.813077],[15.97311,45.81318],[15.97132,45.813234],[15.970426,45.813286],[15.969562,45.813303],[15.968627,45.81327],[15.968627,45.81327],[15.968496,45.813275],[15.96809,45.81326],[15.967519,45.813184],[15.966791,45.813071],[15.965849,45.812831],[15.965836,45.812833],[15.964841,45.812588],[15.964698,45.812511],[15.964726,45.812423],[15.964726,45.812423],[15.964714,45.812521],[15.964636,45.812526],[15.964242,45.812412],[15.963987,45.812369],[15.963676,45.812309],[15.963494,45.812288],[15.963311,45.812301],[15.962634,45.812408],[15.961766,45.812593],[15.96066,45.812837],[15.960229,45.812923],[15.959531,45.813052],[15.95917,45.813096],[15.958818,45.813132],[15.958594,45.813143],[15.957786,45.813171],[15.957786,45.813171],[15.957019,45.813206],[15.956579,45.813208],[15.956238,45.813184],[15.955938,45.813161],[15.954699,45.812911],[15.954368,45.812834],[15.954308,45.81281],[15.954239,45.8128],[15.953918,45.812708],[15.953789,45.81268],[15.953179,45.812564],[15.952887,45.812526],[15.952537,45.812523],[15.952511,45.812475],[15.952511,45.812475],[15.952477,45.812499],[15.952196,45.812499],[15.951069,45.812486],[15.950357,45.812475],[15.949848,45.812474],[15.949469,45.812461],[15.948948,45.812462],[15.948849,45.812495],[15.948849,45.812495],[15.948814,45.812462],[15.948708,45.812463],[15.948098,45.812437],[15.947483,45.812445],[15.94696,45.812485],[15.946764,45.812499],[15.946435,45.812564],[15.946122,45.81264],[15.945714,45.812748],[15.945376,45.812834],[15.94386,45.813141],[15.943199,45.813259],[15.942423,45.813399],[15.941464,45.813636],[15.941464,45.813636],[15.937855,45.814473],[15.936669,45.814761],[15.936123,45.814862],[15.935898,45.814867],[15.9354,45.81491],[15.935151,45.814925],[15.935027,45.814955],[15.934884,45.815066],[15.934749,45.81515],[15.934615,45.815246],[15.93449,45.815322],[15.934369,45.815364],[15.93432,45.815378],[15.934267,45.815379],[15.933924,45.8154]]}},{"type":"Feature","properties":{"shapeId":"1_2","routeName":"1","routeLong":"Zap.kol. - Borongaj"},"geometry":{"type":"LineString","coordinates":[[16.01882,45.814549],[16.018643,45.81458],[16.018509,45.81458],[16.018266,45.814535],[16.017886,45.814465],[16.017324,45.814375],[16.017156,45.814398],[16.01658,45.814627],[16.015828,45.814888],[16.014573,45.815179],[16.013487,45.81535],[16.01333,45.815404],[16.01333,45.815404],[16.013338,45.81539],[16.013223,45.815406],[16.012048,45.815466],[16.011152,45.815467],[16.01103,45.815464],[16.01053,45.815443],[16.010242,45.815418],[16.010104,45.815405],[16.009812,45.815374],[16.009611,45.815324],[16.009164,45.815212],[16.008614,45.815022],[16.008614,45.815022],[16.007581,45.814523],[16.006391,45.813981],[16.005134,45.813481],[16.004745,45.81334],[16.004745,45.81334],[16.003732,45.812949],[16.002609,45.812541],[16.000421,45.811839],[15.999339,45.811529],[15.999339,45.811529],[15.99863,45.811348],[15.997723,45.81113],[15.997723,45.81113],[15.996157,45.810809],[15.995434,45.810676],[15.993893,45.810442],[15.992893,45.810315],[15.992276,45.810265],[15.992276,45.810265],[15.991956,45.810225],[15.990913,45.810136],[15.989849,45.81007],[15.989068,45.810049],[15.988361,45.810017],[15.988361,45.810017],[15.988202,45.81002],[15.988111,45.810071],[15.988065,45.810097],[15.988049,45.810177],[15.988037,45.810276],[15.988021,45.810357],[15.987989,45.810432],[15.987888,45.810498],[15.987623,45.810509],[15.986838,45.810482],[15.98646,45.810463],[15.985386,45.811092],[15.984231,45.811805],[15.984231,45.811805],[15.983662,45.81215],[15.98347,45.812183],[15.982722,45.812228],[15.981342,45.812316],[15.979626,45.812444],[15.979267,45.812449],[15.978928,45.812482],[15.978714,45.812525],[15.978297,45.812655],[15.978223,45.812672],[15.977366,45.812901],[15.976493,45.813035],[15.976546,45.813027],[15.976611,45.813013],[15.97662,45.813011],[15.976341,45.813056],[15.976235,45.813064],[15.975502,45.813075],[15.974553,45.813077],[15.97311,45.81318],[15.97132,45.813234],[15.970426,45.813286],[15.969562,45.813303],[15.968627,45.81327],[15.968627,45.81327],[15.968496,45.813275],[15.96809,45.81326],[15.967519,45.813184],[15.966791,45.813071],[15.965849,45.812831],[15.965836,45.812833],[15.964841,45.812588],[15.964698,45.812511],[15.964726,45.812423],[15.964726,45.812423],[15.964714,45.812521],[15.964636,45.812526],[15.964242,45.812412],[15.963987,45.812369],[15.963676,45.812309],[15.963494,45.812288],[15.963311,45.812301],[15.962634,45.812408],[15.961766,45.812593],[15.96066,45.812837],[15.960229,45.812923],[15.959531,45.813052],[15.95917,45.813096],[15.958818,45.813132],[15.958594,45.813143],[15.957786,45.813171],[15.957786,45.813171],[15.957514,45.813157],[15.957428,45.813091],[15.95732,45.812217],[15.957208,45.811246],[15.957123,45.810589],[15.957058,45.809956],[15.957095,45.809672],[15.957095,45.809672],[15.956969,45.809475],[15.956891,45.809388],[15.956398,45.809392],[15.954974,45.809472],[15.9549,45.809483],[15.954829,45.809488]]}},{"type":"Feature","properties":{"shapeId":"12_1","routeName":"12","routeLong":"Ljubljanica -Dubrava"},"geometry":{"type":"LineString","coordinates":[[15.938562,45.797283],[15.938657,45.797244],[15.943251,45.797678],[15.943543,45.797709],[15.944087,45.797828],[15.944087,45.797828],[15.945,45.797981],[15.946774,45.798286],[15.947057,45.798338],[15.94729,45.798403],[15.947703,45.798534],[15.948458,45.798786],[15.948447,45.79884],[15.948447,45.79884],[15.948453,45.798807],[15.949742,45.799192],[15.950299,45.799316],[15.95084,45.799423],[15.951106,45.799464],[15.952073,45.799615],[15.953432,45.799823],[15.953796,45.799876],[15.954257,45.799948],[15.954644,45.800031],[15.954835,45.800044],[15.954835,45.800044],[15.954955,45.800092],[15.955688,45.800263],[15.956195,45.8004],[15.956874,45.800611],[15.957367,45.800783],[15.959109,45.801618],[15.959217,45.801668],[15.959309,45.801701],[15.959309,45.801701],[15.959432,45.801762],[15.96273,45.803335],[15.962862,45.803375],[15.962981,45.803372],[15.964096,45.803295],[15.964304,45.803273],[15.964306,45.803324],[15.964306,45.803324],[15.96437,45.80327],[15.964794,45.803257],[15.964946,45.803314],[15.966938,45.806236],[15.966938,45.806236],[15.968247,45.808138],[15.968618,45.808677],[15.968646,45.808776],[15.968646,45.808776],[15.968729,45.808824],[15.968917,45.809193],[15.969002,45.80948],[15.969051,45.809648],[15.969593,45.8125],[15.969593,45.8125],[15.969646,45.812863],[15.96965,45.813154],[15.969703,45.813238],[15.969848,45.813276],[15.972101,45.813158],[15.973087,45.813144],[15.974517,45.813043],[15.976078,45.813028],[15.976343,45.813017],[15.977249,45.812871],[15.977313,45.812908],[15.977313,45.812908],[15.977352,45.812857],[15.977696,45.812796],[15.978831,45.81247],[15.97911,45.812418],[15.979852,45.812387],[15.981674,45.812263],[15.983288,45.81215],[15.983392,45.812187],[15.983484,45.812226],[15.983526,45.812279],[15.983555,45.812372],[15.983495,45.813354],[15.983495,45.813354],[15.983444,45.813497],[15.98338,45.813655],[15.983365,45.813735],[15.983427,45.813811],[15.983534,45.813861],[15.983619,45.813869],[15.983805,45.813817],[15.984024,45.813748],[15.984307,45.813702],[15.986632,45.813697],[15.986753,45.813739],[15.986753,45.813739],[15.986811,45.813705],[15.987735,45.813712],[15.98954,45.813793],[15.991696,45.813844],[15.991696,45.813844],[15.99273,45.813862],[15.993327,45.813883],[15.993679,45.813944],[15.99528,45.814384],[15.996212,45.814683],[15.996967,45.814928],[15.997061,45.814928],[15.997061,45.814928],[15.997163,45.815005],[15.997672,45.815193],[15.997853,45.815259],[16.003437,45.816546],[16.003533,45.816592],[16.003533,45.816592],[16.003752,45.816607],[16.008159,45.817623],[16.008156,45.817625],[16.012255,45.818578],[16.014085,45.819036],[16.014089,45.81903],[16.015128,45.819288],[16.017858,45.819921],[16.020959,45.820631],[16.022278,45.820928],[16.022726,45.821041],[16.022729,45.821047],[16.022722,45.821022],[16.022722,45.821022],[16.022874,45.821085],[16.023636,45.821265],[16.027491,45.822078],[16.027491,45.822078],[16.028536,45.822309],[16.033071,45.8233],[16.034673,45.823641],[16.035175,45.823708],[16.03775,45.824271],[16.037847,45.824277],[16.037946,45.824256],[16.038098,45.824222],[16.038184,45.824197],[16.038327,45.82419],[16.038391,45.82422],[16.038478,45.824292],[16.038494,45.824388],[16.038425,45.824475],[16.038362,45.824529],[16.038249,45.824597],[16.038072,45.824635],[16.037773,45.824572],[16.037149,45.824413]]}},{"type":"Feature","properties":{"shapeId":"12_11","routeName":"12","routeLong":"Ljubljanica -Dubrava"},"geometry":{"type":"LineString","coordinates":[[16.037122,45.824455],[16.036907,45.824362],[16.036855,45.824324],[16.036705,45.824221],[16.036546,45.82414],[16.035844,45.823984],[16.033373,45.823459],[16.028293,45.822355],[16.028293,45.822355],[16.028193,45.822324],[16.023746,45.821366],[16.022077,45.820975],[16.022077,45.820975],[16.017515,45.819936],[16.01414,45.81916],[16.012275,45.818686],[16.012147,45.818619],[16.012147,45.818619],[16.011941,45.818602],[16.00957,45.81805],[16.007687,45.817611],[16.007569,45.817614],[16.007569,45.817614],[16.00747,45.817556],[16.005559,45.817108],[16.002953,45.816536],[16.002856,45.816524],[16.002856,45.816524],[16.002666,45.816472],[15.9978,45.815351],[15.997632,45.815283],[15.997632,45.815283],[15.997154,45.81511],[15.995196,45.81446],[15.993852,45.814076],[15.993352,45.81397],[15.99133,45.81392],[15.991052,45.813842],[15.991052,45.813842],[15.990911,45.813907],[15.987772,45.813798],[15.986685,45.813781],[15.986537,45.813827],[15.986537,45.813827],[15.986307,45.813768],[15.985273,45.813762],[15.984492,45.813747],[15.984243,45.813763],[15.98398,45.813819],[15.983761,45.813895],[15.983669,45.813946],[15.98349,45.813932],[15.983354,45.81388],[15.983317,45.8138],[15.983382,45.812877],[15.983433,45.81283],[15.983433,45.81283],[15.983385,45.812798],[15.983415,45.81258],[15.983457,45.812457],[15.983505,45.812392],[15.983505,45.812301],[15.983466,45.812255],[15.983399,45.812212],[15.983326,45.81219],[15.983229,45.812184],[15.979059,45.812471],[15.978891,45.812488],[15.977506,45.812875],[15.97714,45.812952],[15.976878,45.812975],[15.976698,45.813],[15.97662,45.813011],[15.976611,45.813013],[15.976505,45.813027],[15.976443,45.813042],[15.976051,45.81307],[15.974621,45.813081],[15.97311,45.813174],[15.972112,45.813195],[15.970096,45.8133],[15.96979,45.813303],[15.969678,45.813247],[15.969624,45.813197],[15.969588,45.813078],[15.969484,45.812489],[15.969474,45.812489],[15.969386,45.811841],[15.968867,45.809333],[15.968878,45.809335],[15.96879,45.80912],[15.966744,45.80612],[15.966604,45.805964],[15.966604,45.805964],[15.966445,45.805695],[15.96487,45.803382],[15.964762,45.803326],[15.963513,45.803402],[15.963513,45.803402],[15.963124,45.803449],[15.9629,45.803455],[15.962702,45.803417],[15.959664,45.801957],[15.959664,45.801957],[15.957554,45.800965],[15.957303,45.800843],[15.957066,45.800766],[15.956722,45.800645],[15.955672,45.800343],[15.954624,45.800105],[15.954486,45.800086],[15.954478,45.800106],[15.954478,45.800106],[15.954478,45.8001],[15.95437,45.800056],[15.951131,45.799545],[15.950283,45.79939],[15.949534,45.799208],[15.948626,45.798945],[15.947583,45.798583],[15.947028,45.798426],[15.947028,45.798426],[15.94677,45.798365],[15.945652,45.798156],[15.943426,45.797771],[15.942286,45.797669],[15.942276,45.797722],[15.942276,45.797722],[15.942286,45.797669],[15.941967,45.797629],[15.939152,45.797383],[15.939043,45.797372],[15.938933,45.797361],[15.938783,45.79735],[15.93841,45.797311],[15.938,45.797283],[15.937737,45.797255],[15.937643,45.797255]]}},{"type":"Feature","properties":{"shapeId":"13_11","routeName":"13","routeLong":"Žitnjak-Trg ž. fašiz"},"geometry":{"type":"LineString","coordinates":[[16.028293,45.822355],[16.028193,45.822324],[16.023746,45.821366],[16.022077,45.820975],[16.022077,45.820975],[16.017515,45.819936],[16.01414,45.81916],[16.012275,45.818686],[16.012147,45.818619],[16.012147,45.818619],[16.011941,45.818602],[16.00957,45.81805],[16.007687,45.817611],[16.007569,45.817614],[16.007569,45.817614],[16.00747,45.817556],[16.005559,45.817108],[16.002953,45.816536],[16.002856,45.816524],[16.002856,45.816524],[16.002666,45.816472],[15.9978,45.815351],[15.997632,45.815283],[15.997632,45.815283],[15.997471,45.815234],[15.997262,45.815166],[15.997054,45.815085],[15.996974,45.815044],[15.996589,45.814922],[15.996447,45.814799],[15.996486,45.814658],[15.996645,45.814473],[15.996735,45.814363],[15.99688,45.814317],[15.997078,45.814348],[15.99721,45.814388],[15.997341,45.814467],[15.997424,45.814533],[15.997428,45.814637],[15.997327,45.814794],[15.997304,45.814849],[15.997216,45.814913]]}},{"type":"Feature","properties":{"shapeId":"13_27","routeName":"13","routeLong":"Žitnjak-Trg ž. fašiz"},"geometry":{"type":"LineString","coordinates":[[16.034325,45.799174],[16.03341,45.799601],[16.031037,45.800823],[16.031041,45.800821],[16.029876,45.801411],[16.028186,45.802263],[16.027344,45.802718],[16.027344,45.802718],[16.026563,45.803067],[16.026009,45.803371],[16.025555,45.803603],[16.025322,45.80372],[16.024926,45.803918],[16.024619,45.804058],[16.024388,45.804142],[16.024268,45.804185],[16.024091,45.804223],[16.023646,45.804343],[16.023646,45.804343],[16.023512,45.804342],[16.0233,45.804352],[16.0231,45.804354],[16.022913,45.804354],[16.022681,45.804341],[16.02249,45.804329],[16.020691,45.804034],[16.020691,45.804034],[16.020352,45.803977],[16.019689,45.803856],[16.016932,45.803402],[16.016479,45.803322],[16.015651,45.803191],[16.015424,45.803151],[16.01532,45.803114],[16.01532,45.803114],[16.015198,45.803105],[16.015105,45.803105],[16.012906,45.802736],[16.011923,45.802574],[16.011572,45.802513],[16.011459,45.802496],[16.011391,45.802453],[16.011391,45.802453],[16.011257,45.802453],[16.011132,45.802431],[16.010092,45.802264],[16.00877,45.802046],[16.007913,45.801912],[16.007464,45.801838],[16.006728,45.801746],[16.00616,45.801682],[16.005215,45.801606],[16.004911,45.801577],[16.004683,45.80157],[16.004676,45.801551],[16.004673,45.801554],[16.004517,45.801554],[16.000079,45.80135],[16.000079,45.80135],[15.995443,45.801141],[15.99495,45.801973],[15.994951,45.801969],[15.994549,45.8027],[15.993981,45.803675],[15.99382,45.803995],[15.993741,45.804136],[15.993695,45.804253],[15.993635,45.804326],[15.993628,45.804386],[15.993628,45.804386],[15.993505,45.804519],[15.993457,45.804584],[15.993381,45.804731],[15.992989,45.805402],[15.992649,45.806027],[15.992439,45.806355],[15.99219,45.806831],[15.992086,45.806975],[15.991991,45.807105],[15.991878,45.80727],[15.991765,45.807435],[15.991703,45.807904],[15.991698,45.808028],[15.991698,45.808113],[15.991698,45.808113],[15.991668,45.808331],[15.991714,45.808487],[15.991829,45.808653],[15.992073,45.808937],[15.993114,45.81011],[15.993648,45.810743],[15.99386,45.810915],[15.99386,45.810915],[15.993927,45.811061],[15.994067,45.81121],[15.994334,45.81153],[15.994614,45.811842],[15.996521,45.814055],[15.996521,45.814055],[15.996676,45.814216],[15.996724,45.814241],[15.997382,45.814475],[15.99749,45.814524],[15.997532,45.814577],[15.997499,45.814692],[15.99741,45.814841],[15.997343,45.81498],[15.9974,45.815082],[15.997559,45.81517],[15.997764,45.815233],[16.003062,45.81645],[16.003352,45.816526],[16.003453,45.816551],[16.003533,45.816592],[16.003533,45.816592],[16.003752,45.816607],[16.008159,45.817623],[16.008156,45.817625],[16.012255,45.818578],[16.014085,45.819036],[16.014089,45.81903],[16.015128,45.819288],[16.017858,45.819921],[16.020959,45.820631],[16.022278,45.820928],[16.022726,45.821041],[16.022729,45.821047],[16.022722,45.821022],[16.022722,45.821022],[16.022874,45.821085],[16.023636,45.821265],[16.027491,45.822078],[16.027491,45.822078],[16.031759,45.823022],[16.033175,45.823331],[16.034729,45.823653],[16.035118,45.823703],[16.035361,45.823753],[16.035587,45.823793],[16.035688,45.823818]]}},{"type":"Feature","properties":{"shapeId":"13_28","routeName":"13","routeLong":"Žitnjak-Trg ž. fašiz"},"geometry":{"type":"LineString","coordinates":[[16.034325,45.799174],[16.03341,45.799601],[16.031037,45.800823],[16.031041,45.800821],[16.029876,45.801411],[16.028186,45.802263],[16.027344,45.802718],[16.027344,45.802718],[16.026563,45.803067],[16.026009,45.803371],[16.025555,45.803603],[16.025322,45.80372],[16.024926,45.803918],[16.024619,45.804058],[16.024388,45.804142],[16.024268,45.804185],[16.024091,45.804223],[16.023646,45.804343],[16.023646,45.804343],[16.023512,45.804342],[16.0233,45.804352],[16.0231,45.804354],[16.022913,45.804354],[16.022681,45.804341],[16.02249,45.804329],[16.020691,45.804034],[16.020691,45.804034],[16.020352,45.803977],[16.019689,45.803856],[16.016932,45.803402],[16.016479,45.803322],[16.015651,45.803191],[16.015424,45.803151],[16.01532,45.803114],[16.01532,45.803114],[16.015198,45.803105],[16.015105,45.803105],[16.012906,45.802736],[16.011923,45.802574],[16.011572,45.802513],[16.011459,45.802496],[16.011391,45.802453],[16.011391,45.802453],[16.011257,45.802453],[16.011132,45.802431],[16.010092,45.802264],[16.00877,45.802046],[16.007913,45.801912],[16.007464,45.801838],[16.006728,45.801746],[16.00616,45.801682],[16.005215,45.801606],[16.004911,45.801577],[16.004683,45.80157],[16.004676,45.801551],[16.004673,45.801554],[16.004517,45.801554],[16.000079,45.80135],[16.000079,45.80135],[15.999946,45.80134],[15.999873,45.80133],[15.994394,45.801034],[15.994396,45.801035],[15.994016,45.801015],[15.989573,45.800798],[15.989575,45.800795],[15.985935,45.800613],[15.98546,45.800588],[15.985418,45.800627],[15.985412,45.800636],[15.985432,45.800586],[15.97787,45.800203],[15.97788,45.800201],[15.977323,45.800174],[15.974374,45.800025],[15.973712,45.799994],[15.973713,45.799955],[15.973713,45.799955],[15.973696,45.799983],[15.970372,45.799828],[15.969356,45.799788],[15.969344,45.799789],[15.969344,45.799789],[15.967899,45.799698],[15.962683,45.799435],[15.962547,45.799467],[15.962471,45.79953],[15.962462,45.799635],[15.962787,45.800109],[15.962837,45.800095],[15.962837,45.800095],[15.962879,45.800239],[15.964675,45.802897],[15.964721,45.802962],[15.964677,45.802948],[15.964669,45.802953],[15.96484,45.80314],[15.966936,45.806235],[15.966938,45.806236],[15.968247,45.808138],[15.968618,45.808677],[15.968646,45.808776],[15.968646,45.808776],[15.968729,45.808824],[15.968917,45.809193],[15.969002,45.80948],[15.969051,45.809648],[15.969593,45.8125],[15.969593,45.8125],[15.969646,45.812863],[15.96965,45.813154],[15.969703,45.813238],[15.969848,45.813276],[15.972101,45.813158],[15.973087,45.813144],[15.974517,45.813043],[15.976078,45.813028],[15.976343,45.813017],[15.977249,45.812871],[15.977313,45.812908],[15.977313,45.812908],[15.977385,45.812833],[15.97746,45.81281],[15.977539,45.812766],[15.977576,45.812664],[15.977587,45.812519],[15.977553,45.81244],[15.977514,45.812127],[15.977477,45.811957],[15.977402,45.811435],[15.977745,45.809],[15.977738,45.808884],[15.977738,45.808884],[15.977767,45.808893],[15.977886,45.80802],[15.977907,45.807543],[15.977924,45.806963],[15.977972,45.806353],[15.977981,45.806241],[15.977993,45.806155],[15.978003,45.805823],[15.978008,45.805608],[15.978028,45.805352],[15.978072,45.805281],[15.978164,45.805229],[15.978238,45.805206],[15.979258,45.805259],[15.979272,45.805218],[15.979272,45.805218],[15.979295,45.805254],[15.979498,45.805265],[15.980968,45.805346],[15.982573,45.805435],[15.983386,45.805465],[15.983714,45.80549],[15.983765,45.805438],[15.983765,45.805438],[15.983962,45.805514],[15.984045,45.805568],[15.984069,45.805649],[15.984061,45.805851],[15.984017,45.806383],[15.983968,45.807039],[15.983931,45.807414],[15.983942,45.807633],[15.983951,45.807709],[15.984037,45.807775],[15.984188,45.807878],[15.984287,45.807942],[15.984266,45.808055],[15.984266,45.808055],[15.984402,45.80801],[15.984623,45.808168],[15.985229,45.808557],[15.985779,45.808922],[15.986392,45.809324],[15.98652,45.809391],[15.98662,45.809415],[15.987633,45.809444],[15.987633,45.809444],[15.987889,45.809453],[15.987962,45.809476],[15.98808,45.809557],[15.988061,45.809812],[15.988102,45.809904],[15.988213,45.80996],[15.989014,45.810004],[15.99029,45.810061],[15.991094,45.810111],[15.992371,45.810226],[15.993287,45.810338],[15.993722,45.810817],[15.993842,45.810949],[15.99386,45.810915],[15.99386,45.810915],[15.993927,45.811061],[15.994067,45.81121],[15.994334,45.81153],[15.994614,45.811842],[15.996521,45.814055],[15.996521,45.814055],[15.996676,45.814216],[15.996724,45.814241],[15.997382,45.814475],[15.99749,45.814524],[15.997532,45.814577],[15.997499,45.814692],[15.99741,45.814841],[15.997343,45.81498],[15.9974,45.815082],[15.997559,45.81517],[15.997764,45.815233],[16.003062,45.81645],[16.003352,45.816526],[16.003453,45.816551],[16.003533,45.816592],[16.003533,45.816592],[16.003752,45.816607],[16.008159,45.817623],[16.008156,45.817625],[16.012255,45.818578],[16.014085,45.819036],[16.014089,45.81903],[16.015128,45.819288],[16.017858,45.819921],[16.020959,45.820631],[16.022278,45.820928],[16.022726,45.821041],[16.022729,45.821047],[16.022722,45.821022],[16.022722,45.821022],[16.022874,45.821085],[16.023636,45.821265],[16.027491,45.822078],[16.027491,45.822078],[16.031759,45.823022],[16.033175,45.823331],[16.034729,45.823653],[16.035118,45.823703],[16.035361,45.823753],[16.035587,45.823793],[16.035688,45.823818]]}},{"type":"Feature","properties":{"shapeId":"13_29","routeName":"13","routeLong":"Žitnjak-Trg ž. fašiz"},"geometry":{"type":"LineString","coordinates":[[16.028293,45.822355],[16.028193,45.822324],[16.023746,45.821366],[16.022077,45.820975],[16.022077,45.820975],[16.017515,45.819936],[16.01414,45.81916],[16.012275,45.818686],[16.012147,45.818619],[16.012147,45.818619],[16.011941,45.818602],[16.00957,45.81805],[16.007687,45.817611],[16.007569,45.817614],[16.007569,45.817614],[16.00747,45.817556],[16.005559,45.817108],[16.002953,45.816536],[16.002856,45.816524],[16.002856,45.816524],[16.002666,45.816472],[15.9978,45.815351],[15.997632,45.815283],[15.997632,45.815283],[15.996902,45.815028],[15.996608,45.814939],[15.996544,45.814909],[15.996509,45.814875],[15.996472,45.814796],[15.996484,45.814703],[15.996541,45.814617],[15.99665,45.81444],[15.996675,45.814346],[15.996572,45.814178],[15.995987,45.813507],[15.995511,45.812937],[15.995289,45.812689],[15.995166,45.812537],[15.994944,45.812282],[15.994794,45.812277],[15.994794,45.812277],[15.994847,45.812185],[15.99463,45.811943],[15.993747,45.810898],[15.992967,45.81002],[15.992967,45.81002],[15.99254,45.809527],[15.992137,45.809064],[15.991838,45.808729],[15.991695,45.808561],[15.991605,45.808301],[15.991592,45.808115],[15.991692,45.807594],[15.991692,45.807594],[15.991713,45.807397],[15.99184,45.807184],[15.991987,45.807002],[15.992111,45.806874],[15.993914,45.803723],[15.993914,45.803723],[15.994099,45.803398],[15.994275,45.803082],[15.994544,45.802636],[15.994708,45.802327],[15.994884,45.802017],[15.995015,45.801824],[15.995126,45.801614],[15.995276,45.80134],[15.99535,45.801232],[15.995482,45.80109],[15.995585,45.801076],[15.996429,45.801127],[15.996429,45.801127],[15.996454,45.801118],[15.999859,45.80128],[15.999829,45.801317],[15.999829,45.801317],[15.99985,45.801294],[16.003937,45.801492],[16.00392,45.80152],[16.00392,45.80152],[16.003962,45.801488],[16.004506,45.801516],[16.005079,45.801554],[16.005545,45.801592],[16.006097,45.801646],[16.006758,45.801709],[16.007231,45.801773],[16.008647,45.801992],[16.010502,45.802292],[16.010506,45.80231],[16.010498,45.802312],[16.011169,45.80242],[16.014683,45.803022],[16.014683,45.803022],[16.01716,45.803409],[16.019917,45.803884],[16.019924,45.803881],[16.021538,45.804137],[16.022087,45.804229],[16.022545,45.804289],[16.023255,45.804339],[16.023255,45.804339],[16.023604,45.804291],[16.023899,45.804243],[16.024257,45.804148],[16.024538,45.804056],[16.026014,45.803338],[16.026376,45.803158],[16.026812,45.802961],[16.026812,45.802961],[16.027013,45.802829],[16.028154,45.802242],[16.02939,45.801622],[16.029936,45.801338],[16.030538,45.801072],[16.030529,45.801076],[16.030868,45.800871],[16.034769,45.798843]]}},{"type":"Feature","properties":{"shapeId":"13_30","routeName":"13","routeLong":"Žitnjak-Trg ž. fašiz"},"geometry":{"type":"LineString","coordinates":[[15.996426,45.814724],[15.99665,45.814446],[15.996692,45.814317],[15.996581,45.814164],[15.995657,45.813118],[15.995266,45.812653],[15.99498,45.812316],[15.994794,45.812277],[15.994794,45.812277],[15.994792,45.812128],[15.994332,45.811569],[15.993945,45.811117],[15.993529,45.810662],[15.993418,45.810509],[15.993289,45.810384],[15.993172,45.810354],[15.99299,45.810328],[15.992755,45.810302],[15.992276,45.810265],[15.992276,45.810265],[15.991956,45.810225],[15.990913,45.810136],[15.989849,45.81007],[15.989068,45.810049],[15.988361,45.810017],[15.988361,45.810017],[15.988165,45.810031],[15.988089,45.810094],[15.988036,45.810185],[15.988049,45.810268],[15.988044,45.810386],[15.988014,45.810429],[15.987913,45.810495],[15.987745,45.810512],[15.987286,45.810498],[15.98692,45.810483],[15.986635,45.810471],[15.986487,45.81042],[15.986377,45.810319],[15.986358,45.810211],[15.986382,45.81002],[15.986387,45.809902],[15.986407,45.809737],[15.986423,45.80956],[15.986394,45.809466],[15.986313,45.809374],[15.985022,45.808528],[15.984578,45.808252],[15.984211,45.808004],[15.983977,45.807842],[15.9839,45.807762],[15.983825,45.807694],[15.983795,45.80764],[15.983823,45.807461],[15.983846,45.807309],[15.983858,45.807028],[15.983796,45.806868],[15.983796,45.806868],[15.983874,45.806857],[15.984008,45.80567],[15.983942,45.805582],[15.983894,45.805556],[15.98375,45.805524],[15.978461,45.805234],[15.978461,45.805234],[15.978355,45.805236],[15.97822,45.805235],[15.978134,45.80526],[15.97809,45.805337],[15.978074,45.805424],[15.977934,45.808324],[15.977823,45.809171],[15.977823,45.809171],[15.977494,45.811196],[15.977476,45.811503],[15.977473,45.811672],[15.977498,45.81176],[15.977647,45.812628],[15.97761,45.812731],[15.977599,45.812784],[15.977523,45.812846],[15.977437,45.812871],[15.977248,45.812911],[15.977055,45.812937],[15.976739,45.813001],[15.976456,45.81304],[15.976546,45.813027],[15.976611,45.813013],[15.976611,45.813013],[15.976505,45.813027],[15.976443,45.813042],[15.976051,45.81307],[15.974621,45.813081],[15.97311,45.813174],[15.972112,45.813195],[15.970096,45.8133],[15.96979,45.813303],[15.969678,45.813247],[15.969624,45.813197],[15.969588,45.813078],[15.969484,45.812489],[15.969474,45.812489],[15.969386,45.811841],[15.968867,45.809333],[15.968878,45.809335],[15.96879,45.80912],[15.966744,45.80612],[15.966604,45.805964],[15.966604,45.805964],[15.966616,45.805956],[15.966487,45.805747],[15.964541,45.802896],[15.964327,45.802581],[15.964203,45.80243],[15.964203,45.80243],[15.963931,45.801955],[15.962349,45.799618],[15.962363,45.799486],[15.962492,45.799416],[15.962628,45.799384],[15.963091,45.799411],[15.963291,45.799403],[15.96322,45.799348],[15.96322,45.799348],[15.963241,45.799416],[15.967669,45.799645],[15.967658,45.799699],[15.967653,45.799702],[15.967669,45.799645],[15.971146,45.799816],[15.971146,45.799816],[15.973076,45.799927],[15.975453,45.80006],[15.975453,45.80006],[15.977857,45.800171],[15.980091,45.800299],[15.980091,45.800299],[15.984925,45.800546],[15.98492,45.800556],[15.984928,45.800558],[15.984912,45.800548],[15.988918,45.80075],[15.988884,45.800768],[15.988884,45.800768],[15.988893,45.800754],[15.995109,45.801051],[15.996438,45.801113],[15.996429,45.801127],[15.996429,45.801127],[15.996454,45.801118],[15.999859,45.80128],[15.999829,45.801317],[15.999829,45.801317],[15.99985,45.801294],[16.003937,45.801492],[16.00392,45.80152],[16.00392,45.80152],[16.003962,45.801488],[16.004506,45.801516],[16.005079,45.801554],[16.005545,45.801592],[16.006097,45.801646],[16.006758,45.801709],[16.007231,45.801773],[16.008647,45.801992],[16.010502,45.802292],[16.010506,45.80231],[16.010498,45.802312],[16.011169,45.80242],[16.014683,45.803022],[16.014683,45.803022],[16.01716,45.803409],[16.019917,45.803884],[16.019924,45.803881],[16.021538,45.804137],[16.022087,45.804229],[16.022545,45.804289],[16.023255,45.804339],[16.023255,45.804339],[16.023604,45.804291],[16.023899,45.804243],[16.024257,45.804148],[16.024538,45.804056],[16.026014,45.803338],[16.026376,45.803158],[16.026812,45.802961],[16.026812,45.802961],[16.027013,45.802829],[16.028154,45.802242],[16.02939,45.801622],[16.029936,45.801338],[16.030538,45.801072],[16.030529,45.801076],[16.030868,45.800871],[16.034769,45.798843]]}},{"type":"Feature","properties":{"shapeId":"13_7","routeName":"13","routeLong":"Žitnjak-Trg ž. fašiz"},"geometry":{"type":"LineString","coordinates":[[16.034325,45.799174],[16.03341,45.799601],[16.031037,45.800823],[16.031041,45.800821],[16.029876,45.801411],[16.028186,45.802263],[16.027344,45.802718],[16.027344,45.802718],[16.026563,45.803067],[16.026009,45.803371],[16.025555,45.803603],[16.025322,45.80372],[16.024926,45.803918],[16.024619,45.804058],[16.024388,45.804142],[16.024268,45.804185],[16.024091,45.804223],[16.023646,45.804343],[16.023646,45.804343],[16.023512,45.804342],[16.0233,45.804352],[16.0231,45.804354],[16.022913,45.804354],[16.022681,45.804341],[16.02249,45.804329],[16.020691,45.804034],[16.020691,45.804034],[16.020352,45.803977],[16.019689,45.803856],[16.016932,45.803402],[16.016479,45.803322],[16.015651,45.803191],[16.015424,45.803151],[16.01532,45.803114],[16.01532,45.803114],[16.015198,45.803105],[16.015105,45.803105],[16.012906,45.802736],[16.011923,45.802574],[16.011572,45.802513],[16.011459,45.802496],[16.011391,45.802453],[16.011391,45.802453],[16.011257,45.802453],[16.011132,45.802431],[16.010092,45.802264],[16.00877,45.802046],[16.007913,45.801912],[16.007464,45.801838],[16.006728,45.801746],[16.00616,45.801682],[16.005215,45.801606],[16.004911,45.801577],[16.004683,45.80157],[16.004676,45.801551],[16.004673,45.801554],[16.004517,45.801554],[16.000079,45.80135],[16.000079,45.80135],[15.999946,45.80134],[15.999873,45.80133],[15.994394,45.801034],[15.994396,45.801035],[15.994016,45.801015],[15.989573,45.800798],[15.989575,45.800795],[15.985935,45.800613],[15.98546,45.800588],[15.985418,45.800627],[15.985412,45.800636],[15.985432,45.800586],[15.97787,45.800203],[15.97788,45.800201],[15.977323,45.800174],[15.974374,45.800025],[15.973712,45.799994],[15.973713,45.799955],[15.973713,45.799955],[15.973696,45.799983],[15.970372,45.799828],[15.969356,45.799788],[15.969344,45.799789],[15.969344,45.799789],[15.967899,45.799698],[15.962683,45.799435],[15.962547,45.799467],[15.962471,45.79953],[15.962462,45.799635],[15.962787,45.800109],[15.962837,45.800095],[15.962837,45.800095],[15.962879,45.800239],[15.964675,45.802897],[15.964721,45.802962],[15.964677,45.802948],[15.964669,45.802953],[15.96484,45.80314],[15.966936,45.806235],[15.966938,45.806236],[15.968247,45.808138],[15.968618,45.808677],[15.968646,45.808776],[15.968646,45.808776],[15.968729,45.808824],[15.968917,45.809193],[15.969002,45.80948],[15.969051,45.809648],[15.969593,45.8125],[15.969593,45.8125],[15.969646,45.812863],[15.96965,45.813154],[15.969703,45.813238],[15.969848,45.813276],[15.972101,45.813158],[15.973087,45.813144],[15.974517,45.813043],[15.976078,45.813028],[15.976343,45.813017],[15.977249,45.812871],[15.977313,45.812908],[15.977313,45.812908],[15.977385,45.812833],[15.97746,45.81281],[15.977539,45.812766],[15.977576,45.812664],[15.977587,45.812519],[15.977553,45.81244],[15.977514,45.812127],[15.977477,45.811957],[15.977402,45.811435],[15.977745,45.809],[15.977738,45.808884],[15.977738,45.808884],[15.977767,45.808893],[15.977886,45.80802],[15.977907,45.807543],[15.977924,45.806963],[15.977972,45.806353],[15.977981,45.806241],[15.977993,45.806155],[15.978003,45.805823],[15.978008,45.805608],[15.978028,45.805352],[15.978072,45.805281],[15.978164,45.805229],[15.978238,45.805206],[15.979258,45.805259],[15.979272,45.805218],[15.979272,45.805218],[15.979295,45.805254],[15.979498,45.805265],[15.980968,45.805346],[15.982573,45.805435],[15.983386,45.805465],[15.983714,45.80549],[15.983765,45.805438],[15.983765,45.805438],[15.983962,45.805514],[15.984045,45.805568],[15.984069,45.805649],[15.984061,45.805851],[15.984017,45.806383],[15.983968,45.807039],[15.983931,45.807414],[15.983942,45.807633],[15.983951,45.807709],[15.984037,45.807775],[15.984188,45.807878],[15.984287,45.807942],[15.984266,45.808055],[15.984266,45.808055],[15.984402,45.80801],[15.984623,45.808168],[15.985229,45.808557],[15.985779,45.808922],[15.986392,45.809324],[15.98652,45.809391],[15.98662,45.809415],[15.987633,45.809444],[15.987633,45.809444],[15.987889,45.809453],[15.987962,45.809476],[15.98808,45.809557],[15.988061,45.809812],[15.988102,45.809904],[15.988213,45.80996],[15.989014,45.810004],[15.99029,45.810061],[15.991094,45.810111],[15.992371,45.810226],[15.993287,45.810338],[15.993722,45.810817],[15.993842,45.810949],[15.99386,45.810915],[15.99386,45.810915],[15.993927,45.811061],[15.994067,45.81121],[15.994334,45.81153],[15.994614,45.811842],[15.996521,45.814055],[15.996521,45.814055],[15.996724,45.814241],[15.996945,45.814308],[15.997226,45.814405],[15.997322,45.814457],[15.997377,45.814501],[15.997403,45.814549],[15.997408,45.814607],[15.997389,45.814681],[15.997216,45.814913]]}},{"type":"Feature","properties":{"shapeId":"14_2","routeName":"14","routeLong":"Mihaljevac-Zapruđe"},"geometry":{"type":"LineString","coordinates":[[15.974944,45.841343],[15.975068,45.841216],[15.975384,45.840789],[15.975672,45.84036],[15.975875,45.840001],[15.976101,45.839586],[15.97635,45.839201],[15.976553,45.838842],[15.976852,45.838269],[15.976965,45.838019],[15.977092,45.837716],[15.977362,45.836861],[15.977362,45.836861],[15.97741,45.836608],[15.977521,45.836125],[15.977628,45.83563],[15.977778,45.834999],[15.977879,45.834563],[15.977995,45.833957],[15.978009,45.833546],[15.977985,45.831966],[15.977985,45.831966],[15.977988,45.831342],[15.977972,45.830689],[15.977986,45.830369],[15.978023,45.830182],[15.978122,45.829967],[15.978176,45.829836],[15.978337,45.829613],[15.978445,45.829475],[15.978547,45.829369],[15.978851,45.829035],[15.979235,45.82856],[15.979369,45.828289],[15.979568,45.827644],[15.979568,45.827644],[15.97972,45.827162],[15.979988,45.82634],[15.980184,45.82569],[15.980371,45.825047],[15.980402,45.824699],[15.980385,45.82437],[15.980324,45.823977],[15.980236,45.823677],[15.980105,45.82341],[15.980057,45.8233],[15.979949,45.823068],[15.979903,45.822906],[15.979853,45.822556],[15.979853,45.822556],[15.979823,45.822495],[15.97969,45.821728],[15.979614,45.821421],[15.979593,45.821262],[15.979561,45.820968],[15.979504,45.820593],[15.979412,45.820099],[15.979387,45.819921],[15.979254,45.819784],[15.979254,45.819784],[15.979323,45.819703],[15.979326,45.819624],[15.979316,45.819587],[15.979316,45.819496],[15.979314,45.819444],[15.979333,45.819286],[15.979866,45.818362],[15.980454,45.817404],[15.980778,45.817002],[15.980945,45.816797],[15.981106,45.816567],[15.981369,45.816057],[15.981674,45.815404],[15.9818,45.815147],[15.981906,45.814963],[15.981983,45.814862],[15.982043,45.814795],[15.982199,45.814689],[15.982575,45.814462],[15.983019,45.814192],[15.98322,45.814061],[15.983298,45.813959],[15.983385,45.813077],[15.983433,45.81283],[15.983433,45.81283],[15.983385,45.812798],[15.983415,45.81258],[15.983457,45.812457],[15.983505,45.812392],[15.983505,45.812301],[15.983466,45.812255],[15.983399,45.812212],[15.983326,45.81219],[15.983229,45.812184],[15.979059,45.812471],[15.978891,45.812488],[15.977506,45.812875],[15.97714,45.812952],[15.976878,45.812975],[15.976698,45.813],[15.97662,45.813011],[15.976611,45.813013],[15.976505,45.813027],[15.976443,45.813042],[15.976051,45.81307],[15.974621,45.813081],[15.97311,45.813174],[15.972112,45.813195],[15.970096,45.8133],[15.96979,45.813303],[15.969678,45.813247],[15.969624,45.813197],[15.969588,45.813078],[15.969484,45.812489],[15.969474,45.812489],[15.969386,45.811841],[15.968867,45.809333],[15.968878,45.809335],[15.96879,45.80912],[15.966744,45.80612],[15.966604,45.805964],[15.966604,45.805964],[15.966616,45.805956],[15.966487,45.805747],[15.964541,45.802896],[15.964327,45.802581],[15.964203,45.80243],[15.964208,45.802432],[15.964136,45.80229],[15.961705,45.798715],[15.961709,45.798714],[15.961127,45.797873],[15.960194,45.79651],[15.960185,45.796513],[15.959934,45.796124],[15.958061,45.793393],[15.958061,45.793393],[15.957656,45.79278],[15.956029,45.790392],[15.956029,45.790392],[15.955914,45.790212],[15.954737,45.788494],[15.954741,45.788493],[15.953891,45.78728],[15.953794,45.787177],[15.953654,45.787112],[15.953407,45.786997],[15.953138,45.786898],[15.952469,45.786764],[15.952366,45.786778],[15.952366,45.786778],[15.952331,45.786751],[15.951926,45.786599],[15.951697,45.786365],[15.951614,45.786033],[15.951695,45.785217],[15.951946,45.783878],[15.952239,45.782325],[15.952475,45.780936],[15.952657,45.780054],[15.952726,45.779688],[15.952782,45.779154],[15.952779,45.778499],[15.952803,45.777672],[15.952803,45.777672],[15.952777,45.777624],[15.952793,45.777544],[15.952916,45.777416],[15.953199,45.777195],[15.95456,45.777142],[15.956662,45.777104],[15.956772,45.777115],[15.956772,45.777115],[15.957155,45.777094],[15.958361,45.777057],[15.960207,45.777021],[15.961939,45.77704],[15.965177,45.77709],[15.965216,45.77713],[15.965216,45.77713],[15.965299,45.777093],[15.968359,45.777181],[15.971358,45.777283],[15.971468,45.777288],[15.971457,45.777289],[15.979522,45.777486],[15.97959,45.777532],[15.979589,45.777529],[15.979606,45.7775],[15.983729,45.777602],[15.986631,45.777686],[15.986675,45.777699],[15.986805,45.777694],[15.986968,45.777697],[15.987402,45.777721],[15.990016,45.777786],[15.991631,45.777815],[15.991551,45.777865],[15.991545,45.777868],[15.991643,45.777813],[15.997854,45.777976],[15.997858,45.777981],[16.000301,45.77805],[16.000919,45.778061],[16.000886,45.778085]]}},{"type":"Feature","properties":{"shapeId":"14_24","routeName":"14","routeLong":"Mihaljevac-Zapruđe"},"geometry":{"type":"LineString","coordinates":[[16.000301,45.778147],[16.00001,45.77811],[15.999621,45.778066],[15.997747,45.778015],[15.996202,45.777984],[15.995799,45.777982],[15.995799,45.777982],[15.994771,45.777943],[15.992682,45.777889],[15.990536,45.777824],[15.989539,45.777801],[15.989331,45.777817],[15.989331,45.777817],[15.989243,45.777796],[15.988918,45.777783],[15.987625,45.777749],[15.984568,45.777674],[15.984568,45.777674],[15.983783,45.777647],[15.981003,45.777566],[15.980855,45.777606],[15.980849,45.777609],[15.980832,45.77757],[15.970879,45.777307],[15.970879,45.777307],[15.970678,45.777287],[15.964722,45.777129],[15.964732,45.777126],[15.962003,45.777077],[15.961198,45.777065],[15.959769,45.777075],[15.957826,45.777105],[15.956795,45.777144],[15.956305,45.777166],[15.956305,45.777166],[15.95532,45.77718],[15.95426,45.77721],[15.953605,45.777217],[15.953359,45.777244],[15.953146,45.777384],[15.952985,45.777517],[15.952874,45.777636],[15.952867,45.777708],[15.952862,45.777917],[15.95286,45.778047],[15.952823,45.778058],[15.952823,45.778058],[15.95289,45.778653],[15.952823,45.779337],[15.952563,45.780878],[15.952285,45.782299],[15.952073,45.78349],[15.951891,45.784469],[15.951774,45.785167],[15.951695,45.785671],[15.951693,45.785892],[15.951734,45.786353],[15.951734,45.786353],[15.951918,45.786522],[15.952029,45.786585],[15.952168,45.78665],[15.952297,45.786677],[15.952725,45.786767],[15.953257,45.786895],[15.953721,45.787064],[15.954136,45.787435],[15.955129,45.7889],[15.955129,45.788901],[15.955592,45.789569],[15.956949,45.791575],[15.956949,45.791575],[15.957259,45.792018],[15.959224,45.794912],[15.959224,45.794912],[15.95982,45.795783],[15.960867,45.797338],[15.960878,45.797337],[15.96225,45.799372],[15.962619,45.799859],[15.962748,45.800069],[15.962837,45.800095],[15.962837,45.800095],[15.962879,45.800239],[15.964675,45.802897],[15.964721,45.802962],[15.964677,45.802948],[15.964669,45.802953],[15.96484,45.80314],[15.966936,45.806235],[15.966938,45.806236],[15.968247,45.808138],[15.968618,45.808677],[15.968646,45.808776],[15.968646,45.808776],[15.968729,45.808824],[15.968917,45.809193],[15.969002,45.80948],[15.969051,45.809648],[15.969593,45.8125],[15.969593,45.8125],[15.969646,45.812863],[15.96965,45.813154],[15.969703,45.813238],[15.969848,45.813276],[15.972101,45.813158],[15.973087,45.813144],[15.974517,45.813043],[15.976078,45.813028],[15.976343,45.813017],[15.977249,45.812871],[15.977313,45.812908],[15.977313,45.812908],[15.977352,45.812857],[15.977696,45.812796],[15.978831,45.81247],[15.97911,45.812418],[15.979852,45.812387],[15.981674,45.812263],[15.983288,45.81215],[15.983392,45.812187],[15.983484,45.812226],[15.983526,45.812279],[15.983555,45.812372],[15.983495,45.813354],[15.983495,45.813354],[15.983453,45.813853],[15.983368,45.814014],[15.983342,45.814069],[15.983227,45.814176],[15.98304,45.814267],[15.982312,45.814706],[15.982026,45.814921],[15.981129,45.816694],[15.981048,45.816783],[15.980901,45.816965],[15.980562,45.817357],[15.980368,45.817702],[15.979912,45.818427],[15.979635,45.8189],[15.979457,45.819152],[15.979365,45.819392],[15.979363,45.819522],[15.979383,45.81963],[15.97944,45.820011],[15.979413,45.820144],[15.979413,45.820144],[15.979493,45.820373],[15.979534,45.820556],[15.97978,45.821898],[15.979834,45.822266],[15.979814,45.822334],[15.979814,45.822334],[15.979956,45.822996],[15.980136,45.823341],[15.980365,45.823984],[15.980439,45.824506],[15.980447,45.82481],[15.980369,45.825268],[15.98002,45.826355],[15.979656,45.827496],[15.979505,45.827978],[15.979448,45.828057],[15.979448,45.828057],[15.979429,45.828216],[15.979328,45.828476],[15.979206,45.828649],[15.979107,45.828766],[15.978729,45.829214],[15.978477,45.82949],[15.978279,45.829731],[15.978161,45.829923],[15.978124,45.830025],[15.978056,45.830249],[15.978,45.830964],[15.978024,45.831824],[15.978024,45.831824],[15.978039,45.832782],[15.978064,45.833687],[15.977993,45.834184],[15.977461,45.836471],[15.977461,45.836471],[15.977341,45.837156],[15.977096,45.837826],[15.976649,45.838712],[15.975923,45.840026],[15.975796,45.840232],[15.975663,45.840465],[15.97549,45.840696],[15.974783,45.841664]]}},{"type":"Feature","properties":{"shapeId":"14_25","routeName":"14","routeLong":"Mihaljevac-Zapruđe"},"geometry":{"type":"LineString","coordinates":[[16.028293,45.822355],[16.028193,45.822324],[16.023746,45.821366],[16.022077,45.820975],[16.022077,45.820975],[16.017515,45.819936],[16.01414,45.81916],[16.012275,45.818686],[16.012147,45.818619],[16.012147,45.818619],[16.011941,45.818602],[16.00957,45.81805],[16.007687,45.817611],[16.007569,45.817614],[16.007569,45.817614],[16.00747,45.817556],[16.005559,45.817108],[16.002953,45.816536],[16.002856,45.816524],[16.002856,45.816524],[16.002666,45.816472],[15.9978,45.815351],[15.997632,45.815283],[15.997632,45.815283],[15.996902,45.815028],[15.996608,45.814939],[15.996544,45.814909],[15.996509,45.814875],[15.996472,45.814796],[15.996484,45.814703],[15.996541,45.814617],[15.99665,45.81444],[15.996675,45.814346],[15.996572,45.814178],[15.995987,45.813507],[15.995511,45.812937],[15.995289,45.812689],[15.995166,45.812537],[15.994944,45.812282],[15.994794,45.812277],[15.994794,45.812277],[15.994847,45.812185],[15.99463,45.811943],[15.993747,45.810898],[15.992967,45.81002],[15.992967,45.81002],[15.99254,45.809527],[15.992137,45.809064],[15.991838,45.808729],[15.991695,45.808561],[15.991605,45.808301],[15.991592,45.808115],[15.991692,45.807594],[15.991692,45.807594],[15.991713,45.807397],[15.99184,45.807184],[15.991987,45.807002],[15.992111,45.806874],[15.993914,45.803723],[15.993914,45.803723],[15.993875,45.803773],[15.993967,45.803631],[15.995143,45.801579],[15.995535,45.800908],[15.995641,45.800718],[15.995892,45.800391],[15.995892,45.800391],[15.99631,45.799853],[15.998225,45.797399],[15.998659,45.796872],[15.998659,45.796872],[15.998761,45.796676],[16.001831,45.792731],[16.00193,45.792614],[16.002076,45.792431],[16.002163,45.792315],[16.002189,45.792272],[16.002182,45.792241],[16.002182,45.792241],[16.002267,45.792164],[16.002329,45.792065],[16.003364,45.790714],[16.003505,45.790551],[16.003798,45.790095],[16.003872,45.78989],[16.003997,45.789633],[16.004085,45.789393],[16.004186,45.788957],[16.004206,45.788572],[16.004206,45.788572],[16.004224,45.788355],[16.004197,45.787944],[16.004121,45.787454],[16.004103,45.787398],[16.004089,45.787348],[16.003897,45.786882],[16.003874,45.786846],[16.003754,45.786623],[16.003471,45.786117],[16.003324,45.785839],[16.003115,45.785492],[16.00302,45.785349],[16.002467,45.784381],[16.0024,45.784247],[16.002285,45.784082],[16.001937,45.783481],[16.001804,45.78326],[16.001498,45.782627],[16.00139,45.782402],[16.001335,45.782254],[16.001291,45.78215],[16.001275,45.782048],[16.001282,45.781892],[16.001282,45.781892],[16.001255,45.781662],[16.00124,45.781436],[16.001226,45.781205],[16.00124,45.780976],[16.001268,45.780803],[16.001293,45.780702],[16.001358,45.780421],[16.001594,45.779674],[16.001814,45.779014],[16.001853,45.778963],[16.001853,45.778963],[16.001884,45.778796],[16.001946,45.778606],[16.00196,45.778461],[16.001884,45.778342],[16.001719,45.778196],[16.001523,45.77812],[16.001389,45.778119],[16.001227,45.778109],[16.000997,45.778148],[16.000301,45.778147]]}},{"type":"Feature","properties":{"shapeId":"14_27","routeName":"14","routeLong":"Mihaljevac-Zapruđe"},"geometry":{"type":"LineString","coordinates":[[15.974944,45.841343],[15.975068,45.841216],[15.975384,45.840789],[15.975672,45.84036],[15.975875,45.840001],[15.976101,45.839586],[15.97635,45.839201],[15.976553,45.838842],[15.976852,45.838269],[15.976965,45.838019],[15.977092,45.837716],[15.977362,45.836861],[15.977362,45.836861],[15.97741,45.836608],[15.977521,45.836125],[15.977628,45.83563],[15.977778,45.834999],[15.977879,45.834563],[15.977995,45.833957],[15.978009,45.833546],[15.977985,45.831966],[15.977985,45.831966],[15.977988,45.831342],[15.977972,45.830689],[15.977986,45.830369],[15.978023,45.830182],[15.978122,45.829967],[15.978176,45.829836],[15.978337,45.829613],[15.978445,45.829475],[15.978547,45.829369],[15.978851,45.829035],[15.979235,45.82856],[15.979369,45.828289],[15.979568,45.827644],[15.979568,45.827644],[15.97972,45.827162],[15.979988,45.82634],[15.980184,45.82569],[15.980371,45.825047],[15.980402,45.824699],[15.980385,45.82437],[15.980324,45.823977],[15.980236,45.823677],[15.980105,45.82341],[15.980057,45.8233],[15.979949,45.823068],[15.979903,45.822906],[15.979853,45.822556],[15.979853,45.822556],[15.979823,45.822495],[15.97969,45.821728],[15.979614,45.821421],[15.979593,45.821262],[15.979561,45.820968],[15.979504,45.820593],[15.979412,45.820099],[15.979387,45.819921],[15.979254,45.819784],[15.979254,45.819784],[15.979323,45.819703],[15.979326,45.819624],[15.979316,45.819587],[15.979316,45.819496],[15.979314,45.819444],[15.979333,45.819286],[15.979866,45.818362],[15.980454,45.817404],[15.980778,45.817002],[15.980945,45.816797],[15.981106,45.816567],[15.981369,45.816057],[15.981674,45.815404],[15.9818,45.815147],[15.981906,45.814963],[15.981983,45.814862],[15.982043,45.814795],[15.982199,45.814689],[15.982575,45.814462],[15.983019,45.814192],[15.98322,45.814061],[15.983298,45.813959],[15.983385,45.813077],[15.983433,45.81283],[15.983433,45.81283],[15.983385,45.812798],[15.983415,45.81258],[15.983457,45.812457],[15.983505,45.812392],[15.983505,45.812301],[15.983466,45.812255],[15.983399,45.812212],[15.983326,45.81219],[15.983229,45.812184],[15.979059,45.812471],[15.978891,45.812488],[15.977506,45.812875],[15.97714,45.812952],[15.976878,45.812975],[15.976698,45.813],[15.97662,45.813011],[15.976611,45.813013],[15.976505,45.813027],[15.976443,45.813042],[15.976051,45.81307],[15.974621,45.813081],[15.97311,45.813174],[15.972112,45.813195],[15.970096,45.8133],[15.96979,45.813303],[15.969678,45.813247],[15.969624,45.813197],[15.969588,45.813078],[15.969484,45.812489],[15.969474,45.812489],[15.969386,45.811841],[15.968867,45.809333],[15.968878,45.809335],[15.96879,45.80912],[15.966744,45.80612],[15.966604,45.805964],[15.966604,45.805964],[15.966616,45.805956],[15.966487,45.805747],[15.964541,45.802896],[15.964327,45.802581],[15.964203,45.80243],[15.964208,45.802432],[15.964136,45.80229],[15.961705,45.798715],[15.961709,45.798714],[15.961127,45.797873],[15.960194,45.79651],[15.960185,45.796513],[15.959934,45.796124],[15.958061,45.793393],[15.958061,45.793393],[15.957656,45.79278],[15.956029,45.790392],[15.956029,45.790392],[15.955914,45.790212],[15.954737,45.788494],[15.954741,45.788493],[15.953891,45.78728],[15.953794,45.787177],[15.953654,45.787112],[15.953407,45.786997],[15.953138,45.786898],[15.952469,45.786764],[15.952366,45.786778],[15.952366,45.786778],[15.952331,45.786751],[15.951926,45.786599],[15.951697,45.786365],[15.951614,45.786033],[15.951695,45.785217],[15.951946,45.783878],[15.952239,45.782325],[15.952475,45.780936],[15.952657,45.780054],[15.952726,45.779688],[15.952782,45.779154],[15.952779,45.778499],[15.952803,45.777672],[15.952803,45.777672],[15.952777,45.777624],[15.952793,45.777544],[15.952916,45.777416],[15.953199,45.777195],[15.95456,45.777142],[15.956662,45.777104],[15.956772,45.777115],[15.956772,45.777115],[15.957155,45.777094],[15.958361,45.777057],[15.960207,45.777021],[15.961939,45.77704],[15.965177,45.77709],[15.965216,45.77713],[15.965216,45.77713],[15.965299,45.777093],[15.968359,45.777181],[15.971358,45.777283],[15.971468,45.777288],[15.971457,45.777289],[15.979522,45.777486],[15.97959,45.777532],[15.979589,45.777529],[15.979606,45.7775],[15.983729,45.777602],[15.986631,45.777686],[15.986675,45.777699],[15.986805,45.777694],[15.986968,45.777697],[15.987402,45.777721],[15.990016,45.777786],[15.991631,45.777815],[15.991551,45.777865],[15.991545,45.777868],[15.991643,45.777813],[15.997854,45.777976],[15.997858,45.777981],[15.998992,45.778011],[16.000907,45.778069]]}},{"type":"Feature","properties":{"shapeId":"14_28","routeName":"14","routeLong":"Mihaljevac-Zapruđe"},"geometry":{"type":"LineString","coordinates":[[16.000886,45.778085],[16.000932,45.778066],[16.001415,45.77807],[16.001573,45.778106],[16.001657,45.77812],[16.001785,45.778187],[16.001894,45.778289],[16.001992,45.778392],[16.002013,45.778558],[16.001726,45.779448],[16.001726,45.779448],[16.001673,45.77963],[16.001629,45.779708],[16.001508,45.780069],[16.001379,45.780496],[16.001307,45.780752],[16.001304,45.781103],[16.001288,45.781371],[16.001313,45.78164],[16.001356,45.781966],[16.001418,45.782223],[16.001453,45.782341],[16.001453,45.782341],[16.001533,45.78257],[16.001883,45.783301],[16.001956,45.783414],[16.002248,45.783912],[16.002653,45.784608],[16.00277,45.784819],[16.002993,45.785216],[16.00318,45.785489],[16.003603,45.786248],[16.003844,45.786701],[16.003954,45.786893],[16.004014,45.787008],[16.004078,45.78722],[16.004119,45.787312],[16.004186,45.787633],[16.004248,45.787891],[16.004271,45.788199],[16.004261,45.788804],[16.004261,45.788804],[16.004177,45.789244],[16.004057,45.789657],[16.00389,45.790043],[16.003454,45.790701],[16.002438,45.791978],[16.002438,45.791978],[16.002198,45.792349],[15.999305,45.796068],[15.999169,45.796197],[15.998879,45.796575],[15.998878,45.79662],[15.998878,45.79662],[15.99877,45.796752],[15.998221,45.797478],[15.997898,45.797886],[15.997432,45.798483],[15.996906,45.799153],[15.996441,45.799756],[15.995966,45.800368],[15.995676,45.800752],[15.994951,45.801969],[15.994951,45.801969],[15.994549,45.8027],[15.993981,45.803675],[15.99382,45.803995],[15.993741,45.804136],[15.993695,45.804253],[15.993635,45.804326],[15.993628,45.804386],[15.993628,45.804386],[15.993505,45.804519],[15.993457,45.804584],[15.993381,45.804731],[15.992989,45.805402],[15.992649,45.806027],[15.992439,45.806355],[15.99219,45.806831],[15.992086,45.806975],[15.991991,45.807105],[15.991878,45.80727],[15.991765,45.807435],[15.991703,45.807904],[15.991698,45.808028],[15.991698,45.808113],[15.991698,45.808113],[15.991668,45.808331],[15.991714,45.808487],[15.991829,45.808653],[15.992073,45.808937],[15.993114,45.81011],[15.993648,45.810743],[15.99386,45.810915],[15.99386,45.810915],[15.993927,45.811061],[15.994067,45.81121],[15.994334,45.81153],[15.994614,45.811842],[15.996521,45.814055],[15.996521,45.814055],[15.996676,45.814216],[15.996724,45.814241],[15.997382,45.814475],[15.99749,45.814524],[15.997532,45.814577],[15.997499,45.814692],[15.99741,45.814841],[15.997343,45.81498],[15.9974,45.815082],[15.997559,45.81517],[15.997764,45.815233],[16.003062,45.81645],[16.003352,45.816526],[16.003453,45.816551],[16.003533,45.816592],[16.003533,45.816592],[16.003752,45.816607],[16.008159,45.817623],[16.008156,45.817625],[16.012255,45.818578],[16.014085,45.819036],[16.014089,45.81903],[16.015128,45.819288],[16.017858,45.819921],[16.020959,45.820631],[16.022278,45.820928],[16.022726,45.821041],[16.022729,45.821047],[16.022722,45.821022],[16.022722,45.821022],[16.022874,45.821085],[16.023636,45.821265],[16.027491,45.822078],[16.027491,45.822078],[16.031759,45.823022],[16.033175,45.823331],[16.034729,45.823653],[16.035118,45.823703],[16.035361,45.823753],[16.035587,45.823793],[16.035688,45.823818]]}},{"type":"Feature","properties":{"shapeId":"14_29","routeName":"14","routeLong":"Mihaljevac-Zapruđe"},"geometry":{"type":"LineString","coordinates":[[15.974944,45.841343],[15.975068,45.841216],[15.975384,45.840789],[15.975672,45.84036],[15.975875,45.840001],[15.976101,45.839586],[15.97635,45.839201],[15.976553,45.838842],[15.976852,45.838269],[15.976965,45.838019],[15.977092,45.837716],[15.977362,45.836861],[15.977362,45.836861],[15.97741,45.836608],[15.977521,45.836125],[15.977628,45.83563],[15.977778,45.834999],[15.977879,45.834563],[15.977995,45.833957],[15.978009,45.833546],[15.977985,45.831966],[15.977985,45.831966],[15.977988,45.831342],[15.977972,45.830689],[15.977986,45.830369],[15.978023,45.830182],[15.978122,45.829967],[15.978176,45.829836],[15.978337,45.829613],[15.978445,45.829475],[15.978547,45.829369],[15.978851,45.829035],[15.979235,45.82856],[15.979369,45.828289],[15.979568,45.827644],[15.979568,45.827644],[15.97972,45.827162],[15.979988,45.82634],[15.980184,45.82569],[15.980371,45.825047],[15.980402,45.824699],[15.980385,45.82437],[15.980324,45.823977],[15.980236,45.823677],[15.980105,45.82341],[15.980057,45.8233],[15.979949,45.823068],[15.979903,45.822906],[15.979853,45.822556],[15.979853,45.822556],[15.979823,45.822495],[15.97969,45.821728],[15.979614,45.821421],[15.979593,45.821262],[15.979561,45.820968],[15.979504,45.820593],[15.979412,45.820099],[15.979387,45.819921],[15.979254,45.819784],[15.979254,45.819784],[15.979323,45.819703],[15.979326,45.819624],[15.979316,45.819587],[15.979316,45.819496],[15.979314,45.819444],[15.979333,45.819286],[15.979866,45.818362],[15.980454,45.817404],[15.980778,45.817002],[15.980945,45.816797],[15.981106,45.816567],[15.981369,45.816057],[15.981674,45.815404],[15.9818,45.815147],[15.981906,45.814963],[15.981983,45.814862],[15.982043,45.814795],[15.982199,45.814689],[15.982575,45.814462],[15.983019,45.814192],[15.98322,45.814061],[15.983298,45.813959],[15.983385,45.813077],[15.983433,45.81283],[15.983433,45.81283],[15.983398,45.812796],[15.983555,45.810873],[15.983597,45.81038],[15.983594,45.809998],[15.983594,45.809998],[15.983869,45.807065],[15.983878,45.806869],[15.983796,45.806868],[15.983796,45.806868],[15.983876,45.806818],[15.983897,45.806705],[15.983902,45.806405],[15.983965,45.805981],[15.983988,45.805744],[15.984024,45.80559],[15.984168,45.805531],[15.984409,45.80553],[15.985303,45.805575],[15.985806,45.805602],[15.989129,45.80579],[15.989539,45.805817],[15.990215,45.805892],[15.991976,45.80614],[15.991976,45.80614],[15.992186,45.806176],[15.992322,45.806235],[15.992396,45.806302],[15.9924,45.806406],[15.992255,45.806731],[15.992164,45.806873],[15.992116,45.806945],[15.992044,45.807013],[15.991959,45.80709],[15.991878,45.807179],[15.991825,45.807271],[15.991781,45.807355],[15.991744,45.807451],[15.991714,45.807578],[15.991672,45.808162],[15.991698,45.808113],[15.991698,45.808113],[15.991668,45.808331],[15.991714,45.808487],[15.991829,45.808653],[15.992073,45.808937],[15.993114,45.81011],[15.993648,45.810743],[15.99386,45.810915],[15.99386,45.810915],[15.993927,45.811061],[15.994067,45.81121],[15.994334,45.81153],[15.994614,45.811842],[15.996521,45.814055],[15.996521,45.814055],[15.996676,45.814216],[15.996724,45.814241],[15.997382,45.814475],[15.99749,45.814524],[15.997532,45.814577],[15.997499,45.814692],[15.99741,45.814841],[15.997343,45.81498],[15.9974,45.815082],[15.997559,45.81517],[15.997764,45.815233],[16.003062,45.81645],[16.003352,45.816526],[16.003453,45.816551],[16.003533,45.816592],[16.003533,45.816592],[16.003752,45.816607],[16.008159,45.817623],[16.008156,45.817625],[16.012255,45.818578],[16.014085,45.819036],[16.014089,45.81903],[16.015128,45.819288],[16.017858,45.819921],[16.020959,45.820631],[16.022278,45.820928],[16.022726,45.821041],[16.022729,45.821047],[16.022722,45.821022],[16.022722,45.821022],[16.022874,45.821085],[16.023636,45.821265],[16.027491,45.822078],[16.027491,45.822078],[16.031759,45.823022],[16.033175,45.823331],[16.034729,45.823653],[16.035118,45.823703],[16.035361,45.823753],[16.035587,45.823793],[16.035688,45.823818]]}},{"type":"Feature","properties":{"shapeId":"14_30","routeName":"14","routeLong":"Mihaljevac-Zapruđe"},"geometry":{"type":"LineString","coordinates":[[16.000301,45.778147],[16.00001,45.77811],[15.999621,45.778066],[15.997747,45.778015],[15.996202,45.777984],[15.995799,45.777982],[15.995799,45.777982],[15.994771,45.777943],[15.992682,45.777889],[15.990536,45.777824],[15.989539,45.777801],[15.989331,45.777817],[15.989331,45.777817],[15.989243,45.777796],[15.988918,45.777783],[15.987625,45.777749],[15.984568,45.777674],[15.984568,45.777674],[15.983783,45.777647],[15.981003,45.777566],[15.980855,45.777606],[15.980849,45.777609],[15.980832,45.77757],[15.970879,45.777307],[15.970879,45.777307],[15.970678,45.777287],[15.964722,45.777129],[15.964732,45.777126],[15.962003,45.777077],[15.961198,45.777065],[15.959769,45.777075],[15.957826,45.777105],[15.956795,45.777144],[15.956305,45.777166],[15.956305,45.777166],[15.95532,45.77718],[15.95426,45.77721],[15.953605,45.777217],[15.953359,45.777244],[15.953146,45.777384],[15.952985,45.777517],[15.952874,45.777636],[15.952867,45.777708],[15.952862,45.777917],[15.95286,45.778047],[15.952823,45.778058],[15.952823,45.778058],[15.95289,45.778653],[15.952823,45.779337],[15.952563,45.780878],[15.952285,45.782299],[15.952073,45.78349],[15.951891,45.784469],[15.951774,45.785167],[15.951695,45.785671],[15.951693,45.785892],[15.951734,45.786353],[15.951734,45.786353],[15.951918,45.786522],[15.952029,45.786585],[15.952168,45.78665],[15.952297,45.786677],[15.952725,45.786767],[15.953257,45.786895],[15.953721,45.787064],[15.954136,45.787435],[15.955129,45.7889],[15.955129,45.788901],[15.955592,45.789569],[15.956949,45.791575],[15.956949,45.791575],[15.957259,45.792018],[15.959224,45.794912],[15.959224,45.794912],[15.95982,45.795783],[15.960867,45.797338],[15.960878,45.797337],[15.96225,45.799372],[15.962619,45.799859],[15.962748,45.800069],[15.962837,45.800095],[15.962837,45.800095],[15.962879,45.800239],[15.964675,45.802897],[15.964721,45.802962],[15.964677,45.802948],[15.964669,45.802953],[15.96484,45.80314],[15.966936,45.806235],[15.966938,45.806236],[15.968247,45.808138],[15.968618,45.808677],[15.968646,45.808776],[15.968646,45.808776],[15.968729,45.808824],[15.968917,45.809193],[15.969002,45.80948],[15.969051,45.809648],[15.969593,45.8125],[15.969593,45.8125],[15.969646,45.812863],[15.96965,45.813154],[15.969703,45.813238],[15.969848,45.813276],[15.972101,45.813158],[15.973087,45.813144],[15.974517,45.813043],[15.976078,45.813028],[15.976343,45.813017],[15.977249,45.812871],[15.977313,45.812908],[15.977313,45.812908],[15.977352,45.812857],[15.977696,45.812796],[15.978831,45.81247],[15.97911,45.812418],[15.979852,45.812387],[15.981674,45.812263],[15.983288,45.81215],[15.983392,45.812187],[15.983484,45.812226],[15.983526,45.812279],[15.983555,45.812372],[15.983495,45.813354],[15.983495,45.813354],[15.983444,45.813497],[15.98338,45.813655],[15.983365,45.813735],[15.983427,45.813811],[15.983534,45.813861],[15.983619,45.813869],[15.983805,45.813817],[15.984024,45.813748],[15.984307,45.813702],[15.986632,45.813697],[15.986753,45.813739],[15.986753,45.813739],[15.986811,45.813705],[15.987735,45.813712],[15.98954,45.813793],[15.991696,45.813844],[15.991696,45.813844],[15.99273,45.813862],[15.993327,45.813883],[15.993679,45.813944],[15.99528,45.814384],[15.996212,45.814683],[15.996967,45.814928],[15.997061,45.814928],[15.997061,45.814928],[15.997163,45.815005],[15.997672,45.815193],[15.997853,45.815259],[16.003437,45.816546],[16.003533,45.816592],[16.003533,45.816592],[16.003752,45.816607],[16.008159,45.817623],[16.008156,45.817625],[16.012255,45.818578],[16.014085,45.819036],[16.014089,45.81903],[16.015128,45.819288],[16.017858,45.819921],[16.020959,45.820631],[16.022278,45.820928],[16.022726,45.821041],[16.022729,45.821047],[16.022722,45.821022],[16.022722,45.821022],[16.022874,45.821085],[16.023636,45.821265],[16.027491,45.822078],[16.027491,45.822078],[16.031759,45.823022],[16.033175,45.823331],[16.034729,45.823653],[16.035118,45.823703],[16.035361,45.823753],[16.035587,45.823793],[16.035688,45.823818]]}},{"type":"Feature","properties":{"shapeId":"14_31","routeName":"14","routeLong":"Mihaljevac-Zapruđe"},"geometry":{"type":"LineString","coordinates":[[16.000886,45.778085],[16.000932,45.778066],[16.001415,45.77807],[16.001573,45.778106],[16.001657,45.77812],[16.001785,45.778187],[16.001894,45.778289],[16.001992,45.778392],[16.002013,45.778558],[16.001726,45.779448],[16.001726,45.779448],[16.001673,45.77963],[16.001629,45.779708],[16.001508,45.780069],[16.001379,45.780496],[16.001307,45.780752],[16.001304,45.781103],[16.001288,45.781371],[16.001313,45.78164],[16.001356,45.781966],[16.001418,45.782223],[16.001453,45.782341],[16.001453,45.782341],[16.001533,45.78257],[16.001883,45.783301],[16.001956,45.783414],[16.002248,45.783912],[16.002653,45.784608],[16.00277,45.784819],[16.002993,45.785216],[16.00318,45.785489],[16.003603,45.786248],[16.003844,45.786701],[16.003954,45.786893],[16.004014,45.787008],[16.004078,45.78722],[16.004119,45.787312],[16.004186,45.787633],[16.004248,45.787891],[16.004271,45.788199],[16.004261,45.788804],[16.004261,45.788804],[16.004177,45.789244],[16.004057,45.789657],[16.00389,45.790043],[16.003454,45.790701],[16.002438,45.791978],[16.002438,45.791978],[16.002198,45.792349],[15.999305,45.796068],[15.999169,45.796197],[15.998879,45.796575],[15.998878,45.79662],[15.998878,45.79662],[15.99877,45.796752],[15.998221,45.797478],[15.997898,45.797886],[15.997432,45.798483],[15.996906,45.799153],[15.996441,45.799756],[15.995966,45.800368],[15.995676,45.800752],[15.994951,45.801969],[15.994951,45.801969],[15.994549,45.8027],[15.993981,45.803675],[15.99382,45.803995],[15.993741,45.804136],[15.993695,45.804253],[15.993635,45.804326],[15.993628,45.804386],[15.993628,45.804386],[15.993531,45.80447],[15.993258,45.80495],[15.992989,45.805409],[15.992751,45.805825],[15.992658,45.806006],[15.992523,45.806187],[15.992416,45.806228],[15.99235,45.806237],[15.99159,45.806109],[15.991435,45.806131],[15.991435,45.806131],[15.991384,45.806086],[15.990599,45.805968],[15.989991,45.805903],[15.989533,45.80585],[15.988088,45.805759],[15.984448,45.80557],[15.984448,45.80557],[15.984244,45.805566],[15.984124,45.805615],[15.984066,45.805734],[15.984045,45.806022],[15.984019,45.806526],[15.983989,45.806926],[15.983942,45.807269],[15.983919,45.807597],[15.983917,45.807915],[15.983875,45.808129],[15.983884,45.808212],[15.983873,45.808265],[15.983882,45.808443],[15.983882,45.808439],[15.983844,45.808575],[15.983793,45.809179],[15.983724,45.809902],[15.983707,45.810385],[15.983726,45.810408],[15.98372,45.810407],[15.983702,45.810599],[15.983487,45.813355],[15.983495,45.813354],[15.983444,45.813497],[15.98338,45.813655],[15.983365,45.813735],[15.983427,45.813811],[15.983534,45.813861],[15.983619,45.813869],[15.983805,45.813817],[15.984024,45.813748],[15.984307,45.813702],[15.986632,45.813697],[15.986753,45.813739],[15.986753,45.813739],[15.986811,45.813705],[15.987735,45.813712],[15.98954,45.813793],[15.991696,45.813844],[15.991696,45.813844],[15.99273,45.813862],[15.993327,45.813883],[15.993679,45.813944],[15.99528,45.814384],[15.996212,45.814683],[15.996967,45.814928],[15.997061,45.814928],[15.997061,45.814928],[15.997163,45.815005],[15.997672,45.815193],[15.997853,45.815259],[16.003437,45.816546],[16.003533,45.816592],[16.003533,45.816592],[16.003752,45.816607],[16.008159,45.817623],[16.008156,45.817625],[16.012255,45.818578],[16.014085,45.819036],[16.014089,45.81903],[16.015128,45.819288],[16.017858,45.819921],[16.020959,45.820631],[16.022278,45.820928],[16.022726,45.821041],[16.022729,45.821047],[16.022722,45.821022],[16.022722,45.821022],[16.022874,45.821085],[16.023636,45.821265],[16.027491,45.822078],[16.027491,45.822078],[16.031759,45.823022],[16.033175,45.823331],[16.034729,45.823653],[16.035118,45.823703],[16.035361,45.823753],[16.035587,45.823793],[16.035688,45.823818]]}},{"type":"Feature","properties":{"shapeId":"14_9","routeName":"14","routeLong":"Mihaljevac-Zapruđe"},"geometry":{"type":"LineString","coordinates":[[16.028293,45.822355],[16.028193,45.822324],[16.023746,45.821366],[16.022077,45.820975],[16.022077,45.820975],[16.017515,45.819936],[16.01414,45.81916],[16.012275,45.818686],[16.012147,45.818619],[16.012147,45.818619],[16.011941,45.818602],[16.00957,45.81805],[16.007687,45.817611],[16.007569,45.817614],[16.007569,45.817614],[16.00747,45.817556],[16.005559,45.817108],[16.002953,45.816536],[16.002856,45.816524],[16.002856,45.816524],[16.002666,45.816472],[15.9978,45.815351],[15.997632,45.815283],[15.997632,45.815283],[15.996902,45.815028],[15.996608,45.814939],[15.996544,45.814909],[15.996509,45.814875],[15.996472,45.814796],[15.996484,45.814703],[15.996541,45.814617],[15.99665,45.81444],[15.996675,45.814346],[15.996572,45.814178],[15.995987,45.813507],[15.995511,45.812937],[15.995289,45.812689],[15.995166,45.812537],[15.994944,45.812282],[15.994794,45.812277],[15.994794,45.812277],[15.994847,45.812185],[15.99463,45.811943],[15.993747,45.810898],[15.992967,45.81002],[15.992967,45.81002],[15.99254,45.809527],[15.992137,45.809064],[15.991838,45.808729],[15.991695,45.808561],[15.991605,45.808301],[15.991592,45.808115],[15.991692,45.807594],[15.991692,45.807594],[15.991687,45.807439],[15.99174,45.807348],[15.991832,45.807199],[15.991927,45.807069],[15.992077,45.806898],[15.992194,45.806746],[15.992324,45.806468],[15.99231,45.806327],[15.992239,45.806266],[15.992172,45.806217],[15.992055,45.806188],[15.991615,45.806106],[15.991435,45.806131],[15.991435,45.806131],[15.991384,45.806086],[15.990599,45.805968],[15.989991,45.805903],[15.989533,45.80585],[15.988088,45.805759],[15.984448,45.80557],[15.984448,45.80557],[15.984244,45.805566],[15.984124,45.805615],[15.984066,45.805734],[15.984045,45.806022],[15.984019,45.806526],[15.983989,45.806926],[15.983942,45.807269],[15.983919,45.807597],[15.983917,45.807915],[15.983875,45.808129],[15.983884,45.808212],[15.983873,45.808265],[15.983882,45.808443],[15.983882,45.808439],[15.983844,45.808575],[15.983793,45.809179],[15.983724,45.809902],[15.983707,45.810385],[15.983726,45.810408],[15.98372,45.810407],[15.983702,45.810599],[15.983487,45.813355],[15.983495,45.813354],[15.983453,45.813853],[15.983368,45.814014],[15.983342,45.814069],[15.983227,45.814176],[15.98304,45.814267],[15.982312,45.814706],[15.982026,45.814921],[15.981129,45.816694],[15.981048,45.816783],[15.980901,45.816965],[15.980562,45.817357],[15.980368,45.817702],[15.979912,45.818427],[15.979635,45.8189],[15.979457,45.819152],[15.979365,45.819392],[15.979363,45.819522],[15.979383,45.81963],[15.97944,45.820011],[15.979413,45.820144],[15.979413,45.820144],[15.979493,45.820373],[15.979534,45.820556],[15.97978,45.821898],[15.979834,45.822266],[15.979814,45.822334],[15.979814,45.822334],[15.979956,45.822996],[15.980136,45.823341],[15.980365,45.823984],[15.980439,45.824506],[15.980447,45.82481],[15.980369,45.825268],[15.98002,45.826355],[15.979656,45.827496],[15.979505,45.827978],[15.979448,45.828057],[15.979448,45.828057],[15.979429,45.828216],[15.979328,45.828476],[15.979206,45.828649],[15.979107,45.828766],[15.978729,45.829214],[15.978477,45.82949],[15.978279,45.829731],[15.978161,45.829923],[15.978124,45.830025],[15.978056,45.830249],[15.978,45.830964],[15.978024,45.831824],[15.978024,45.831824],[15.978039,45.832782],[15.978064,45.833687],[15.977993,45.834184],[15.977461,45.836471],[15.977461,45.836471],[15.977341,45.837156],[15.977096,45.837826],[15.976649,45.838712],[15.975923,45.840026],[15.975796,45.840232],[15.975663,45.840465],[15.97549,45.840696],[15.974783,45.841664]]}},{"type":"Feature","properties":{"shapeId":"15_1","routeName":"15","routeLong":"Mihalj.- Grač. dolje"},"geometry":{"type":"LineString","coordinates":[[15.97522,45.842557],[15.975865,45.843565],[15.976178,45.844131],[15.976336,45.844707],[15.9764,45.845386],[15.976453,45.846112],[15.976446,45.846729],[15.976333,45.847257],[15.976068,45.847813],[15.975136,45.849377],[15.975136,45.849377],[15.974588,45.85016],[15.974081,45.850938],[15.973609,45.851659],[15.973437,45.852033],[15.973372,45.852308],[15.973312,45.853017],[15.973258,45.854336],[15.973258,45.854336],[15.973257,45.85529],[15.973201,45.856375],[15.973226,45.856826],[15.973299,45.857205],[15.973527,45.857667],[15.973734,45.857962],[15.974176,45.858368],[15.974176,45.858368],[15.974592,45.858648],[15.975127,45.858912],[15.975617,45.859077],[15.976841,45.859323],[15.978491,45.859606],[15.979995,45.859891],[15.980467,45.859994],[15.980872,45.860139],[15.981334,45.860393],[15.981553,45.86059],[15.981603,45.860667]]}},{"type":"Feature","properties":{"shapeId":"15_2","routeName":"15","routeLong":"Mihalj.- Grač. dolje"},"geometry":{"type":"LineString","coordinates":[[15.980945,45.860252],[15.980759,45.860122],[15.980071,45.859926],[15.97897,45.859734],[15.977203,45.859415],[15.976112,45.859216],[15.97562,45.85909],[15.975137,45.858949],[15.974674,45.858741],[15.974277,45.85849],[15.973931,45.858214],[15.973931,45.858214],[15.973582,45.857802],[15.973297,45.857335],[15.973173,45.856917],[15.97315,45.856518],[15.973222,45.853575],[15.973222,45.853575],[15.97328,45.852632],[15.97339,45.852001],[15.973837,45.851205],[15.975266,45.849093],[15.975266,45.849093],[15.975618,45.848512],[15.976174,45.847533],[15.976409,45.846831],[15.97643,45.846264],[15.976364,45.845358],[15.976316,45.844696],[15.976056,45.843941],[15.97519,45.842685]]}},{"type":"Feature","properties":{"shapeId":"15_3","routeName":"15","routeLong":"Mihalj.- Grač. dolje"},"geometry":{"type":"LineString","coordinates":[[16.028293,45.822355],[16.028193,45.822324],[16.023746,45.821366],[16.022077,45.820975],[16.022077,45.820975],[16.017515,45.819936],[16.01414,45.81916],[16.012275,45.818686],[16.012147,45.818619],[16.012147,45.818619],[16.011941,45.818602],[16.00957,45.81805],[16.007687,45.817611],[16.007569,45.817614],[16.007569,45.817614],[16.00747,45.817556],[16.005559,45.817108],[16.002953,45.816536],[16.002856,45.816524],[16.002856,45.816524],[16.002666,45.816472],[15.9978,45.815351],[15.997632,45.815283],[15.997632,45.815283],[15.996902,45.815028],[15.996608,45.814939],[15.996544,45.814909],[15.996509,45.814875],[15.996472,45.814796],[15.996484,45.814703],[15.996541,45.814617],[15.99665,45.81444],[15.996675,45.814346],[15.996572,45.814178],[15.995987,45.813507],[15.995511,45.812937],[15.995289,45.812689],[15.995166,45.812537],[15.994944,45.812282],[15.994794,45.812277],[15.994794,45.812277],[15.994847,45.812185],[15.99463,45.811943],[15.993747,45.810898],[15.992967,45.81002],[15.992967,45.81002],[15.99254,45.809527],[15.992137,45.809064],[15.991838,45.808729],[15.991695,45.808561],[15.991605,45.808301],[15.991592,45.808115],[15.991692,45.807594],[15.991692,45.807594],[15.991687,45.807439],[15.99174,45.807348],[15.991832,45.807199],[15.991927,45.807069],[15.992077,45.806898],[15.992194,45.806746],[15.992324,45.806468],[15.99231,45.806327],[15.992239,45.806266],[15.992172,45.806217],[15.992055,45.806188],[15.991615,45.806106],[15.991435,45.806131],[15.991435,45.806131],[15.991384,45.806086],[15.990599,45.805968],[15.989991,45.805903],[15.989533,45.80585],[15.988088,45.805759],[15.984448,45.80557],[15.984448,45.80557],[15.984244,45.805566],[15.984124,45.805615],[15.984066,45.805734],[15.984045,45.806022],[15.984019,45.806526],[15.983989,45.806926],[15.983942,45.807269],[15.983919,45.807597],[15.983917,45.807915],[15.983875,45.808129],[15.983884,45.808212],[15.983873,45.808265],[15.983882,45.808443],[15.983882,45.808439],[15.983844,45.808575],[15.983793,45.809179],[15.983724,45.809902],[15.983707,45.810385],[15.983726,45.810408],[15.98372,45.810407],[15.983702,45.810599],[15.983487,45.813355],[15.983495,45.813354],[15.983453,45.813853],[15.983368,45.814014],[15.983342,45.814069],[15.983227,45.814176],[15.98304,45.814267],[15.982312,45.814706],[15.982026,45.814921],[15.981129,45.816694],[15.981048,45.816783],[15.980901,45.816965],[15.980562,45.817357],[15.980368,45.817702],[15.979912,45.818427],[15.979635,45.8189],[15.979457,45.819152],[15.979365,45.819392],[15.979363,45.819522],[15.979383,45.81963],[15.97944,45.820011],[15.979413,45.820144],[15.979413,45.820144],[15.979493,45.820373],[15.979534,45.820556],[15.97978,45.821898],[15.979834,45.822266],[15.979814,45.822334],[15.979814,45.822334],[15.979956,45.822996],[15.980136,45.823341],[15.980365,45.823984],[15.980439,45.824506],[15.980447,45.82481],[15.980369,45.825268],[15.98002,45.826355],[15.979656,45.827496],[15.979505,45.827978],[15.979448,45.828057],[15.979448,45.828057],[15.979429,45.828216],[15.979328,45.828476],[15.979206,45.828649],[15.979107,45.828766],[15.978729,45.829214],[15.978477,45.82949],[15.978279,45.829731],[15.978161,45.829923],[15.978124,45.830025],[15.978056,45.830249],[15.978,45.830964],[15.978024,45.831824],[15.978024,45.831824],[15.978039,45.832782],[15.978064,45.833687],[15.977993,45.834184],[15.977461,45.836471],[15.977461,45.836471],[15.977341,45.837156],[15.977096,45.837826],[15.976649,45.838712],[15.975923,45.840026],[15.975796,45.840232],[15.975663,45.840465],[15.97549,45.840696],[15.974783,45.841664],[15.974928,45.842248],[15.975005,45.842282],[15.975123,45.842454],[15.97522,45.842557]]}},{"type":"Feature","properties":{"shapeId":"15_7","routeName":"15","routeLong":"Mihalj.- Grač. dolje"},"geometry":{"type":"LineString","coordinates":[[15.97519,45.842685],[15.975091,45.842524],[15.974805,45.842466],[15.974407,45.84243],[15.974308,45.842372],[15.974267,45.842274],[15.974424,45.842032],[15.974944,45.841343],[15.974944,45.841343],[15.975068,45.841216],[15.975384,45.840789],[15.975672,45.84036],[15.975875,45.840001],[15.976101,45.839586],[15.97635,45.839201],[15.976553,45.838842],[15.976852,45.838269],[15.976965,45.838019],[15.977092,45.837716],[15.977362,45.836861],[15.977362,45.836861],[15.97741,45.836608],[15.977521,45.836125],[15.977628,45.83563],[15.977778,45.834999],[15.977879,45.834563],[15.977995,45.833957],[15.978009,45.833546],[15.977985,45.831966],[15.977985,45.831966],[15.977988,45.831342],[15.977972,45.830689],[15.977986,45.830369],[15.978023,45.830182],[15.978122,45.829967],[15.978176,45.829836],[15.978337,45.829613],[15.978445,45.829475],[15.978547,45.829369],[15.978851,45.829035],[15.979235,45.82856],[15.979369,45.828289],[15.979568,45.827644],[15.979568,45.827644],[15.97972,45.827162],[15.979988,45.82634],[15.980184,45.82569],[15.980371,45.825047],[15.980402,45.824699],[15.980385,45.82437],[15.980324,45.823977],[15.980236,45.823677],[15.980105,45.82341],[15.980057,45.8233],[15.979949,45.823068],[15.979903,45.822906],[15.979853,45.822556],[15.979853,45.822556],[15.979823,45.822495],[15.97969,45.821728],[15.979614,45.821421],[15.979593,45.821262],[15.979561,45.820968],[15.979504,45.820593],[15.979412,45.820099],[15.979387,45.819921],[15.979254,45.819784],[15.979254,45.819784],[15.979323,45.819703],[15.979326,45.819624],[15.979316,45.819587],[15.979316,45.819496],[15.979314,45.819444],[15.979333,45.819286],[15.979866,45.818362],[15.980454,45.817404],[15.980778,45.817002],[15.980945,45.816797],[15.981106,45.816567],[15.981369,45.816057],[15.981674,45.815404],[15.9818,45.815147],[15.981906,45.814963],[15.981983,45.814862],[15.982043,45.814795],[15.982199,45.814689],[15.982575,45.814462],[15.983019,45.814192],[15.98322,45.814061],[15.983298,45.813959],[15.983385,45.813077],[15.983433,45.81283],[15.983433,45.81283],[15.983398,45.812796],[15.983555,45.810873],[15.983597,45.81038],[15.983594,45.809998],[15.983594,45.809998],[15.983869,45.807065],[15.983878,45.806869],[15.983796,45.806868],[15.983796,45.806868],[15.983876,45.806818],[15.983897,45.806705],[15.983902,45.806405],[15.983965,45.805981],[15.983988,45.805744],[15.984024,45.80559],[15.984168,45.805531],[15.984409,45.80553],[15.985303,45.805575],[15.985806,45.805602],[15.989129,45.80579],[15.989539,45.805817],[15.990215,45.805892],[15.991976,45.80614],[15.991976,45.80614],[15.992186,45.806176],[15.992322,45.806235],[15.992396,45.806302],[15.9924,45.806406],[15.992255,45.806731],[15.992164,45.806873],[15.992116,45.806945],[15.992044,45.807013],[15.991959,45.80709],[15.991878,45.807179],[15.991825,45.807271],[15.991781,45.807355],[15.991744,45.807451],[15.991714,45.807578],[15.991672,45.808162],[15.991698,45.808113],[15.991698,45.808113],[15.991668,45.808331],[15.991714,45.808487],[15.991829,45.808653],[15.992073,45.808937],[15.993114,45.81011],[15.993648,45.810743],[15.99386,45.810915],[15.99386,45.810915],[15.993927,45.811061],[15.994067,45.81121],[15.994334,45.81153],[15.994614,45.811842],[15.996521,45.814055],[15.996521,45.814055],[15.996676,45.814216],[15.996724,45.814241],[15.997382,45.814475],[15.99749,45.814524],[15.997532,45.814577],[15.997499,45.814692],[15.99741,45.814841],[15.997343,45.81498],[15.9974,45.815082],[15.997559,45.81517],[15.997764,45.815233],[16.003062,45.81645],[16.003352,45.816526],[16.003453,45.816551],[16.003533,45.816592],[16.003533,45.816592],[16.003752,45.816607],[16.008159,45.817623],[16.008156,45.817625],[16.012255,45.818578],[16.014085,45.819036],[16.014089,45.81903],[16.015128,45.819288],[16.017858,45.819921],[16.020959,45.820631],[16.022278,45.820928],[16.022726,45.821041],[16.022729,45.821047],[16.022722,45.821022],[16.022722,45.821022],[16.022874,45.821085],[16.023636,45.821265],[16.027491,45.822078],[16.027491,45.822078],[16.031759,45.823022],[16.033175,45.823331],[16.034729,45.823653],[16.035118,45.823703],[16.035361,45.823753],[16.035587,45.823793],[16.035688,45.823818]]}},{"type":"Feature","properties":{"shapeId":"1_7","routeName":"1","routeLong":"Zap.kol. - Borongaj"},"geometry":{"type":"LineString","coordinates":[[15.944087,45.797828],[15.945,45.797981],[15.946774,45.798286],[15.947057,45.798338],[15.94729,45.798403],[15.947703,45.798534],[15.948458,45.798786],[15.948447,45.79884],[15.948447,45.79884],[15.948453,45.798807],[15.949742,45.799192],[15.950299,45.799316],[15.95084,45.799423],[15.951106,45.799464],[15.952073,45.799615],[15.953432,45.799823],[15.953796,45.799876],[15.954257,45.799948],[15.954644,45.800031],[15.954835,45.800044],[15.954835,45.800044],[15.954955,45.800092],[15.955688,45.800263],[15.956195,45.8004],[15.956874,45.800611],[15.957367,45.800783],[15.959109,45.801618],[15.959217,45.801668],[15.959309,45.801701],[15.959309,45.801701],[15.959432,45.801762],[15.96273,45.803335],[15.962862,45.803375],[15.962981,45.803372],[15.964096,45.803295],[15.964304,45.803273],[15.964306,45.803324],[15.964306,45.803324],[15.964329,45.803269],[15.964659,45.803249],[15.964847,45.803256],[15.964981,45.803347],[15.965184,45.803631],[15.965428,45.804006],[15.965734,45.80445],[15.966036,45.804895],[15.9661,45.805016],[15.966056,45.805093],[15.965946,45.80518],[15.965876,45.805215],[15.96578,45.805255],[15.965678,45.805263],[15.965678,45.805263],[15.965598,45.805312],[15.965448,45.805398],[15.965367,45.805396],[15.965183,45.805403],[15.965052,45.805414],[15.964927,45.80549],[15.963957,45.80615],[15.962042,45.807564],[15.962042,45.807564],[15.961795,45.807722],[15.961289,45.808006],[15.960846,45.808184],[15.960406,45.808369],[15.959996,45.808523],[15.959607,45.808655],[15.95915,45.808783],[15.958676,45.808907],[15.95813,45.809003],[15.957868,45.809026],[15.957595,45.809044],[15.957506,45.809018],[15.957506,45.809018],[15.957269,45.809031],[15.957133,45.809069],[15.957031,45.809181],[15.956994,45.809283],[15.956828,45.809358],[15.95651,45.809364],[15.955008,45.809442],[15.95488,45.809466],[15.954829,45.809488]]}},{"type":"Feature","properties":{"shapeId":"17_11","routeName":"17","routeLong":"Prečko - Borongaj"},"geometry":{"type":"LineString","coordinates":[[15.944087,45.797828],[15.945,45.797981],[15.946774,45.798286],[15.947057,45.798338],[15.94729,45.798403],[15.947703,45.798534],[15.948458,45.798786],[15.948447,45.79884],[15.948447,45.79884],[15.948453,45.798807],[15.949742,45.799192],[15.950299,45.799316],[15.95084,45.799423],[15.951106,45.799464],[15.952073,45.799615],[15.953432,45.799823],[15.953796,45.799876],[15.954257,45.799948],[15.954644,45.800031],[15.954835,45.800044],[15.954835,45.800044],[15.954955,45.800092],[15.955688,45.800263],[15.956195,45.8004],[15.956874,45.800611],[15.957367,45.800783],[15.959109,45.801618],[15.959217,45.801668],[15.959309,45.801701],[15.959309,45.801701],[15.959432,45.801762],[15.96273,45.803335],[15.962862,45.803375],[15.962981,45.803372],[15.964096,45.803295],[15.964304,45.803273],[15.964306,45.803324],[15.964306,45.803324],[15.964382,45.803268],[15.964537,45.803247],[15.964651,45.803179],[15.964665,45.803047],[15.96432,45.80255],[15.964203,45.80243],[15.964208,45.802432],[15.964136,45.80229],[15.961705,45.798715],[15.961709,45.798714],[15.961127,45.797873],[15.960194,45.79651],[15.960185,45.796513],[15.959934,45.796124],[15.958061,45.793393],[15.958061,45.793393],[15.957656,45.79278],[15.956029,45.790392],[15.956029,45.790392],[15.955914,45.790212],[15.954737,45.788494],[15.954741,45.788493],[15.953891,45.78728],[15.953794,45.787177],[15.953654,45.787112],[15.953407,45.786997],[15.953138,45.786898],[15.952469,45.786764],[15.952366,45.786778],[15.952366,45.786778],[15.952098,45.786686],[15.950626,45.786364],[15.950285,45.78634],[15.949879,45.786325],[15.949565,45.786343],[15.949114,45.786405],[15.948558,45.78656],[15.947954,45.78678],[15.947394,45.787014],[15.946931,45.787266],[15.946465,45.787584],[15.945981,45.788034],[15.945855,45.788109],[15.945686,45.788172],[15.945437,45.788193],[15.944801,45.78821],[15.944677,45.788246],[15.944677,45.788246],[15.944557,45.788198],[15.940347,45.788211],[15.940171,45.788248],[15.940171,45.788248],[15.940066,45.788211],[15.937588,45.788197],[15.937461,45.788215],[15.937461,45.788215],[15.937251,45.788186],[15.93645,45.788147],[15.936009,45.788104],[15.935581,45.788014],[15.934732,45.787808],[15.93328,45.787412],[15.932925,45.787338],[15.932605,45.787298],[15.93219,45.787297],[15.931891,45.787332],[15.931414,45.787437],[15.930059,45.787793],[15.930059,45.787793],[15.929565,45.787926],[15.928955,45.788082],[15.928137,45.78826],[15.927432,45.788364],[15.924479,45.788786],[15.922274,45.789105],[15.921901,45.789163],[15.921588,45.789232],[15.921184,45.789359],[15.920016,45.789897],[15.920016,45.789897],[15.917784,45.790907],[15.917069,45.791155],[15.916429,45.791347],[15.915652,45.791526],[15.914857,45.791643],[15.914639,45.791679],[15.914076,45.791718],[15.912901,45.791855],[15.912901,45.791856],[15.911429,45.791994],[15.905243,45.792616],[15.905246,45.792615],[15.903537,45.792773],[15.902929,45.792883],[15.901972,45.793178],[15.901904,45.79322],[15.901902,45.793221],[15.901802,45.79324],[15.898475,45.794375],[15.898481,45.794374],[15.898222,45.794442],[15.897601,45.794561],[15.897101,45.794636],[15.896582,45.794688],[15.895681,45.794716],[15.89504,45.794674],[15.89461,45.794623],[15.894005,45.794519],[15.892713,45.794263],[15.892595,45.794266]]}},{"type":"Feature","properties":{"shapeId":"17_12","routeName":"17","routeLong":"Prečko - Borongaj"},"geometry":{"type":"LineString","coordinates":[[15.893478,45.794365],[15.893853,45.794456],[15.894082,45.794508],[15.894414,45.794553],[15.894738,45.794599],[15.895094,45.794634],[15.895354,45.79465],[15.89572,45.794665],[15.89596,45.794664],[15.896241,45.794664],[15.896568,45.794645],[15.89696,45.79461],[15.89723,45.794573],[15.897566,45.794533],[15.89773,45.794497],[15.898006,45.794433],[15.898344,45.794354],[15.898959,45.794172],[15.898956,45.794173],[15.899301,45.79406],[15.902363,45.793015],[15.902366,45.793013],[15.902675,45.792931],[15.902935,45.792863],[15.903124,45.792818],[15.903378,45.79277],[15.90353,45.792742],[15.907002,45.792405],[15.90699,45.792401],[15.907403,45.792362],[15.914744,45.791627],[15.914744,45.791626],[15.915129,45.791566],[15.915448,45.791516],[15.915941,45.791421],[15.916304,45.791332],[15.916579,45.791268],[15.916864,45.79119],[15.91733,45.791041],[15.917903,45.790806],[15.920608,45.789582],[15.920608,45.789582],[15.920924,45.789434],[15.921371,45.789268],[15.92173,45.789167],[15.922042,45.789091],[15.923456,45.788896],[15.924996,45.788676],[15.926676,45.78843],[15.927844,45.788262],[15.928579,45.788121],[15.929464,45.787901],[15.929464,45.787901],[15.929913,45.787794],[15.930695,45.787582],[15.931425,45.787383],[15.932061,45.787269],[15.932566,45.787258],[15.932967,45.787306],[15.933379,45.787385],[15.934075,45.787574],[15.934649,45.787748],[15.935401,45.787949],[15.936035,45.788055],[15.936571,45.788105],[15.936811,45.788104],[15.936811,45.788104],[15.937062,45.788134],[15.938835,45.788161],[15.94223,45.788151],[15.942225,45.788154],[15.942649,45.788164],[15.945417,45.788177],[15.945421,45.788176],[15.945613,45.788149],[15.945811,45.788096],[15.945963,45.787977],[15.946189,45.787745],[15.946544,45.787449],[15.947042,45.78714],[15.947715,45.786833],[15.94842,45.786547],[15.949038,45.786377],[15.949473,45.786303],[15.949959,45.786275],[15.950462,45.786303],[15.950987,45.786405],[15.950987,45.786405],[15.95164,45.786535],[15.952757,45.786783],[15.953197,45.786871],[15.953566,45.786988],[15.953894,45.787202],[15.95409,45.78737],[15.955129,45.7889],[15.955129,45.788901],[15.955592,45.789569],[15.956949,45.791575],[15.956949,45.791575],[15.957259,45.792018],[15.959224,45.794912],[15.959224,45.794912],[15.95982,45.795783],[15.960867,45.797338],[15.960878,45.797337],[15.96225,45.799372],[15.962619,45.799859],[15.962748,45.800069],[15.962837,45.800095],[15.962837,45.800095],[15.962879,45.800239],[15.964675,45.802897],[15.964721,45.802962],[15.964677,45.802948],[15.964677,45.802948],[15.964769,45.803085],[15.964772,45.803182],[15.964742,45.803218],[15.964716,45.803267],[15.964599,45.803323],[15.963513,45.803402],[15.963513,45.803402],[15.963124,45.803449],[15.9629,45.803455],[15.962702,45.803417],[15.959664,45.801957],[15.959664,45.801957],[15.957554,45.800965],[15.957303,45.800843],[15.957066,45.800766],[15.956722,45.800645],[15.955672,45.800343],[15.954624,45.800105],[15.954486,45.800086],[15.954478,45.800106],[15.954478,45.800106],[15.954478,45.8001],[15.95437,45.800056],[15.951131,45.799545],[15.950283,45.79939],[15.949534,45.799208],[15.948626,45.798945],[15.947583,45.798583],[15.947028,45.798426],[15.947028,45.798426],[15.94677,45.798365],[15.945652,45.798156],[15.943426,45.797771],[15.942286,45.797669],[15.942276,45.797722],[15.942276,45.797722],[15.942286,45.797669],[15.941967,45.797629],[15.939152,45.797383],[15.939043,45.797372],[15.938933,45.797361],[15.938783,45.79735],[15.93841,45.797311],[15.938,45.797283],[15.937737,45.797255],[15.937643,45.797255]]}},{"type":"Feature","properties":{"shapeId":"17_13","routeName":"17","routeLong":"Prečko - Borongaj"},"geometry":{"type":"LineString","coordinates":[[16.01882,45.814549],[16.018643,45.81458],[16.018509,45.81458],[16.018266,45.814535],[16.017886,45.814465],[16.017324,45.814375],[16.017156,45.814398],[16.01658,45.814627],[16.015828,45.814888],[16.014573,45.815179],[16.013487,45.81535],[16.01333,45.815404],[16.01333,45.815404],[16.013338,45.81539],[16.013223,45.815406],[16.012048,45.815466],[16.011152,45.815467],[16.01103,45.815464],[16.01053,45.815443],[16.010242,45.815418],[16.010104,45.815405],[16.009812,45.815374],[16.009611,45.815324],[16.009164,45.815212],[16.008614,45.815022],[16.008614,45.815022],[16.007581,45.814523],[16.006391,45.813981],[16.005134,45.813481],[16.004745,45.81334],[16.004745,45.81334],[16.003732,45.812949],[16.002609,45.812541],[16.000421,45.811839],[15.999339,45.811529],[15.999339,45.811529],[15.99863,45.811348],[15.997723,45.81113],[15.997723,45.81113],[15.996157,45.810809],[15.995434,45.810676],[15.993893,45.810442],[15.992893,45.810315],[15.992276,45.810265],[15.992276,45.810265],[15.991956,45.810225],[15.990913,45.810136],[15.989849,45.81007],[15.989068,45.810049],[15.988361,45.810017],[15.988361,45.810017],[15.988202,45.81002],[15.988111,45.810071],[15.988065,45.810097],[15.988049,45.810177],[15.988037,45.810276],[15.988021,45.810357],[15.987989,45.810432],[15.987888,45.810498],[15.987623,45.810509],[15.986838,45.810482],[15.98646,45.810463],[15.985386,45.811092],[15.984231,45.811805],[15.984231,45.811805],[15.983662,45.81215],[15.98347,45.812183],[15.982722,45.812228],[15.981342,45.812316],[15.979626,45.812444],[15.979267,45.812449],[15.978928,45.812482],[15.978714,45.812525],[15.978297,45.812655],[15.978223,45.812672],[15.977366,45.812901],[15.976493,45.813035],[15.976546,45.813027],[15.976611,45.813013],[15.976611,45.813013],[15.976505,45.813027],[15.976443,45.813042],[15.976051,45.81307],[15.974621,45.813081],[15.97311,45.813174],[15.972112,45.813195],[15.970096,45.8133],[15.96979,45.813303],[15.969678,45.813247],[15.969624,45.813197],[15.969588,45.813078],[15.969484,45.812489],[15.969474,45.812489],[15.969386,45.811841],[15.968867,45.809333],[15.968878,45.809335],[15.96879,45.80912],[15.966744,45.80612],[15.966604,45.805964],[15.966604,45.805964],[15.966445,45.805695],[15.96487,45.803382],[15.964762,45.803326],[15.963513,45.803402],[15.963513,45.803402],[15.963124,45.803449],[15.9629,45.803455],[15.962702,45.803417],[15.959664,45.801957],[15.959664,45.801957],[15.957554,45.800965],[15.957303,45.800843],[15.957066,45.800766],[15.956722,45.800645],[15.955672,45.800343],[15.954624,45.800105],[15.954486,45.800086],[15.954478,45.800106],[15.954478,45.800106],[15.954478,45.8001],[15.95437,45.800056],[15.951131,45.799545],[15.950283,45.79939],[15.949534,45.799208],[15.948626,45.798945],[15.947583,45.798583],[15.947028,45.798426],[15.947028,45.798426],[15.94677,45.798365],[15.945652,45.798156],[15.943426,45.797771],[15.942286,45.797669],[15.942276,45.797722],[15.942276,45.797722],[15.942286,45.797669],[15.941967,45.797629],[15.939152,45.797383],[15.939043,45.797372],[15.938933,45.797361],[15.938783,45.79735],[15.93841,45.797311],[15.938,45.797283],[15.937737,45.797255],[15.937643,45.797255]]}},{"type":"Feature","properties":{"shapeId":"17_14","routeName":"17","routeLong":"Prečko - Borongaj"},"geometry":{"type":"LineString","coordinates":[[15.944087,45.797828],[15.945,45.797981],[15.946774,45.798286],[15.947057,45.798338],[15.94729,45.798403],[15.947703,45.798534],[15.948458,45.798786],[15.948447,45.79884],[15.948447,45.79884],[15.948453,45.798807],[15.949742,45.799192],[15.950299,45.799316],[15.95084,45.799423],[15.951106,45.799464],[15.952073,45.799615],[15.953432,45.799823],[15.953796,45.799876],[15.954257,45.799948],[15.954644,45.800031],[15.954835,45.800044],[15.954835,45.800044],[15.954955,45.800092],[15.955688,45.800263],[15.956195,45.8004],[15.956874,45.800611],[15.957367,45.800783],[15.959109,45.801618],[15.959217,45.801668],[15.959309,45.801701],[15.959309,45.801701],[15.959432,45.801762],[15.96273,45.803335],[15.962862,45.803375],[15.962981,45.803372],[15.964096,45.803295],[15.964304,45.803273],[15.964306,45.803324],[15.964306,45.803324],[15.96437,45.80327],[15.964794,45.803257],[15.964946,45.803314],[15.966938,45.806236],[15.966938,45.806236],[15.968247,45.808138],[15.968618,45.808677],[15.968646,45.808776],[15.968646,45.808776],[15.968729,45.808824],[15.968917,45.809193],[15.969002,45.80948],[15.969051,45.809648],[15.969593,45.8125],[15.969593,45.8125],[15.969646,45.812863],[15.96965,45.813154],[15.969703,45.813238],[15.969848,45.813276],[15.972101,45.813158],[15.973087,45.813144],[15.974517,45.813043],[15.976078,45.813028],[15.976343,45.813017],[15.977249,45.812871],[15.977313,45.812908],[15.977313,45.812908],[15.977327,45.812861],[15.977603,45.812796],[15.977779,45.812759],[15.978002,45.812702],[15.978299,45.812615],[15.978583,45.812537],[15.978843,45.812462],[15.979098,45.81242],[15.979509,45.812408],[15.980412,45.812335],[15.981254,45.812289],[15.983107,45.812175],[15.983484,45.812135],[15.9836,45.812074],[15.984468,45.811525],[15.984468,45.811525],[15.984496,45.811527],[15.98489,45.811272],[15.985596,45.810849],[15.986333,45.810403],[15.986359,45.810256],[15.986405,45.809867],[15.986437,45.809525],[15.986521,45.809442],[15.986657,45.80941],[15.986967,45.809413],[15.987442,45.809431],[15.987633,45.809444],[15.987633,45.809444],[15.987942,45.809452],[15.988009,45.809495],[15.988084,45.809569],[15.988089,45.809633],[15.988077,45.809726],[15.988098,45.809891],[15.988133,45.809925],[15.988225,45.809965],[15.988473,45.809982],[15.989993,45.81005],[15.990562,45.810075],[15.991025,45.810108],[15.992948,45.810275],[15.993145,45.810306],[15.993587,45.810355],[15.994077,45.81043],[15.994247,45.810458],[15.994284,45.810538],[15.994284,45.810538],[15.994291,45.810472],[15.994445,45.810496],[15.994667,45.810523],[15.995258,45.810616],[15.995933,45.81073],[15.997099,45.810964],[15.997394,45.811014],[15.997451,45.811025],[15.997504,45.811024],[15.997504,45.811024],[15.997531,45.811066],[15.997584,45.811065],[15.998333,45.811247],[15.998941,45.811402],[15.999464,45.811544],[16.000117,45.811719],[16.001278,45.81207],[16.001278,45.81207],[16.001527,45.812146],[16.002045,45.812308],[16.002547,45.812471],[16.004379,45.813151],[16.004503,45.813205],[16.004559,45.813211],[16.004559,45.813211],[16.004855,45.813351],[16.005199,45.813478],[16.005564,45.813622],[16.006092,45.813828],[16.006365,45.813933],[16.008037,45.814706],[16.008037,45.814706],[16.008476,45.814924],[16.008755,45.815054],[16.009185,45.815196],[16.009515,45.815273],[16.009874,45.815353],[16.010166,45.81539],[16.010792,45.815426],[16.011829,45.815451],[16.012783,45.815415],[16.012783,45.815415],[16.012882,45.815388],[16.013906,45.815272],[16.014854,45.815088],[16.015467,45.814938],[16.015913,45.814811],[16.016681,45.814561],[16.016905,45.814459],[16.017149,45.814373],[16.017236,45.814348],[16.017367,45.814343],[16.017565,45.814374],[16.017803,45.814418],[16.017884,45.81442],[16.01795,45.814411],[16.018149,45.814318],[16.018404,45.814179]]}},{"type":"Feature","properties":{"shapeId":"17_2","routeName":"17","routeLong":"Prečko - Borongaj"},"geometry":{"type":"LineString","coordinates":[[15.893478,45.794365],[15.893853,45.794456],[15.894082,45.794508],[15.894414,45.794553],[15.894738,45.794599],[15.895094,45.794634],[15.895354,45.79465],[15.89572,45.794665],[15.89596,45.794664],[15.896241,45.794664],[15.896568,45.794645],[15.89696,45.79461],[15.89723,45.794573],[15.897566,45.794533],[15.89773,45.794497],[15.898006,45.794433],[15.898344,45.794354],[15.898959,45.794172],[15.898956,45.794173],[15.899301,45.79406],[15.902363,45.793015],[15.902366,45.793013],[15.902675,45.792931],[15.902935,45.792863],[15.903124,45.792818],[15.903378,45.79277],[15.90353,45.792742],[15.907002,45.792405],[15.90699,45.792401],[15.907403,45.792362],[15.914744,45.791627],[15.914744,45.791626],[15.915129,45.791566],[15.915448,45.791516],[15.915941,45.791421],[15.916304,45.791332],[15.916579,45.791268],[15.916864,45.79119],[15.91733,45.791041],[15.917903,45.790806],[15.920608,45.789582],[15.920608,45.789582],[15.920924,45.789434],[15.921371,45.789268],[15.92173,45.789167],[15.922042,45.789091],[15.923456,45.788896],[15.924996,45.788676],[15.926676,45.78843],[15.927844,45.788262],[15.928579,45.788121],[15.929464,45.787901],[15.929464,45.787901],[15.929913,45.787794],[15.930695,45.787582],[15.931425,45.787383],[15.932061,45.787269],[15.932566,45.787258],[15.932967,45.787306],[15.933379,45.787385],[15.934075,45.787574],[15.934649,45.787748],[15.935401,45.787949],[15.936035,45.788055],[15.936571,45.788105],[15.936811,45.788104],[15.936811,45.788104],[15.937062,45.788134],[15.938835,45.788161],[15.94223,45.788151],[15.942225,45.788154],[15.942649,45.788164],[15.945417,45.788177],[15.945421,45.788176],[15.945613,45.788149],[15.945811,45.788096],[15.945963,45.787977],[15.946189,45.787745],[15.946544,45.787449],[15.947042,45.78714],[15.947715,45.786833],[15.94842,45.786547],[15.949038,45.786377],[15.949473,45.786303],[15.949959,45.786275],[15.950462,45.786303],[15.950987,45.786405],[15.950987,45.786405],[15.95164,45.786535],[15.952757,45.786783],[15.953197,45.786871],[15.953566,45.786988],[15.953894,45.787202],[15.95409,45.78737],[15.955129,45.7889],[15.955129,45.788901],[15.955592,45.789569],[15.956949,45.791575],[15.956949,45.791575],[15.957259,45.792018],[15.959224,45.794912],[15.959224,45.794912],[15.95982,45.795783],[15.960867,45.797338],[15.960878,45.797337],[15.96225,45.799372],[15.962619,45.799859],[15.962748,45.800069],[15.962837,45.800095],[15.962837,45.800095],[15.962879,45.800239],[15.964675,45.802897],[15.964721,45.802962],[15.964677,45.802948],[15.964669,45.802953],[15.96484,45.80314],[15.966936,45.806235],[15.966938,45.806236],[15.968247,45.808138],[15.968618,45.808677],[15.968646,45.808776],[15.968646,45.808776],[15.968729,45.808824],[15.968917,45.809193],[15.969002,45.80948],[15.969051,45.809648],[15.969593,45.8125],[15.969593,45.8125],[15.969646,45.812863],[15.96965,45.813154],[15.969703,45.813238],[15.969848,45.813276],[15.972101,45.813158],[15.973087,45.813144],[15.974517,45.813043],[15.976078,45.813028],[15.976343,45.813017],[15.977249,45.812871],[15.977313,45.812908],[15.977313,45.812908],[15.977327,45.812861],[15.977603,45.812796],[15.977779,45.812759],[15.978002,45.812702],[15.978299,45.812615],[15.978583,45.812537],[15.978843,45.812462],[15.979098,45.81242],[15.979509,45.812408],[15.980412,45.812335],[15.981254,45.812289],[15.983107,45.812175],[15.983484,45.812135],[15.9836,45.812074],[15.984468,45.811525],[15.984468,45.811525],[15.984496,45.811527],[15.98489,45.811272],[15.985596,45.810849],[15.986333,45.810403],[15.986359,45.810256],[15.986405,45.809867],[15.986437,45.809525],[15.986521,45.809442],[15.986657,45.80941],[15.986967,45.809413],[15.987442,45.809431],[15.987633,45.809444],[15.987633,45.809444],[15.987942,45.809452],[15.988009,45.809495],[15.988084,45.809569],[15.988089,45.809633],[15.988077,45.809726],[15.988098,45.809891],[15.988133,45.809925],[15.988225,45.809965],[15.988473,45.809982],[15.989993,45.81005],[15.990562,45.810075],[15.991025,45.810108],[15.992948,45.810275],[15.993145,45.810306],[15.993587,45.810355],[15.994077,45.81043],[15.994247,45.810458],[15.994284,45.810538],[15.994284,45.810538],[15.994291,45.810472],[15.994445,45.810496],[15.994667,45.810523],[15.995258,45.810616],[15.995933,45.81073],[15.997099,45.810964],[15.997394,45.811014],[15.997451,45.811025],[15.997504,45.811024],[15.997504,45.811024],[15.997531,45.811066],[15.997584,45.811065],[15.998333,45.811247],[15.998941,45.811402],[15.999464,45.811544],[16.000117,45.811719],[16.001278,45.81207],[16.001278,45.81207],[16.001527,45.812146],[16.002045,45.812308],[16.002547,45.812471],[16.004379,45.813151],[16.004503,45.813205],[16.004559,45.813211],[16.004559,45.813211],[16.004855,45.813351],[16.005199,45.813478],[16.005564,45.813622],[16.006092,45.813828],[16.006365,45.813933],[16.008037,45.814706],[16.008037,45.814706],[16.008476,45.814924],[16.008755,45.815054],[16.009185,45.815196],[16.009515,45.815273],[16.009874,45.815353],[16.010166,45.81539],[16.010792,45.815426],[16.011829,45.815451],[16.012783,45.815415],[16.012783,45.815415],[16.012882,45.815388],[16.013906,45.815272],[16.014854,45.815088],[16.015467,45.814938],[16.015913,45.814811],[16.016681,45.814561],[16.016905,45.814459],[16.017149,45.814373],[16.017236,45.814348],[16.017367,45.814343],[16.017565,45.814374],[16.017803,45.814418],[16.017884,45.81442],[16.01795,45.814411],[16.018149,45.814318],[16.018404,45.814179]]}},{"type":"Feature","properties":{"shapeId":"17_3","routeName":"17","routeLong":"Prečko - Borongaj"},"geometry":{"type":"LineString","coordinates":[[16.01882,45.814549],[16.018643,45.81458],[16.018509,45.81458],[16.018266,45.814535],[16.017886,45.814465],[16.017324,45.814375],[16.017156,45.814398],[16.01658,45.814627],[16.015828,45.814888],[16.014573,45.815179],[16.013487,45.81535],[16.01333,45.815404],[16.01333,45.815404],[16.013338,45.81539],[16.013223,45.815406],[16.012048,45.815466],[16.011152,45.815467],[16.01103,45.815464],[16.01053,45.815443],[16.010242,45.815418],[16.010104,45.815405],[16.009812,45.815374],[16.009611,45.815324],[16.009164,45.815212],[16.008614,45.815022],[16.008614,45.815022],[16.007581,45.814523],[16.006391,45.813981],[16.005134,45.813481],[16.004745,45.81334],[16.004745,45.81334],[16.003732,45.812949],[16.002609,45.812541],[16.000421,45.811839],[15.999339,45.811529],[15.999339,45.811529],[15.99863,45.811348],[15.997723,45.81113],[15.997723,45.81113],[15.996157,45.810809],[15.995434,45.810676],[15.993893,45.810442],[15.992893,45.810315],[15.992276,45.810265],[15.992276,45.810265],[15.991956,45.810225],[15.990913,45.810136],[15.989849,45.81007],[15.989068,45.810049],[15.988361,45.810017],[15.988361,45.810017],[15.988202,45.81002],[15.988111,45.810071],[15.988065,45.810097],[15.988049,45.810177],[15.988037,45.810276],[15.988021,45.810357],[15.987989,45.810432],[15.987888,45.810498],[15.987623,45.810509],[15.986838,45.810482],[15.98646,45.810463],[15.985386,45.811092],[15.984231,45.811805],[15.984231,45.811805],[15.983662,45.81215],[15.98347,45.812183],[15.982722,45.812228],[15.981342,45.812316],[15.979626,45.812444],[15.979267,45.812449],[15.978928,45.812482],[15.978714,45.812525],[15.978297,45.812655],[15.978223,45.812672],[15.977366,45.812901],[15.976493,45.813035],[15.976546,45.813027],[15.976611,45.813013],[15.976611,45.813013],[15.976505,45.813027],[15.976443,45.813042],[15.976051,45.81307],[15.974621,45.813081],[15.97311,45.813174],[15.972112,45.813195],[15.970096,45.8133],[15.96979,45.813303],[15.969678,45.813247],[15.969624,45.813197],[15.969588,45.813078],[15.969484,45.812489],[15.969474,45.812489],[15.969386,45.811841],[15.968867,45.809333],[15.968878,45.809335],[15.96879,45.80912],[15.966744,45.80612],[15.966604,45.805964],[15.966604,45.805964],[15.966616,45.805956],[15.966487,45.805747],[15.964541,45.802896],[15.964327,45.802581],[15.964203,45.80243],[15.964208,45.802432],[15.964136,45.80229],[15.961705,45.798715],[15.961709,45.798714],[15.961127,45.797873],[15.960194,45.79651],[15.960185,45.796513],[15.959934,45.796124],[15.958061,45.793393],[15.958061,45.793393],[15.957656,45.79278],[15.956029,45.790392],[15.956029,45.790392],[15.955914,45.790212],[15.954737,45.788494],[15.954741,45.788493],[15.953891,45.78728],[15.953794,45.787177],[15.953654,45.787112],[15.953407,45.786997],[15.953138,45.786898],[15.952469,45.786764],[15.952366,45.786778],[15.952366,45.786778],[15.952098,45.786686],[15.950626,45.786364],[15.950285,45.78634],[15.949879,45.786325],[15.949565,45.786343],[15.949114,45.786405],[15.948558,45.78656],[15.947954,45.78678],[15.947394,45.787014],[15.946931,45.787266],[15.946465,45.787584],[15.945981,45.788034],[15.945855,45.788109],[15.945686,45.788172],[15.945437,45.788193],[15.944801,45.78821],[15.944677,45.788246],[15.944677,45.788246],[15.944557,45.788198],[15.940347,45.788211],[15.940171,45.788248],[15.940171,45.788248],[15.940066,45.788211],[15.937588,45.788197],[15.937461,45.788215],[15.937461,45.788215],[15.937251,45.788186],[15.93645,45.788147],[15.936009,45.788104],[15.935581,45.788014],[15.934732,45.787808],[15.93328,45.787412],[15.932925,45.787338],[15.932605,45.787298],[15.93219,45.787297],[15.931891,45.787332],[15.931414,45.787437],[15.930059,45.787793],[15.930059,45.787793],[15.929565,45.787926],[15.928955,45.788082],[15.928137,45.78826],[15.927432,45.788364],[15.924479,45.788786],[15.922274,45.789105],[15.921901,45.789163],[15.921588,45.789232],[15.921184,45.789359],[15.920016,45.789897],[15.920016,45.789897],[15.917784,45.790907],[15.917069,45.791155],[15.916429,45.791347],[15.915652,45.791526],[15.914857,45.791643],[15.914639,45.791679],[15.914076,45.791718],[15.912901,45.791855],[15.912901,45.791856],[15.911429,45.791994],[15.905243,45.792616],[15.905246,45.792615],[15.903537,45.792773],[15.902929,45.792883],[15.901972,45.793178],[15.901904,45.79322],[15.901902,45.793221],[15.901802,45.79324],[15.898475,45.794375],[15.898481,45.794374],[15.898222,45.794442],[15.897601,45.794561],[15.897101,45.794636],[15.896582,45.794688],[15.895681,45.794716],[15.89504,45.794674],[15.89461,45.794623],[15.894005,45.794519],[15.892713,45.794263],[15.892595,45.794266]]}},{"type":"Feature","properties":{"shapeId":"17_37","routeName":"17","routeLong":"Prečko - Borongaj"},"geometry":{"type":"LineString","coordinates":[[15.893478,45.794365],[15.893853,45.794456],[15.894082,45.794508],[15.894414,45.794553],[15.894738,45.794599],[15.895094,45.794634],[15.895354,45.79465],[15.89572,45.794665],[15.89596,45.794664],[15.896241,45.794664],[15.896568,45.794645],[15.89696,45.79461],[15.89723,45.794573],[15.897566,45.794533],[15.89773,45.794497],[15.898006,45.794433],[15.898344,45.794354],[15.898959,45.794172],[15.898956,45.794173],[15.899301,45.79406],[15.902363,45.793015],[15.902366,45.793013],[15.902675,45.792931],[15.902935,45.792863],[15.903124,45.792818],[15.903378,45.79277],[15.90353,45.792742],[15.907002,45.792405],[15.90699,45.792401],[15.907403,45.792362],[15.914744,45.791627],[15.914744,45.791626],[15.915129,45.791566],[15.915448,45.791516],[15.915941,45.791421],[15.916304,45.791332],[15.916579,45.791268],[15.916864,45.79119],[15.91733,45.791041],[15.917903,45.790806],[15.920608,45.789582],[15.920608,45.789582],[15.920924,45.789434],[15.921371,45.789268],[15.92173,45.789167],[15.922042,45.789091],[15.923456,45.788896],[15.924996,45.788676],[15.926676,45.78843],[15.927844,45.788262],[15.928579,45.788121],[15.929464,45.787901],[15.929464,45.787901],[15.929913,45.787794],[15.930695,45.787582],[15.931425,45.787383],[15.932061,45.787269],[15.932566,45.787258],[15.932967,45.787306],[15.933379,45.787385],[15.934075,45.787574],[15.934649,45.787748],[15.935401,45.787949],[15.936035,45.788055],[15.936571,45.788105],[15.936811,45.788104],[15.936811,45.788104],[15.937062,45.788134],[15.938835,45.788161],[15.94223,45.788151],[15.942225,45.788154],[15.942649,45.788164],[15.945417,45.788177],[15.945421,45.788176],[15.945613,45.788149],[15.945811,45.788096],[15.945963,45.787977],[15.946189,45.787745],[15.946544,45.787449],[15.947042,45.78714],[15.947715,45.786833],[15.94842,45.786547],[15.949038,45.786377],[15.949473,45.786303],[15.949959,45.786275],[15.950462,45.786303],[15.950987,45.786405],[15.950987,45.786405],[15.95164,45.786535],[15.952757,45.786783],[15.953197,45.786871],[15.953566,45.786988],[15.953894,45.787202],[15.95409,45.78737],[15.955129,45.7889],[15.955129,45.788901],[15.955592,45.789569],[15.956949,45.791575],[15.956949,45.791575],[15.957259,45.792018],[15.959224,45.794912],[15.959224,45.794912],[15.95982,45.795783],[15.960867,45.797338],[15.960878,45.797337],[15.96225,45.799372],[15.962619,45.799859],[15.962748,45.800069],[15.962837,45.800095],[15.962837,45.800095],[15.962879,45.800239],[15.964675,45.802897],[15.964721,45.802962],[15.964677,45.802948],[15.964669,45.802953],[15.96484,45.80314],[15.966936,45.806235],[15.966938,45.806236],[15.968247,45.808138],[15.968618,45.808677],[15.968646,45.808776],[15.968646,45.808776],[15.968729,45.808824],[15.968917,45.809193],[15.969002,45.80948],[15.969051,45.809648],[15.969593,45.8125],[15.969593,45.8125],[15.969646,45.812863],[15.96965,45.813154],[15.969703,45.813238],[15.969848,45.813276],[15.972101,45.813158],[15.973087,45.813144],[15.974517,45.813043],[15.976078,45.813028],[15.976343,45.813017],[15.977249,45.812871],[15.977313,45.812908],[15.977313,45.812908],[15.977327,45.812861],[15.977603,45.812796],[15.977779,45.812759],[15.978002,45.812702],[15.978299,45.812615],[15.978583,45.812537],[15.978843,45.812462],[15.979098,45.81242],[15.979509,45.812408],[15.980412,45.812335],[15.981254,45.812289],[15.983107,45.812175],[15.983484,45.812135],[15.9836,45.812074],[15.984468,45.811525],[15.984468,45.811525],[15.984496,45.811527],[15.98489,45.811272],[15.985596,45.810849],[15.986333,45.810403],[15.986359,45.810256],[15.986405,45.809867],[15.986437,45.809525],[15.986521,45.809442],[15.986657,45.80941],[15.986967,45.809413],[15.987442,45.809431],[15.987633,45.809444],[15.987633,45.809444],[15.987942,45.809452],[15.988009,45.809495],[15.988084,45.809569],[15.988089,45.809633],[15.988077,45.809726],[15.988098,45.809891],[15.988133,45.809925],[15.988225,45.809965],[15.988473,45.809982],[15.989993,45.81005],[15.990562,45.810075],[15.991025,45.810108],[15.992948,45.810275],[15.993145,45.810306],[15.993587,45.810355],[15.994077,45.81043],[15.994247,45.810458],[15.994284,45.810538],[15.994284,45.810538],[15.994291,45.810472],[15.994445,45.810496],[15.994667,45.810523],[15.995258,45.810616],[15.995933,45.81073],[15.997099,45.810964],[15.997394,45.811014],[15.997451,45.811025],[15.997504,45.811024],[15.997504,45.811024],[15.997531,45.811066],[15.997584,45.811065],[15.998333,45.811247],[15.998941,45.811402],[15.999464,45.811544],[16.000117,45.811719],[16.001278,45.81207],[16.001278,45.81207],[16.001527,45.812146],[16.002045,45.812308],[16.002547,45.812471],[16.004379,45.813151],[16.004503,45.813205],[16.004559,45.813211],[16.004559,45.813211],[16.004855,45.813351],[16.005199,45.813478],[16.005564,45.813622],[16.006092,45.813828],[16.006365,45.813933],[16.008037,45.814706],[16.008037,45.814706],[16.008476,45.814924],[16.008755,45.815054],[16.009185,45.815196],[16.009515,45.815273],[16.009874,45.815353],[16.010166,45.81539],[16.010792,45.815426],[16.011829,45.815451],[16.012783,45.815415],[16.012783,45.815415],[16.012882,45.815388],[16.013906,45.815272],[16.014854,45.815088],[16.015467,45.814938],[16.015913,45.814811],[16.016681,45.814561],[16.016905,45.814459],[16.017149,45.814373],[16.017236,45.814348],[16.017367,45.814343],[16.017565,45.814374],[16.017803,45.814418],[16.017884,45.81442],[16.01795,45.814411],[16.018149,45.814318],[16.018404,45.814179]]}},{"type":"Feature","properties":{"shapeId":"17_38","routeName":"17","routeLong":"Prečko - Borongaj"},"geometry":{"type":"LineString","coordinates":[[16.01882,45.814549],[16.018643,45.81458],[16.018509,45.81458],[16.018266,45.814535],[16.017886,45.814465],[16.017324,45.814375],[16.017156,45.814398],[16.01658,45.814627],[16.015828,45.814888],[16.014573,45.815179],[16.013487,45.81535],[16.01333,45.815404],[16.01333,45.815404],[16.013338,45.81539],[16.013223,45.815406],[16.012048,45.815466],[16.011152,45.815467],[16.01103,45.815464],[16.01053,45.815443],[16.010242,45.815418],[16.010104,45.815405],[16.009812,45.815374],[16.009611,45.815324],[16.009164,45.815212],[16.008614,45.815022],[16.008614,45.815022],[16.007581,45.814523],[16.006391,45.813981],[16.005134,45.813481],[16.004745,45.81334],[16.004745,45.81334],[16.003732,45.812949],[16.002609,45.812541],[16.000421,45.811839],[15.999339,45.811529],[15.999339,45.811529],[15.99863,45.811348],[15.997723,45.81113],[15.997723,45.81113],[15.996157,45.810809],[15.995434,45.810676],[15.993893,45.810442],[15.992893,45.810315],[15.992276,45.810265],[15.992276,45.810265],[15.991956,45.810225],[15.990913,45.810136],[15.989849,45.81007],[15.989068,45.810049],[15.988361,45.810017],[15.988361,45.810017],[15.988202,45.81002],[15.988111,45.810071],[15.988065,45.810097],[15.988049,45.810177],[15.988037,45.810276],[15.988021,45.810357],[15.987989,45.810432],[15.987888,45.810498],[15.987623,45.810509],[15.986838,45.810482],[15.98646,45.810463],[15.985386,45.811092],[15.984231,45.811805],[15.984231,45.811805],[15.983662,45.81215],[15.98347,45.812183],[15.982722,45.812228],[15.981342,45.812316],[15.979626,45.812444],[15.979267,45.812449],[15.978928,45.812482],[15.978714,45.812525],[15.978297,45.812655],[15.978223,45.812672],[15.977366,45.812901],[15.976493,45.813035],[15.976546,45.813027],[15.976611,45.813013],[15.976611,45.813013],[15.976505,45.813027],[15.976443,45.813042],[15.976051,45.81307],[15.974621,45.813081],[15.97311,45.813174],[15.972112,45.813195],[15.970096,45.8133],[15.96979,45.813303],[15.969678,45.813247],[15.969624,45.813197],[15.969588,45.813078],[15.969484,45.812489],[15.969474,45.812489],[15.969386,45.811841],[15.968867,45.809333],[15.968878,45.809335],[15.96879,45.80912],[15.966744,45.80612],[15.966604,45.805964],[15.966604,45.805964],[15.966616,45.805956],[15.966487,45.805747],[15.964541,45.802896],[15.964327,45.802581],[15.964203,45.80243],[15.964208,45.802432],[15.964136,45.80229],[15.961705,45.798715],[15.961709,45.798714],[15.961127,45.797873],[15.960194,45.79651],[15.960185,45.796513],[15.959934,45.796124],[15.958061,45.793393],[15.958061,45.793393],[15.957656,45.79278],[15.956029,45.790392],[15.956029,45.790392],[15.955914,45.790212],[15.954737,45.788494],[15.954741,45.788493],[15.953891,45.78728],[15.953794,45.787177],[15.953654,45.787112],[15.953407,45.786997],[15.953138,45.786898],[15.952469,45.786764],[15.952366,45.786778],[15.952366,45.786778],[15.952098,45.786686],[15.950626,45.786364],[15.950285,45.78634],[15.949879,45.786325],[15.949565,45.786343],[15.949114,45.786405],[15.948558,45.78656],[15.947954,45.78678],[15.947394,45.787014],[15.946931,45.787266],[15.946465,45.787584],[15.945981,45.788034],[15.945855,45.788109],[15.945686,45.788172],[15.945437,45.788193],[15.944801,45.78821],[15.944677,45.788246],[15.944677,45.788246],[15.944557,45.788198],[15.940347,45.788211],[15.940171,45.788248],[15.940171,45.788248],[15.940066,45.788211],[15.937588,45.788197],[15.937461,45.788215],[15.937461,45.788215],[15.937251,45.788186],[15.93645,45.788147],[15.936009,45.788104],[15.935581,45.788014],[15.934732,45.787808],[15.93328,45.787412],[15.932925,45.787338],[15.932605,45.787298],[15.93219,45.787297],[15.931891,45.787332],[15.931414,45.787437],[15.930059,45.787793],[15.930059,45.787793],[15.929565,45.787926],[15.928955,45.788082],[15.928137,45.78826],[15.927432,45.788364],[15.924479,45.788786],[15.922274,45.789105],[15.921901,45.789163],[15.921588,45.789232],[15.921184,45.789359],[15.920016,45.789897],[15.920016,45.789897],[15.917784,45.790907],[15.917069,45.791155],[15.916429,45.791347],[15.915652,45.791526],[15.914857,45.791643],[15.914639,45.791679],[15.914076,45.791718],[15.912901,45.791855],[15.912901,45.791856],[15.911429,45.791994],[15.905243,45.792616],[15.905246,45.792615],[15.903537,45.792773],[15.902929,45.792883],[15.901972,45.793178],[15.901904,45.79322],[15.901902,45.793221],[15.901802,45.79324],[15.898475,45.794375],[15.898481,45.794374],[15.898222,45.794442],[15.897601,45.794561],[15.897101,45.794636],[15.896582,45.794688],[15.895681,45.794716],[15.89504,45.794674],[15.89461,45.794623],[15.894005,45.794519],[15.892713,45.794263],[15.892595,45.794266]]}},{"type":"Feature","properties":{"shapeId":"1_8","routeName":"1","routeLong":"Zap.kol. - Borongaj"},"geometry":{"type":"LineString","coordinates":[[16.01882,45.814549],[16.018643,45.81458],[16.018509,45.81458],[16.018266,45.814535],[16.017886,45.814465],[16.017324,45.814375],[16.017156,45.814398],[16.01658,45.814627],[16.015828,45.814888],[16.014573,45.815179],[16.013487,45.81535],[16.01333,45.815404],[16.01333,45.815404],[16.013338,45.81539],[16.013223,45.815406],[16.012048,45.815466],[16.011152,45.815467],[16.01103,45.815464],[16.01053,45.815443],[16.010242,45.815418],[16.010104,45.815405],[16.009812,45.815374],[16.009611,45.815324],[16.009164,45.815212],[16.008614,45.815022],[16.008614,45.815022],[16.007581,45.814523],[16.006391,45.813981],[16.005134,45.813481],[16.004745,45.81334],[16.004745,45.81334],[16.003732,45.812949],[16.002609,45.812541],[16.000421,45.811839],[15.999339,45.811529],[15.999339,45.811529],[15.99863,45.811348],[15.997723,45.81113],[15.997723,45.81113],[15.996157,45.810809],[15.995434,45.810676],[15.993893,45.810442],[15.992893,45.810315],[15.992276,45.810265],[15.992276,45.810265],[15.991956,45.810225],[15.990913,45.810136],[15.989849,45.81007],[15.989068,45.810049],[15.988361,45.810017],[15.988361,45.810017],[15.988202,45.81002],[15.988111,45.810071],[15.988065,45.810097],[15.988049,45.810177],[15.988037,45.810276],[15.988021,45.810357],[15.987989,45.810432],[15.987888,45.810498],[15.987623,45.810509],[15.986838,45.810482],[15.98646,45.810463],[15.985386,45.811092],[15.984231,45.811805],[15.984231,45.811805],[15.983662,45.81215],[15.98347,45.812183],[15.982722,45.812228],[15.981342,45.812316],[15.979626,45.812444],[15.979267,45.812449],[15.978928,45.812482],[15.978714,45.812525],[15.978297,45.812655],[15.978223,45.812672],[15.977366,45.812901],[15.976493,45.813035],[15.976546,45.813027],[15.976611,45.813013],[15.976611,45.813013],[15.976505,45.813027],[15.976443,45.813042],[15.976051,45.81307],[15.974621,45.813081],[15.97311,45.813174],[15.972112,45.813195],[15.970096,45.8133],[15.96979,45.813303],[15.969678,45.813247],[15.969624,45.813197],[15.969588,45.813078],[15.969484,45.812489],[15.969474,45.812489],[15.969386,45.811841],[15.968867,45.809333],[15.968878,45.809335],[15.96879,45.80912],[15.966744,45.80612],[15.966604,45.805964],[15.966604,45.805964],[15.966445,45.805695],[15.96487,45.803382],[15.964762,45.803326],[15.963513,45.803402],[15.963513,45.803402],[15.963124,45.803449],[15.9629,45.803455],[15.962702,45.803417],[15.959664,45.801957],[15.959664,45.801957],[15.957554,45.800965],[15.957303,45.800843],[15.957066,45.800766],[15.956722,45.800645],[15.955672,45.800343],[15.954624,45.800105],[15.954486,45.800086],[15.954478,45.800106],[15.954478,45.800106],[15.954478,45.8001],[15.95437,45.800056],[15.951131,45.799545],[15.950283,45.79939],[15.949534,45.799208],[15.948626,45.798945],[15.947583,45.798583],[15.947028,45.798426],[15.947028,45.798426],[15.94677,45.798365],[15.945652,45.798156],[15.943426,45.797771],[15.942286,45.797669],[15.942276,45.797722],[15.942276,45.797722],[15.942286,45.797669],[15.941967,45.797629],[15.939152,45.797383],[15.939043,45.797372],[15.938933,45.797361],[15.938783,45.79735],[15.93841,45.797311],[15.938,45.797283],[15.937737,45.797255],[15.937643,45.797255]]}},{"type":"Feature","properties":{"shapeId":"1_9","routeName":"1","routeLong":"Zap.kol. - Borongaj"},"geometry":{"type":"LineString","coordinates":[[15.955826,45.809361],[15.956193,45.809336],[15.95648,45.809309],[15.956822,45.809294],[15.956988,45.809219],[15.957054,45.809126],[15.957163,45.809039],[15.957515,45.80901],[15.957911,45.808987],[15.958247,45.808947],[15.958665,45.80887],[15.958916,45.808815],[15.959439,45.808678],[15.960109,45.808455],[15.960743,45.808192],[15.961258,45.807991],[15.961583,45.807816],[15.961583,45.807816],[15.961616,45.807799],[15.961751,45.807709],[15.962141,45.80744],[15.962369,45.80726],[15.962646,45.807065],[15.962945,45.806849],[15.963231,45.80664],[15.96356,45.806393],[15.963807,45.806229],[15.964047,45.806047],[15.964224,45.805925],[15.964438,45.805785],[15.96469,45.805594],[15.964837,45.805502],[15.964959,45.805414],[15.965079,45.805365],[15.965169,45.805353],[15.965312,45.805346],[15.965459,45.805345],[15.965583,45.805308],[15.965711,45.805245],[15.965825,45.805177],[15.965893,45.805181],[15.965893,45.805181],[15.965904,45.805127],[15.965971,45.805079],[15.965987,45.804999],[15.965918,45.804898],[15.965803,45.804733],[15.965651,45.804494],[15.965504,45.804313],[15.965306,45.804003],[15.965142,45.80376],[15.965001,45.803552],[15.964886,45.803387],[15.964762,45.803326],[15.964599,45.803323],[15.963513,45.803402],[15.963513,45.803402],[15.963124,45.803449],[15.9629,45.803455],[15.962702,45.803417],[15.959664,45.801957],[15.959664,45.801957],[15.957554,45.800965],[15.957303,45.800843],[15.957066,45.800766],[15.956722,45.800645],[15.955672,45.800343],[15.954624,45.800105],[15.954486,45.800086],[15.954478,45.800106],[15.954478,45.800106],[15.954478,45.8001],[15.95437,45.800056],[15.951131,45.799545],[15.950283,45.79939],[15.949534,45.799208],[15.948626,45.798945],[15.947583,45.798583],[15.947028,45.798426],[15.947028,45.798426],[15.94677,45.798365],[15.945652,45.798156],[15.943426,45.797771],[15.942286,45.797669],[15.942276,45.797722],[15.942276,45.797722],[15.942286,45.797669],[15.941967,45.797629],[15.939152,45.797383],[15.939043,45.797372],[15.938933,45.797361],[15.938783,45.79735],[15.93841,45.797311],[15.938,45.797283],[15.937737,45.797255],[15.937643,45.797255]]}},{"type":"Feature","properties":{"shapeId":"2_11","routeName":"2","routeLong":"Črnomerec - Savišće"},"geometry":{"type":"LineString","coordinates":[[15.944087,45.797828],[15.945,45.797981],[15.946774,45.798286],[15.947057,45.798338],[15.94729,45.798403],[15.947703,45.798534],[15.948458,45.798786],[15.948447,45.79884],[15.948447,45.79884],[15.948453,45.798807],[15.949742,45.799192],[15.950299,45.799316],[15.95084,45.799423],[15.951106,45.799464],[15.952073,45.799615],[15.953432,45.799823],[15.953796,45.799876],[15.954257,45.799948],[15.954644,45.800031],[15.954835,45.800044],[15.954835,45.800044],[15.954955,45.800092],[15.955688,45.800263],[15.956195,45.8004],[15.956874,45.800611],[15.957367,45.800783],[15.959109,45.801618],[15.959217,45.801668],[15.959309,45.801701],[15.959309,45.801701],[15.959432,45.801762],[15.96273,45.803335],[15.962862,45.803375],[15.962981,45.803372],[15.964096,45.803295],[15.964304,45.803273],[15.964306,45.803324],[15.964306,45.803324],[15.964407,45.803265],[15.964591,45.803246],[15.964822,45.803259],[15.964997,45.803352],[15.96511,45.803557],[15.965685,45.804379],[15.966063,45.804936],[15.966293,45.805268],[15.966399,45.805357],[15.966731,45.805395],[15.967081,45.805399],[15.967337,45.805402],[15.967645,45.805359],[15.967645,45.805359],[15.967675,45.805414],[15.969018,45.805435],[15.971477,45.805515],[15.972368,45.805541],[15.973437,45.805581],[15.973663,45.805621],[15.973663,45.805621],[15.974033,45.805557],[15.974858,45.805585],[15.976135,45.805615],[15.976379,45.80562],[15.977079,45.80564],[15.977726,45.805647],[15.977819,45.805647],[15.977915,45.805608],[15.977991,45.805546],[15.978008,45.805426],[15.97803,45.805319],[15.978102,45.805245],[15.978185,45.805207],[15.97834,45.805192],[15.978941,45.805232],[15.979197,45.805235],[15.979272,45.805218],[15.979272,45.805218],[15.979295,45.805254],[15.979498,45.805265],[15.980968,45.805346],[15.982573,45.805435],[15.983386,45.805465],[15.983714,45.80549],[15.983765,45.805438],[15.983765,45.805438],[15.983974,45.805506],[15.984965,45.805563],[15.986119,45.805617],[15.987264,45.805691],[15.988584,45.805761],[15.989563,45.805814],[15.990475,45.805914],[15.991976,45.80614],[15.991976,45.80614],[15.992214,45.806179],[15.992349,45.806186],[15.992463,45.806163],[15.992518,45.806123],[15.993914,45.803723],[15.993914,45.803723],[15.994099,45.803398],[15.994275,45.803082],[15.994544,45.802636],[15.994708,45.802327],[15.994884,45.802017],[15.995015,45.801824],[15.995126,45.801614],[15.995276,45.80134],[15.99535,45.801232],[15.995482,45.80109],[15.995585,45.801076],[15.996429,45.801127],[15.996429,45.801127],[15.996454,45.801118],[15.999859,45.80128],[15.999829,45.801317],[15.999829,45.801317],[15.99985,45.801294],[16.003937,45.801492],[16.00392,45.80152],[16.00392,45.80152],[16.003962,45.801488],[16.004506,45.801516],[16.005079,45.801554],[16.005545,45.801592],[16.006097,45.801646],[16.006758,45.801709],[16.007231,45.801773],[16.008647,45.801992],[16.010502,45.802292],[16.010506,45.80231],[16.010498,45.802312],[16.011169,45.80242],[16.014683,45.803022],[16.014683,45.803022],[16.01716,45.803409],[16.019917,45.803884],[16.019924,45.803881],[16.021538,45.804137],[16.022087,45.804229],[16.022545,45.804289],[16.023255,45.804339],[16.023255,45.804339],[16.023604,45.804291],[16.023899,45.804243],[16.024257,45.804148],[16.024538,45.804056],[16.026014,45.803338],[16.026376,45.803158],[16.026812,45.802961],[16.026812,45.802961],[16.027013,45.802829],[16.028154,45.802242],[16.02939,45.801622],[16.029936,45.801338],[16.030538,45.801072],[16.030529,45.801076],[16.030714,45.800944],[16.03477,45.798859],[16.034773,45.79886],[16.035696,45.798413],[16.03621,45.798108],[16.036529,45.797875],[16.03679,45.79767],[16.037108,45.797385],[16.037561,45.796881],[16.037695,45.796791],[16.037695,45.796791],[16.037653,45.796738],[16.037768,45.796625],[16.038041,45.796236],[16.038122,45.796056],[16.038167,45.795758],[16.038302,45.795174],[16.0384,45.794505],[16.038479,45.794085],[16.038521,45.793774],[16.038561,45.793593],[16.038544,45.793128],[16.038544,45.793128],[16.038521,45.793099],[16.038463,45.793036],[16.038406,45.792933],[16.038038,45.792504],[16.037861,45.792354],[16.037459,45.791949],[16.037146,45.791649],[16.037157,45.791414],[16.037157,45.791414],[16.036932,45.791426],[16.034954,45.789527],[16.03446,45.789077]]}},{"type":"Feature","properties":{"shapeId":"2_12","routeName":"2","routeLong":"Črnomerec - Savišće"},"geometry":{"type":"LineString","coordinates":[[15.934527,45.815128],[15.935137,45.814875],[15.935552,45.814876],[15.936679,45.814713],[15.938544,45.814267],[15.941812,45.813503],[15.943049,45.813247],[15.943049,45.813247],[15.943275,45.813197],[15.943411,45.813158],[15.943576,45.813129],[15.943768,45.813096],[15.943994,45.813051],[15.944258,45.812989],[15.945306,45.812779],[15.94568,45.812682],[15.945804,45.812645],[15.946249,45.812525],[15.946705,45.812442],[15.947213,45.812385],[15.947768,45.81236],[15.94813,45.812368],[15.948322,45.812432],[15.948322,45.812432],[15.948577,45.812384],[15.949757,45.812396],[15.95091,45.812404],[15.951703,45.812418],[15.951958,45.81246],[15.951958,45.81246],[15.952212,45.812412],[15.952468,45.812422],[15.952963,45.81247],[15.953695,45.81259],[15.954432,45.812779],[15.954989,45.812897],[15.95574,45.813039],[15.956173,45.813102],[15.956489,45.81313],[15.956652,45.81314],[15.956774,45.813143],[15.95682,45.813117],[15.95682,45.813117],[15.956998,45.813131],[15.957228,45.813093],[15.957362,45.813003],[15.957378,45.812832],[15.957307,45.812225],[15.957279,45.811755],[15.957231,45.811457],[15.95718,45.811055],[15.957132,45.810581],[15.957116,45.810473],[15.957093,45.810256],[15.957054,45.809943],[15.957038,45.809848],[15.957095,45.809672],[15.957095,45.809672],[15.957006,45.809645],[15.956987,45.80944],[15.956992,45.809232],[15.957054,45.809119],[15.957142,45.809055],[15.957278,45.809023],[15.957466,45.809017],[15.957649,45.809004],[15.957874,45.808993],[15.958169,45.808958],[15.958464,45.808911],[15.958892,45.808819],[15.959155,45.808757],[15.959526,45.808653],[15.959881,45.808539],[15.959964,45.808508],[15.9603,45.808377],[15.960722,45.808215],[15.961008,45.808097],[15.961212,45.808011],[15.961441,45.807888],[15.961583,45.807816],[15.961583,45.807816],[15.961616,45.807799],[15.961751,45.807709],[15.962141,45.80744],[15.962369,45.80726],[15.962646,45.807065],[15.962945,45.806849],[15.963231,45.80664],[15.96356,45.806393],[15.963807,45.806229],[15.964047,45.806047],[15.964224,45.805925],[15.964438,45.805785],[15.96469,45.805594],[15.964837,45.805502],[15.964959,45.805414],[15.965079,45.805365],[15.965169,45.805353],[15.965312,45.805346],[15.965459,45.805345],[15.965583,45.805308],[15.965711,45.805245],[15.965825,45.805177],[15.965893,45.805181],[15.965893,45.805181],[15.965904,45.805127],[15.965971,45.805079],[15.965987,45.804999],[15.965918,45.804898],[15.965803,45.804733],[15.965651,45.804494],[15.965504,45.804313],[15.965306,45.804003],[15.965142,45.80376],[15.965001,45.803552],[15.964886,45.803387],[15.964762,45.803326],[15.964599,45.803323],[15.963513,45.803402],[15.963513,45.803402],[15.963124,45.803449],[15.9629,45.803455],[15.962702,45.803417],[15.959664,45.801957],[15.959664,45.801957],[15.957554,45.800965],[15.957303,45.800843],[15.957066,45.800766],[15.956722,45.800645],[15.955672,45.800343],[15.954624,45.800105],[15.954486,45.800086],[15.954478,45.800106],[15.954478,45.800106],[15.954478,45.8001],[15.95437,45.800056],[15.951131,45.799545],[15.950283,45.79939],[15.949534,45.799208],[15.948626,45.798945],[15.947583,45.798583],[15.947028,45.798426],[15.947028,45.798426],[15.94677,45.798365],[15.945652,45.798156],[15.943426,45.797771],[15.942286,45.797669],[15.942276,45.797722],[15.942276,45.797722],[15.942286,45.797669],[15.941967,45.797629],[15.939152,45.797383],[15.939043,45.797372],[15.938933,45.797361],[15.938783,45.79735],[15.93841,45.797311],[15.938,45.797283],[15.937737,45.797255],[15.937643,45.797255]]}},{"type":"Feature","properties":{"shapeId":"2_13","routeName":"2","routeLong":"Črnomerec - Savišće"},"geometry":{"type":"LineString","coordinates":[[15.944087,45.797828],[15.945,45.797981],[15.946774,45.798286],[15.947057,45.798338],[15.94729,45.798403],[15.947703,45.798534],[15.948458,45.798786],[15.948447,45.79884],[15.948447,45.79884],[15.948453,45.798807],[15.949742,45.799192],[15.950299,45.799316],[15.95084,45.799423],[15.951106,45.799464],[15.952073,45.799615],[15.953432,45.799823],[15.953796,45.799876],[15.954257,45.799948],[15.954644,45.800031],[15.954835,45.800044],[15.954835,45.800044],[15.954955,45.800092],[15.955688,45.800263],[15.956195,45.8004],[15.956874,45.800611],[15.957367,45.800783],[15.959109,45.801618],[15.959217,45.801668],[15.959309,45.801701],[15.959309,45.801701],[15.959432,45.801762],[15.96273,45.803335],[15.962862,45.803375],[15.962981,45.803372],[15.964096,45.803295],[15.964304,45.803273],[15.964306,45.803324],[15.964306,45.803324],[15.964329,45.803269],[15.964659,45.803249],[15.964847,45.803256],[15.964981,45.803347],[15.965184,45.803631],[15.965428,45.804006],[15.965734,45.80445],[15.966036,45.804895],[15.9661,45.805016],[15.966056,45.805093],[15.965946,45.80518],[15.965876,45.805215],[15.96578,45.805255],[15.965678,45.805263],[15.965678,45.805263],[15.965598,45.805312],[15.965448,45.805398],[15.965367,45.805396],[15.965183,45.805403],[15.965052,45.805414],[15.964927,45.80549],[15.963957,45.80615],[15.962042,45.807564],[15.962042,45.807564],[15.961795,45.807722],[15.961289,45.808006],[15.960846,45.808184],[15.960406,45.808369],[15.959996,45.808523],[15.959607,45.808655],[15.95915,45.808783],[15.958676,45.808907],[15.95813,45.809003],[15.957868,45.809026],[15.957595,45.809044],[15.957506,45.809018],[15.957506,45.809018],[15.957314,45.809051],[15.957116,45.809104],[15.957029,45.80922],[15.957043,45.809633],[15.957284,45.811638],[15.957452,45.812808],[15.957452,45.812808],[15.957405,45.812964],[15.957346,45.813089],[15.957208,45.813167],[15.957072,45.813205],[15.956876,45.813213],[15.956636,45.813214],[15.956457,45.813206],[15.956295,45.813196],[15.955865,45.813145],[15.95428,45.812807],[15.953776,45.812682],[15.953446,45.812611],[15.952511,45.812475],[15.952511,45.812475],[15.952477,45.812499],[15.952196,45.812499],[15.951069,45.812486],[15.950357,45.812475],[15.949848,45.812474],[15.949469,45.812461],[15.948948,45.812462],[15.948849,45.812495],[15.948849,45.812495],[15.948814,45.812462],[15.948708,45.812463],[15.948098,45.812437],[15.947483,45.812445],[15.94696,45.812485],[15.946764,45.812499],[15.946435,45.812564],[15.946122,45.81264],[15.945714,45.812748],[15.945376,45.812834],[15.94386,45.813141],[15.943199,45.813259],[15.942423,45.813399],[15.941464,45.813636],[15.941464,45.813636],[15.937855,45.814473],[15.936669,45.814761],[15.936123,45.814862],[15.935898,45.814867],[15.9354,45.81491],[15.935151,45.814925],[15.935027,45.814955],[15.934884,45.815066],[15.934749,45.81515],[15.934615,45.815246],[15.93449,45.815322],[15.934369,45.815364],[15.93432,45.815378],[15.934267,45.815379],[15.933924,45.8154]]}},{"type":"Feature","properties":{"shapeId":"2_14","routeName":"2","routeLong":"Črnomerec - Savišće"},"geometry":{"type":"LineString","coordinates":[[16.034915,45.789396],[16.035449,45.789938],[16.036258,45.790728],[16.036405,45.790727],[16.036405,45.790727],[16.036516,45.790971],[16.038063,45.792495],[16.038153,45.792573],[16.038153,45.792573],[16.038463,45.792945],[16.038585,45.793226],[16.038611,45.79358],[16.038479,45.794358],[16.038289,45.795481],[16.03815,45.796065],[16.037999,45.796365],[16.03739,45.797164],[16.03739,45.797164],[16.036813,45.797705],[16.036233,45.798143],[16.034438,45.799088],[16.034328,45.799168],[16.034325,45.799174],[16.03341,45.799601],[16.031037,45.800823],[16.031041,45.800821],[16.029876,45.801411],[16.028186,45.802263],[16.027344,45.802718],[16.027344,45.802718],[16.026563,45.803067],[16.026009,45.803371],[16.025555,45.803603],[16.025322,45.80372],[16.024926,45.803918],[16.024619,45.804058],[16.024388,45.804142],[16.024268,45.804185],[16.024091,45.804223],[16.023646,45.804343],[16.023646,45.804343],[16.023512,45.804342],[16.0233,45.804352],[16.0231,45.804354],[16.022913,45.804354],[16.022681,45.804341],[16.02249,45.804329],[16.020691,45.804034],[16.020691,45.804034],[16.020352,45.803977],[16.019689,45.803856],[16.016932,45.803402],[16.016479,45.803322],[16.015651,45.803191],[16.015424,45.803151],[16.01532,45.803114],[16.01532,45.803114],[16.015198,45.803105],[16.015105,45.803105],[16.012906,45.802736],[16.011923,45.802574],[16.011572,45.802513],[16.011459,45.802496],[16.011391,45.802453],[16.011391,45.802453],[16.011257,45.802453],[16.011132,45.802431],[16.010092,45.802264],[16.00877,45.802046],[16.007913,45.801912],[16.007464,45.801838],[16.006728,45.801746],[16.00616,45.801682],[16.005215,45.801606],[16.004911,45.801577],[16.004683,45.80157],[16.004676,45.801551],[16.004673,45.801554],[16.004517,45.801554],[16.000079,45.80135],[16.000079,45.80135],[15.995443,45.801141],[15.99495,45.801973],[15.994951,45.801969],[15.994549,45.8027],[15.993981,45.803675],[15.99382,45.803995],[15.993741,45.804136],[15.993695,45.804253],[15.993635,45.804326],[15.993628,45.804386],[15.993628,45.804386],[15.993531,45.80447],[15.993258,45.80495],[15.992989,45.805409],[15.992751,45.805825],[15.992658,45.806006],[15.992523,45.806187],[15.992416,45.806228],[15.99235,45.806237],[15.99159,45.806109],[15.991435,45.806131],[15.991435,45.806131],[15.991384,45.806086],[15.990599,45.805968],[15.989991,45.805903],[15.989533,45.80585],[15.988088,45.805759],[15.984448,45.80557],[15.984441,45.80557],[15.983327,45.805492],[15.978451,45.805236],[15.978461,45.805234],[15.978233,45.805233],[15.978107,45.805309],[15.978065,45.805438],[15.978054,45.805582],[15.977954,45.805648],[15.977855,45.805681],[15.977777,45.805686],[15.97753,45.805668],[15.977196,45.805669],[15.97674,45.805661],[15.976522,45.805698],[15.97566,45.805675],[15.974485,45.805643],[15.974204,45.805643],[15.974162,45.8055],[15.974162,45.8055],[15.974135,45.805633],[15.973923,45.805637],[15.970686,45.805554],[15.969633,45.805525],[15.968445,45.805482],[15.967517,45.805468],[15.967108,45.805447],[15.9671,45.805513],[15.9671,45.805513],[15.967005,45.805455],[15.966827,45.805441],[15.966721,45.805449],[15.96653,45.805436],[15.966408,45.805427],[15.966335,45.805411],[15.966249,45.805345],[15.966098,45.805152],[15.965899,45.804881],[15.965554,45.804391],[15.965349,45.804056],[15.965027,45.803594],[15.964854,45.803371],[15.964787,45.803322],[15.963513,45.803402],[15.963513,45.803402],[15.963124,45.803449],[15.9629,45.803455],[15.962702,45.803417],[15.959664,45.801957],[15.959664,45.801957],[15.957554,45.800965],[15.957303,45.800843],[15.957066,45.800766],[15.956722,45.800645],[15.955672,45.800343],[15.954624,45.800105],[15.954486,45.800086],[15.954478,45.800106],[15.954478,45.800106],[15.954478,45.8001],[15.95437,45.800056],[15.951131,45.799545],[15.950283,45.79939],[15.949534,45.799208],[15.948626,45.798945],[15.947583,45.798583],[15.947028,45.798426],[15.947028,45.798426],[15.94677,45.798365],[15.945652,45.798156],[15.943426,45.797771],[15.942286,45.797669],[15.942276,45.797722],[15.942276,45.797722],[15.942286,45.797669],[15.941967,45.797629],[15.939152,45.797383],[15.939043,45.797372],[15.938933,45.797361],[15.938783,45.79735],[15.93841,45.797311],[15.938,45.797283],[15.937737,45.797255],[15.937643,45.797255]]}},{"type":"Feature","properties":{"shapeId":"2_19","routeName":"2","routeLong":"Črnomerec - Savišće"},"geometry":{"type":"LineString","coordinates":[[15.934527,45.815128],[15.935137,45.814875],[15.935552,45.814876],[15.936679,45.814713],[15.938544,45.814267],[15.941812,45.813503],[15.943049,45.813247],[15.943049,45.813247],[15.943275,45.813197],[15.943411,45.813158],[15.943576,45.813129],[15.943768,45.813096],[15.943994,45.813051],[15.944258,45.812989],[15.945306,45.812779],[15.94568,45.812682],[15.945804,45.812645],[15.946249,45.812525],[15.946705,45.812442],[15.947213,45.812385],[15.947768,45.81236],[15.94813,45.812368],[15.948322,45.812432],[15.948322,45.812432],[15.948577,45.812384],[15.949757,45.812396],[15.95091,45.812404],[15.951703,45.812418],[15.951958,45.81246],[15.951958,45.81246],[15.952212,45.812412],[15.952468,45.812422],[15.952963,45.81247],[15.953695,45.81259],[15.954432,45.812779],[15.954989,45.812897],[15.95574,45.813039],[15.956173,45.813102],[15.956489,45.81313],[15.956652,45.81314],[15.956774,45.813143],[15.95682,45.813117],[15.95682,45.813117],[15.956998,45.813131],[15.957228,45.813093],[15.957362,45.813003],[15.957378,45.812832],[15.957307,45.812225],[15.957279,45.811755],[15.957231,45.811457],[15.95718,45.811055],[15.957132,45.810581],[15.957116,45.810473],[15.957093,45.810256],[15.957054,45.809943],[15.957038,45.809848],[15.957095,45.809672],[15.957095,45.809672],[15.957006,45.809645],[15.956987,45.80944],[15.956992,45.809232],[15.957054,45.809119],[15.957142,45.809055],[15.957278,45.809023],[15.957466,45.809017],[15.957649,45.809004],[15.957874,45.808993],[15.958169,45.808958],[15.958464,45.808911],[15.958892,45.808819],[15.959155,45.808757],[15.959526,45.808653],[15.959881,45.808539],[15.959964,45.808508],[15.9603,45.808377],[15.960722,45.808215],[15.961008,45.808097],[15.961212,45.808011],[15.961441,45.807888],[15.961583,45.807816],[15.961583,45.807816],[15.961717,45.807733],[15.962019,45.807529],[15.962418,45.807246],[15.962856,45.806919],[15.963664,45.80634],[15.964151,45.805993],[15.96466,45.805631],[15.964962,45.805427],[15.965054,45.805375],[15.96515,45.805336],[15.965475,45.805349],[15.966015,45.805365],[15.96674,45.805375],[15.967134,45.805398],[15.967419,45.80541],[15.967537,45.805407],[15.967645,45.805359],[15.967645,45.805359],[15.967675,45.805414],[15.969018,45.805435],[15.971477,45.805515],[15.972368,45.805541],[15.973437,45.805581],[15.973663,45.805621],[15.973663,45.805621],[15.974033,45.805557],[15.974858,45.805585],[15.976135,45.805615],[15.976379,45.80562],[15.977079,45.80564],[15.977726,45.805647],[15.977819,45.805647],[15.977915,45.805608],[15.977991,45.805546],[15.978008,45.805426],[15.97803,45.805319],[15.978102,45.805245],[15.978185,45.805207],[15.97834,45.805192],[15.978941,45.805232],[15.979197,45.805235],[15.979272,45.805218],[15.979272,45.805218],[15.979295,45.805254],[15.979498,45.805265],[15.980968,45.805346],[15.982573,45.805435],[15.983386,45.805465],[15.983714,45.80549],[15.983765,45.805438],[15.983765,45.805438],[15.983974,45.805506],[15.984965,45.805563],[15.986119,45.805617],[15.987264,45.805691],[15.988584,45.805761],[15.989563,45.805814],[15.990475,45.805914],[15.991976,45.80614],[15.991976,45.80614],[15.992214,45.806179],[15.992349,45.806186],[15.992463,45.806163],[15.992518,45.806123],[15.993914,45.803723],[15.993914,45.803723],[15.994099,45.803398],[15.994275,45.803082],[15.994544,45.802636],[15.994708,45.802327],[15.994884,45.802017],[15.995015,45.801824],[15.995126,45.801614],[15.995276,45.80134],[15.99535,45.801232],[15.995482,45.80109],[15.995585,45.801076],[15.996429,45.801127],[15.996429,45.801127],[15.996454,45.801118],[15.999859,45.80128],[15.999829,45.801317],[15.999829,45.801317],[15.99985,45.801294],[16.003937,45.801492],[16.00392,45.80152],[16.00392,45.80152],[16.003962,45.801488],[16.004506,45.801516],[16.005079,45.801554],[16.005545,45.801592],[16.006097,45.801646],[16.006758,45.801709],[16.007231,45.801773],[16.008647,45.801992],[16.010502,45.802292],[16.010506,45.80231],[16.010498,45.802312],[16.011169,45.80242],[16.014683,45.803022],[16.014683,45.803022],[16.01716,45.803409],[16.019917,45.803884],[16.019924,45.803881],[16.021538,45.804137],[16.022087,45.804229],[16.022545,45.804289],[16.023255,45.804339],[16.023255,45.804339],[16.023604,45.804291],[16.023899,45.804243],[16.024257,45.804148],[16.024538,45.804056],[16.026014,45.803338],[16.026376,45.803158],[16.026812,45.802961],[16.026812,45.802961],[16.027013,45.802829],[16.028154,45.802242],[16.02939,45.801622],[16.029936,45.801338],[16.030538,45.801072],[16.030529,45.801076],[16.030714,45.800944],[16.03477,45.798859]]}},{"type":"Feature","properties":{"shapeId":"2_20","routeName":"2","routeLong":"Črnomerec - Savišće"},"geometry":{"type":"LineString","coordinates":[[16.034325,45.799174],[16.03341,45.799601],[16.031037,45.800823],[16.031041,45.800821],[16.029876,45.801411],[16.028186,45.802263],[16.027344,45.802718],[16.027344,45.802718],[16.026563,45.803067],[16.026009,45.803371],[16.025555,45.803603],[16.025322,45.80372],[16.024926,45.803918],[16.024619,45.804058],[16.024388,45.804142],[16.024268,45.804185],[16.024091,45.804223],[16.023646,45.804343],[16.023646,45.804343],[16.023512,45.804342],[16.0233,45.804352],[16.0231,45.804354],[16.022913,45.804354],[16.022681,45.804341],[16.02249,45.804329],[16.020691,45.804034],[16.020691,45.804034],[16.020352,45.803977],[16.019689,45.803856],[16.016932,45.803402],[16.016479,45.803322],[16.015651,45.803191],[16.015424,45.803151],[16.01532,45.803114],[16.01532,45.803114],[16.015198,45.803105],[16.015105,45.803105],[16.012906,45.802736],[16.011923,45.802574],[16.011572,45.802513],[16.011459,45.802496],[16.011391,45.802453],[16.011391,45.802453],[16.011257,45.802453],[16.011132,45.802431],[16.010092,45.802264],[16.00877,45.802046],[16.007913,45.801912],[16.007464,45.801838],[16.006728,45.801746],[16.00616,45.801682],[16.005215,45.801606],[16.004911,45.801577],[16.004683,45.80157],[16.004676,45.801551],[16.004673,45.801554],[16.004517,45.801554],[16.000079,45.80135],[16.000079,45.80135],[15.995443,45.801141],[15.99495,45.801973],[15.994951,45.801969],[15.994549,45.8027],[15.993981,45.803675],[15.99382,45.803995],[15.993741,45.804136],[15.993695,45.804253],[15.993635,45.804326],[15.993628,45.804386],[15.993628,45.804386],[15.993531,45.80447],[15.993258,45.80495],[15.992989,45.805409],[15.992751,45.805825],[15.992658,45.806006],[15.992523,45.806187],[15.992416,45.806228],[15.99235,45.806237],[15.99159,45.806109],[15.991435,45.806131],[15.991435,45.806131],[15.991384,45.806086],[15.990599,45.805968],[15.989991,45.805903],[15.989533,45.80585],[15.988088,45.805759],[15.984448,45.80557],[15.984441,45.80557],[15.983327,45.805492],[15.978451,45.805236],[15.978461,45.805234],[15.978233,45.805233],[15.978107,45.805309],[15.978065,45.805438],[15.978054,45.805582],[15.977954,45.805648],[15.977855,45.805681],[15.977777,45.805686],[15.97753,45.805668],[15.977196,45.805669],[15.97674,45.805661],[15.976522,45.805698],[15.97566,45.805675],[15.974485,45.805643],[15.974204,45.805643],[15.974162,45.8055],[15.974162,45.8055],[15.974135,45.805633],[15.973923,45.805637],[15.970686,45.805554],[15.969633,45.805525],[15.968445,45.805482],[15.967517,45.805468],[15.967108,45.805447],[15.9671,45.805513],[15.9671,45.805513],[15.967005,45.805455],[15.966827,45.805441],[15.966721,45.805449],[15.96653,45.805436],[15.966408,45.805427],[15.966335,45.805411],[15.966249,45.805345],[15.966098,45.805152],[15.965899,45.804881],[15.965554,45.804391],[15.965349,45.804056],[15.965027,45.803594],[15.964854,45.803371],[15.964787,45.803322],[15.963513,45.803402],[15.963513,45.803402],[15.963124,45.803449],[15.9629,45.803455],[15.962702,45.803417],[15.959664,45.801957],[15.959664,45.801957],[15.957554,45.800965],[15.957303,45.800843],[15.957066,45.800766],[15.956722,45.800645],[15.955672,45.800343],[15.954624,45.800105],[15.954486,45.800086],[15.954478,45.800106],[15.954478,45.800106],[15.954478,45.8001],[15.95437,45.800056],[15.951131,45.799545],[15.950283,45.79939],[15.949534,45.799208],[15.948626,45.798945],[15.947583,45.798583],[15.947028,45.798426],[15.947028,45.798426],[15.94677,45.798365],[15.945652,45.798156],[15.943426,45.797771],[15.942286,45.797669],[15.942276,45.797722],[15.942276,45.797722],[15.942286,45.797669],[15.941967,45.797629],[15.939152,45.797383],[15.939043,45.797372],[15.938933,45.797361],[15.938783,45.79735],[15.93841,45.797311],[15.938,45.797283],[15.937737,45.797255],[15.937643,45.797255]]}},{"type":"Feature","properties":{"shapeId":"2_8","routeName":"2","routeLong":"Črnomerec - Savišće"},"geometry":{"type":"LineString","coordinates":[[16.034915,45.789396],[16.035449,45.789938],[16.036258,45.790728],[16.036405,45.790727],[16.036405,45.790727],[16.036516,45.790971],[16.038063,45.792495],[16.038153,45.792573],[16.038153,45.792573],[16.038463,45.792945],[16.038585,45.793226],[16.038611,45.79358],[16.038479,45.794358],[16.038289,45.795481],[16.03815,45.796065],[16.037999,45.796365],[16.03739,45.797164],[16.03739,45.797164],[16.036813,45.797705],[16.036233,45.798143],[16.034438,45.799088],[16.034328,45.799168],[16.034325,45.799174],[16.03341,45.799601],[16.031037,45.800823],[16.031041,45.800821],[16.029876,45.801411],[16.028186,45.802263],[16.027344,45.802718],[16.027344,45.802718],[16.026563,45.803067],[16.026009,45.803371],[16.025555,45.803603],[16.025322,45.80372],[16.024926,45.803918],[16.024619,45.804058],[16.024388,45.804142],[16.024268,45.804185],[16.024091,45.804223],[16.023646,45.804343],[16.023646,45.804343],[16.023512,45.804342],[16.0233,45.804352],[16.0231,45.804354],[16.022913,45.804354],[16.022681,45.804341],[16.02249,45.804329],[16.020691,45.804034],[16.020691,45.804034],[16.020352,45.803977],[16.019689,45.803856],[16.016932,45.803402],[16.016479,45.803322],[16.015651,45.803191],[16.015424,45.803151],[16.01532,45.803114],[16.01532,45.803114],[16.015198,45.803105],[16.015105,45.803105],[16.012906,45.802736],[16.011923,45.802574],[16.011572,45.802513],[16.011459,45.802496],[16.011391,45.802453],[16.011391,45.802453],[16.011257,45.802453],[16.011132,45.802431],[16.010092,45.802264],[16.00877,45.802046],[16.007913,45.801912],[16.007464,45.801838],[16.006728,45.801746],[16.00616,45.801682],[16.005215,45.801606],[16.004911,45.801577],[16.004683,45.80157],[16.004676,45.801551],[16.004673,45.801554],[16.004517,45.801554],[16.000079,45.80135],[16.000079,45.80135],[15.995443,45.801141],[15.99495,45.801973],[15.994951,45.801969],[15.994549,45.8027],[15.993981,45.803675],[15.99382,45.803995],[15.993741,45.804136],[15.993695,45.804253],[15.993635,45.804326],[15.993628,45.804386],[15.993628,45.804386],[15.993531,45.80447],[15.993258,45.80495],[15.992989,45.805409],[15.992751,45.805825],[15.992658,45.806006],[15.992523,45.806187],[15.992416,45.806228],[15.99235,45.806237],[15.99159,45.806109],[15.991435,45.806131],[15.991435,45.806131],[15.991384,45.806086],[15.990599,45.805968],[15.989991,45.805903],[15.989533,45.80585],[15.988088,45.805759],[15.984448,45.80557],[15.984441,45.80557],[15.983327,45.805492],[15.978451,45.805236],[15.978461,45.805234],[15.978233,45.805233],[15.978107,45.805309],[15.978065,45.805438],[15.978054,45.805582],[15.977954,45.805648],[15.977855,45.805681],[15.977777,45.805686],[15.97753,45.805668],[15.977196,45.805669],[15.97674,45.805661],[15.976522,45.805698],[15.97566,45.805675],[15.974485,45.805643],[15.974204,45.805643],[15.974162,45.8055],[15.974162,45.8055],[15.974135,45.805633],[15.973923,45.805637],[15.970686,45.805554],[15.969633,45.805525],[15.968445,45.805482],[15.967517,45.805468],[15.967108,45.805447],[15.9671,45.805513],[15.9671,45.805513],[15.967002,45.805442],[15.965911,45.805425],[15.965367,45.805396],[15.965127,45.805397],[15.964957,45.80546],[15.963915,45.806188],[15.962042,45.807564],[15.962042,45.807564],[15.961795,45.807722],[15.961289,45.808006],[15.960846,45.808184],[15.960406,45.808369],[15.959996,45.808523],[15.959607,45.808655],[15.95915,45.808783],[15.958676,45.808907],[15.95813,45.809003],[15.957868,45.809026],[15.957595,45.809044],[15.957506,45.809018],[15.957506,45.809018],[15.957314,45.809051],[15.957116,45.809104],[15.957029,45.80922],[15.957043,45.809633],[15.957284,45.811638],[15.957452,45.812808],[15.957452,45.812808],[15.957405,45.812964],[15.957346,45.813089],[15.957208,45.813167],[15.957072,45.813205],[15.956876,45.813213],[15.956636,45.813214],[15.956457,45.813206],[15.956295,45.813196],[15.955865,45.813145],[15.95428,45.812807],[15.953776,45.812682],[15.953446,45.812611],[15.952511,45.812475],[15.952511,45.812475],[15.952477,45.812499],[15.952196,45.812499],[15.951069,45.812486],[15.950357,45.812475],[15.949848,45.812474],[15.949469,45.812461],[15.948948,45.812462],[15.948849,45.812495],[15.948849,45.812495],[15.948814,45.812462],[15.948708,45.812463],[15.948098,45.812437],[15.947483,45.812445],[15.94696,45.812485],[15.946764,45.812499],[15.946435,45.812564],[15.946122,45.81264],[15.945714,45.812748],[15.945376,45.812834],[15.94386,45.813141],[15.943199,45.813259],[15.942423,45.813399],[15.941464,45.813636],[15.941464,45.813636],[15.937855,45.814473],[15.936669,45.814761],[15.936123,45.814862],[15.935898,45.814867],[15.9354,45.81491],[15.935151,45.814925],[15.935027,45.814955],[15.934884,45.815066],[15.934749,45.81515],[15.934615,45.815246],[15.93449,45.815322],[15.934369,45.815364],[15.93432,45.815378],[15.934267,45.815379],[15.933924,45.8154]]}},{"type":"Feature","properties":{"shapeId":"2_9","routeName":"2","routeLong":"Črnomerec - Savišće"},"geometry":{"type":"LineString","coordinates":[[15.934527,45.815128],[15.935137,45.814875],[15.935552,45.814876],[15.936679,45.814713],[15.938544,45.814267],[15.941812,45.813503],[15.943049,45.813247],[15.943049,45.813247],[15.943275,45.813197],[15.943411,45.813158],[15.943576,45.813129],[15.943768,45.813096],[15.943994,45.813051],[15.944258,45.812989],[15.945306,45.812779],[15.94568,45.812682],[15.945804,45.812645],[15.946249,45.812525],[15.946705,45.812442],[15.947213,45.812385],[15.947768,45.81236],[15.94813,45.812368],[15.948322,45.812432],[15.948322,45.812432],[15.948577,45.812384],[15.949757,45.812396],[15.95091,45.812404],[15.951703,45.812418],[15.951958,45.81246],[15.951958,45.81246],[15.952212,45.812412],[15.952468,45.812422],[15.952963,45.81247],[15.953695,45.81259],[15.954432,45.812779],[15.954989,45.812897],[15.95574,45.813039],[15.956173,45.813102],[15.956489,45.81313],[15.956652,45.81314],[15.956774,45.813143],[15.95682,45.813117],[15.95682,45.813117],[15.956998,45.813131],[15.957228,45.813093],[15.957362,45.813003],[15.957378,45.812832],[15.957307,45.812225],[15.957279,45.811755],[15.957231,45.811457],[15.95718,45.811055],[15.957132,45.810581],[15.957116,45.810473],[15.957093,45.810256],[15.957054,45.809943],[15.957038,45.809848],[15.957095,45.809672],[15.957095,45.809672],[15.957006,45.809645],[15.956987,45.80944],[15.956992,45.809232],[15.957054,45.809119],[15.957142,45.809055],[15.957278,45.809023],[15.957466,45.809017],[15.957649,45.809004],[15.957874,45.808993],[15.958169,45.808958],[15.958464,45.808911],[15.958892,45.808819],[15.959155,45.808757],[15.959526,45.808653],[15.959881,45.808539],[15.959964,45.808508],[15.9603,45.808377],[15.960722,45.808215],[15.961008,45.808097],[15.961212,45.808011],[15.961441,45.807888],[15.961583,45.807816],[15.961583,45.807816],[15.961717,45.807733],[15.962019,45.807529],[15.962418,45.807246],[15.962856,45.806919],[15.963664,45.80634],[15.964151,45.805993],[15.96466,45.805631],[15.964962,45.805427],[15.965054,45.805375],[15.96515,45.805336],[15.965475,45.805349],[15.966015,45.805365],[15.96674,45.805375],[15.967134,45.805398],[15.967419,45.80541],[15.967537,45.805407],[15.967645,45.805359],[15.967645,45.805359],[15.967675,45.805414],[15.969018,45.805435],[15.971477,45.805515],[15.972368,45.805541],[15.973437,45.805581],[15.973663,45.805621],[15.973663,45.805621],[15.974033,45.805557],[15.974858,45.805585],[15.976135,45.805615],[15.976379,45.80562],[15.977079,45.80564],[15.977726,45.805647],[15.977819,45.805647],[15.977915,45.805608],[15.977991,45.805546],[15.978008,45.805426],[15.97803,45.805319],[15.978102,45.805245],[15.978185,45.805207],[15.97834,45.805192],[15.978941,45.805232],[15.979197,45.805235],[15.979272,45.805218],[15.979272,45.805218],[15.979295,45.805254],[15.979498,45.805265],[15.980968,45.805346],[15.982573,45.805435],[15.983386,45.805465],[15.983714,45.80549],[15.983765,45.805438],[15.983765,45.805438],[15.983974,45.805506],[15.984965,45.805563],[15.986119,45.805617],[15.987264,45.805691],[15.988584,45.805761],[15.989563,45.805814],[15.990475,45.805914],[15.991976,45.80614],[15.991976,45.80614],[15.992214,45.806179],[15.992349,45.806186],[15.992463,45.806163],[15.992518,45.806123],[15.993914,45.803723],[15.993914,45.803723],[15.994099,45.803398],[15.994275,45.803082],[15.994544,45.802636],[15.994708,45.802327],[15.994884,45.802017],[15.995015,45.801824],[15.995126,45.801614],[15.995276,45.80134],[15.99535,45.801232],[15.995482,45.80109],[15.995585,45.801076],[15.996429,45.801127],[15.996429,45.801127],[15.996454,45.801118],[15.999859,45.80128],[15.999829,45.801317],[15.999829,45.801317],[15.99985,45.801294],[16.003937,45.801492],[16.00392,45.80152],[16.00392,45.80152],[16.003962,45.801488],[16.004506,45.801516],[16.005079,45.801554],[16.005545,45.801592],[16.006097,45.801646],[16.006758,45.801709],[16.007231,45.801773],[16.008647,45.801992],[16.010502,45.802292],[16.010506,45.80231],[16.010498,45.802312],[16.011169,45.80242],[16.014683,45.803022],[16.014683,45.803022],[16.01716,45.803409],[16.019917,45.803884],[16.019924,45.803881],[16.021538,45.804137],[16.022087,45.804229],[16.022545,45.804289],[16.023255,45.804339],[16.023255,45.804339],[16.023604,45.804291],[16.023899,45.804243],[16.024257,45.804148],[16.024538,45.804056],[16.026014,45.803338],[16.026376,45.803158],[16.026812,45.802961],[16.026812,45.802961],[16.027013,45.802829],[16.028154,45.802242],[16.02939,45.801622],[16.029936,45.801338],[16.030538,45.801072],[16.030529,45.801076],[16.030714,45.800944],[16.03477,45.798859],[16.034773,45.79886],[16.035696,45.798413],[16.03621,45.798108],[16.036529,45.797875],[16.03679,45.79767],[16.037108,45.797385],[16.037561,45.796881],[16.037695,45.796791],[16.037695,45.796791],[16.037653,45.796738],[16.037768,45.796625],[16.038041,45.796236],[16.038122,45.796056],[16.038167,45.795758],[16.038302,45.795174],[16.0384,45.794505],[16.038479,45.794085],[16.038521,45.793774],[16.038561,45.793593],[16.038544,45.793128],[16.038544,45.793128],[16.038521,45.793099],[16.038463,45.793036],[16.038406,45.792933],[16.038038,45.792504],[16.037861,45.792354],[16.037459,45.791949],[16.037146,45.791649],[16.037157,45.791414],[16.037157,45.791414],[16.036932,45.791426],[16.034954,45.789527],[16.03446,45.789077]]}},{"type":"Feature","properties":{"shapeId":"31_11","routeName":"31","routeLong":"Črnomerec - Sav.most"},"geometry":{"type":"LineString","coordinates":[[16.028293,45.822355],[16.028193,45.822324],[16.023746,45.821366],[16.022077,45.820975],[16.022077,45.820975],[16.017515,45.819936],[16.01414,45.81916],[16.012275,45.818686],[16.012147,45.818619],[16.012147,45.818619],[16.011941,45.818602],[16.00957,45.81805],[16.007687,45.817611],[16.007569,45.817614],[16.007569,45.817614],[16.00747,45.817556],[16.005559,45.817108],[16.002953,45.816536],[16.002856,45.816524],[16.002856,45.816524],[16.002666,45.816472],[15.9978,45.815351],[15.997632,45.815283],[15.997632,45.815283],[15.996902,45.815028],[15.996608,45.814939],[15.996544,45.814909],[15.996509,45.814875],[15.996472,45.814796],[15.996484,45.814703],[15.996541,45.814617],[15.99665,45.81444],[15.996675,45.814346],[15.996572,45.814178],[15.995987,45.813507],[15.995511,45.812937],[15.995289,45.812689],[15.995166,45.812537],[15.994944,45.812282],[15.994794,45.812277],[15.994794,45.812277],[15.994847,45.812185],[15.99463,45.811943],[15.993747,45.810898],[15.992967,45.81002],[15.992967,45.81002],[15.99254,45.809527],[15.992137,45.809064],[15.991838,45.808729],[15.991695,45.808561],[15.991605,45.808301],[15.991592,45.808115],[15.991692,45.807594],[15.991692,45.807594],[15.991713,45.807397],[15.99184,45.807184],[15.991987,45.807002],[15.992111,45.806874],[15.993914,45.803723],[15.993914,45.803723],[15.993875,45.803773],[15.993967,45.803631],[15.995143,45.801579],[15.995535,45.800908],[15.995641,45.800718],[15.995892,45.800391],[15.995892,45.800391],[15.99631,45.799853],[15.998225,45.797399],[15.998659,45.796872],[15.998659,45.796872],[15.998761,45.796676],[16.001831,45.792731],[16.00193,45.792614],[16.002076,45.792431],[16.002163,45.792315],[16.002189,45.792272],[16.002182,45.792241],[16.002182,45.792241],[16.002267,45.792164],[16.002329,45.792065],[16.003364,45.790714],[16.003505,45.790551],[16.003798,45.790095],[16.003872,45.78989],[16.003997,45.789633],[16.004085,45.789393],[16.004186,45.788957],[16.004206,45.788572],[16.004206,45.788572],[16.004224,45.788355],[16.004197,45.787944],[16.004121,45.787454],[16.004103,45.787398],[16.004089,45.787348],[16.003897,45.786882],[16.003874,45.786846],[16.003754,45.786623],[16.003471,45.786117],[16.003324,45.785839],[16.003115,45.785492],[16.00302,45.785349],[16.002467,45.784381],[16.0024,45.784247],[16.002285,45.784082],[16.001937,45.783481],[16.001804,45.78326],[16.001498,45.782627],[16.00139,45.782402],[16.001335,45.782254],[16.001291,45.78215],[16.001275,45.782048],[16.001282,45.781892],[16.001282,45.781892],[16.001255,45.781662],[16.00124,45.781436],[16.001226,45.781205],[16.00124,45.780976],[16.001268,45.780803],[16.001293,45.780702],[16.001358,45.780421],[16.001594,45.779674],[16.001814,45.779014],[16.001853,45.778963],[16.001853,45.778963],[16.001838,45.778913],[16.001875,45.778817],[16.001934,45.778699],[16.001962,45.77861],[16.001955,45.778494],[16.001896,45.778334],[16.001742,45.778226],[16.001643,45.778161],[16.001454,45.77811],[16.000917,45.7781],[15.999799,45.778074],[15.999799,45.778074],[15.998718,45.778043],[15.996564,45.777992],[15.995799,45.777982],[15.995799,45.777982],[15.994771,45.777943],[15.992682,45.777889],[15.990536,45.777824],[15.989539,45.777801],[15.989331,45.777817],[15.989331,45.777817],[15.989243,45.777796],[15.988918,45.777783],[15.987625,45.777749],[15.984568,45.777674],[15.984568,45.777674],[15.983783,45.777647],[15.981003,45.777566],[15.980855,45.777606],[15.980849,45.777609],[15.980832,45.77757],[15.970879,45.777307],[15.970879,45.777307],[15.970678,45.777287],[15.964722,45.777129],[15.964732,45.777126],[15.962003,45.777077],[15.961198,45.777065],[15.959769,45.777075],[15.957826,45.777105],[15.956795,45.777144],[15.956305,45.777166],[15.956305,45.777166],[15.95532,45.77718],[15.95426,45.77721],[15.953605,45.777217],[15.953359,45.777244],[15.953146,45.777384],[15.952985,45.777517],[15.952874,45.777636],[15.952867,45.777708],[15.952862,45.777917],[15.95286,45.778047],[15.952823,45.778058],[15.952823,45.778058],[15.95289,45.778653],[15.952823,45.779337],[15.952563,45.780878],[15.952285,45.782299],[15.952073,45.78349],[15.951891,45.784469],[15.951774,45.785167],[15.951695,45.785671],[15.951693,45.785892],[15.951734,45.786353],[15.951734,45.786353],[15.951953,45.78655],[15.952289,45.786692],[15.952801,45.786796],[15.953084,45.786848],[15.953202,45.786844],[15.95338,45.786774],[15.953435,45.786636],[15.952446,45.78508]]}},{"type":"Feature","properties":{"shapeId":"31_17","routeName":"31","routeLong":"Črnomerec - Sav.most"},"geometry":{"type":"LineString","coordinates":[[15.953324,45.786301],[15.953601,45.786652],[15.953608,45.786768],[15.953564,45.786846],[15.953447,45.786907],[15.953292,45.786922],[15.95284,45.786842],[15.952525,45.786775],[15.952366,45.786778],[15.952366,45.786778],[15.952331,45.786751],[15.951926,45.786599],[15.951697,45.786365],[15.951614,45.786033],[15.951695,45.785217],[15.951946,45.783878],[15.952239,45.782325],[15.952475,45.780936],[15.952657,45.780054],[15.952726,45.779688],[15.952782,45.779154],[15.952779,45.778499],[15.952803,45.777672],[15.952803,45.777672],[15.952777,45.777624],[15.952793,45.777544],[15.952916,45.777416],[15.953199,45.777195],[15.95456,45.777142],[15.956662,45.777104],[15.956772,45.777115],[15.956772,45.777115],[15.957155,45.777094],[15.958361,45.777057],[15.960207,45.777021],[15.961939,45.77704],[15.965177,45.77709],[15.965216,45.77713],[15.965216,45.77713],[15.965299,45.777093],[15.968359,45.777181],[15.971358,45.777283],[15.971468,45.777288],[15.971457,45.777289],[15.979522,45.777486],[15.97959,45.777532],[15.979589,45.777529],[15.979606,45.7775],[15.983729,45.777602],[15.986631,45.777686],[15.986675,45.777699],[15.986805,45.777694],[15.986968,45.777697],[15.987402,45.777721],[15.990016,45.777786],[15.991631,45.777815],[15.991551,45.777865],[15.991545,45.777868],[15.991643,45.777813],[15.997854,45.777976],[15.997858,45.777981],[16.000301,45.77805],[16.000919,45.778061],[16.000886,45.778085],[16.000886,45.778085],[16.000932,45.778066],[16.001415,45.77807],[16.001573,45.778106],[16.001657,45.77812],[16.001785,45.778187],[16.001894,45.778289],[16.001992,45.778392],[16.002013,45.778558],[16.001726,45.779448],[16.001726,45.779448],[16.001673,45.77963],[16.001629,45.779708],[16.001508,45.780069],[16.001379,45.780496],[16.001307,45.780752],[16.001304,45.781103],[16.001288,45.781371],[16.001313,45.78164],[16.001356,45.781966],[16.001418,45.782223],[16.001453,45.782341],[16.001453,45.782341],[16.001533,45.78257],[16.001883,45.783301],[16.001956,45.783414],[16.002248,45.783912],[16.002653,45.784608],[16.00277,45.784819],[16.002993,45.785216],[16.00318,45.785489],[16.003603,45.786248],[16.003844,45.786701],[16.003954,45.786893],[16.004014,45.787008],[16.004078,45.78722],[16.004119,45.787312],[16.004186,45.787633],[16.004248,45.787891],[16.004271,45.788199],[16.004261,45.788804],[16.004261,45.788804],[16.004177,45.789244],[16.004057,45.789657],[16.00389,45.790043],[16.003454,45.790701],[16.002438,45.791978],[16.002438,45.791978],[16.002198,45.792349],[15.999305,45.796068],[15.999169,45.796197],[15.998879,45.796575],[15.998878,45.79662],[15.998878,45.79662],[15.99877,45.796752],[15.998221,45.797478],[15.997898,45.797886],[15.997432,45.798483],[15.996906,45.799153],[15.996441,45.799756],[15.995966,45.800368],[15.995676,45.800752],[15.994951,45.801969],[15.994951,45.801969],[15.994549,45.8027],[15.993981,45.803675],[15.99382,45.803995],[15.993741,45.804136],[15.993695,45.804253],[15.993635,45.804326],[15.993628,45.804386],[15.993628,45.804386],[15.993505,45.804519],[15.993457,45.804584],[15.993381,45.804731],[15.992989,45.805402],[15.992649,45.806027],[15.992439,45.806355],[15.99219,45.806831],[15.992086,45.806975],[15.991991,45.807105],[15.991878,45.80727],[15.991765,45.807435],[15.991703,45.807904],[15.991698,45.808028],[15.991698,45.808113],[15.991698,45.808113],[15.991668,45.808331],[15.991714,45.808487],[15.991829,45.808653],[15.992073,45.808937],[15.993114,45.81011],[15.993648,45.810743],[15.99386,45.810915],[15.99386,45.810915],[15.993927,45.811061],[15.994067,45.81121],[15.994334,45.81153],[15.994614,45.811842],[15.996521,45.814055],[15.996521,45.814055],[15.996676,45.814216],[15.996724,45.814241],[15.997382,45.814475],[15.99749,45.814524],[15.997532,45.814577],[15.997499,45.814692],[15.99741,45.814841],[15.997343,45.81498],[15.9974,45.815082],[15.997559,45.81517],[15.997764,45.815233],[16.003062,45.81645],[16.003352,45.816526],[16.003453,45.816551],[16.003533,45.816592],[16.003533,45.816592],[16.003752,45.816607],[16.008159,45.817623],[16.008156,45.817625],[16.012255,45.818578],[16.014085,45.819036],[16.014089,45.81903],[16.015128,45.819288],[16.017858,45.819921],[16.020959,45.820631],[16.022278,45.820928],[16.022726,45.821041],[16.022729,45.821047],[16.022722,45.821022],[16.022722,45.821022],[16.022874,45.821085],[16.023636,45.821265],[16.027491,45.822078],[16.027491,45.822078],[16.031759,45.823022],[16.033175,45.823331],[16.034729,45.823653],[16.035118,45.823703],[16.035361,45.823753],[16.035587,45.823793],[16.035688,45.823818]]}},{"type":"Feature","properties":{"shapeId":"31_18","routeName":"31","routeLong":"Črnomerec - Sav.most"},"geometry":{"type":"LineString","coordinates":[[15.934931,45.815001],[15.935038,45.814902],[15.935167,45.814839],[15.935297,45.814833],[15.935513,45.814836],[15.935759,45.814809],[15.936073,45.814785],[15.936591,45.81468],[15.938314,45.814305],[15.938878,45.814175],[15.940265,45.81384],[15.941619,45.81353],[15.94213,45.8134],[15.942623,45.8133],[15.942918,45.813253],[15.943049,45.813247],[15.943049,45.813247],[15.943275,45.813197],[15.943411,45.813158],[15.943576,45.813129],[15.943768,45.813096],[15.943994,45.813051],[15.944258,45.812989],[15.945306,45.812779],[15.94568,45.812682],[15.945804,45.812645],[15.946249,45.812525],[15.946705,45.812442],[15.947213,45.812385],[15.947768,45.81236],[15.94813,45.812368],[15.948322,45.812432],[15.948322,45.812432],[15.948577,45.812384],[15.949757,45.812396],[15.95091,45.812404],[15.951703,45.812418],[15.951958,45.81246],[15.951958,45.81246],[15.952212,45.812412],[15.952468,45.812422],[15.952963,45.81247],[15.953695,45.81259],[15.954432,45.812779],[15.954989,45.812897],[15.95574,45.813039],[15.956173,45.813102],[15.956489,45.81313],[15.956652,45.81314],[15.956774,45.813143],[15.95682,45.813117],[15.95682,45.813117],[15.956973,45.813134],[15.95714,45.813157],[15.957604,45.813144],[15.95796,45.813121],[15.958318,45.81311],[15.958854,45.813075],[15.959193,45.813041],[15.959582,45.812993],[15.960893,45.812727],[15.961752,45.812549],[15.962837,45.812321],[15.962977,45.812295],[15.963081,45.812333],[15.963081,45.812333],[15.963169,45.812269],[15.963316,45.812268],[15.963666,45.812271],[15.963904,45.812316],[15.964231,45.812381],[15.964931,45.812576],[15.965659,45.81278],[15.966683,45.813027],[15.967434,45.813163],[15.96833,45.813253],[15.969049,45.813289],[15.969413,45.813252],[15.969422,45.813251],[15.969399,45.813299],[15.969396,45.813293],[15.970403,45.813251],[15.971011,45.813225],[15.971824,45.81317],[15.973019,45.813134],[15.974284,45.813069],[15.974452,45.813052],[15.974745,45.813044],[15.975694,45.813042],[15.976134,45.813039],[15.976859,45.812952],[15.977081,45.812895],[15.977339,45.812859],[15.977313,45.812908],[15.977313,45.812908],[15.977385,45.812833],[15.97746,45.81281],[15.977539,45.812766],[15.977576,45.812664],[15.977587,45.812519],[15.977553,45.81244],[15.977514,45.812127],[15.977477,45.811957],[15.977402,45.811435],[15.977745,45.809],[15.977738,45.808884],[15.977738,45.808884],[15.977767,45.808893],[15.977886,45.80802],[15.977907,45.807543],[15.977924,45.806963],[15.977972,45.806353],[15.977981,45.806241],[15.977993,45.806155],[15.978003,45.805823],[15.978008,45.805608],[15.978028,45.805352],[15.978072,45.805281],[15.978164,45.805229],[15.978238,45.805206],[15.979258,45.805259],[15.979272,45.805218],[15.979272,45.805218],[15.979295,45.805254],[15.979498,45.805265],[15.980968,45.805346],[15.982573,45.805435],[15.983386,45.805465],[15.983714,45.80549],[15.983765,45.805438],[15.983765,45.805438],[15.983974,45.805506],[15.984965,45.805563],[15.986119,45.805617],[15.987264,45.805691],[15.988584,45.805761],[15.989563,45.805814],[15.990475,45.805914],[15.991976,45.80614],[15.991976,45.80614],[15.992186,45.806176],[15.992322,45.806235],[15.992396,45.806302],[15.9924,45.806406],[15.992255,45.806731],[15.992164,45.806873],[15.992116,45.806945],[15.992044,45.807013],[15.991959,45.80709],[15.991878,45.807179],[15.991825,45.807271],[15.991781,45.807355],[15.991744,45.807451],[15.991714,45.807578],[15.991672,45.808162],[15.991698,45.808113],[15.991698,45.808113],[15.991668,45.808331],[15.991714,45.808487],[15.991829,45.808653],[15.992073,45.808937],[15.993114,45.81011],[15.993648,45.810743],[15.99386,45.810915],[15.99386,45.810915],[15.993927,45.811061],[15.994067,45.81121],[15.994334,45.81153],[15.994614,45.811842],[15.996521,45.814055],[15.996521,45.814055],[15.996676,45.814216],[15.996724,45.814241],[15.997382,45.814475],[15.99749,45.814524],[15.997532,45.814577],[15.997499,45.814692],[15.99741,45.814841],[15.997343,45.81498],[15.9974,45.815082],[15.997559,45.81517],[15.997764,45.815233],[16.003062,45.81645],[16.003352,45.816526],[16.003453,45.816551],[16.003533,45.816592],[16.003533,45.816592],[16.003752,45.816607],[16.008159,45.817623],[16.008156,45.817625],[16.012255,45.818578],[16.014085,45.819036],[16.014089,45.81903],[16.015128,45.819288],[16.017858,45.819921],[16.020959,45.820631],[16.022278,45.820928],[16.022726,45.821041],[16.022729,45.821047],[16.022722,45.821022],[16.022722,45.821022],[16.022874,45.821085],[16.023636,45.821265],[16.027491,45.822078],[16.027491,45.822078],[16.031759,45.823022],[16.033175,45.823331],[16.034729,45.823653],[16.035118,45.823703],[16.035361,45.823753],[16.035587,45.823793],[16.035688,45.823818]]}},{"type":"Feature","properties":{"shapeId":"31_2","routeName":"31","routeLong":"Črnomerec - Sav.most"},"geometry":{"type":"LineString","coordinates":[[15.934931,45.815001],[15.935038,45.814902],[15.935167,45.814839],[15.935297,45.814833],[15.935513,45.814836],[15.935759,45.814809],[15.936073,45.814785],[15.936591,45.81468],[15.938314,45.814305],[15.938878,45.814175],[15.940265,45.81384],[15.941619,45.81353],[15.94213,45.8134],[15.942623,45.8133],[15.942918,45.813253],[15.943049,45.813247],[15.943049,45.813247],[15.943275,45.813197],[15.943411,45.813158],[15.943576,45.813129],[15.943768,45.813096],[15.943994,45.813051],[15.944258,45.812989],[15.945306,45.812779],[15.94568,45.812682],[15.945804,45.812645],[15.946249,45.812525],[15.946705,45.812442],[15.947213,45.812385],[15.947768,45.81236],[15.94813,45.812368],[15.948322,45.812432],[15.948322,45.812432],[15.948577,45.812384],[15.949757,45.812396],[15.95091,45.812404],[15.951703,45.812418],[15.951958,45.81246],[15.951958,45.81246],[15.952212,45.812412],[15.952468,45.812422],[15.952963,45.81247],[15.953695,45.81259],[15.954432,45.812779],[15.954989,45.812897],[15.95574,45.813039],[15.956173,45.813102],[15.956489,45.81313],[15.956652,45.81314],[15.956774,45.813143],[15.95682,45.813117],[15.95682,45.813117],[15.956973,45.813134],[15.95714,45.813157],[15.957604,45.813144],[15.95796,45.813121],[15.958318,45.81311],[15.958854,45.813075],[15.959193,45.813041],[15.959582,45.812993],[15.960893,45.812727],[15.961752,45.812549],[15.962837,45.812321],[15.962977,45.812295],[15.963081,45.812333],[15.963081,45.812333],[15.963169,45.812269],[15.963316,45.812268],[15.963666,45.812271],[15.963904,45.812316],[15.964231,45.812381],[15.964931,45.812576],[15.965659,45.81278],[15.966683,45.813027],[15.967434,45.813163],[15.96833,45.813253],[15.969049,45.813289],[15.969413,45.813252],[15.969422,45.813251],[15.969399,45.813299],[15.969396,45.813293],[15.970403,45.813251],[15.971011,45.813225],[15.971824,45.81317],[15.973019,45.813134],[15.974284,45.813069],[15.974452,45.813052],[15.974745,45.813044],[15.975694,45.813042],[15.976134,45.813039],[15.976859,45.812952],[15.977081,45.812895],[15.977339,45.812859],[15.977313,45.812908],[15.977313,45.812908],[15.977385,45.812833],[15.97746,45.81281],[15.977539,45.812766],[15.977576,45.812664],[15.977587,45.812519],[15.977553,45.81244],[15.977514,45.812127],[15.977477,45.811957],[15.977402,45.811435],[15.977745,45.809],[15.977738,45.808884],[15.977738,45.808884],[15.977767,45.808893],[15.977886,45.80802],[15.977907,45.807543],[15.977924,45.806963],[15.977972,45.806353],[15.977981,45.806241],[15.977993,45.806155],[15.978003,45.805823],[15.978008,45.805608],[15.978028,45.805352],[15.978072,45.805281],[15.978164,45.805229],[15.978238,45.805206],[15.979258,45.805259],[15.979272,45.805218],[15.979272,45.805218],[15.979295,45.805254],[15.979498,45.805265],[15.980968,45.805346],[15.982573,45.805435],[15.983386,45.805465],[15.983714,45.80549],[15.983765,45.805438],[15.983765,45.805438],[15.983974,45.805506],[15.984965,45.805563],[15.986119,45.805617],[15.987264,45.805691],[15.988584,45.805761],[15.989563,45.805814],[15.990475,45.805914],[15.991976,45.80614],[15.991976,45.80614],[15.992214,45.806179],[15.992349,45.806186],[15.992463,45.806163],[15.992518,45.806123],[15.993914,45.803723],[15.993914,45.803723],[15.993875,45.803773],[15.993967,45.803631],[15.995143,45.801579],[15.995535,45.800908],[15.995641,45.800718],[15.995892,45.800391],[15.995892,45.800391],[15.99631,45.799853],[15.998225,45.797399],[15.998659,45.796872],[15.998659,45.796872],[15.998761,45.796676],[16.001831,45.792731],[16.00193,45.792614],[16.002076,45.792431],[16.002163,45.792315],[16.002189,45.792272],[16.002182,45.792241],[16.002182,45.792241],[16.002267,45.792164],[16.002329,45.792065],[16.003364,45.790714],[16.003505,45.790551],[16.003798,45.790095],[16.003872,45.78989],[16.003997,45.789633],[16.004085,45.789393],[16.004186,45.788957],[16.004206,45.788572],[16.004206,45.788572],[16.004224,45.788355],[16.004197,45.787944],[16.004121,45.787454],[16.004103,45.787398],[16.004089,45.787348],[16.003897,45.786882],[16.003874,45.786846],[16.003754,45.786623],[16.003471,45.786117],[16.003324,45.785839],[16.003115,45.785492],[16.00302,45.785349],[16.002467,45.784381],[16.0024,45.784247],[16.002285,45.784082],[16.001937,45.783481],[16.001804,45.78326],[16.001498,45.782627],[16.00139,45.782402],[16.001335,45.782254],[16.001291,45.78215],[16.001275,45.782048],[16.001282,45.781892],[16.001282,45.781892],[16.001255,45.781662],[16.00124,45.781436],[16.001226,45.781205],[16.00124,45.780976],[16.001268,45.780803],[16.001293,45.780702],[16.001358,45.780421],[16.001594,45.779674],[16.001814,45.779014],[16.001853,45.778963],[16.001853,45.778963],[16.001838,45.778913],[16.001875,45.778817],[16.001934,45.778699],[16.001962,45.77861],[16.001955,45.778494],[16.001896,45.778334],[16.001742,45.778226],[16.001643,45.778161],[16.001454,45.77811],[16.000917,45.7781],[15.999799,45.778074],[15.999799,45.778074],[15.998718,45.778043],[15.996564,45.777992],[15.995799,45.777982],[15.995799,45.777982],[15.994771,45.777943],[15.992682,45.777889],[15.990536,45.777824],[15.989539,45.777801],[15.989331,45.777817],[15.989331,45.777817],[15.989243,45.777796],[15.988918,45.777783],[15.987625,45.777749],[15.984568,45.777674],[15.984568,45.777674],[15.983783,45.777647],[15.981003,45.777566],[15.980855,45.777606],[15.980849,45.777609],[15.980832,45.77757],[15.970879,45.777307],[15.970879,45.777307],[15.970678,45.777287],[15.964722,45.777129],[15.964732,45.777126],[15.962003,45.777077],[15.961198,45.777065],[15.959769,45.777075],[15.957826,45.777105],[15.956795,45.777144],[15.956305,45.777166],[15.956305,45.777166],[15.95532,45.77718],[15.95426,45.77721],[15.953605,45.777217],[15.953359,45.777244],[15.953146,45.777384],[15.952985,45.777517],[15.952874,45.777636],[15.952867,45.777708],[15.952862,45.777917],[15.95286,45.778047],[15.952823,45.778058],[15.952823,45.778058],[15.95289,45.778653],[15.952823,45.779337],[15.952563,45.780878],[15.952285,45.782299],[15.952073,45.78349],[15.951891,45.784469],[15.951774,45.785167],[15.951695,45.785671],[15.951693,45.785892],[15.951734,45.786353],[15.951734,45.786353],[15.951953,45.78655],[15.952289,45.786692],[15.952801,45.786796],[15.953084,45.786848],[15.953202,45.786844],[15.95338,45.786774],[15.953435,45.786636],[15.952446,45.78508]]}},{"type":"Feature","properties":{"shapeId":"31_3","routeName":"31","routeLong":"Črnomerec - Sav.most"},"geometry":{"type":"LineString","coordinates":[[15.953324,45.786301],[15.953601,45.786652],[15.953608,45.786768],[15.953564,45.786846],[15.953447,45.786907],[15.953292,45.786922],[15.95284,45.786842],[15.952525,45.786775],[15.952366,45.786778],[15.952366,45.786778],[15.952331,45.786751],[15.951926,45.786599],[15.951697,45.786365],[15.951614,45.786033],[15.951695,45.785217],[15.951946,45.783878],[15.952239,45.782325],[15.952475,45.780936],[15.952657,45.780054],[15.952726,45.779688],[15.952782,45.779154],[15.952779,45.778499],[15.952803,45.777672],[15.952803,45.777672],[15.952777,45.777624],[15.952793,45.777544],[15.952916,45.777416],[15.953199,45.777195],[15.95456,45.777142],[15.956662,45.777104],[15.956772,45.777115],[15.956772,45.777115],[15.957155,45.777094],[15.958361,45.777057],[15.960207,45.777021],[15.961939,45.77704],[15.965177,45.77709],[15.965216,45.77713],[15.965216,45.77713],[15.965299,45.777093],[15.968359,45.777181],[15.971358,45.777283],[15.971468,45.777288],[15.971457,45.777289],[15.979522,45.777486],[15.97959,45.777532],[15.979589,45.777529],[15.979606,45.7775],[15.983729,45.777602],[15.986631,45.777686],[15.986675,45.777699],[15.986805,45.777694],[15.986968,45.777697],[15.987402,45.777721],[15.990016,45.777786],[15.991631,45.777815],[15.991551,45.777865],[15.991545,45.777868],[15.991643,45.777813],[15.997854,45.777976],[15.997858,45.777981],[16.000301,45.77805],[16.000919,45.778061],[16.000886,45.778085],[16.000886,45.778085],[16.000932,45.778066],[16.001415,45.77807],[16.001573,45.778106],[16.001657,45.77812],[16.001785,45.778187],[16.001894,45.778289],[16.001992,45.778392],[16.002013,45.778558],[16.001726,45.779448],[16.001726,45.779448],[16.001673,45.77963],[16.001629,45.779708],[16.001508,45.780069],[16.001379,45.780496],[16.001307,45.780752],[16.001304,45.781103],[16.001288,45.781371],[16.001313,45.78164],[16.001356,45.781966],[16.001418,45.782223],[16.001453,45.782341],[16.001453,45.782341],[16.001533,45.78257],[16.001883,45.783301],[16.001956,45.783414],[16.002248,45.783912],[16.002653,45.784608],[16.00277,45.784819],[16.002993,45.785216],[16.00318,45.785489],[16.003603,45.786248],[16.003844,45.786701],[16.003954,45.786893],[16.004014,45.787008],[16.004078,45.78722],[16.004119,45.787312],[16.004186,45.787633],[16.004248,45.787891],[16.004271,45.788199],[16.004261,45.788804],[16.004261,45.788804],[16.004177,45.789244],[16.004057,45.789657],[16.00389,45.790043],[16.003454,45.790701],[16.002438,45.791978],[16.002438,45.791978],[16.002198,45.792349],[15.999305,45.796068],[15.999169,45.796197],[15.998879,45.796575],[15.998878,45.79662],[15.998878,45.79662],[15.99877,45.796752],[15.998221,45.797478],[15.997898,45.797886],[15.997432,45.798483],[15.996906,45.799153],[15.996441,45.799756],[15.995966,45.800368],[15.995676,45.800752],[15.994951,45.801969],[15.994951,45.801969],[15.994549,45.8027],[15.993981,45.803675],[15.99382,45.803995],[15.993741,45.804136],[15.993695,45.804253],[15.993635,45.804326],[15.993628,45.804386],[15.993628,45.804386],[15.993531,45.80447],[15.993258,45.80495],[15.992989,45.805409],[15.992751,45.805825],[15.992658,45.806006],[15.992523,45.806187],[15.992416,45.806228],[15.99235,45.806237],[15.99159,45.806109],[15.991435,45.806131],[15.991435,45.806131],[15.991384,45.806086],[15.990599,45.805968],[15.989991,45.805903],[15.989533,45.80585],[15.988088,45.805759],[15.984448,45.80557],[15.984441,45.80557],[15.983327,45.805492],[15.978451,45.805236],[15.978461,45.805234],[15.978355,45.805236],[15.97822,45.805235],[15.978134,45.80526],[15.97809,45.805337],[15.978074,45.805424],[15.977934,45.808324],[15.977823,45.809171],[15.977823,45.809171],[15.977494,45.811196],[15.977476,45.811503],[15.977473,45.811672],[15.977498,45.81176],[15.977647,45.812628],[15.97761,45.812731],[15.977599,45.812784],[15.977523,45.812846],[15.977437,45.812871],[15.977248,45.812911],[15.977055,45.812937],[15.976739,45.813001],[15.976456,45.81304],[15.976546,45.813027],[15.976611,45.813013],[15.97662,45.813011],[15.976341,45.813056],[15.976235,45.813064],[15.975502,45.813075],[15.974553,45.813077],[15.97311,45.81318],[15.97132,45.813234],[15.970426,45.813286],[15.969562,45.813303],[15.968627,45.81327],[15.968627,45.81327],[15.968496,45.813275],[15.96809,45.81326],[15.967519,45.813184],[15.966791,45.813071],[15.965849,45.812831],[15.965836,45.812833],[15.964841,45.812588],[15.964698,45.812511],[15.964726,45.812423],[15.964726,45.812423],[15.964714,45.812521],[15.964636,45.812526],[15.964242,45.812412],[15.963987,45.812369],[15.963676,45.812309],[15.963494,45.812288],[15.963311,45.812301],[15.962634,45.812408],[15.961766,45.812593],[15.96066,45.812837],[15.960229,45.812923],[15.959531,45.813052],[15.95917,45.813096],[15.958818,45.813132],[15.958594,45.813143],[15.957786,45.813171],[15.957786,45.813171],[15.957019,45.813206],[15.956579,45.813208],[15.956238,45.813184],[15.955938,45.813161],[15.954699,45.812911],[15.954368,45.812834],[15.954308,45.81281],[15.954239,45.8128],[15.953918,45.812708],[15.953789,45.81268],[15.953179,45.812564],[15.952887,45.812526],[15.952537,45.812523],[15.952511,45.812475],[15.952511,45.812475],[15.952477,45.812499],[15.952196,45.812499],[15.951069,45.812486],[15.950357,45.812475],[15.949848,45.812474],[15.949469,45.812461],[15.948948,45.812462],[15.948849,45.812495],[15.948849,45.812495],[15.948814,45.812462],[15.948708,45.812463],[15.948098,45.812437],[15.947483,45.812445],[15.94696,45.812485],[15.946764,45.812499],[15.946435,45.812564],[15.946122,45.81264],[15.945714,45.812748],[15.945376,45.812834],[15.94386,45.813141],[15.943199,45.813259],[15.942423,45.813399],[15.941464,45.813636],[15.941464,45.813636],[15.937855,45.814473],[15.936669,45.814761],[15.936123,45.814862],[15.935898,45.814867],[15.9354,45.81491],[15.935151,45.814925],[15.935027,45.814955],[15.934884,45.815066],[15.934749,45.81515],[15.934615,45.815246],[15.93449,45.815322],[15.934369,45.815364],[15.93432,45.815378],[15.934267,45.815379],[15.933924,45.8154]]}},{"type":"Feature","properties":{"shapeId":"31_4","routeName":"31","routeLong":"Črnomerec - Sav.most"},"geometry":{"type":"LineString","coordinates":[[15.953324,45.786301],[15.953601,45.786652],[15.953608,45.786768],[15.953564,45.786846],[15.953447,45.786907],[15.953292,45.786922],[15.95284,45.786842],[15.952525,45.786775],[15.952366,45.786778],[15.952366,45.786778],[15.952331,45.786751],[15.951926,45.786599],[15.951697,45.786365],[15.951614,45.786033],[15.951695,45.785217],[15.951946,45.783878],[15.952239,45.782325],[15.952475,45.780936],[15.952657,45.780054],[15.952726,45.779688],[15.952782,45.779154],[15.952779,45.778499],[15.952803,45.777672],[15.952803,45.777672],[15.952777,45.777624],[15.952793,45.777544],[15.952916,45.777416],[15.953199,45.777195],[15.95456,45.777142],[15.956662,45.777104],[15.956772,45.777115],[15.956772,45.777115],[15.957155,45.777094],[15.958361,45.777057],[15.960207,45.777021],[15.961939,45.77704],[15.965177,45.77709],[15.965216,45.77713],[15.965216,45.77713],[15.965299,45.777093],[15.968359,45.777181],[15.971358,45.777283],[15.971468,45.777288],[15.971457,45.777289],[15.979522,45.777486],[15.97959,45.777532],[15.979589,45.777529],[15.979606,45.7775],[15.983729,45.777602],[15.986631,45.777686],[15.986675,45.777699],[15.986805,45.777694],[15.986968,45.777697],[15.987402,45.777721],[15.990016,45.777786],[15.991631,45.777815],[15.991551,45.777865],[15.991545,45.777868],[15.991643,45.777813],[15.997854,45.777976],[15.997858,45.777981],[16.000301,45.77805],[16.000919,45.778061],[16.000886,45.778085],[16.000886,45.778085],[16.000932,45.778066],[16.001415,45.77807],[16.001573,45.778106],[16.001657,45.77812],[16.001785,45.778187],[16.001894,45.778289],[16.001992,45.778392],[16.002013,45.778558],[16.001726,45.779448],[16.001726,45.779448],[16.001673,45.77963],[16.001629,45.779708],[16.001508,45.780069],[16.001379,45.780496],[16.001307,45.780752],[16.001304,45.781103],[16.001288,45.781371],[16.001313,45.78164],[16.001356,45.781966],[16.001418,45.782223],[16.001453,45.782341],[16.001453,45.782341],[16.001533,45.78257],[16.001883,45.783301],[16.001956,45.783414],[16.002248,45.783912],[16.002653,45.784608],[16.00277,45.784819],[16.002993,45.785216],[16.00318,45.785489],[16.003603,45.786248],[16.003844,45.786701],[16.003954,45.786893],[16.004014,45.787008],[16.004078,45.78722],[16.004119,45.787312],[16.004186,45.787633],[16.004248,45.787891],[16.004271,45.788199],[16.004261,45.788804],[16.004261,45.788804],[16.004177,45.789244],[16.004057,45.789657],[16.00389,45.790043],[16.003454,45.790701],[16.002438,45.791978],[16.002438,45.791978],[16.002198,45.792349],[15.999305,45.796068],[15.999169,45.796197],[15.998879,45.796575],[15.998878,45.79662],[15.998878,45.79662],[15.99877,45.796752],[15.998221,45.797478],[15.997898,45.797886],[15.997432,45.798483],[15.996906,45.799153],[15.996441,45.799756],[15.995966,45.800368],[15.995676,45.800752],[15.994951,45.801969],[15.994951,45.801969],[15.994549,45.8027],[15.993981,45.803675],[15.99382,45.803995],[15.993741,45.804136],[15.993695,45.804253],[15.993635,45.804326],[15.993628,45.804386],[15.993628,45.804386],[15.993531,45.80447],[15.993258,45.80495],[15.992989,45.805409],[15.992751,45.805825],[15.992658,45.806006],[15.992523,45.806187],[15.992416,45.806228],[15.99235,45.806237],[15.99159,45.806109],[15.991435,45.806131],[15.991435,45.806131],[15.991384,45.806086],[15.990599,45.805968],[15.989991,45.805903],[15.989533,45.80585],[15.988088,45.805759],[15.984448,45.80557],[15.984441,45.80557],[15.983327,45.805492],[15.978451,45.805236],[15.978461,45.805234],[15.978355,45.805236],[15.97822,45.805235],[15.978134,45.80526],[15.97809,45.805337],[15.978074,45.805424],[15.977934,45.808324],[15.977823,45.809171],[15.977823,45.809171],[15.977494,45.811196],[15.977476,45.811503],[15.977473,45.811672],[15.977498,45.81176],[15.977647,45.812628],[15.97761,45.812731],[15.977599,45.812784],[15.977523,45.812846],[15.977437,45.812871],[15.977248,45.812911],[15.977055,45.812937],[15.976739,45.813001],[15.976456,45.81304],[15.976546,45.813027],[15.976611,45.813013],[15.97662,45.813011],[15.976341,45.813056],[15.976235,45.813064],[15.975502,45.813075],[15.974553,45.813077],[15.97311,45.81318],[15.97132,45.813234],[15.970426,45.813286],[15.969562,45.813303],[15.968627,45.81327],[15.968627,45.81327],[15.968496,45.813275],[15.96809,45.81326],[15.967519,45.813184],[15.966791,45.813071],[15.965849,45.812831],[15.965836,45.812833],[15.964841,45.812588],[15.964698,45.812511],[15.964726,45.812423],[15.964726,45.812423],[15.964714,45.812521],[15.964636,45.812526],[15.964242,45.812412],[15.963987,45.812369],[15.963676,45.812309],[15.963494,45.812288],[15.963311,45.812301],[15.962634,45.812408],[15.961766,45.812593],[15.96066,45.812837],[15.960229,45.812923],[15.959531,45.813052],[15.95917,45.813096],[15.958818,45.813132],[15.958594,45.813143],[15.957786,45.813171],[15.957786,45.813171],[15.957019,45.813206],[15.956579,45.813208],[15.956238,45.813184],[15.955938,45.813161],[15.954699,45.812911],[15.954368,45.812834],[15.954308,45.81281],[15.954239,45.8128],[15.953918,45.812708],[15.953789,45.81268],[15.953179,45.812564],[15.952887,45.812526],[15.952537,45.812523],[15.952511,45.812475],[15.952511,45.812475],[15.952477,45.812499],[15.952196,45.812499],[15.951069,45.812486],[15.950357,45.812475],[15.949848,45.812474],[15.949469,45.812461],[15.948948,45.812462],[15.948849,45.812495],[15.948849,45.812495],[15.948814,45.812462],[15.948708,45.812463],[15.948098,45.812437],[15.947483,45.812445],[15.94696,45.812485],[15.946764,45.812499],[15.946435,45.812564],[15.946122,45.81264],[15.945714,45.812748],[15.945376,45.812834],[15.94386,45.813141],[15.943199,45.813259],[15.942423,45.813399],[15.941464,45.813636],[15.941464,45.813636],[15.937855,45.814473],[15.936669,45.814761],[15.936123,45.814862],[15.935898,45.814867],[15.9354,45.81491],[15.935151,45.814925],[15.935027,45.814955],[15.934884,45.815066],[15.934749,45.81515],[15.934615,45.815246],[15.93449,45.815322],[15.934369,45.815364],[15.93432,45.815378],[15.934267,45.815379],[15.933924,45.8154]]}},{"type":"Feature","properties":{"shapeId":"31_9","routeName":"31","routeLong":"Črnomerec - Sav.most"},"geometry":{"type":"LineString","coordinates":[[16.028293,45.822355],[16.028193,45.822324],[16.023746,45.821366],[16.022077,45.820975],[16.022077,45.820975],[16.017515,45.819936],[16.01414,45.81916],[16.012275,45.818686],[16.012147,45.818619],[16.012147,45.818619],[16.011941,45.818602],[16.00957,45.81805],[16.007687,45.817611],[16.007569,45.817614],[16.007569,45.817614],[16.00747,45.817556],[16.005559,45.817108],[16.002953,45.816536],[16.002856,45.816524],[16.002856,45.816524],[16.002666,45.816472],[15.9978,45.815351],[15.997632,45.815283],[15.997632,45.815283],[15.996902,45.815028],[15.996608,45.814939],[15.996544,45.814909],[15.996509,45.814875],[15.996472,45.814796],[15.996484,45.814703],[15.996541,45.814617],[15.99665,45.81444],[15.996675,45.814346],[15.996572,45.814178],[15.995987,45.813507],[15.995511,45.812937],[15.995289,45.812689],[15.995166,45.812537],[15.994944,45.812282],[15.994794,45.812277],[15.994794,45.812277],[15.994847,45.812185],[15.99463,45.811943],[15.993747,45.810898],[15.992967,45.81002],[15.992967,45.81002],[15.99254,45.809527],[15.992137,45.809064],[15.991838,45.808729],[15.991695,45.808561],[15.991605,45.808301],[15.991592,45.808115],[15.991692,45.807594],[15.991692,45.807594],[15.991687,45.807439],[15.99174,45.807348],[15.991832,45.807199],[15.991927,45.807069],[15.992077,45.806898],[15.992194,45.806746],[15.992324,45.806468],[15.99231,45.806327],[15.992239,45.806266],[15.992172,45.806217],[15.992055,45.806188],[15.991615,45.806106],[15.991435,45.806131],[15.991435,45.806131],[15.991384,45.806086],[15.990599,45.805968],[15.989991,45.805903],[15.989533,45.80585],[15.988088,45.805759],[15.984448,45.80557],[15.984441,45.80557],[15.983327,45.805492],[15.978451,45.805236],[15.978461,45.805234],[15.978355,45.805236],[15.97822,45.805235],[15.978134,45.80526],[15.97809,45.805337],[15.978074,45.805424],[15.977934,45.808324],[15.977823,45.809171],[15.977823,45.809171],[15.977494,45.811196],[15.977476,45.811503],[15.977473,45.811672],[15.977498,45.81176],[15.977647,45.812628],[15.97761,45.812731],[15.977599,45.812784],[15.977523,45.812846],[15.977437,45.812871],[15.977248,45.812911],[15.977055,45.812937],[15.976739,45.813001],[15.976456,45.81304],[15.976546,45.813027],[15.976611,45.813013],[15.97662,45.813011],[15.976341,45.813056],[15.976235,45.813064],[15.975502,45.813075],[15.974553,45.813077],[15.97311,45.81318],[15.97132,45.813234],[15.970426,45.813286],[15.969562,45.813303],[15.968627,45.81327],[15.968627,45.81327],[15.968496,45.813275],[15.96809,45.81326],[15.967519,45.813184],[15.966791,45.813071],[15.965849,45.812831],[15.965836,45.812833],[15.964841,45.812588],[15.964698,45.812511],[15.964726,45.812423],[15.964726,45.812423],[15.964714,45.812521],[15.964636,45.812526],[15.964242,45.812412],[15.963987,45.812369],[15.963676,45.812309],[15.963494,45.812288],[15.963311,45.812301],[15.962634,45.812408],[15.961766,45.812593],[15.96066,45.812837],[15.960229,45.812923],[15.959531,45.813052],[15.95917,45.813096],[15.958818,45.813132],[15.958594,45.813143],[15.957786,45.813171],[15.957786,45.813171],[15.957019,45.813206],[15.956579,45.813208],[15.956238,45.813184],[15.955938,45.813161],[15.954699,45.812911],[15.954368,45.812834],[15.954308,45.81281],[15.954239,45.8128],[15.953918,45.812708],[15.953789,45.81268],[15.953179,45.812564],[15.952887,45.812526],[15.952537,45.812523],[15.952511,45.812475],[15.952511,45.812475],[15.952477,45.812499],[15.952196,45.812499],[15.951069,45.812486],[15.950357,45.812475],[15.949848,45.812474],[15.949469,45.812461],[15.948948,45.812462],[15.948849,45.812495],[15.948849,45.812495],[15.948814,45.812462],[15.948708,45.812463],[15.948098,45.812437],[15.947483,45.812445],[15.94696,45.812485],[15.946764,45.812499],[15.946435,45.812564],[15.946122,45.81264],[15.945714,45.812748],[15.945376,45.812834],[15.94386,45.813141],[15.943199,45.813259],[15.942423,45.813399],[15.941464,45.813636],[15.941464,45.813636],[15.937855,45.814473],[15.936669,45.814761],[15.936123,45.814862],[15.935898,45.814867],[15.9354,45.81491],[15.935151,45.814925],[15.935027,45.814955],[15.934884,45.815066],[15.934749,45.81515],[15.934615,45.815246],[15.93449,45.815322],[15.934369,45.815364],[15.93432,45.815378],[15.934267,45.815379],[15.933924,45.8154]]}},{"type":"Feature","properties":{"shapeId":"32_10","routeName":"32","routeLong":"Prečko - Borongaj"},"geometry":{"type":"LineString","coordinates":[[15.944087,45.797828],[15.945,45.797981],[15.946774,45.798286],[15.947057,45.798338],[15.94729,45.798403],[15.947703,45.798534],[15.948458,45.798786],[15.948447,45.79884],[15.948447,45.79884],[15.948453,45.798807],[15.949742,45.799192],[15.950299,45.799316],[15.95084,45.799423],[15.951106,45.799464],[15.952073,45.799615],[15.953432,45.799823],[15.953796,45.799876],[15.954257,45.799948],[15.954644,45.800031],[15.954835,45.800044],[15.954835,45.800044],[15.954955,45.800092],[15.955688,45.800263],[15.956195,45.8004],[15.956874,45.800611],[15.957367,45.800783],[15.959109,45.801618],[15.959217,45.801668],[15.959309,45.801701],[15.959309,45.801701],[15.959432,45.801762],[15.96273,45.803335],[15.962862,45.803375],[15.962981,45.803372],[15.964096,45.803295],[15.964304,45.803273],[15.964306,45.803324],[15.964306,45.803324],[15.96437,45.80327],[15.964794,45.803257],[15.964946,45.803314],[15.966938,45.806236],[15.966938,45.806236],[15.968247,45.808138],[15.968618,45.808677],[15.968646,45.808776],[15.968646,45.808776],[15.968729,45.808824],[15.968917,45.809193],[15.969002,45.80948],[15.969051,45.809648],[15.969593,45.8125],[15.969593,45.8125],[15.969646,45.812863],[15.96965,45.813154],[15.969703,45.813238],[15.969848,45.813276],[15.972101,45.813158],[15.973087,45.813144],[15.974517,45.813043],[15.976078,45.813028],[15.976343,45.813017],[15.977249,45.812871],[15.977313,45.812908],[15.977313,45.812908],[15.977327,45.812861],[15.977603,45.812796],[15.977779,45.812759],[15.978002,45.812702],[15.978299,45.812615],[15.978583,45.812537],[15.978843,45.812462],[15.979098,45.81242],[15.979509,45.812408],[15.980412,45.812335],[15.981254,45.812289],[15.983107,45.812175],[15.983484,45.812135],[15.9836,45.812074],[15.984468,45.811525],[15.984468,45.811525],[15.984496,45.811527],[15.98489,45.811272],[15.985596,45.810849],[15.986333,45.810403],[15.986359,45.810256],[15.986405,45.809867],[15.986437,45.809525],[15.986521,45.809442],[15.986657,45.80941],[15.986967,45.809413],[15.987442,45.809431],[15.987633,45.809444],[15.987633,45.809444],[15.987942,45.809452],[15.988009,45.809495],[15.988084,45.809569],[15.988089,45.809633],[15.988077,45.809726],[15.988098,45.809891],[15.988133,45.809925],[15.988225,45.809965],[15.988473,45.809982],[15.989993,45.81005],[15.990562,45.810075],[15.991025,45.810108],[15.992948,45.810275],[15.993145,45.810306],[15.993587,45.810355],[15.994077,45.81043],[15.994247,45.810458],[15.994284,45.810538],[15.994284,45.810538],[15.994291,45.810472],[15.994445,45.810496],[15.994667,45.810523],[15.995258,45.810616],[15.995933,45.81073],[15.997099,45.810964],[15.997394,45.811014],[15.997451,45.811025],[15.997504,45.811024],[15.997504,45.811024],[15.997531,45.811066],[15.997584,45.811065],[15.998333,45.811247],[15.998941,45.811402],[15.999464,45.811544],[16.000117,45.811719],[16.001278,45.81207],[16.001278,45.81207],[16.001527,45.812146],[16.002045,45.812308],[16.002547,45.812471],[16.004379,45.813151],[16.004503,45.813205],[16.004559,45.813211],[16.004559,45.813211],[16.004855,45.813351],[16.005199,45.813478],[16.005564,45.813622],[16.006092,45.813828],[16.006365,45.813933],[16.008037,45.814706],[16.008037,45.814706],[16.008476,45.814924],[16.008755,45.815054],[16.009185,45.815196],[16.009515,45.815273],[16.009874,45.815353],[16.010166,45.81539],[16.010792,45.815426],[16.011829,45.815451],[16.012783,45.815415],[16.012783,45.815415],[16.012882,45.815388],[16.013906,45.815272],[16.014854,45.815088],[16.015467,45.814938],[16.015913,45.814811],[16.016681,45.814561],[16.016905,45.814459],[16.017149,45.814373],[16.017236,45.814348],[16.017367,45.814343],[16.017565,45.814374],[16.017803,45.814418],[16.017884,45.81442],[16.01795,45.814411],[16.018149,45.814318],[16.018404,45.814179]]}},{"type":"Feature","properties":{"shapeId":"32_2","routeName":"32","routeLong":"Prečko - Borongaj"},"geometry":{"type":"LineString","coordinates":[[15.893478,45.794365],[15.893853,45.794456],[15.894082,45.794508],[15.894414,45.794553],[15.894738,45.794599],[15.895094,45.794634],[15.895354,45.79465],[15.89572,45.794665],[15.89596,45.794664],[15.896241,45.794664],[15.896568,45.794645],[15.89696,45.79461],[15.89723,45.794573],[15.897566,45.794533],[15.89773,45.794497],[15.898006,45.794433],[15.898344,45.794354],[15.898959,45.794172],[15.898956,45.794173],[15.899301,45.79406],[15.902363,45.793015],[15.902366,45.793013],[15.902675,45.792931],[15.902935,45.792863],[15.903124,45.792818],[15.903378,45.79277],[15.90353,45.792742],[15.907002,45.792405],[15.90699,45.792401],[15.907403,45.792362],[15.914744,45.791627],[15.914744,45.791626],[15.915129,45.791566],[15.915448,45.791516],[15.915941,45.791421],[15.916304,45.791332],[15.916579,45.791268],[15.916864,45.79119],[15.91733,45.791041],[15.917903,45.790806],[15.920608,45.789582],[15.920608,45.789582],[15.920924,45.789434],[15.921371,45.789268],[15.92173,45.789167],[15.922042,45.789091],[15.923456,45.788896],[15.924996,45.788676],[15.926676,45.78843],[15.927844,45.788262],[15.928579,45.788121],[15.929464,45.787901],[15.929464,45.787901],[15.929913,45.787794],[15.930695,45.787582],[15.931425,45.787383],[15.932061,45.787269],[15.932566,45.787258],[15.932967,45.787306],[15.933379,45.787385],[15.934075,45.787574],[15.934649,45.787748],[15.935401,45.787949],[15.936035,45.788055],[15.936571,45.788105],[15.936811,45.788104],[15.936811,45.788104],[15.937062,45.788134],[15.938835,45.788161],[15.94223,45.788151],[15.942225,45.788154],[15.942649,45.788164],[15.945417,45.788177],[15.945421,45.788176],[15.945613,45.788149],[15.945811,45.788096],[15.945963,45.787977],[15.946189,45.787745],[15.946544,45.787449],[15.947042,45.78714],[15.947715,45.786833],[15.94842,45.786547],[15.949038,45.786377],[15.949473,45.786303],[15.949959,45.786275],[15.950462,45.786303],[15.950987,45.786405],[15.950987,45.786405],[15.95164,45.786535],[15.952757,45.786783],[15.953197,45.786871],[15.953566,45.786988],[15.953894,45.787202],[15.95409,45.78737],[15.955129,45.7889],[15.955129,45.788901],[15.955592,45.789569],[15.956949,45.791575],[15.956949,45.791575],[15.957259,45.792018],[15.959224,45.794912],[15.959224,45.794912],[15.95982,45.795783],[15.960867,45.797338],[15.960878,45.797337],[15.96225,45.799372],[15.962619,45.799859],[15.962748,45.800069],[15.962837,45.800095],[15.962837,45.800095],[15.962879,45.800239],[15.964675,45.802897],[15.964721,45.802962],[15.964677,45.802948],[15.964669,45.802953],[15.96484,45.80314],[15.966936,45.806235],[15.966938,45.806236],[15.968247,45.808138],[15.968618,45.808677],[15.968646,45.808776],[15.968646,45.808776],[15.968729,45.808824],[15.968917,45.809193],[15.969002,45.80948],[15.969051,45.809648],[15.969593,45.8125],[15.969593,45.8125],[15.969646,45.812863],[15.96965,45.813154],[15.969703,45.813238],[15.969848,45.813276],[15.972101,45.813158],[15.973087,45.813144],[15.974517,45.813043],[15.976078,45.813028],[15.976343,45.813017],[15.977249,45.812871],[15.977313,45.812908],[15.977313,45.812908],[15.977327,45.812861],[15.977603,45.812796],[15.977779,45.812759],[15.978002,45.812702],[15.978299,45.812615],[15.978583,45.812537],[15.978843,45.812462],[15.979098,45.81242],[15.979509,45.812408],[15.980412,45.812335],[15.981254,45.812289],[15.983107,45.812175],[15.983484,45.812135],[15.9836,45.812074],[15.984468,45.811525],[15.984468,45.811525],[15.984496,45.811527],[15.98489,45.811272],[15.985596,45.810849],[15.986333,45.810403],[15.986359,45.810256],[15.986405,45.809867],[15.986437,45.809525],[15.986521,45.809442],[15.986657,45.80941],[15.986967,45.809413],[15.987442,45.809431],[15.987633,45.809444],[15.987633,45.809444],[15.987942,45.809452],[15.988009,45.809495],[15.988084,45.809569],[15.988089,45.809633],[15.988077,45.809726],[15.988098,45.809891],[15.988133,45.809925],[15.988225,45.809965],[15.988473,45.809982],[15.989993,45.81005],[15.990562,45.810075],[15.991025,45.810108],[15.992948,45.810275],[15.993145,45.810306],[15.993587,45.810355],[15.994077,45.81043],[15.994247,45.810458],[15.994284,45.810538],[15.994284,45.810538],[15.994291,45.810472],[15.994445,45.810496],[15.994667,45.810523],[15.995258,45.810616],[15.995933,45.81073],[15.997099,45.810964],[15.997394,45.811014],[15.997451,45.811025],[15.997504,45.811024],[15.997504,45.811024],[15.997531,45.811066],[15.997584,45.811065],[15.998333,45.811247],[15.998941,45.811402],[15.999464,45.811544],[16.000117,45.811719],[16.001278,45.81207],[16.001278,45.81207],[16.001527,45.812146],[16.002045,45.812308],[16.002547,45.812471],[16.004379,45.813151],[16.004503,45.813205],[16.004559,45.813211],[16.004559,45.813211],[16.004855,45.813351],[16.005199,45.813478],[16.005564,45.813622],[16.006092,45.813828],[16.006365,45.813933],[16.008037,45.814706],[16.008037,45.814706],[16.008476,45.814924],[16.008755,45.815054],[16.009185,45.815196],[16.009515,45.815273],[16.009874,45.815353],[16.010166,45.81539],[16.010792,45.815426],[16.011829,45.815451],[16.012783,45.815415],[16.012783,45.815415],[16.012882,45.815388],[16.013906,45.815272],[16.014854,45.815088],[16.015467,45.814938],[16.015913,45.814811],[16.016681,45.814561],[16.016905,45.814459],[16.017149,45.814373],[16.017236,45.814348],[16.017367,45.814343],[16.017565,45.814374],[16.017803,45.814418],[16.017884,45.81442],[16.01795,45.814411],[16.018149,45.814318],[16.018404,45.814179]]}},{"type":"Feature","properties":{"shapeId":"32_3","routeName":"32","routeLong":"Prečko - Borongaj"},"geometry":{"type":"LineString","coordinates":[[16.01882,45.814549],[16.018643,45.81458],[16.018509,45.81458],[16.018266,45.814535],[16.017886,45.814465],[16.017324,45.814375],[16.017156,45.814398],[16.01658,45.814627],[16.015828,45.814888],[16.014573,45.815179],[16.013487,45.81535],[16.01333,45.815404],[16.01333,45.815404],[16.013338,45.81539],[16.013223,45.815406],[16.012048,45.815466],[16.011152,45.815467],[16.01103,45.815464],[16.01053,45.815443],[16.010242,45.815418],[16.010104,45.815405],[16.009812,45.815374],[16.009611,45.815324],[16.009164,45.815212],[16.008614,45.815022],[16.008614,45.815022],[16.007581,45.814523],[16.006391,45.813981],[16.005134,45.813481],[16.004745,45.81334],[16.004745,45.81334],[16.003732,45.812949],[16.002609,45.812541],[16.000421,45.811839],[15.999339,45.811529],[15.999339,45.811529],[15.99863,45.811348],[15.997723,45.81113],[15.997723,45.81113],[15.996157,45.810809],[15.995434,45.810676],[15.993893,45.810442],[15.992893,45.810315],[15.992276,45.810265],[15.992276,45.810265],[15.991956,45.810225],[15.990913,45.810136],[15.989849,45.81007],[15.989068,45.810049],[15.988361,45.810017],[15.988361,45.810017],[15.988202,45.81002],[15.988111,45.810071],[15.988065,45.810097],[15.988049,45.810177],[15.988037,45.810276],[15.988021,45.810357],[15.987989,45.810432],[15.987888,45.810498],[15.987623,45.810509],[15.986838,45.810482],[15.98646,45.810463],[15.985386,45.811092],[15.984231,45.811805],[15.984231,45.811805],[15.983662,45.81215],[15.98347,45.812183],[15.982722,45.812228],[15.981342,45.812316],[15.979626,45.812444],[15.979267,45.812449],[15.978928,45.812482],[15.978714,45.812525],[15.978297,45.812655],[15.978223,45.812672],[15.977366,45.812901],[15.976493,45.813035],[15.976546,45.813027],[15.976611,45.813013],[15.976611,45.813013],[15.976505,45.813027],[15.976443,45.813042],[15.976051,45.81307],[15.974621,45.813081],[15.97311,45.813174],[15.972112,45.813195],[15.970096,45.8133],[15.96979,45.813303],[15.969678,45.813247],[15.969624,45.813197],[15.969588,45.813078],[15.969484,45.812489],[15.969474,45.812489],[15.969386,45.811841],[15.968867,45.809333],[15.968878,45.809335],[15.96879,45.80912],[15.966744,45.80612],[15.966604,45.805964],[15.966604,45.805964],[15.966616,45.805956],[15.966487,45.805747],[15.964541,45.802896],[15.964327,45.802581],[15.964203,45.80243],[15.964208,45.802432],[15.964136,45.80229],[15.961705,45.798715],[15.961709,45.798714],[15.961127,45.797873],[15.960194,45.79651],[15.960185,45.796513],[15.959934,45.796124],[15.958061,45.793393],[15.958061,45.793393],[15.957656,45.79278],[15.956029,45.790392],[15.956029,45.790392],[15.955914,45.790212],[15.954737,45.788494],[15.954741,45.788493],[15.953891,45.78728],[15.953794,45.787177],[15.953654,45.787112],[15.953407,45.786997],[15.953138,45.786898],[15.952469,45.786764],[15.952366,45.786778],[15.952366,45.786778],[15.952098,45.786686],[15.950626,45.786364],[15.950285,45.78634],[15.949879,45.786325],[15.949565,45.786343],[15.949114,45.786405],[15.948558,45.78656],[15.947954,45.78678],[15.947394,45.787014],[15.946931,45.787266],[15.946465,45.787584],[15.945981,45.788034],[15.945855,45.788109],[15.945686,45.788172],[15.945437,45.788193],[15.944801,45.78821],[15.944677,45.788246],[15.944677,45.788246],[15.944557,45.788198],[15.940347,45.788211],[15.940171,45.788248],[15.940171,45.788248],[15.940066,45.788211],[15.937588,45.788197],[15.937461,45.788215],[15.937461,45.788215],[15.937251,45.788186],[15.93645,45.788147],[15.936009,45.788104],[15.935581,45.788014],[15.934732,45.787808],[15.93328,45.787412],[15.932925,45.787338],[15.932605,45.787298],[15.93219,45.787297],[15.931891,45.787332],[15.931414,45.787437],[15.930059,45.787793],[15.930059,45.787793],[15.929565,45.787926],[15.928955,45.788082],[15.928137,45.78826],[15.927432,45.788364],[15.924479,45.788786],[15.922274,45.789105],[15.921901,45.789163],[15.921588,45.789232],[15.921184,45.789359],[15.920016,45.789897],[15.920016,45.789897],[15.917784,45.790907],[15.917069,45.791155],[15.916429,45.791347],[15.915652,45.791526],[15.914857,45.791643],[15.914639,45.791679],[15.914076,45.791718],[15.912901,45.791855],[15.912901,45.791856],[15.911429,45.791994],[15.905243,45.792616],[15.905246,45.792615],[15.903537,45.792773],[15.902929,45.792883],[15.901972,45.793178],[15.901904,45.79322],[15.901902,45.793221],[15.901802,45.79324],[15.898475,45.794375],[15.898481,45.794374],[15.898222,45.794442],[15.897601,45.794561],[15.897101,45.794636],[15.896582,45.794688],[15.895681,45.794716],[15.89504,45.794674],[15.89461,45.794623],[15.894005,45.794519],[15.892713,45.794263],[15.892595,45.794266]]}},{"type":"Feature","properties":{"shapeId":"32_7","routeName":"32","routeLong":"Prečko - Borongaj"},"geometry":{"type":"LineString","coordinates":[[15.944087,45.797828],[15.945,45.797981],[15.946774,45.798286],[15.947057,45.798338],[15.94729,45.798403],[15.947703,45.798534],[15.948458,45.798786],[15.948447,45.79884],[15.948447,45.79884],[15.948453,45.798807],[15.949742,45.799192],[15.950299,45.799316],[15.95084,45.799423],[15.951106,45.799464],[15.952073,45.799615],[15.953432,45.799823],[15.953796,45.799876],[15.954257,45.799948],[15.954644,45.800031],[15.954835,45.800044],[15.954835,45.800044],[15.954955,45.800092],[15.955688,45.800263],[15.956195,45.8004],[15.956874,45.800611],[15.957367,45.800783],[15.959109,45.801618],[15.959217,45.801668],[15.959309,45.801701],[15.959309,45.801701],[15.959432,45.801762],[15.96273,45.803335],[15.962862,45.803375],[15.962981,45.803372],[15.964096,45.803295],[15.964304,45.803273],[15.964306,45.803324],[15.964306,45.803324],[15.964382,45.803268],[15.964537,45.803247],[15.964651,45.803179],[15.964665,45.803047],[15.96432,45.80255],[15.964203,45.80243],[15.964208,45.802432],[15.964136,45.80229],[15.961705,45.798715],[15.961709,45.798714],[15.961127,45.797873],[15.960194,45.79651],[15.960185,45.796513],[15.959934,45.796124],[15.958061,45.793393],[15.958061,45.793393],[15.957656,45.79278],[15.956029,45.790392],[15.956029,45.790392],[15.955914,45.790212],[15.954737,45.788494],[15.954741,45.788493],[15.953891,45.78728],[15.953794,45.787177],[15.953654,45.787112],[15.953407,45.786997],[15.953138,45.786898],[15.952469,45.786764],[15.952366,45.786778],[15.952366,45.786778],[15.952098,45.786686],[15.950626,45.786364],[15.950285,45.78634],[15.949879,45.786325],[15.949565,45.786343],[15.949114,45.786405],[15.948558,45.78656],[15.947954,45.78678],[15.947394,45.787014],[15.946931,45.787266],[15.946465,45.787584],[15.945981,45.788034],[15.945855,45.788109],[15.945686,45.788172],[15.945437,45.788193],[15.944801,45.78821],[15.944677,45.788246],[15.944677,45.788246],[15.944557,45.788198],[15.940347,45.788211],[15.940171,45.788248],[15.940171,45.788248],[15.940066,45.788211],[15.937588,45.788197],[15.937461,45.788215],[15.937461,45.788215],[15.937251,45.788186],[15.93645,45.788147],[15.936009,45.788104],[15.935581,45.788014],[15.934732,45.787808],[15.93328,45.787412],[15.932925,45.787338],[15.932605,45.787298],[15.93219,45.787297],[15.931891,45.787332],[15.931414,45.787437],[15.930059,45.787793],[15.930059,45.787793],[15.929565,45.787926],[15.928955,45.788082],[15.928137,45.78826],[15.927432,45.788364],[15.924479,45.788786],[15.922274,45.789105],[15.921901,45.789163],[15.921588,45.789232],[15.921184,45.789359],[15.920016,45.789897],[15.920016,45.789897],[15.917784,45.790907],[15.917069,45.791155],[15.916429,45.791347],[15.915652,45.791526],[15.914857,45.791643],[15.914639,45.791679],[15.914076,45.791718],[15.912901,45.791855],[15.912901,45.791856],[15.911429,45.791994],[15.905243,45.792616],[15.905246,45.792615],[15.903537,45.792773],[15.902929,45.792883],[15.901972,45.793178],[15.901904,45.79322],[15.901902,45.793221],[15.901802,45.79324],[15.898475,45.794375],[15.898481,45.794374],[15.898222,45.794442],[15.897601,45.794561],[15.897101,45.794636],[15.896582,45.794688],[15.895681,45.794716],[15.89504,45.794674],[15.89461,45.794623],[15.894005,45.794519],[15.892713,45.794263],[15.892595,45.794266]]}},{"type":"Feature","properties":{"shapeId":"32_8","routeName":"32","routeLong":"Prečko - Borongaj"},"geometry":{"type":"LineString","coordinates":[[16.01882,45.814549],[16.018643,45.81458],[16.018509,45.81458],[16.018266,45.814535],[16.017886,45.814465],[16.017324,45.814375],[16.017156,45.814398],[16.01658,45.814627],[16.015828,45.814888],[16.014573,45.815179],[16.013487,45.81535],[16.01333,45.815404],[16.01333,45.815404],[16.013338,45.81539],[16.013223,45.815406],[16.012048,45.815466],[16.011152,45.815467],[16.01103,45.815464],[16.01053,45.815443],[16.010242,45.815418],[16.010104,45.815405],[16.009812,45.815374],[16.009611,45.815324],[16.009164,45.815212],[16.008614,45.815022],[16.008614,45.815022],[16.007581,45.814523],[16.006391,45.813981],[16.005134,45.813481],[16.004745,45.81334],[16.004745,45.81334],[16.003732,45.812949],[16.002609,45.812541],[16.000421,45.811839],[15.999339,45.811529],[15.999339,45.811529],[15.99863,45.811348],[15.997723,45.81113],[15.997723,45.81113],[15.996157,45.810809],[15.995434,45.810676],[15.993893,45.810442],[15.992893,45.810315],[15.992276,45.810265],[15.992276,45.810265],[15.991956,45.810225],[15.990913,45.810136],[15.989849,45.81007],[15.989068,45.810049],[15.988361,45.810017],[15.988361,45.810017],[15.988202,45.81002],[15.988111,45.810071],[15.988065,45.810097],[15.988049,45.810177],[15.988037,45.810276],[15.988021,45.810357],[15.987989,45.810432],[15.987888,45.810498],[15.987623,45.810509],[15.986838,45.810482],[15.98646,45.810463],[15.985386,45.811092],[15.984231,45.811805],[15.984231,45.811805],[15.983662,45.81215],[15.98347,45.812183],[15.982722,45.812228],[15.981342,45.812316],[15.979626,45.812444],[15.979267,45.812449],[15.978928,45.812482],[15.978714,45.812525],[15.978297,45.812655],[15.978223,45.812672],[15.977366,45.812901],[15.976493,45.813035],[15.976546,45.813027],[15.976611,45.813013],[15.976611,45.813013],[15.976505,45.813027],[15.976443,45.813042],[15.976051,45.81307],[15.974621,45.813081],[15.97311,45.813174],[15.972112,45.813195],[15.970096,45.8133],[15.96979,45.813303],[15.969678,45.813247],[15.969624,45.813197],[15.969588,45.813078],[15.969484,45.812489],[15.969474,45.812489],[15.969386,45.811841],[15.968867,45.809333],[15.968878,45.809335],[15.96879,45.80912],[15.966744,45.80612],[15.966604,45.805964],[15.966604,45.805964],[15.966445,45.805695],[15.96487,45.803382],[15.964762,45.803326],[15.963513,45.803402],[15.963513,45.803402],[15.963124,45.803449],[15.9629,45.803455],[15.962702,45.803417],[15.959664,45.801957],[15.959664,45.801957],[15.957554,45.800965],[15.957303,45.800843],[15.957066,45.800766],[15.956722,45.800645],[15.955672,45.800343],[15.954624,45.800105],[15.954486,45.800086],[15.954478,45.800106],[15.954478,45.800106],[15.954478,45.8001],[15.95437,45.800056],[15.951131,45.799545],[15.950283,45.79939],[15.949534,45.799208],[15.948626,45.798945],[15.947583,45.798583],[15.947028,45.798426],[15.947028,45.798426],[15.94677,45.798365],[15.945652,45.798156],[15.943426,45.797771],[15.942286,45.797669],[15.942276,45.797722],[15.942276,45.797722],[15.942286,45.797669],[15.941967,45.797629],[15.939152,45.797383],[15.939043,45.797372],[15.938933,45.797361],[15.938783,45.79735],[15.93841,45.797311],[15.938,45.797283],[15.937737,45.797255],[15.937643,45.797255]]}},{"type":"Feature","properties":{"shapeId":"32_9","routeName":"32","routeLong":"Prečko - Borongaj"},"geometry":{"type":"LineString","coordinates":[[15.893478,45.794365],[15.893853,45.794456],[15.894082,45.794508],[15.894414,45.794553],[15.894738,45.794599],[15.895094,45.794634],[15.895354,45.79465],[15.89572,45.794665],[15.89596,45.794664],[15.896241,45.794664],[15.896568,45.794645],[15.89696,45.79461],[15.89723,45.794573],[15.897566,45.794533],[15.89773,45.794497],[15.898006,45.794433],[15.898344,45.794354],[15.898959,45.794172],[15.898956,45.794173],[15.899301,45.79406],[15.902363,45.793015],[15.902366,45.793013],[15.902675,45.792931],[15.902935,45.792863],[15.903124,45.792818],[15.903378,45.79277],[15.90353,45.792742],[15.907002,45.792405],[15.90699,45.792401],[15.907403,45.792362],[15.914744,45.791627],[15.914744,45.791626],[15.915129,45.791566],[15.915448,45.791516],[15.915941,45.791421],[15.916304,45.791332],[15.916579,45.791268],[15.916864,45.79119],[15.91733,45.791041],[15.917903,45.790806],[15.920608,45.789582],[15.920608,45.789582],[15.920924,45.789434],[15.921371,45.789268],[15.92173,45.789167],[15.922042,45.789091],[15.923456,45.788896],[15.924996,45.788676],[15.926676,45.78843],[15.927844,45.788262],[15.928579,45.788121],[15.929464,45.787901],[15.929464,45.787901],[15.929913,45.787794],[15.930695,45.787582],[15.931425,45.787383],[15.932061,45.787269],[15.932566,45.787258],[15.932967,45.787306],[15.933379,45.787385],[15.934075,45.787574],[15.934649,45.787748],[15.935401,45.787949],[15.936035,45.788055],[15.936571,45.788105],[15.936811,45.788104],[15.936811,45.788104],[15.937062,45.788134],[15.938835,45.788161],[15.94223,45.788151],[15.942225,45.788154],[15.942649,45.788164],[15.945417,45.788177],[15.945421,45.788176],[15.945613,45.788149],[15.945811,45.788096],[15.945963,45.787977],[15.946189,45.787745],[15.946544,45.787449],[15.947042,45.78714],[15.947715,45.786833],[15.94842,45.786547],[15.949038,45.786377],[15.949473,45.786303],[15.949959,45.786275],[15.950462,45.786303],[15.950987,45.786405],[15.950987,45.786405],[15.95164,45.786535],[15.952757,45.786783],[15.953197,45.786871],[15.953566,45.786988],[15.953894,45.787202],[15.95409,45.78737],[15.955129,45.7889],[15.955129,45.788901],[15.955592,45.789569],[15.956949,45.791575],[15.956949,45.791575],[15.957259,45.792018],[15.959224,45.794912],[15.959224,45.794912],[15.95982,45.795783],[15.960867,45.797338],[15.960878,45.797337],[15.96225,45.799372],[15.962619,45.799859],[15.962748,45.800069],[15.962837,45.800095],[15.962837,45.800095],[15.962879,45.800239],[15.964675,45.802897],[15.964721,45.802962],[15.964677,45.802948],[15.964677,45.802948],[15.964769,45.803085],[15.964772,45.803182],[15.964742,45.803218],[15.964716,45.803267],[15.964599,45.803323],[15.963513,45.803402],[15.963513,45.803402],[15.963124,45.803449],[15.9629,45.803455],[15.962702,45.803417],[15.959664,45.801957],[15.959664,45.801957],[15.957554,45.800965],[15.957303,45.800843],[15.957066,45.800766],[15.956722,45.800645],[15.955672,45.800343],[15.954624,45.800105],[15.954486,45.800086],[15.954478,45.800106],[15.954478,45.800106],[15.954478,45.8001],[15.95437,45.800056],[15.951131,45.799545],[15.950283,45.79939],[15.949534,45.799208],[15.948626,45.798945],[15.947583,45.798583],[15.947028,45.798426],[15.947028,45.798426],[15.94677,45.798365],[15.945652,45.798156],[15.943426,45.797771],[15.942286,45.797669],[15.942276,45.797722],[15.942276,45.797722],[15.942286,45.797669],[15.941967,45.797629],[15.939152,45.797383],[15.939043,45.797372],[15.938933,45.797361],[15.938783,45.79735],[15.93841,45.797311],[15.938,45.797283],[15.937737,45.797255],[15.937643,45.797255]]}},{"type":"Feature","properties":{"shapeId":"3_3","routeName":"3","routeLong":"Ljubljanica -Savišće"},"geometry":{"type":"LineString","coordinates":[[15.938562,45.797283],[15.938657,45.797244],[15.943251,45.797678],[15.943543,45.797709],[15.944087,45.797828],[15.944087,45.797828],[15.945,45.797981],[15.946774,45.798286],[15.947057,45.798338],[15.94729,45.798403],[15.947703,45.798534],[15.948458,45.798786],[15.948447,45.79884],[15.948447,45.79884],[15.948453,45.798807],[15.949742,45.799192],[15.950299,45.799316],[15.95084,45.799423],[15.951106,45.799464],[15.952073,45.799615],[15.953432,45.799823],[15.953796,45.799876],[15.954257,45.799948],[15.954644,45.800031],[15.954835,45.800044],[15.954835,45.800044],[15.954955,45.800092],[15.955688,45.800263],[15.956195,45.8004],[15.956874,45.800611],[15.957367,45.800783],[15.959109,45.801618],[15.959217,45.801668],[15.959309,45.801701],[15.959309,45.801701],[15.959432,45.801762],[15.96273,45.803335],[15.962862,45.803375],[15.962981,45.803372],[15.964096,45.803295],[15.964304,45.803273],[15.964306,45.803324],[15.964306,45.803324],[15.964382,45.803268],[15.964537,45.803247],[15.964651,45.803179],[15.964665,45.803047],[15.96432,45.80255],[15.964203,45.80243],[15.964203,45.80243],[15.963931,45.801955],[15.962349,45.799618],[15.962363,45.799486],[15.962492,45.799416],[15.962628,45.799384],[15.963091,45.799411],[15.963291,45.799403],[15.96322,45.799348],[15.96322,45.799348],[15.963241,45.799416],[15.967669,45.799645],[15.967658,45.799699],[15.967653,45.799702],[15.967669,45.799645],[15.971146,45.799816],[15.971146,45.799816],[15.973076,45.799927],[15.975453,45.80006],[15.975453,45.80006],[15.977857,45.800171],[15.980091,45.800299],[15.980091,45.800299],[15.984925,45.800546],[15.98492,45.800556],[15.984928,45.800558],[15.984912,45.800548],[15.988918,45.80075],[15.988884,45.800768],[15.988884,45.800768],[15.988893,45.800754],[15.995109,45.801051],[15.996438,45.801113],[15.996429,45.801127],[15.996429,45.801127],[15.996454,45.801118],[15.999859,45.80128],[15.999829,45.801317],[15.999829,45.801317],[15.99985,45.801294],[16.003937,45.801492],[16.00392,45.80152],[16.00392,45.80152],[16.003962,45.801488],[16.004506,45.801516],[16.005079,45.801554],[16.005545,45.801592],[16.006097,45.801646],[16.006758,45.801709],[16.007231,45.801773],[16.008647,45.801992],[16.010502,45.802292],[16.010506,45.80231],[16.010498,45.802312],[16.011169,45.80242],[16.014683,45.803022],[16.014683,45.803022],[16.01716,45.803409],[16.019917,45.803884],[16.019924,45.803881],[16.021538,45.804137],[16.022087,45.804229],[16.022545,45.804289],[16.023255,45.804339],[16.023255,45.804339],[16.023604,45.804291],[16.023899,45.804243],[16.024257,45.804148],[16.024538,45.804056],[16.026014,45.803338],[16.026376,45.803158],[16.026812,45.802961],[16.026812,45.802961],[16.027013,45.802829],[16.028154,45.802242],[16.02939,45.801622],[16.029936,45.801338],[16.030538,45.801072],[16.030529,45.801076],[16.030714,45.800944],[16.03477,45.798859],[16.034773,45.79886],[16.035696,45.798413],[16.03621,45.798108],[16.036529,45.797875],[16.03679,45.79767],[16.037108,45.797385],[16.037561,45.796881],[16.037695,45.796791],[16.037695,45.796791],[16.037653,45.796738],[16.037768,45.796625],[16.038041,45.796236],[16.038122,45.796056],[16.038167,45.795758],[16.038302,45.795174],[16.0384,45.794505],[16.038479,45.794085],[16.038521,45.793774],[16.038561,45.793593],[16.038544,45.793128],[16.038544,45.793128],[16.038521,45.793099],[16.038463,45.793036],[16.038406,45.792933],[16.038038,45.792504],[16.037861,45.792354],[16.037459,45.791949],[16.037146,45.791649],[16.037157,45.791414],[16.037157,45.791414],[16.036932,45.791426],[16.034954,45.789527],[16.03446,45.789077]]}},{"type":"Feature","properties":{"shapeId":"33_11","routeName":"33","routeLong":"Mihaljevac - Savišće"},"geometry":{"type":"LineString","coordinates":[[16.028293,45.822355],[16.028193,45.822324],[16.023746,45.821366],[16.022077,45.820975],[16.022077,45.820975],[16.017515,45.819936],[16.01414,45.81916],[16.012275,45.818686],[16.012147,45.818619],[16.012147,45.818619],[16.011941,45.818602],[16.00957,45.81805],[16.007687,45.817611],[16.007569,45.817614],[16.007569,45.817614],[16.00747,45.817556],[16.005559,45.817108],[16.002953,45.816536],[16.002856,45.816524],[16.002856,45.816524],[16.002666,45.816472],[15.9978,45.815351],[15.997632,45.815283],[15.997632,45.815283],[15.997154,45.81511],[15.995196,45.81446],[15.993852,45.814076],[15.993352,45.81397],[15.99133,45.81392],[15.991052,45.813842],[15.991052,45.813842],[15.990911,45.813907],[15.987772,45.813798],[15.986685,45.813781],[15.986537,45.813827],[15.986537,45.813827],[15.986307,45.813768],[15.985273,45.813762],[15.984492,45.813747],[15.984243,45.813763],[15.98398,45.813819],[15.983761,45.813895],[15.983669,45.813946],[15.98349,45.813932],[15.983354,45.81388],[15.983317,45.8138],[15.983382,45.812877],[15.983433,45.81283],[15.983433,45.81283],[15.983398,45.812796],[15.983555,45.810873],[15.983597,45.81038],[15.983594,45.809998],[15.983594,45.809998],[15.983869,45.807065],[15.983878,45.806869],[15.983796,45.806868],[15.983796,45.806868],[15.983874,45.806857],[15.984008,45.80567],[15.983942,45.805582],[15.983894,45.805556],[15.98375,45.805524],[15.978461,45.805234],[15.978461,45.805234],[15.978233,45.805233],[15.978107,45.805309],[15.978065,45.805438],[15.978054,45.805582],[15.977954,45.805648],[15.977855,45.805681],[15.977777,45.805686],[15.97753,45.805668],[15.977196,45.805669],[15.97674,45.805661],[15.976522,45.805698],[15.97566,45.805675],[15.974485,45.805643],[15.974204,45.805643],[15.974162,45.8055],[15.974162,45.8055],[15.974135,45.805633],[15.973923,45.805637],[15.970686,45.805554],[15.969633,45.805525],[15.968445,45.805482],[15.967517,45.805468],[15.967108,45.805447],[15.9671,45.805513],[15.9671,45.805513],[15.967095,45.805449],[15.96642,45.805425],[15.966348,45.805409],[15.966272,45.805375],[15.966205,45.805326],[15.964203,45.80243],[15.964203,45.80243],[15.963931,45.801955],[15.962349,45.799618],[15.962363,45.799486],[15.962492,45.799416],[15.962628,45.799384],[15.963091,45.799411],[15.963291,45.799403],[15.96322,45.799348],[15.96322,45.799348],[15.963241,45.799416],[15.967669,45.799645],[15.967658,45.799699],[15.967653,45.799702],[15.967669,45.799645],[15.971146,45.799816],[15.971146,45.799816],[15.973076,45.799927],[15.975453,45.80006],[15.975453,45.80006],[15.977857,45.800171],[15.980091,45.800299],[15.980091,45.800299],[15.984925,45.800546],[15.98492,45.800556],[15.984928,45.800558],[15.984912,45.800548],[15.988918,45.80075],[15.988884,45.800768],[15.988884,45.800768],[15.988893,45.800754],[15.995109,45.801051],[15.996438,45.801113],[15.996429,45.801127],[15.996429,45.801127],[15.996454,45.801118],[15.999859,45.80128],[15.999829,45.801317],[15.999829,45.801317],[15.99985,45.801294],[16.003937,45.801492],[16.00392,45.80152],[16.00392,45.80152],[16.003962,45.801488],[16.004506,45.801516],[16.005079,45.801554],[16.005545,45.801592],[16.006097,45.801646],[16.006758,45.801709],[16.007231,45.801773],[16.008647,45.801992],[16.010502,45.802292],[16.010506,45.80231],[16.010498,45.802312],[16.011169,45.80242],[16.014683,45.803022],[16.014683,45.803022],[16.01716,45.803409],[16.019917,45.803884],[16.019924,45.803881],[16.021538,45.804137],[16.022087,45.804229],[16.022545,45.804289],[16.023255,45.804339],[16.023255,45.804339],[16.023604,45.804291],[16.023899,45.804243],[16.024257,45.804148],[16.024538,45.804056],[16.026014,45.803338],[16.026376,45.803158],[16.026812,45.802961],[16.026812,45.802961],[16.027013,45.802829],[16.028154,45.802242],[16.02939,45.801622],[16.029936,45.801338],[16.030538,45.801072],[16.030529,45.801076],[16.030714,45.800944],[16.03477,45.798859],[16.034773,45.79886],[16.035696,45.798413],[16.03621,45.798108],[16.036529,45.797875],[16.03679,45.79767],[16.037108,45.797385],[16.037561,45.796881],[16.037695,45.796791],[16.037695,45.796791],[16.037653,45.796738],[16.037768,45.796625],[16.038041,45.796236],[16.038122,45.796056],[16.038167,45.795758],[16.038302,45.795174],[16.0384,45.794505],[16.038479,45.794085],[16.038521,45.793774],[16.038561,45.793593],[16.038544,45.793128],[16.038544,45.793128],[16.038521,45.793099],[16.038463,45.793036],[16.038406,45.792933],[16.038038,45.792504],[16.037861,45.792354],[16.037459,45.791949],[16.037146,45.791649],[16.037157,45.791414],[16.037157,45.791414],[16.036932,45.791426],[16.034954,45.789527],[16.03446,45.789077]]}},{"type":"Feature","properties":{"shapeId":"33_16","routeName":"33","routeLong":"Mihaljevac - Savišće"},"geometry":{"type":"LineString","coordinates":[[16.034915,45.789396],[16.035449,45.789938],[16.036258,45.790728],[16.036405,45.790727],[16.036405,45.790727],[16.036516,45.790971],[16.038063,45.792495],[16.038153,45.792573],[16.038153,45.792573],[16.038463,45.792945],[16.038585,45.793226],[16.038611,45.79358],[16.038479,45.794358],[16.038289,45.795481],[16.03815,45.796065],[16.037999,45.796365],[16.03739,45.797164],[16.03739,45.797164],[16.036813,45.797705],[16.036233,45.798143],[16.034438,45.799088],[16.034328,45.799168],[16.034325,45.799174],[16.03341,45.799601],[16.031037,45.800823],[16.031041,45.800821],[16.029876,45.801411],[16.028186,45.802263],[16.027344,45.802718],[16.027344,45.802718],[16.026563,45.803067],[16.026009,45.803371],[16.025555,45.803603],[16.025322,45.80372],[16.024926,45.803918],[16.024619,45.804058],[16.024388,45.804142],[16.024268,45.804185],[16.024091,45.804223],[16.023646,45.804343],[16.023646,45.804343],[16.023512,45.804342],[16.0233,45.804352],[16.0231,45.804354],[16.022913,45.804354],[16.022681,45.804341],[16.02249,45.804329],[16.020691,45.804034],[16.020691,45.804034],[16.020352,45.803977],[16.019689,45.803856],[16.016932,45.803402],[16.016479,45.803322],[16.015651,45.803191],[16.015424,45.803151],[16.01532,45.803114],[16.01532,45.803114],[16.015198,45.803105],[16.015105,45.803105],[16.012906,45.802736],[16.011923,45.802574],[16.011572,45.802513],[16.011459,45.802496],[16.011391,45.802453],[16.011391,45.802453],[16.011257,45.802453],[16.011132,45.802431],[16.010092,45.802264],[16.00877,45.802046],[16.007913,45.801912],[16.007464,45.801838],[16.006728,45.801746],[16.00616,45.801682],[16.005215,45.801606],[16.004911,45.801577],[16.004683,45.80157],[16.004676,45.801551],[16.004673,45.801554],[16.004517,45.801554],[16.000079,45.80135],[16.000079,45.80135],[15.999946,45.80134],[15.999873,45.80133],[15.994394,45.801034],[15.994396,45.801035],[15.994016,45.801015],[15.989573,45.800798],[15.989575,45.800795],[15.985935,45.800613],[15.98546,45.800588],[15.985418,45.800627],[15.985412,45.800636],[15.985432,45.800586],[15.97787,45.800203],[15.97788,45.800201],[15.977323,45.800174],[15.974374,45.800025],[15.973712,45.799994],[15.973713,45.799955],[15.973713,45.799955],[15.973696,45.799983],[15.970372,45.799828],[15.969356,45.799788],[15.969344,45.799789],[15.969344,45.799789],[15.967899,45.799698],[15.962683,45.799435],[15.962547,45.799467],[15.962471,45.79953],[15.962462,45.799635],[15.962787,45.800109],[15.962837,45.800095],[15.962837,45.800095],[15.962879,45.800239],[15.964675,45.802897],[15.964721,45.802962],[15.964677,45.802948],[15.964677,45.802948],[15.965301,45.803842],[15.965734,45.804456],[15.966056,45.804918],[15.966284,45.805276],[15.966408,45.805343],[15.96654,45.805383],[15.967634,45.805413],[15.967645,45.805359],[15.967645,45.805359],[15.967675,45.805414],[15.969018,45.805435],[15.971477,45.805515],[15.972368,45.805541],[15.973437,45.805581],[15.973663,45.805621],[15.973663,45.805621],[15.974033,45.805557],[15.974858,45.805585],[15.976135,45.805615],[15.976379,45.80562],[15.977079,45.80564],[15.977726,45.805647],[15.977819,45.805647],[15.977915,45.805608],[15.977991,45.805546],[15.978008,45.805426],[15.97803,45.805319],[15.978102,45.805245],[15.978185,45.805207],[15.97834,45.805192],[15.978941,45.805232],[15.979197,45.805235],[15.979272,45.805218],[15.979272,45.805218],[15.979295,45.805254],[15.979498,45.805265],[15.980968,45.805346],[15.982573,45.805435],[15.983386,45.805465],[15.983714,45.80549],[15.983765,45.805438],[15.983765,45.805438],[15.983778,45.805527],[15.983833,45.805487],[15.98393,45.805499],[15.984032,45.80557],[15.984059,45.805618],[15.984075,45.805719],[15.983907,45.807696],[15.983905,45.807917],[15.983889,45.808094],[15.98387,45.808253],[15.983882,45.808439],[15.983882,45.808439],[15.983844,45.808575],[15.983793,45.809179],[15.983724,45.809902],[15.983707,45.810385],[15.983726,45.810408],[15.98372,45.810407],[15.983702,45.810599],[15.983487,45.813355],[15.983495,45.813354],[15.983444,45.813497],[15.98338,45.813655],[15.983365,45.813735],[15.983427,45.813811],[15.983534,45.813861],[15.983619,45.813869],[15.983805,45.813817],[15.984024,45.813748],[15.984307,45.813702],[15.986632,45.813697],[15.986753,45.813739],[15.986753,45.813739],[15.986811,45.813705],[15.987735,45.813712],[15.98954,45.813793],[15.991696,45.813844],[15.991696,45.813844],[15.99273,45.813862],[15.993327,45.813883],[15.993679,45.813944],[15.99528,45.814384],[15.996212,45.814683],[15.996967,45.814928],[15.997061,45.814928],[15.997061,45.814928],[15.997163,45.815005],[15.997672,45.815193],[15.997853,45.815259],[16.003437,45.816546],[16.003533,45.816592],[16.003533,45.816592],[16.003752,45.816607],[16.008159,45.817623],[16.008156,45.817625],[16.012255,45.818578],[16.014085,45.819036],[16.014089,45.81903],[16.015128,45.819288],[16.017858,45.819921],[16.020959,45.820631],[16.022278,45.820928],[16.022726,45.821041],[16.022729,45.821047],[16.022722,45.821022],[16.022722,45.821022],[16.022874,45.821085],[16.023636,45.821265],[16.027491,45.822078],[16.027491,45.822078],[16.031759,45.823022],[16.033175,45.823331],[16.034729,45.823653],[16.035118,45.823703],[16.035361,45.823753],[16.035587,45.823793],[16.035688,45.823818]]}},{"type":"Feature","properties":{"shapeId":"33_27","routeName":"33","routeLong":"Mihaljevac - Savišće"},"geometry":{"type":"LineString","coordinates":[[16.028293,45.822355],[16.028193,45.822324],[16.023746,45.821366],[16.022077,45.820975],[16.022077,45.820975],[16.017515,45.819936],[16.01414,45.81916],[16.012275,45.818686],[16.012147,45.818619],[16.012147,45.818619],[16.011941,45.818602],[16.00957,45.81805],[16.007687,45.817611],[16.007569,45.817614],[16.007569,45.817614],[16.00747,45.817556],[16.005559,45.817108],[16.002953,45.816536],[16.002856,45.816524],[16.002856,45.816524],[16.002666,45.816472],[15.9978,45.815351],[15.997632,45.815283],[15.997632,45.815283],[15.996902,45.815028],[15.996608,45.814939],[15.996544,45.814909],[15.996509,45.814875],[15.996472,45.814796],[15.996484,45.814703],[15.996541,45.814617],[15.99665,45.81444],[15.996675,45.814346],[15.996572,45.814178],[15.995987,45.813507],[15.995511,45.812937],[15.995289,45.812689],[15.995166,45.812537],[15.994944,45.812282],[15.994794,45.812277],[15.994794,45.812277],[15.994847,45.812185],[15.99463,45.811943],[15.993747,45.810898],[15.992967,45.81002],[15.992967,45.81002],[15.99254,45.809527],[15.992137,45.809064],[15.991838,45.808729],[15.991695,45.808561],[15.991605,45.808301],[15.991592,45.808115],[15.991692,45.807594],[15.991692,45.807594],[15.991687,45.807439],[15.99174,45.807348],[15.991832,45.807199],[15.991927,45.807069],[15.992077,45.806898],[15.992194,45.806746],[15.992324,45.806468],[15.99231,45.806327],[15.992239,45.806266],[15.992172,45.806217],[15.992055,45.806188],[15.991615,45.806106],[15.991435,45.806131],[15.991435,45.806131],[15.991384,45.806086],[15.990599,45.805968],[15.989991,45.805903],[15.989533,45.80585],[15.988088,45.805759],[15.984448,45.80557],[15.984448,45.80557],[15.984244,45.805566],[15.984124,45.805615],[15.984066,45.805734],[15.984045,45.806022],[15.984019,45.806526],[15.983989,45.806926],[15.983942,45.807269],[15.983919,45.807597],[15.983917,45.807915],[15.983875,45.808129],[15.983884,45.808212],[15.983873,45.808265],[15.983882,45.808443],[15.983882,45.808439],[15.983844,45.808575],[15.983793,45.809179],[15.983724,45.809902],[15.983707,45.810385],[15.983726,45.810408],[15.98372,45.810407],[15.983702,45.810599],[15.983487,45.813355],[15.983495,45.813354],[15.983453,45.813853],[15.983368,45.814014],[15.983342,45.814069],[15.983227,45.814176],[15.98304,45.814267],[15.982312,45.814706],[15.982026,45.814921],[15.981129,45.816694],[15.981048,45.816783],[15.980901,45.816965],[15.980562,45.817357],[15.980368,45.817702],[15.979912,45.818427],[15.979635,45.8189],[15.979457,45.819152],[15.979365,45.819392],[15.979363,45.819522],[15.979383,45.81963],[15.97944,45.820011],[15.979413,45.820144],[15.979413,45.820144],[15.979493,45.820373],[15.979534,45.820556],[15.97978,45.821898],[15.979834,45.822266],[15.979814,45.822334],[15.979814,45.822334],[15.979956,45.822996],[15.980136,45.823341],[15.980365,45.823984],[15.980439,45.824506],[15.980447,45.82481],[15.980369,45.825268],[15.98002,45.826355],[15.979656,45.827496],[15.979505,45.827978],[15.979448,45.828057],[15.979448,45.828057],[15.979429,45.828216],[15.979328,45.828476],[15.979206,45.828649],[15.979107,45.828766],[15.978729,45.829214],[15.978477,45.82949],[15.978279,45.829731],[15.978161,45.829923],[15.978124,45.830025],[15.978056,45.830249],[15.978,45.830964],[15.978024,45.831824],[15.978024,45.831824],[15.978039,45.832782],[15.978064,45.833687],[15.977993,45.834184],[15.977461,45.836471],[15.977461,45.836471],[15.977341,45.837156],[15.977096,45.837826],[15.976649,45.838712],[15.975923,45.840026],[15.975796,45.840232],[15.975663,45.840465],[15.97549,45.840696],[15.974783,45.841664]]}},{"type":"Feature","properties":{"shapeId":"33_28","routeName":"33","routeLong":"Mihaljevac - Savišće"},"geometry":{"type":"LineString","coordinates":[[15.974944,45.841343],[15.975068,45.841216],[15.975384,45.840789],[15.975672,45.84036],[15.975875,45.840001],[15.976101,45.839586],[15.97635,45.839201],[15.976553,45.838842],[15.976852,45.838269],[15.976965,45.838019],[15.977092,45.837716],[15.977362,45.836861],[15.977362,45.836861],[15.97741,45.836608],[15.977521,45.836125],[15.977628,45.83563],[15.977778,45.834999],[15.977879,45.834563],[15.977995,45.833957],[15.978009,45.833546],[15.977985,45.831966],[15.977985,45.831966],[15.977988,45.831342],[15.977972,45.830689],[15.977986,45.830369],[15.978023,45.830182],[15.978122,45.829967],[15.978176,45.829836],[15.978337,45.829613],[15.978445,45.829475],[15.978547,45.829369],[15.978851,45.829035],[15.979235,45.82856],[15.979369,45.828289],[15.979568,45.827644],[15.979568,45.827644],[15.97972,45.827162],[15.979988,45.82634],[15.980184,45.82569],[15.980371,45.825047],[15.980402,45.824699],[15.980385,45.82437],[15.980324,45.823977],[15.980236,45.823677],[15.980105,45.82341],[15.980057,45.8233],[15.979949,45.823068],[15.979903,45.822906],[15.979853,45.822556],[15.979853,45.822556],[15.979823,45.822495],[15.97969,45.821728],[15.979614,45.821421],[15.979593,45.821262],[15.979561,45.820968],[15.979504,45.820593],[15.979412,45.820099],[15.979387,45.819921],[15.979254,45.819784],[15.979254,45.819784],[15.979323,45.819703],[15.979326,45.819624],[15.979316,45.819587],[15.979316,45.819496],[15.979314,45.819444],[15.979333,45.819286],[15.979866,45.818362],[15.980454,45.817404],[15.980778,45.817002],[15.980945,45.816797],[15.981106,45.816567],[15.981369,45.816057],[15.981674,45.815404],[15.9818,45.815147],[15.981906,45.814963],[15.981983,45.814862],[15.982043,45.814795],[15.982199,45.814689],[15.982575,45.814462],[15.983019,45.814192],[15.98322,45.814061],[15.983298,45.813959],[15.983385,45.813077],[15.983433,45.81283],[15.983433,45.81283],[15.983398,45.812796],[15.983555,45.810873],[15.983597,45.81038],[15.983594,45.809998],[15.983594,45.809998],[15.983869,45.807065],[15.983878,45.806869],[15.983796,45.806868],[15.983796,45.806868],[15.983874,45.806857],[15.984008,45.80567],[15.983942,45.805582],[15.983894,45.805556],[15.98375,45.805524],[15.978461,45.805234],[15.978461,45.805234],[15.978233,45.805233],[15.978107,45.805309],[15.978065,45.805438],[15.978054,45.805582],[15.977954,45.805648],[15.977855,45.805681],[15.977777,45.805686],[15.97753,45.805668],[15.977196,45.805669],[15.97674,45.805661],[15.976522,45.805698],[15.97566,45.805675],[15.974485,45.805643],[15.974204,45.805643],[15.974162,45.8055],[15.974162,45.8055],[15.974135,45.805633],[15.973923,45.805637],[15.970686,45.805554],[15.969633,45.805525],[15.968445,45.805482],[15.967517,45.805468],[15.967108,45.805447],[15.9671,45.805513],[15.9671,45.805513],[15.967095,45.805449],[15.96642,45.805425],[15.966348,45.805409],[15.966272,45.805375],[15.966205,45.805326],[15.964203,45.80243],[15.964203,45.80243],[15.963931,45.801955],[15.962349,45.799618],[15.962363,45.799486],[15.962492,45.799416],[15.962628,45.799384],[15.963091,45.799411],[15.963291,45.799403],[15.96322,45.799348],[15.96322,45.799348],[15.963241,45.799416],[15.967669,45.799645],[15.967658,45.799699],[15.967653,45.799702],[15.967669,45.799645],[15.971146,45.799816],[15.971146,45.799816],[15.973076,45.799927],[15.975453,45.80006],[15.975453,45.80006],[15.977857,45.800171],[15.980091,45.800299],[15.980091,45.800299],[15.984925,45.800546],[15.98492,45.800556],[15.984928,45.800558],[15.984912,45.800548],[15.988918,45.80075],[15.988884,45.800768],[15.988884,45.800768],[15.988893,45.800754],[15.995109,45.801051],[15.996438,45.801113],[15.996429,45.801127],[15.996429,45.801127],[15.996454,45.801118],[15.999859,45.80128],[15.999829,45.801317],[15.999829,45.801317],[15.99985,45.801294],[16.003937,45.801492],[16.00392,45.80152],[16.00392,45.80152],[16.003962,45.801488],[16.004506,45.801516],[16.005079,45.801554],[16.005545,45.801592],[16.006097,45.801646],[16.006758,45.801709],[16.007231,45.801773],[16.008647,45.801992],[16.010502,45.802292],[16.010506,45.80231],[16.010498,45.802312],[16.011169,45.80242],[16.014683,45.803022],[16.014683,45.803022],[16.01716,45.803409],[16.019917,45.803884],[16.019924,45.803881],[16.021538,45.804137],[16.022087,45.804229],[16.022545,45.804289],[16.023255,45.804339],[16.023255,45.804339],[16.023604,45.804291],[16.023899,45.804243],[16.024257,45.804148],[16.024538,45.804056],[16.026014,45.803338],[16.026376,45.803158],[16.026812,45.802961],[16.026812,45.802961],[16.027013,45.802829],[16.028154,45.802242],[16.02939,45.801622],[16.029936,45.801338],[16.030538,45.801072],[16.030529,45.801076],[16.030714,45.800944],[16.03477,45.798859],[16.034773,45.79886],[16.035696,45.798413],[16.03621,45.798108],[16.036529,45.797875],[16.03679,45.79767],[16.037108,45.797385],[16.037561,45.796881],[16.037695,45.796791],[16.037695,45.796791],[16.037653,45.796738],[16.037768,45.796625],[16.038041,45.796236],[16.038122,45.796056],[16.038167,45.795758],[16.038302,45.795174],[16.0384,45.794505],[16.038479,45.794085],[16.038521,45.793774],[16.038561,45.793593],[16.038544,45.793128],[16.038544,45.793128],[16.038521,45.793099],[16.038463,45.793036],[16.038406,45.792933],[16.038038,45.792504],[16.037861,45.792354],[16.037459,45.791949],[16.037146,45.791649],[16.037157,45.791414],[16.037157,45.791414],[16.036932,45.791426],[16.034954,45.789527],[16.03446,45.789077]]}},{"type":"Feature","properties":{"shapeId":"33_29","routeName":"33","routeLong":"Mihaljevac - Savišće"},"geometry":{"type":"LineString","coordinates":[[16.034915,45.789396],[16.035449,45.789938],[16.036258,45.790728],[16.036405,45.790727],[16.036405,45.790727],[16.036516,45.790971],[16.038063,45.792495],[16.038153,45.792573],[16.038153,45.792573],[16.038463,45.792945],[16.038585,45.793226],[16.038611,45.79358],[16.038479,45.794358],[16.038289,45.795481],[16.03815,45.796065],[16.037999,45.796365],[16.03739,45.797164],[16.03739,45.797164],[16.036813,45.797705],[16.036233,45.798143],[16.034438,45.799088],[16.034328,45.799168],[16.034325,45.799174],[16.03341,45.799601],[16.031037,45.800823],[16.031041,45.800821],[16.029876,45.801411],[16.028186,45.802263],[16.027344,45.802718],[16.027344,45.802718],[16.026563,45.803067],[16.026009,45.803371],[16.025555,45.803603],[16.025322,45.80372],[16.024926,45.803918],[16.024619,45.804058],[16.024388,45.804142],[16.024268,45.804185],[16.024091,45.804223],[16.023646,45.804343],[16.023646,45.804343],[16.023512,45.804342],[16.0233,45.804352],[16.0231,45.804354],[16.022913,45.804354],[16.022681,45.804341],[16.02249,45.804329],[16.020691,45.804034],[16.020691,45.804034],[16.020352,45.803977],[16.019689,45.803856],[16.016932,45.803402],[16.016479,45.803322],[16.015651,45.803191],[16.015424,45.803151],[16.01532,45.803114],[16.01532,45.803114],[16.015198,45.803105],[16.015105,45.803105],[16.012906,45.802736],[16.011923,45.802574],[16.011572,45.802513],[16.011459,45.802496],[16.011391,45.802453],[16.011391,45.802453],[16.011257,45.802453],[16.011132,45.802431],[16.010092,45.802264],[16.00877,45.802046],[16.007913,45.801912],[16.007464,45.801838],[16.006728,45.801746],[16.00616,45.801682],[16.005215,45.801606],[16.004911,45.801577],[16.004683,45.80157],[16.004676,45.801551],[16.004673,45.801554],[16.004517,45.801554],[16.000079,45.80135],[16.000079,45.80135],[15.999946,45.80134],[15.999873,45.80133],[15.994394,45.801034],[15.994396,45.801035],[15.994016,45.801015],[15.989573,45.800798],[15.989575,45.800795],[15.985935,45.800613],[15.98546,45.800588],[15.985418,45.800627],[15.985412,45.800636],[15.985432,45.800586],[15.97787,45.800203],[15.97788,45.800201],[15.977323,45.800174],[15.974374,45.800025],[15.973712,45.799994],[15.973713,45.799955],[15.973713,45.799955],[15.973696,45.799983],[15.970372,45.799828],[15.969356,45.799788],[15.969344,45.799789],[15.969344,45.799789],[15.967899,45.799698],[15.962683,45.799435],[15.962547,45.799467],[15.962471,45.79953],[15.962462,45.799635],[15.962787,45.800109],[15.962837,45.800095],[15.962837,45.800095],[15.962879,45.800239],[15.964675,45.802897],[15.964721,45.802962],[15.964677,45.802948],[15.964677,45.802948],[15.965301,45.803842],[15.965734,45.804456],[15.966056,45.804918],[15.966284,45.805276],[15.966408,45.805343],[15.96654,45.805383],[15.967634,45.805413],[15.967645,45.805359],[15.967645,45.805359],[15.967675,45.805414],[15.969018,45.805435],[15.971477,45.805515],[15.972368,45.805541],[15.973437,45.805581],[15.973663,45.805621],[15.973663,45.805621],[15.974033,45.805557],[15.974858,45.805585],[15.976135,45.805615],[15.976379,45.80562],[15.977079,45.80564],[15.977726,45.805647],[15.977819,45.805647],[15.977915,45.805608],[15.977991,45.805546],[15.978008,45.805426],[15.97803,45.805319],[15.978102,45.805245],[15.978185,45.805207],[15.97834,45.805192],[15.978941,45.805232],[15.979197,45.805235],[15.979272,45.805218],[15.979272,45.805218],[15.979295,45.805254],[15.979498,45.805265],[15.980968,45.805346],[15.982573,45.805435],[15.983386,45.805465],[15.983714,45.80549],[15.983765,45.805438],[15.983765,45.805438],[15.983778,45.805527],[15.983833,45.805487],[15.98393,45.805499],[15.984032,45.80557],[15.984059,45.805618],[15.984075,45.805719],[15.983907,45.807696],[15.983905,45.807917],[15.983889,45.808094],[15.98387,45.808253],[15.983882,45.808439],[15.983882,45.808439],[15.983844,45.808575],[15.983793,45.809179],[15.983724,45.809902],[15.983707,45.810385],[15.983726,45.810408],[15.98372,45.810407],[15.983702,45.810599],[15.983487,45.813355],[15.983495,45.813354],[15.983453,45.813853],[15.983368,45.814014],[15.983342,45.814069],[15.983227,45.814176],[15.98304,45.814267],[15.982312,45.814706],[15.982026,45.814921],[15.981129,45.816694],[15.981048,45.816783],[15.980901,45.816965],[15.980562,45.817357],[15.980368,45.817702],[15.979912,45.818427],[15.979635,45.8189],[15.979457,45.819152],[15.979365,45.819392],[15.979363,45.819522],[15.979383,45.81963],[15.97944,45.820011],[15.979413,45.820144],[15.979413,45.820144],[15.979493,45.820373],[15.979534,45.820556],[15.97978,45.821898],[15.979834,45.822266],[15.979814,45.822334],[15.979814,45.822334],[15.979956,45.822996],[15.980136,45.823341],[15.980365,45.823984],[15.980439,45.824506],[15.980447,45.82481],[15.980369,45.825268],[15.98002,45.826355],[15.979656,45.827496],[15.979505,45.827978],[15.979448,45.828057],[15.979448,45.828057],[15.979429,45.828216],[15.979328,45.828476],[15.979206,45.828649],[15.979107,45.828766],[15.978729,45.829214],[15.978477,45.82949],[15.978279,45.829731],[15.978161,45.829923],[15.978124,45.830025],[15.978056,45.830249],[15.978,45.830964],[15.978024,45.831824],[15.978024,45.831824],[15.978039,45.832782],[15.978064,45.833687],[15.977993,45.834184],[15.977461,45.836471],[15.977461,45.836471],[15.977341,45.837156],[15.977096,45.837826],[15.976649,45.838712],[15.975923,45.840026],[15.975796,45.840232],[15.975663,45.840465],[15.97549,45.840696],[15.974783,45.841664]]}},{"type":"Feature","properties":{"shapeId":"33_30","routeName":"33","routeLong":"Mihaljevac - Savišće"},"geometry":{"type":"LineString","coordinates":[[15.974944,45.841343],[15.975068,45.841216],[15.975384,45.840789],[15.975672,45.84036],[15.975875,45.840001],[15.976101,45.839586],[15.97635,45.839201],[15.976553,45.838842],[15.976852,45.838269],[15.976965,45.838019],[15.977092,45.837716],[15.977362,45.836861],[15.977362,45.836861],[15.97741,45.836608],[15.977521,45.836125],[15.977628,45.83563],[15.977778,45.834999],[15.977879,45.834563],[15.977995,45.833957],[15.978009,45.833546],[15.977985,45.831966],[15.977985,45.831966],[15.977988,45.831342],[15.977972,45.830689],[15.977986,45.830369],[15.978023,45.830182],[15.978122,45.829967],[15.978176,45.829836],[15.978337,45.829613],[15.978445,45.829475],[15.978547,45.829369],[15.978851,45.829035],[15.979235,45.82856],[15.979369,45.828289],[15.979568,45.827644],[15.979568,45.827644],[15.97972,45.827162],[15.979988,45.82634],[15.980184,45.82569],[15.980371,45.825047],[15.980402,45.824699],[15.980385,45.82437],[15.980324,45.823977],[15.980236,45.823677],[15.980105,45.82341],[15.980057,45.8233],[15.979949,45.823068],[15.979903,45.822906],[15.979853,45.822556],[15.979853,45.822556],[15.979823,45.822495],[15.97969,45.821728],[15.979614,45.821421],[15.979593,45.821262],[15.979561,45.820968],[15.979504,45.820593],[15.979412,45.820099],[15.979387,45.819921],[15.979254,45.819784],[15.979254,45.819784],[15.979323,45.819703],[15.979326,45.819624],[15.979316,45.819587],[15.979316,45.819496],[15.979314,45.819444],[15.979333,45.819286],[15.979866,45.818362],[15.980454,45.817404],[15.980778,45.817002],[15.980945,45.816797],[15.981106,45.816567],[15.981369,45.816057],[15.981674,45.815404],[15.9818,45.815147],[15.981906,45.814963],[15.981983,45.814862],[15.982043,45.814795],[15.982199,45.814689],[15.982575,45.814462],[15.983019,45.814192],[15.98322,45.814061],[15.983298,45.813959],[15.983385,45.813077],[15.983433,45.81283],[15.983433,45.81283],[15.983398,45.812796],[15.983555,45.810873],[15.983597,45.81038],[15.983594,45.809998],[15.983594,45.809998],[15.983869,45.807065],[15.983878,45.806869],[15.983796,45.806868],[15.983796,45.806868],[15.983876,45.806818],[15.983897,45.806705],[15.983902,45.806405],[15.983965,45.805981],[15.983988,45.805744],[15.984024,45.80559],[15.984168,45.805531],[15.984409,45.80553],[15.985303,45.805575],[15.985806,45.805602],[15.989129,45.80579],[15.989539,45.805817],[15.990215,45.805892],[15.991976,45.80614],[15.991976,45.80614],[15.992186,45.806176],[15.992322,45.806235],[15.992396,45.806302],[15.9924,45.806406],[15.992255,45.806731],[15.992164,45.806873],[15.992116,45.806945],[15.992044,45.807013],[15.991959,45.80709],[15.991878,45.807179],[15.991825,45.807271],[15.991781,45.807355],[15.991744,45.807451],[15.991714,45.807578],[15.991672,45.808162],[15.991698,45.808113],[15.991698,45.808113],[15.991668,45.808331],[15.991714,45.808487],[15.991829,45.808653],[15.992073,45.808937],[15.993114,45.81011],[15.993648,45.810743],[15.99386,45.810915],[15.99386,45.810915],[15.993927,45.811061],[15.994067,45.81121],[15.994334,45.81153],[15.994614,45.811842],[15.996521,45.814055],[15.996521,45.814055],[15.996676,45.814216],[15.996724,45.814241],[15.997382,45.814475],[15.99749,45.814524],[15.997532,45.814577],[15.997499,45.814692],[15.99741,45.814841],[15.997343,45.81498],[15.9974,45.815082],[15.997559,45.81517],[15.997764,45.815233],[16.003062,45.81645],[16.003352,45.816526],[16.003453,45.816551],[16.003533,45.816592],[16.003533,45.816592],[16.003752,45.816607],[16.008159,45.817623],[16.008156,45.817625],[16.012255,45.818578],[16.014085,45.819036],[16.014089,45.81903],[16.015128,45.819288],[16.017858,45.819921],[16.020959,45.820631],[16.022278,45.820928],[16.022726,45.821041],[16.022729,45.821047],[16.022722,45.821022],[16.022722,45.821022],[16.022874,45.821085],[16.023636,45.821265],[16.027491,45.822078],[16.027491,45.822078],[16.031759,45.823022],[16.033175,45.823331],[16.034729,45.823653],[16.035118,45.823703],[16.035361,45.823753],[16.035587,45.823793],[16.035688,45.823818]]}},{"type":"Feature","properties":{"shapeId":"3_4","routeName":"3","routeLong":"Ljubljanica -Savišće"},"geometry":{"type":"LineString","coordinates":[[16.034915,45.789396],[16.035449,45.789938],[16.036258,45.790728],[16.036405,45.790727],[16.036405,45.790727],[16.036516,45.790971],[16.038063,45.792495],[16.038153,45.792573],[16.038153,45.792573],[16.038463,45.792945],[16.038585,45.793226],[16.038611,45.79358],[16.038479,45.794358],[16.038289,45.795481],[16.03815,45.796065],[16.037999,45.796365],[16.03739,45.797164],[16.03739,45.797164],[16.036813,45.797705],[16.036233,45.798143],[16.034438,45.799088],[16.034328,45.799168],[16.034325,45.799174],[16.03341,45.799601],[16.031037,45.800823],[16.031041,45.800821],[16.029876,45.801411],[16.028186,45.802263],[16.027344,45.802718],[16.027344,45.802718],[16.026563,45.803067],[16.026009,45.803371],[16.025555,45.803603],[16.025322,45.80372],[16.024926,45.803918],[16.024619,45.804058],[16.024388,45.804142],[16.024268,45.804185],[16.024091,45.804223],[16.023646,45.804343],[16.023646,45.804343],[16.023512,45.804342],[16.0233,45.804352],[16.0231,45.804354],[16.022913,45.804354],[16.022681,45.804341],[16.02249,45.804329],[16.020691,45.804034],[16.020691,45.804034],[16.020352,45.803977],[16.019689,45.803856],[16.016932,45.803402],[16.016479,45.803322],[16.015651,45.803191],[16.015424,45.803151],[16.01532,45.803114],[16.01532,45.803114],[16.015198,45.803105],[16.015105,45.803105],[16.012906,45.802736],[16.011923,45.802574],[16.011572,45.802513],[16.011459,45.802496],[16.011391,45.802453],[16.011391,45.802453],[16.011257,45.802453],[16.011132,45.802431],[16.010092,45.802264],[16.00877,45.802046],[16.007913,45.801912],[16.007464,45.801838],[16.006728,45.801746],[16.00616,45.801682],[16.005215,45.801606],[16.004911,45.801577],[16.004683,45.80157],[16.004676,45.801551],[16.004673,45.801554],[16.004517,45.801554],[16.000079,45.80135],[16.000079,45.80135],[15.999946,45.80134],[15.999873,45.80133],[15.994394,45.801034],[15.994396,45.801035],[15.994016,45.801015],[15.989573,45.800798],[15.989575,45.800795],[15.985935,45.800613],[15.98546,45.800588],[15.985418,45.800627],[15.985412,45.800636],[15.985432,45.800586],[15.97787,45.800203],[15.97788,45.800201],[15.977323,45.800174],[15.974374,45.800025],[15.973712,45.799994],[15.973713,45.799955],[15.973713,45.799955],[15.973696,45.799983],[15.970372,45.799828],[15.969356,45.799788],[15.969344,45.799789],[15.969344,45.799789],[15.967899,45.799698],[15.962683,45.799435],[15.962547,45.799467],[15.962471,45.79953],[15.962462,45.799635],[15.962787,45.800109],[15.962837,45.800095],[15.962837,45.800095],[15.962879,45.800239],[15.964675,45.802897],[15.964721,45.802962],[15.964677,45.802948],[15.964677,45.802948],[15.964769,45.803085],[15.964772,45.803182],[15.964742,45.803218],[15.964716,45.803267],[15.964599,45.803323],[15.963513,45.803402],[15.963513,45.803402],[15.963124,45.803449],[15.9629,45.803455],[15.962702,45.803417],[15.959664,45.801957],[15.959664,45.801957],[15.957554,45.800965],[15.957303,45.800843],[15.957066,45.800766],[15.956722,45.800645],[15.955672,45.800343],[15.954624,45.800105],[15.954486,45.800086],[15.954478,45.800106],[15.954478,45.800106],[15.954478,45.8001],[15.95437,45.800056],[15.951131,45.799545],[15.950283,45.79939],[15.949534,45.799208],[15.948626,45.798945],[15.947583,45.798583],[15.947028,45.798426],[15.947028,45.798426],[15.94677,45.798365],[15.945652,45.798156],[15.943426,45.797771],[15.942286,45.797669],[15.942276,45.797722],[15.942276,45.797722],[15.942299,45.797661],[15.939716,45.797435],[15.937636,45.79723],[15.937535,45.797205]]}},{"type":"Feature","properties":{"shapeId":"34_1","routeName":"34","routeLong":"Ljubljanica - Dubec"},"geometry":{"type":"LineString","coordinates":[[15.938562,45.797283],[15.938657,45.797244],[15.943251,45.797678],[15.943543,45.797709],[15.944087,45.797828],[15.944087,45.797828],[15.945,45.797981],[15.946774,45.798286],[15.947057,45.798338],[15.94729,45.798403],[15.947703,45.798534],[15.948458,45.798786],[15.948447,45.79884],[15.948447,45.79884],[15.948453,45.798807],[15.949742,45.799192],[15.950299,45.799316],[15.95084,45.799423],[15.951106,45.799464],[15.952073,45.799615],[15.953432,45.799823],[15.953796,45.799876],[15.954257,45.799948],[15.954644,45.800031],[15.954835,45.800044],[15.954835,45.800044],[15.954955,45.800092],[15.955688,45.800263],[15.956195,45.8004],[15.956874,45.800611],[15.957367,45.800783],[15.959109,45.801618],[15.959217,45.801668],[15.959309,45.801701],[15.959309,45.801701],[15.959432,45.801762],[15.96273,45.803335],[15.962862,45.803375],[15.962981,45.803372],[15.964096,45.803295],[15.964304,45.803273],[15.964306,45.803324],[15.964306,45.803324],[15.96437,45.80327],[15.964794,45.803257],[15.964946,45.803314],[15.966938,45.806236],[15.966938,45.806236],[15.968247,45.808138],[15.968618,45.808677],[15.968646,45.808776],[15.968646,45.808776],[15.968729,45.808824],[15.968917,45.809193],[15.969002,45.80948],[15.969051,45.809648],[15.969593,45.8125],[15.969593,45.8125],[15.969646,45.812863],[15.96965,45.813154],[15.969703,45.813238],[15.969848,45.813276],[15.972101,45.813158],[15.973087,45.813144],[15.974517,45.813043],[15.976078,45.813028],[15.976343,45.813017],[15.977249,45.812871],[15.977313,45.812908],[15.977313,45.812908],[15.977385,45.812833],[15.97746,45.81281],[15.977539,45.812766],[15.977576,45.812664],[15.977587,45.812519],[15.977553,45.81244],[15.977514,45.812127],[15.977477,45.811957],[15.977402,45.811435],[15.977745,45.809],[15.977738,45.808884],[15.977738,45.808884],[15.977767,45.808893],[15.977886,45.80802],[15.977907,45.807543],[15.977924,45.806963],[15.977972,45.806353],[15.977981,45.806241],[15.977993,45.806155],[15.978003,45.805823],[15.978008,45.805608],[15.978028,45.805352],[15.978072,45.805281],[15.978164,45.805229],[15.978238,45.805206],[15.979258,45.805259],[15.979272,45.805218],[15.979272,45.805218],[15.979295,45.805254],[15.979498,45.805265],[15.980968,45.805346],[15.982573,45.805435],[15.983386,45.805465],[15.983714,45.80549],[15.983765,45.805438],[15.983765,45.805438],[15.983778,45.805527],[15.983833,45.805487],[15.98393,45.805499],[15.984032,45.80557],[15.984059,45.805618],[15.984075,45.805719],[15.983907,45.807696],[15.983905,45.807917],[15.983889,45.808094],[15.98387,45.808253],[15.983882,45.808439],[15.983882,45.808439],[15.983844,45.808575],[15.983793,45.809179],[15.983724,45.809902],[15.983707,45.810385],[15.983726,45.810408],[15.98372,45.810407],[15.983702,45.810599],[15.983487,45.813355],[15.983495,45.813354],[15.983444,45.813497],[15.98338,45.813655],[15.983365,45.813735],[15.983427,45.813811],[15.983534,45.813861],[15.983619,45.813869],[15.983805,45.813817],[15.984024,45.813748],[15.984307,45.813702],[15.986632,45.813697],[15.986753,45.813739],[15.986753,45.813739],[15.986811,45.813705],[15.987735,45.813712],[15.98954,45.813793],[15.991696,45.813844],[15.991696,45.813844],[15.99273,45.813862],[15.993327,45.813883],[15.993679,45.813944],[15.99528,45.814384],[15.996212,45.814683],[15.996967,45.814928],[15.997061,45.814928],[15.997061,45.814928],[15.997163,45.815005],[15.997672,45.815193],[15.997853,45.815259],[16.003437,45.816546],[16.003533,45.816592],[16.003533,45.816592],[16.003752,45.816607],[16.008159,45.817623],[16.008156,45.817625],[16.012255,45.818578],[16.014085,45.819036],[16.014089,45.81903],[16.015128,45.819288],[16.017858,45.819921],[16.020959,45.820631],[16.022278,45.820928],[16.022726,45.821041],[16.022729,45.821047],[16.022722,45.821022],[16.022722,45.821022],[16.022874,45.821085],[16.023636,45.821265],[16.027491,45.822078],[16.027491,45.822078],[16.034547,45.823626],[16.034917,45.823653],[16.035675,45.82382],[16.038149,45.824351],[16.039978,45.82483],[16.039997,45.824853],[16.039997,45.824853],[16.040018,45.824837],[16.041614,45.825245],[16.041683,45.825254],[16.041743,45.825278],[16.042118,45.825369],[16.042355,45.82544],[16.04314,45.825655],[16.043971,45.825935],[16.045282,45.826427],[16.045351,45.826437],[16.045368,45.826402],[16.045368,45.826402],[16.045335,45.826426],[16.04667,45.826915],[16.047983,45.827362],[16.048722,45.827603],[16.048722,45.827603],[16.049026,45.827729],[16.052417,45.828821],[16.052495,45.828816],[16.052448,45.828881],[16.052467,45.828807],[16.053183,45.829012],[16.053611,45.829102],[16.05403,45.829206],[16.054474,45.829306],[16.055088,45.829428],[16.055468,45.829498],[16.055744,45.829525],[16.056243,45.829579],[16.056815,45.829615],[16.056815,45.829615],[16.057169,45.829631],[16.057364,45.829656],[16.057641,45.829643],[16.058033,45.829614],[16.059281,45.829388],[16.060714,45.829123],[16.061289,45.829024],[16.062273,45.828867],[16.06324,45.828739],[16.063825,45.828677],[16.063823,45.828722],[16.063823,45.828722],[16.063881,45.828688],[16.064171,45.828674],[16.06462,45.82865],[16.065035,45.82865],[16.065751,45.828674],[16.066736,45.828698],[16.066927,45.828711],[16.067696,45.828727],[16.067793,45.828739],[16.06814,45.828736],[16.068458,45.828724],[16.068732,45.828699],[16.0696,45.828597],[16.069699,45.82857],[16.069699,45.82857],[16.069752,45.82857],[16.072364,45.82825],[16.0727,45.82821],[16.072995,45.828169],[16.072995,45.828169],[16.075069,45.827937],[16.075812,45.827821],[16.075861,45.827801],[16.076243,45.827735],[16.076674,45.827655],[16.076748,45.827632],[16.078165,45.827356],[16.078321,45.827334],[16.078437,45.82737],[16.078496,45.827433],[16.078516,45.82754],[16.078509,45.827606],[16.078466,45.827651],[16.078399,45.827693],[16.077696,45.82785]]}},{"type":"Feature","properties":{"shapeId":"34_3","routeName":"34","routeLong":"Ljubljanica - Dubec"},"geometry":{"type":"LineString","coordinates":[[16.077696,45.82785],[16.077438,45.827879],[16.077024,45.827755],[16.076663,45.827708],[16.076428,45.82778],[16.075289,45.827952],[16.074379,45.828086],[16.072922,45.828244],[16.072553,45.828302],[16.072488,45.828402],[16.072488,45.828402],[16.072389,45.828338],[16.072132,45.828334],[16.070817,45.828505],[16.069838,45.828635],[16.06832,45.828802],[16.067956,45.82884],[16.067956,45.82884],[16.067859,45.828821],[16.065322,45.828714],[16.064169,45.828713],[16.063155,45.828815],[16.062211,45.828973],[16.062082,45.829036],[16.062082,45.829036],[16.061966,45.829001],[16.061298,45.829101],[16.060075,45.82931],[16.05861,45.829573],[16.057908,45.82969],[16.056771,45.829693],[16.055424,45.82957],[16.054473,45.829436],[16.054473,45.829436],[16.054372,45.829411],[16.052315,45.828841],[16.051894,45.828777],[16.051894,45.828777],[16.051843,45.828738],[16.050756,45.828325],[16.048775,45.827693],[16.048156,45.827591],[16.048156,45.827591],[16.048128,45.827491],[16.046651,45.826983],[16.044164,45.826083],[16.043692,45.82598],[16.043692,45.82598],[16.04351,45.825869],[16.042401,45.825511],[16.041099,45.825186],[16.040017,45.824876],[16.038892,45.824598],[16.037706,45.824348],[16.037136,45.824324],[16.037136,45.824324],[16.036965,45.824237],[16.035317,45.823824],[16.03386,45.823521],[16.032015,45.823122],[16.030753,45.822837],[16.029497,45.822577],[16.028293,45.822355],[16.028293,45.822355],[16.028193,45.822324],[16.023746,45.821366],[16.022077,45.820975],[16.022077,45.820975],[16.017515,45.819936],[16.01414,45.81916],[16.012275,45.818686],[16.012147,45.818619],[16.012147,45.818619],[16.011941,45.818602],[16.00957,45.81805],[16.007687,45.817611],[16.007569,45.817614],[16.007569,45.817614],[16.00747,45.817556],[16.005559,45.817108],[16.002953,45.816536],[16.002856,45.816524],[16.002856,45.816524],[16.002666,45.816472],[15.9978,45.815351],[15.997632,45.815283],[15.997632,45.815283],[15.997154,45.81511],[15.995196,45.81446],[15.993852,45.814076],[15.993352,45.81397],[15.99133,45.81392],[15.991052,45.813842],[15.991052,45.813842],[15.990911,45.813907],[15.987772,45.813798],[15.986685,45.813781],[15.986537,45.813827],[15.986537,45.813827],[15.986307,45.813768],[15.985273,45.813762],[15.984492,45.813747],[15.984243,45.813763],[15.98398,45.813819],[15.983761,45.813895],[15.983669,45.813946],[15.98349,45.813932],[15.983354,45.81388],[15.983317,45.8138],[15.983382,45.812877],[15.983433,45.81283],[15.983433,45.81283],[15.983398,45.812796],[15.983555,45.810873],[15.983597,45.81038],[15.983594,45.809998],[15.983594,45.809998],[15.983869,45.807065],[15.983878,45.806869],[15.983796,45.806868],[15.983796,45.806868],[15.983874,45.806857],[15.984008,45.80567],[15.983942,45.805582],[15.983894,45.805556],[15.98375,45.805524],[15.978461,45.805234],[15.978461,45.805234],[15.978355,45.805236],[15.97822,45.805235],[15.978134,45.80526],[15.97809,45.805337],[15.978074,45.805424],[15.977934,45.808324],[15.977823,45.809171],[15.977823,45.809171],[15.977494,45.811196],[15.977476,45.811503],[15.977473,45.811672],[15.977498,45.81176],[15.977647,45.812628],[15.97761,45.812731],[15.977599,45.812784],[15.977523,45.812846],[15.977437,45.812871],[15.977248,45.812911],[15.977055,45.812937],[15.976739,45.813001],[15.976456,45.81304],[15.976546,45.813027],[15.976611,45.813013],[15.976611,45.813013],[15.976505,45.813027],[15.976443,45.813042],[15.976051,45.81307],[15.974621,45.813081],[15.97311,45.813174],[15.972112,45.813195],[15.970096,45.8133],[15.96979,45.813303],[15.969678,45.813247],[15.969624,45.813197],[15.969588,45.813078],[15.969484,45.812489],[15.969474,45.812489],[15.969386,45.811841],[15.968867,45.809333],[15.968878,45.809335],[15.96879,45.80912],[15.966744,45.80612],[15.966604,45.805964],[15.966604,45.805964],[15.966445,45.805695],[15.96487,45.803382],[15.964762,45.803326],[15.963513,45.803402],[15.963513,45.803402],[15.963124,45.803449],[15.9629,45.803455],[15.962702,45.803417],[15.959664,45.801957],[15.959664,45.801957],[15.957554,45.800965],[15.957303,45.800843],[15.957066,45.800766],[15.956722,45.800645],[15.955672,45.800343],[15.954624,45.800105],[15.954486,45.800086],[15.954478,45.800106],[15.954478,45.800106],[15.954478,45.8001],[15.95437,45.800056],[15.951131,45.799545],[15.950283,45.79939],[15.949534,45.799208],[15.948626,45.798945],[15.947583,45.798583],[15.947028,45.798426],[15.947028,45.798426],[15.94677,45.798365],[15.945652,45.798156],[15.943426,45.797771],[15.942286,45.797669],[15.942276,45.797722],[15.942276,45.797722],[15.942299,45.797661],[15.939716,45.797435],[15.937636,45.79723],[15.937535,45.797205]]}},{"type":"Feature","properties":{"shapeId":"4_1","routeName":"4","routeLong":"Savski most - Dubec"},"geometry":{"type":"LineString","coordinates":[[16.039997,45.824853],[16.040018,45.824837],[16.041614,45.825245],[16.041683,45.825254],[16.041743,45.825278],[16.042118,45.825369],[16.042355,45.82544],[16.04314,45.825655],[16.043971,45.825935],[16.045282,45.826427],[16.045351,45.826437],[16.045368,45.826402],[16.045368,45.826402],[16.045335,45.826426],[16.04667,45.826915],[16.047983,45.827362],[16.048722,45.827603],[16.048722,45.827603],[16.049026,45.827729],[16.052417,45.828821],[16.052495,45.828816],[16.052448,45.828881],[16.052467,45.828807],[16.053183,45.829012],[16.053611,45.829102],[16.05403,45.829206],[16.054474,45.829306],[16.055088,45.829428],[16.055468,45.829498],[16.055744,45.829525],[16.056243,45.829579],[16.056815,45.829615],[16.056815,45.829615],[16.057169,45.829631],[16.057364,45.829656],[16.057641,45.829643],[16.058033,45.829614],[16.059281,45.829388],[16.060714,45.829123],[16.061289,45.829024],[16.062273,45.828867],[16.06324,45.828739],[16.063825,45.828677],[16.063823,45.828722],[16.063823,45.828722],[16.063881,45.828688],[16.064171,45.828674],[16.06462,45.82865],[16.065035,45.82865],[16.065751,45.828674],[16.066736,45.828698],[16.066927,45.828711],[16.067696,45.828727],[16.067793,45.828739],[16.06814,45.828736],[16.068458,45.828724],[16.068732,45.828699],[16.0696,45.828597],[16.069699,45.82857],[16.069699,45.82857],[16.069752,45.82857],[16.072364,45.82825],[16.0727,45.82821],[16.072995,45.828169],[16.072995,45.828169],[16.075069,45.827937],[16.075812,45.827821],[16.075861,45.827801],[16.076243,45.827735],[16.076674,45.827655],[16.076748,45.827632],[16.078165,45.827356],[16.078321,45.827334],[16.078437,45.82737],[16.078496,45.827433],[16.078516,45.82754],[16.078509,45.827606],[16.078466,45.827651],[16.078399,45.827693],[16.077696,45.82785]]}},{"type":"Feature","properties":{"shapeId":"4_3","routeName":"4","routeLong":"Savski most - Dubec"},"geometry":{"type":"LineString","coordinates":[[15.95332,45.786297],[15.953552,45.786581],[15.955129,45.788901],[15.955129,45.788901],[15.955592,45.789569],[15.956949,45.791575],[15.956949,45.791575],[15.957259,45.792018],[15.959224,45.794912],[15.959224,45.794912],[15.95982,45.795783],[15.960867,45.797338],[15.960878,45.797337],[15.96225,45.799372],[15.962619,45.799859],[15.962748,45.800069],[15.962837,45.800095],[15.962837,45.800095],[15.962879,45.800239],[15.964675,45.802897],[15.964721,45.802962],[15.964677,45.802948],[15.964677,45.802948],[15.965301,45.803842],[15.965734,45.804456],[15.966056,45.804918],[15.966284,45.805276],[15.966408,45.805343],[15.96654,45.805383],[15.967634,45.805413],[15.967645,45.805359],[15.967645,45.805359],[15.967675,45.805414],[15.969018,45.805435],[15.971477,45.805515],[15.972368,45.805541],[15.973437,45.805581],[15.973663,45.805621],[15.973663,45.805621],[15.974033,45.805557],[15.974858,45.805585],[15.976135,45.805615],[15.976379,45.80562],[15.977079,45.80564],[15.977726,45.805647],[15.977819,45.805647],[15.977915,45.805608],[15.977991,45.805546],[15.978008,45.805426],[15.97803,45.805319],[15.978102,45.805245],[15.978185,45.805207],[15.97834,45.805192],[15.978941,45.805232],[15.979197,45.805235],[15.979272,45.805218],[15.979272,45.805218],[15.979295,45.805254],[15.979498,45.805265],[15.980968,45.805346],[15.982573,45.805435],[15.983386,45.805465],[15.983714,45.80549],[15.983765,45.805438],[15.983765,45.805438],[15.983778,45.805527],[15.983833,45.805487],[15.98393,45.805499],[15.984032,45.80557],[15.984059,45.805618],[15.984075,45.805719],[15.983907,45.807696],[15.983905,45.807917],[15.983889,45.808094],[15.98387,45.808253],[15.983882,45.808439],[15.983882,45.808439],[15.983844,45.808575],[15.983793,45.809179],[15.983724,45.809902],[15.983707,45.810385],[15.983726,45.810408],[15.98372,45.810407],[15.983702,45.810599],[15.983487,45.813355],[15.983495,45.813354],[15.983444,45.813497],[15.98338,45.813655],[15.983365,45.813735],[15.983427,45.813811],[15.983534,45.813861],[15.983619,45.813869],[15.983805,45.813817],[15.984024,45.813748],[15.984307,45.813702],[15.986632,45.813697],[15.986753,45.813739],[15.986753,45.813739],[15.986811,45.813705],[15.987735,45.813712],[15.98954,45.813793],[15.991696,45.813844],[15.991696,45.813844],[15.99273,45.813862],[15.993327,45.813883],[15.993679,45.813944],[15.99528,45.814384],[15.996212,45.814683],[15.996967,45.814928],[15.997061,45.814928],[15.997061,45.814928],[15.997163,45.815005],[15.997672,45.815193],[15.997853,45.815259],[16.003437,45.816546],[16.003533,45.816592],[16.003533,45.816592],[16.003752,45.816607],[16.008159,45.817623],[16.008156,45.817625],[16.012255,45.818578],[16.014085,45.819036],[16.014089,45.81903],[16.015128,45.819288],[16.017858,45.819921],[16.020959,45.820631],[16.022278,45.820928],[16.022726,45.821041],[16.022729,45.821047],[16.022722,45.821022],[16.022722,45.821022],[16.022874,45.821085],[16.023636,45.821265],[16.027491,45.822078],[16.027491,45.822078],[16.034547,45.823626],[16.034917,45.823653],[16.035675,45.82382],[16.038149,45.824351],[16.039978,45.82483],[16.039997,45.824853],[16.039997,45.824853],[16.040018,45.824837],[16.041614,45.825245],[16.041683,45.825254],[16.041743,45.825278],[16.042118,45.825369],[16.042355,45.82544],[16.04314,45.825655],[16.043971,45.825935],[16.045282,45.826427],[16.045351,45.826437],[16.045368,45.826402],[16.045368,45.826402],[16.045335,45.826426],[16.04667,45.826915],[16.047983,45.827362],[16.048722,45.827603],[16.048722,45.827603],[16.049026,45.827729],[16.052417,45.828821],[16.052495,45.828816],[16.052448,45.828881],[16.052467,45.828807],[16.053183,45.829012],[16.053611,45.829102],[16.05403,45.829206],[16.054474,45.829306],[16.055088,45.829428],[16.055468,45.829498],[16.055744,45.829525],[16.056243,45.829579],[16.056815,45.829615],[16.056815,45.829615],[16.057169,45.829631],[16.057364,45.829656],[16.057641,45.829643],[16.058033,45.829614],[16.059281,45.829388],[16.060714,45.829123],[16.061289,45.829024],[16.062273,45.828867],[16.06324,45.828739],[16.063825,45.828677],[16.063823,45.828722],[16.063823,45.828722],[16.063881,45.828688],[16.064171,45.828674],[16.06462,45.82865],[16.065035,45.82865],[16.065751,45.828674],[16.066736,45.828698],[16.066927,45.828711],[16.067696,45.828727],[16.067793,45.828739],[16.06814,45.828736],[16.068458,45.828724],[16.068732,45.828699],[16.0696,45.828597],[16.069699,45.82857],[16.069699,45.82857],[16.069752,45.82857],[16.072364,45.82825],[16.0727,45.82821],[16.072995,45.828169],[16.072995,45.828169],[16.075069,45.827937],[16.075812,45.827821],[16.075861,45.827801],[16.076243,45.827735],[16.076674,45.827655],[16.076748,45.827632],[16.078165,45.827356],[16.078321,45.827334],[16.078437,45.82737],[16.078496,45.827433],[16.078516,45.82754],[16.078509,45.827606],[16.078466,45.827651],[16.078399,45.827693],[16.077696,45.82785]]}},{"type":"Feature","properties":{"shapeId":"4_5","routeName":"4","routeLong":"Savski most - Dubec"},"geometry":{"type":"LineString","coordinates":[[16.028293,45.822355],[16.028193,45.822324],[16.023746,45.821366],[16.022077,45.820975],[16.022077,45.820975],[16.017515,45.819936],[16.01414,45.81916],[16.012275,45.818686],[16.012147,45.818619],[16.012147,45.818619],[16.011941,45.818602],[16.00957,45.81805],[16.007687,45.817611],[16.007569,45.817614],[16.007569,45.817614],[16.00747,45.817556],[16.005559,45.817108],[16.002953,45.816536],[16.002856,45.816524],[16.002856,45.816524],[16.002666,45.816472],[15.9978,45.815351],[15.997632,45.815283],[15.997632,45.815283],[15.997154,45.81511],[15.995196,45.81446],[15.993852,45.814076],[15.993352,45.81397],[15.99133,45.81392],[15.991052,45.813842],[15.991052,45.813842],[15.990911,45.813907],[15.987772,45.813798],[15.986685,45.813781],[15.986537,45.813827],[15.986537,45.813827],[15.986307,45.813768],[15.985273,45.813762],[15.984492,45.813747],[15.984243,45.813763],[15.98398,45.813819],[15.983761,45.813895],[15.983669,45.813946],[15.98349,45.813932],[15.983354,45.81388],[15.983317,45.8138],[15.983382,45.812877],[15.983433,45.81283],[15.983433,45.81283],[15.983398,45.812796],[15.983555,45.810873],[15.983597,45.81038],[15.983594,45.809998],[15.983594,45.809998],[15.983869,45.807065],[15.983878,45.806869],[15.983796,45.806868],[15.983796,45.806868],[15.983874,45.806857],[15.984008,45.80567],[15.983942,45.805582],[15.983894,45.805556],[15.98375,45.805524],[15.978461,45.805234],[15.978461,45.805234],[15.978233,45.805233],[15.978107,45.805309],[15.978065,45.805438],[15.978054,45.805582],[15.977954,45.805648],[15.977855,45.805681],[15.977777,45.805686],[15.97753,45.805668],[15.977196,45.805669],[15.97674,45.805661],[15.976522,45.805698],[15.97566,45.805675],[15.974485,45.805643],[15.974204,45.805643],[15.974162,45.8055],[15.974162,45.8055],[15.974135,45.805633],[15.973923,45.805637],[15.970686,45.805554],[15.969633,45.805525],[15.968445,45.805482],[15.967517,45.805468],[15.967108,45.805447],[15.9671,45.805513],[15.9671,45.805513],[15.967095,45.805449],[15.96642,45.805425],[15.966348,45.805409],[15.966272,45.805375],[15.966205,45.805326],[15.964203,45.80243],[15.964208,45.802432],[15.964136,45.80229],[15.961705,45.798715],[15.961709,45.798714],[15.961127,45.797873],[15.960194,45.79651],[15.960185,45.796513],[15.959934,45.796124],[15.958061,45.793393],[15.958061,45.793393],[15.957656,45.79278],[15.956029,45.790392],[15.956029,45.790392],[15.955914,45.790212],[15.954737,45.788494],[15.954737,45.788494],[15.953096,45.786119],[15.952435,45.785082]]}},{"type":"Feature","properties":{"shapeId":"4_7","routeName":"4","routeLong":"Savski most - Dubec"},"geometry":{"type":"LineString","coordinates":[[16.077696,45.82785],[16.077438,45.827879],[16.077024,45.827755],[16.076663,45.827708],[16.076428,45.82778],[16.075289,45.827952],[16.074379,45.828086],[16.072922,45.828244],[16.072553,45.828302],[16.072488,45.828402],[16.072488,45.828402],[16.072389,45.828338],[16.072132,45.828334],[16.070817,45.828505],[16.069838,45.828635],[16.06832,45.828802],[16.067956,45.82884],[16.067956,45.82884],[16.067859,45.828821],[16.065322,45.828714],[16.064169,45.828713],[16.063155,45.828815],[16.062211,45.828973],[16.062082,45.829036],[16.062082,45.829036],[16.061966,45.829001],[16.061298,45.829101],[16.060075,45.82931],[16.05861,45.829573],[16.057908,45.82969],[16.056771,45.829693],[16.055424,45.82957],[16.054473,45.829436],[16.054473,45.829436],[16.054372,45.829411],[16.052315,45.828841],[16.051894,45.828777],[16.051894,45.828777],[16.051843,45.828738],[16.050756,45.828325],[16.048775,45.827693],[16.048156,45.827591],[16.048156,45.827591],[16.048128,45.827491],[16.046651,45.826983],[16.044164,45.826083],[16.043692,45.82598],[16.043692,45.82598],[16.04351,45.825869],[16.042401,45.825511],[16.041099,45.825186],[16.040017,45.824876],[16.038892,45.824598],[16.037706,45.824348],[16.037136,45.824324],[16.037136,45.824324],[16.036965,45.824237],[16.035317,45.823824],[16.03386,45.823521],[16.032015,45.823122],[16.030753,45.822837],[16.029497,45.822577],[16.028293,45.822355],[16.028293,45.822355],[16.028193,45.822324],[16.023746,45.821366],[16.022077,45.820975],[16.022077,45.820975],[16.017515,45.819936],[16.01414,45.81916],[16.012275,45.818686],[16.012147,45.818619],[16.012147,45.818619],[16.011941,45.818602],[16.00957,45.81805],[16.007687,45.817611],[16.007569,45.817614],[16.007569,45.817614],[16.00747,45.817556],[16.005559,45.817108],[16.002953,45.816536],[16.002856,45.816524],[16.002856,45.816524],[16.002666,45.816472],[15.9978,45.815351],[15.997632,45.815283],[15.997632,45.815283],[15.997154,45.81511],[15.995196,45.81446],[15.993852,45.814076],[15.993352,45.81397],[15.99133,45.81392],[15.991052,45.813842],[15.991052,45.813842],[15.990911,45.813907],[15.987772,45.813798],[15.986685,45.813781],[15.986537,45.813827],[15.986537,45.813827],[15.986307,45.813768],[15.985273,45.813762],[15.984492,45.813747],[15.984243,45.813763],[15.98398,45.813819],[15.983761,45.813895],[15.983669,45.813946],[15.98349,45.813932],[15.983354,45.81388],[15.983317,45.8138],[15.983382,45.812877],[15.983433,45.81283],[15.983433,45.81283],[15.983398,45.812796],[15.983555,45.810873],[15.983597,45.81038],[15.983594,45.809998],[15.983594,45.809998],[15.983869,45.807065],[15.983878,45.806869],[15.983796,45.806868],[15.983796,45.806868],[15.983874,45.806857],[15.984008,45.80567],[15.983942,45.805582],[15.983894,45.805556],[15.98375,45.805524],[15.978461,45.805234],[15.978461,45.805234],[15.978233,45.805233],[15.978107,45.805309],[15.978065,45.805438],[15.978054,45.805582],[15.977954,45.805648],[15.977855,45.805681],[15.977777,45.805686],[15.97753,45.805668],[15.977196,45.805669],[15.97674,45.805661],[15.976522,45.805698],[15.97566,45.805675],[15.974485,45.805643],[15.974204,45.805643],[15.974162,45.8055],[15.974162,45.8055],[15.974135,45.805633],[15.973923,45.805637],[15.970686,45.805554],[15.969633,45.805525],[15.968445,45.805482],[15.967517,45.805468],[15.967108,45.805447],[15.9671,45.805513],[15.9671,45.805513],[15.967095,45.805449],[15.96642,45.805425],[15.966348,45.805409],[15.966272,45.805375],[15.966205,45.805326],[15.964203,45.80243],[15.964208,45.802432],[15.964136,45.80229],[15.961705,45.798715],[15.961709,45.798714],[15.961127,45.797873],[15.960194,45.79651],[15.960185,45.796513],[15.959934,45.796124],[15.958061,45.793393],[15.958061,45.793393],[15.957656,45.79278],[15.956029,45.790392],[15.956029,45.790392],[15.955914,45.790212],[15.954737,45.788494],[15.954737,45.788494],[15.953096,45.786119],[15.952435,45.785082]]}},{"type":"Feature","properties":{"shapeId":"4_8","routeName":"4","routeLong":"Savski most - Dubec"},"geometry":{"type":"LineString","coordinates":[[16.077696,45.82785],[16.077438,45.827879],[16.077024,45.827755],[16.076663,45.827708],[16.076428,45.82778],[16.075289,45.827952],[16.074379,45.828086],[16.072922,45.828244],[16.072553,45.828302],[16.072488,45.828402],[16.072488,45.828402],[16.072389,45.828338],[16.072132,45.828334],[16.070817,45.828505],[16.069838,45.828635],[16.06832,45.828802],[16.067956,45.82884],[16.067956,45.82884],[16.067859,45.828821],[16.065322,45.828714],[16.064169,45.828713],[16.063155,45.828815],[16.062211,45.828973],[16.062082,45.829036],[16.062082,45.829036],[16.061966,45.829001],[16.061298,45.829101],[16.060075,45.82931],[16.05861,45.829573],[16.057908,45.82969],[16.056771,45.829693],[16.055424,45.82957],[16.054473,45.829436],[16.054473,45.829436],[16.054372,45.829411],[16.052315,45.828841],[16.051894,45.828777],[16.051894,45.828777],[16.051843,45.828738],[16.050756,45.828325],[16.048775,45.827693],[16.048156,45.827591],[16.048156,45.827591],[16.048128,45.827491],[16.046651,45.826983],[16.044164,45.826083],[16.043692,45.82598],[16.043692,45.82598],[16.04351,45.825869],[16.042401,45.825511],[16.041099,45.825186],[16.040017,45.824876],[16.038892,45.824598],[16.037706,45.824348],[16.037136,45.824324]]}},{"type":"Feature","properties":{"shapeId":"4_9","routeName":"4","routeLong":"Savski most - Dubec"},"geometry":{"type":"LineString","coordinates":[[15.95332,45.786297],[15.953552,45.786581],[15.955129,45.788901],[15.955129,45.788901],[15.955592,45.789569],[15.956949,45.791575],[15.956949,45.791575],[15.957259,45.792018],[15.959224,45.794912],[15.959224,45.794912],[15.95982,45.795783],[15.960867,45.797338],[15.960878,45.797337],[15.96225,45.799372],[15.962619,45.799859],[15.962748,45.800069],[15.962837,45.800095],[15.962837,45.800095],[15.962879,45.800239],[15.964675,45.802897],[15.964721,45.802962],[15.964677,45.802948],[15.964677,45.802948],[15.965301,45.803842],[15.965734,45.804456],[15.966056,45.804918],[15.966284,45.805276],[15.966408,45.805343],[15.96654,45.805383],[15.967634,45.805413],[15.967645,45.805359],[15.967645,45.805359],[15.967675,45.805414],[15.969018,45.805435],[15.971477,45.805515],[15.972368,45.805541],[15.973437,45.805581],[15.973663,45.805621],[15.973663,45.805621],[15.974033,45.805557],[15.974858,45.805585],[15.976135,45.805615],[15.976379,45.80562],[15.977079,45.80564],[15.977726,45.805647],[15.977819,45.805647],[15.977915,45.805608],[15.977991,45.805546],[15.978008,45.805426],[15.97803,45.805319],[15.978102,45.805245],[15.978185,45.805207],[15.97834,45.805192],[15.978941,45.805232],[15.979197,45.805235],[15.979272,45.805218],[15.979272,45.805218],[15.979295,45.805254],[15.979498,45.805265],[15.980968,45.805346],[15.982573,45.805435],[15.983386,45.805465],[15.983714,45.80549],[15.983765,45.805438],[15.983765,45.805438],[15.983778,45.805527],[15.983833,45.805487],[15.98393,45.805499],[15.984032,45.80557],[15.984059,45.805618],[15.984075,45.805719],[15.983907,45.807696],[15.983905,45.807917],[15.983889,45.808094],[15.98387,45.808253],[15.983882,45.808439],[15.983882,45.808439],[15.983844,45.808575],[15.983793,45.809179],[15.983724,45.809902],[15.983707,45.810385],[15.983726,45.810408],[15.98372,45.810407],[15.983702,45.810599],[15.983487,45.813355],[15.983495,45.813354],[15.983444,45.813497],[15.98338,45.813655],[15.983365,45.813735],[15.983427,45.813811],[15.983534,45.813861],[15.983619,45.813869],[15.983805,45.813817],[15.984024,45.813748],[15.984307,45.813702],[15.986632,45.813697],[15.986753,45.813739],[15.986753,45.813739],[15.986811,45.813705],[15.987735,45.813712],[15.98954,45.813793],[15.991696,45.813844],[15.991696,45.813844],[15.99273,45.813862],[15.993327,45.813883],[15.993679,45.813944],[15.99528,45.814384],[15.996212,45.814683],[15.996967,45.814928],[15.997061,45.814928],[15.997061,45.814928],[15.997163,45.815005],[15.997672,45.815193],[15.997853,45.815259],[16.003437,45.816546],[16.003533,45.816592],[16.003533,45.816592],[16.003752,45.816607],[16.008159,45.817623],[16.008156,45.817625],[16.012255,45.818578],[16.014085,45.819036],[16.014089,45.81903],[16.015128,45.819288],[16.017858,45.819921],[16.020959,45.820631],[16.022278,45.820928],[16.022726,45.821041],[16.022729,45.821047],[16.022722,45.821022],[16.022722,45.821022],[16.022874,45.821085],[16.023636,45.821265],[16.027491,45.822078],[16.027491,45.822078],[16.031759,45.823022],[16.033175,45.823331],[16.034729,45.823653],[16.035118,45.823703],[16.035361,45.823753],[16.035587,45.823793],[16.035688,45.823818]]}},{"type":"Feature","properties":{"shapeId":"5_10","routeName":"5","routeLong":"Prečko-Park Maksimir"},"geometry":{"type":"LineString","coordinates":[[15.893478,45.794365],[15.893853,45.794456],[15.894082,45.794508],[15.894414,45.794553],[15.894738,45.794599],[15.895094,45.794634],[15.895354,45.79465],[15.89572,45.794665],[15.89596,45.794664],[15.896241,45.794664],[15.896568,45.794645],[15.89696,45.79461],[15.89723,45.794573],[15.897566,45.794533],[15.89773,45.794497],[15.898006,45.794433],[15.898344,45.794354],[15.898959,45.794172],[15.898956,45.794173],[15.899301,45.79406],[15.902363,45.793015],[15.902366,45.793013],[15.902675,45.792931],[15.902935,45.792863],[15.903124,45.792818],[15.903378,45.79277],[15.90353,45.792742],[15.907002,45.792405],[15.90699,45.792401],[15.907403,45.792362],[15.914744,45.791627],[15.914744,45.791626],[15.915129,45.791566],[15.915448,45.791516],[15.915941,45.791421],[15.916304,45.791332],[15.916579,45.791268],[15.916864,45.79119],[15.91733,45.791041],[15.917903,45.790806],[15.920608,45.789582],[15.920608,45.789582],[15.920924,45.789434],[15.921371,45.789268],[15.92173,45.789167],[15.922042,45.789091],[15.923456,45.788896],[15.924996,45.788676],[15.926676,45.78843],[15.927844,45.788262],[15.928579,45.788121],[15.929464,45.787901],[15.929464,45.787901],[15.929913,45.787794],[15.930695,45.787582],[15.931425,45.787383],[15.932061,45.787269],[15.932566,45.787258],[15.932967,45.787306],[15.933379,45.787385],[15.934075,45.787574],[15.934649,45.787748],[15.935401,45.787949],[15.936035,45.788055],[15.936571,45.788105],[15.936811,45.788104],[15.936811,45.788104],[15.937062,45.788134],[15.938835,45.788161],[15.94223,45.788151],[15.942225,45.788154],[15.942649,45.788164],[15.945417,45.788177],[15.945421,45.788176],[15.945613,45.788149],[15.945811,45.788096],[15.945963,45.787977],[15.946189,45.787745],[15.946544,45.787449],[15.947042,45.78714],[15.947715,45.786833],[15.94842,45.786547],[15.949038,45.786377],[15.949473,45.786303],[15.949959,45.786275],[15.950462,45.786303],[15.950987,45.786405],[15.950987,45.786405],[15.95164,45.786535],[15.952757,45.786783],[15.953197,45.786871],[15.953566,45.786988],[15.953894,45.787202],[15.95409,45.78737],[15.955129,45.7889],[15.955129,45.788901],[15.955592,45.789569],[15.956949,45.791575],[15.956949,45.791575],[15.957259,45.792018],[15.959224,45.794912],[15.959224,45.794912],[15.95982,45.795783],[15.960867,45.797338],[15.960878,45.797337],[15.96225,45.799372],[15.962619,45.799859],[15.962748,45.800069],[15.962837,45.800095],[15.962837,45.800095],[15.962879,45.800239],[15.964675,45.802897],[15.964721,45.802962],[15.964677,45.802948],[15.964677,45.802948],[15.964769,45.803085],[15.964772,45.803182],[15.964742,45.803218],[15.964716,45.803267],[15.964599,45.803323],[15.963513,45.803402],[15.963513,45.803402],[15.963124,45.803449],[15.9629,45.803455],[15.962702,45.803417],[15.959664,45.801957],[15.959664,45.801957],[15.957554,45.800965],[15.957303,45.800843],[15.957066,45.800766],[15.956722,45.800645],[15.955672,45.800343],[15.954624,45.800105],[15.954486,45.800086],[15.954478,45.800106],[15.954478,45.800106],[15.954478,45.8001],[15.95437,45.800056],[15.951131,45.799545],[15.950283,45.79939],[15.949534,45.799208],[15.948626,45.798945],[15.947583,45.798583],[15.947028,45.798426],[15.947028,45.798426],[15.94677,45.798365],[15.945652,45.798156],[15.943426,45.797771],[15.942286,45.797669],[15.942276,45.797722],[15.942276,45.797722],[15.942286,45.797669],[15.941967,45.797629],[15.939152,45.797383],[15.939043,45.797372],[15.938933,45.797361],[15.938783,45.79735],[15.93841,45.797311],[15.938,45.797283],[15.937737,45.797255],[15.937643,45.797255]]}},{"type":"Feature","properties":{"shapeId":"5_12","routeName":"5","routeLong":"Prečko-Park Maksimir"},"geometry":{"type":"LineString","coordinates":[[16.012147,45.818619],[16.011941,45.818602],[16.00957,45.81805],[16.007687,45.817611],[16.007569,45.817614],[16.007569,45.817614],[16.00747,45.817556],[16.005559,45.817108],[16.002953,45.816536],[16.002856,45.816524],[16.002856,45.816524],[16.002666,45.816472],[15.9978,45.815351],[15.997632,45.815283],[15.997632,45.815283],[15.996902,45.815028],[15.996608,45.814939],[15.996544,45.814909],[15.996509,45.814875],[15.996472,45.814796],[15.996484,45.814703],[15.996541,45.814617],[15.99665,45.81444],[15.996675,45.814346],[15.996572,45.814178],[15.995987,45.813507],[15.995511,45.812937],[15.995289,45.812689],[15.995166,45.812537],[15.994944,45.812282],[15.994794,45.812277],[15.994794,45.812277],[15.994847,45.812185],[15.99463,45.811943],[15.993747,45.810898],[15.992967,45.81002],[15.992967,45.81002],[15.99254,45.809527],[15.992137,45.809064],[15.991838,45.808729],[15.991695,45.808561],[15.991605,45.808301],[15.991592,45.808115],[15.991692,45.807594],[15.991692,45.807594],[15.991713,45.807397],[15.99184,45.807184],[15.991987,45.807002],[15.992111,45.806874],[15.993914,45.803723],[15.993914,45.803723],[15.994117,45.803364],[15.99442,45.802848],[15.99472,45.802326],[15.994976,45.801875],[15.995188,45.801495],[15.995292,45.801357],[15.995262,45.801205],[15.995164,45.801102],[15.995088,45.801067],[15.994394,45.801034],[15.994396,45.801035],[15.994016,45.801015],[15.989573,45.800798],[15.989575,45.800795],[15.985935,45.800613],[15.98546,45.800588],[15.985418,45.800627],[15.985412,45.800636],[15.985432,45.800586],[15.97787,45.800203],[15.97788,45.800201],[15.977323,45.800174],[15.974374,45.800025],[15.973712,45.799994],[15.973713,45.799955],[15.973713,45.799955],[15.973696,45.799983],[15.970372,45.799828],[15.969356,45.799788],[15.969344,45.799789],[15.969344,45.799789],[15.967899,45.799698],[15.962683,45.799435],[15.962547,45.799467],[15.962471,45.79953],[15.962462,45.799635],[15.962787,45.800109],[15.962837,45.800095],[15.962837,45.800095],[15.962879,45.800239],[15.964675,45.802897],[15.964721,45.802962],[15.964677,45.802948],[15.964677,45.802948],[15.964769,45.803085],[15.964772,45.803182],[15.964742,45.803218],[15.964716,45.803267],[15.964599,45.803323],[15.963513,45.803402],[15.963513,45.803402],[15.963124,45.803449],[15.9629,45.803455],[15.962702,45.803417],[15.959664,45.801957],[15.959664,45.801957],[15.957554,45.800965],[15.957303,45.800843],[15.957066,45.800766],[15.956722,45.800645],[15.955672,45.800343],[15.954624,45.800105],[15.954486,45.800086],[15.954478,45.800106],[15.954478,45.800106],[15.954478,45.8001],[15.95437,45.800056],[15.951131,45.799545],[15.950283,45.79939],[15.949534,45.799208],[15.948626,45.798945],[15.947583,45.798583],[15.947028,45.798426],[15.947028,45.798426],[15.94677,45.798365],[15.945652,45.798156],[15.943426,45.797771],[15.942286,45.797669],[15.942276,45.797722],[15.942276,45.797722],[15.942286,45.797669],[15.941967,45.797629],[15.939152,45.797383],[15.939043,45.797372],[15.938933,45.797361],[15.938783,45.79735],[15.93841,45.797311],[15.938,45.797283],[15.937737,45.797255],[15.937643,45.797255]]}},{"type":"Feature","properties":{"shapeId":"5_17","routeName":"5","routeLong":"Prečko-Park Maksimir"},"geometry":{"type":"LineString","coordinates":[[15.893478,45.794365],[15.893853,45.794456],[15.894082,45.794508],[15.894414,45.794553],[15.894738,45.794599],[15.895094,45.794634],[15.895354,45.79465],[15.89572,45.794665],[15.89596,45.794664],[15.896241,45.794664],[15.896568,45.794645],[15.89696,45.79461],[15.89723,45.794573],[15.897566,45.794533],[15.89773,45.794497],[15.898006,45.794433],[15.898344,45.794354],[15.898959,45.794172],[15.898956,45.794173],[15.899301,45.79406],[15.902363,45.793015],[15.902366,45.793013],[15.902675,45.792931],[15.902935,45.792863],[15.903124,45.792818],[15.903378,45.79277],[15.90353,45.792742],[15.907002,45.792405],[15.90699,45.792401],[15.907403,45.792362],[15.914744,45.791627],[15.914744,45.791626],[15.915129,45.791566],[15.915448,45.791516],[15.915941,45.791421],[15.916304,45.791332],[15.916579,45.791268],[15.916864,45.79119],[15.91733,45.791041],[15.917903,45.790806],[15.920608,45.789582],[15.920608,45.789582],[15.920924,45.789434],[15.921371,45.789268],[15.92173,45.789167],[15.922042,45.789091],[15.923456,45.788896],[15.924996,45.788676],[15.926676,45.78843],[15.927844,45.788262],[15.928579,45.788121],[15.929464,45.787901],[15.929464,45.787901],[15.929913,45.787794],[15.930695,45.787582],[15.931425,45.787383],[15.932061,45.787269],[15.932566,45.787258],[15.932967,45.787306],[15.933379,45.787385],[15.934075,45.787574],[15.934649,45.787748],[15.935401,45.787949],[15.936035,45.788055],[15.936571,45.788105],[15.936811,45.788104],[15.936811,45.788104],[15.937062,45.788134],[15.938835,45.788161],[15.94223,45.788151],[15.942225,45.788154],[15.942649,45.788164],[15.945417,45.788177],[15.945421,45.788176],[15.945613,45.788149],[15.945811,45.788096],[15.945963,45.787977],[15.946189,45.787745],[15.946544,45.787449],[15.947042,45.78714],[15.947715,45.786833],[15.94842,45.786547],[15.949038,45.786377],[15.949473,45.786303],[15.949959,45.786275],[15.950462,45.786303],[15.950987,45.786405],[15.950987,45.786405],[15.95164,45.786535],[15.952757,45.786783],[15.953197,45.786871],[15.953566,45.786988],[15.953894,45.787202],[15.95409,45.78737],[15.955129,45.7889],[15.955129,45.788901],[15.955592,45.789569],[15.956949,45.791575],[15.956949,45.791575],[15.957259,45.792018],[15.959224,45.794912],[15.959224,45.794912],[15.95982,45.795783],[15.960867,45.797338],[15.960878,45.797337],[15.961495,45.798211],[15.962151,45.799217],[15.962315,45.799369],[15.962541,45.799409],[15.962985,45.799413],[15.963132,45.799412],[15.96322,45.799348],[15.96322,45.799348],[15.963241,45.799416],[15.967669,45.799645],[15.967658,45.799699],[15.967653,45.799702],[15.967669,45.799645],[15.971146,45.799816],[15.971146,45.799816],[15.973076,45.799927],[15.975453,45.80006],[15.975453,45.80006],[15.977857,45.800171],[15.980091,45.800299],[15.980091,45.800299],[15.984925,45.800546],[15.98492,45.800556],[15.984928,45.800558],[15.984912,45.800548],[15.988918,45.80075],[15.988884,45.800768],[15.988884,45.800768],[15.990909,45.80083],[15.993636,45.800958],[15.99485,45.801035],[15.995109,45.801051],[15.995281,45.801138],[15.995334,45.801228],[15.995331,45.801306],[15.995131,45.801671],[15.994951,45.801969],[15.994951,45.801969],[15.994549,45.8027],[15.993981,45.803675],[15.99382,45.803995],[15.993741,45.804136],[15.993695,45.804253],[15.993635,45.804326],[15.993628,45.804386],[15.993628,45.804386],[15.993505,45.804519],[15.993457,45.804584],[15.993381,45.804731],[15.992989,45.805402],[15.992649,45.806027],[15.992439,45.806355],[15.99219,45.806831],[15.992086,45.806975],[15.991991,45.807105],[15.991878,45.80727],[15.991765,45.807435],[15.991703,45.807904],[15.991698,45.808028],[15.991698,45.808113],[15.991698,45.808113],[15.991668,45.808331],[15.991714,45.808487],[15.991829,45.808653],[15.992073,45.808937],[15.993114,45.81011],[15.993648,45.810743],[15.99386,45.810915],[15.99386,45.810915],[15.993927,45.811061],[15.994067,45.81121],[15.994334,45.81153],[15.994614,45.811842],[15.996521,45.814055],[15.996521,45.814055],[15.996676,45.814216],[15.996724,45.814241],[15.997382,45.814475],[15.99749,45.814524],[15.997532,45.814577],[15.997499,45.814692],[15.99741,45.814841],[15.997343,45.81498],[15.9974,45.815082],[15.997559,45.81517],[15.997764,45.815233],[16.003062,45.81645],[16.003352,45.816526],[16.003453,45.816551],[16.003533,45.816592],[16.003533,45.816592],[16.003752,45.816607],[16.008159,45.817623],[16.008159,45.817623],[16.008578,45.817727],[16.009679,45.817969],[16.011896,45.818498],[16.013376,45.818838],[16.014391,45.819105],[16.01475,45.819185],[16.015024,45.819251],[16.015199,45.819343],[16.015261,45.819425],[16.01525,45.819479],[16.015169,45.819562],[16.01509,45.819612],[16.015008,45.81961],[16.014895,45.819587],[16.014687,45.819427]]}},{"type":"Feature","properties":{"shapeId":"5_18","routeName":"5","routeLong":"Prečko-Park Maksimir"},"geometry":{"type":"LineString","coordinates":[[15.944087,45.797828],[15.945,45.797981],[15.946774,45.798286],[15.947057,45.798338],[15.94729,45.798403],[15.947703,45.798534],[15.948458,45.798786],[15.948447,45.79884],[15.948447,45.79884],[15.948453,45.798807],[15.949742,45.799192],[15.950299,45.799316],[15.95084,45.799423],[15.951106,45.799464],[15.952073,45.799615],[15.953432,45.799823],[15.953796,45.799876],[15.954257,45.799948],[15.954644,45.800031],[15.954835,45.800044],[15.954835,45.800044],[15.954955,45.800092],[15.955688,45.800263],[15.956195,45.8004],[15.956874,45.800611],[15.957367,45.800783],[15.959109,45.801618],[15.959217,45.801668],[15.959309,45.801701],[15.959309,45.801701],[15.959432,45.801762],[15.96273,45.803335],[15.962862,45.803375],[15.962981,45.803372],[15.964096,45.803295],[15.964304,45.803273],[15.964306,45.803324],[15.964306,45.803324],[15.964382,45.803268],[15.964537,45.803247],[15.964651,45.803179],[15.964665,45.803047],[15.96432,45.80255],[15.964203,45.80243],[15.964203,45.80243],[15.963931,45.801955],[15.962349,45.799618],[15.962363,45.799486],[15.962492,45.799416],[15.962628,45.799384],[15.963091,45.799411],[15.963291,45.799403],[15.96322,45.799348],[15.96322,45.799348],[15.963241,45.799416],[15.967669,45.799645],[15.967658,45.799699],[15.967653,45.799702],[15.967669,45.799645],[15.971146,45.799816],[15.971146,45.799816],[15.973076,45.799927],[15.975453,45.80006],[15.975453,45.80006],[15.977857,45.800171],[15.980091,45.800299],[15.980091,45.800299],[15.984925,45.800546],[15.98492,45.800556],[15.984928,45.800558],[15.984912,45.800548],[15.988918,45.80075],[15.988884,45.800768],[15.988884,45.800768],[15.990909,45.80083],[15.993636,45.800958],[15.99485,45.801035],[15.995109,45.801051],[15.995281,45.801138],[15.995334,45.801228],[15.995331,45.801306],[15.995131,45.801671],[15.994951,45.801969],[15.994951,45.801969],[15.994549,45.8027],[15.993981,45.803675],[15.99382,45.803995],[15.993741,45.804136],[15.993695,45.804253],[15.993635,45.804326],[15.993628,45.804386],[15.993628,45.804386],[15.993505,45.804519],[15.993457,45.804584],[15.993381,45.804731],[15.992989,45.805402],[15.992649,45.806027],[15.992439,45.806355],[15.99219,45.806831],[15.992086,45.806975],[15.991991,45.807105],[15.991878,45.80727],[15.991765,45.807435],[15.991703,45.807904],[15.991698,45.808028],[15.991698,45.808113],[15.991698,45.808113],[15.991668,45.808331],[15.991714,45.808487],[15.991829,45.808653],[15.992073,45.808937],[15.993114,45.81011],[15.993648,45.810743],[15.99386,45.810915],[15.99386,45.810915],[15.993927,45.811061],[15.994067,45.81121],[15.994334,45.81153],[15.994614,45.811842],[15.996521,45.814055],[15.996521,45.814055],[15.996676,45.814216],[15.996724,45.814241],[15.997382,45.814475],[15.99749,45.814524],[15.997532,45.814577],[15.997499,45.814692],[15.99741,45.814841],[15.997343,45.81498],[15.9974,45.815082],[15.997559,45.81517],[15.997764,45.815233],[16.003062,45.81645],[16.003352,45.816526],[16.003453,45.816551],[16.003533,45.816592],[16.003533,45.816592],[16.003752,45.816607],[16.008159,45.817623],[16.008159,45.817623],[16.008578,45.817727],[16.009679,45.817969],[16.011896,45.818498],[16.013376,45.818838],[16.014391,45.819105],[16.01475,45.819185],[16.015024,45.819251],[16.015199,45.819343],[16.015261,45.819425],[16.01525,45.819479],[16.015169,45.819562],[16.01509,45.819612],[16.015008,45.81961],[16.014895,45.819587],[16.014687,45.819427]]}},{"type":"Feature","properties":{"shapeId":"5_37","routeName":"5","routeLong":"Prečko-Park Maksimir"},"geometry":{"type":"LineString","coordinates":[[16.012147,45.818619],[16.011941,45.818602],[16.00957,45.81805],[16.007687,45.817611],[16.007569,45.817614],[16.007569,45.817614],[16.00747,45.817556],[16.005559,45.817108],[16.002953,45.816536],[16.002856,45.816524],[16.002856,45.816524],[16.002666,45.816472],[15.9978,45.815351],[15.997632,45.815283],[15.997632,45.815283],[15.996902,45.815028],[15.996608,45.814939],[15.996544,45.814909],[15.996509,45.814875],[15.996472,45.814796],[15.996484,45.814703],[15.996541,45.814617],[15.99665,45.81444],[15.996675,45.814346],[15.996572,45.814178],[15.995987,45.813507],[15.995511,45.812937],[15.995289,45.812689],[15.995166,45.812537],[15.994944,45.812282],[15.994794,45.812277],[15.994794,45.812277],[15.994847,45.812185],[15.99463,45.811943],[15.993747,45.810898],[15.992967,45.81002],[15.992967,45.81002],[15.99254,45.809527],[15.992137,45.809064],[15.991838,45.808729],[15.991695,45.808561],[15.991605,45.808301],[15.991592,45.808115],[15.991692,45.807594],[15.991692,45.807594],[15.991713,45.807397],[15.99184,45.807184],[15.991987,45.807002],[15.992111,45.806874],[15.993914,45.803723],[15.993914,45.803723],[15.994117,45.803364],[15.99442,45.802848],[15.99472,45.802326],[15.994976,45.801875],[15.995188,45.801495],[15.995292,45.801357],[15.995262,45.801205],[15.995164,45.801102],[15.995088,45.801067],[15.994394,45.801034],[15.994396,45.801035],[15.994016,45.801015],[15.989573,45.800798],[15.989575,45.800795],[15.985935,45.800613],[15.98546,45.800588],[15.985418,45.800627],[15.985412,45.800636],[15.985432,45.800586],[15.97787,45.800203],[15.97788,45.800201],[15.977323,45.800174],[15.974374,45.800025],[15.973712,45.799994],[15.973713,45.799955],[15.973713,45.799955],[15.973696,45.799983],[15.970372,45.799828],[15.969356,45.799788],[15.969344,45.799789],[15.969344,45.799789],[15.968362,45.799731],[15.967098,45.79966],[15.96499,45.79955],[15.963158,45.79946],[15.962536,45.799436],[15.962276,45.79942],[15.962156,45.799372],[15.96201,45.799191],[15.961709,45.798714],[15.961709,45.798714],[15.961127,45.797873],[15.960194,45.79651],[15.960185,45.796513],[15.959934,45.796124],[15.958061,45.793393],[15.958061,45.793393],[15.957656,45.79278],[15.956029,45.790392],[15.956029,45.790392],[15.955914,45.790212],[15.954737,45.788494],[15.954741,45.788493],[15.953891,45.78728],[15.953794,45.787177],[15.953654,45.787112],[15.953407,45.786997],[15.953138,45.786898],[15.952469,45.786764],[15.952366,45.786778],[15.952366,45.786778],[15.952098,45.786686],[15.950626,45.786364],[15.950285,45.78634],[15.949879,45.786325],[15.949565,45.786343],[15.949114,45.786405],[15.948558,45.78656],[15.947954,45.78678],[15.947394,45.787014],[15.946931,45.787266],[15.946465,45.787584],[15.945981,45.788034],[15.945855,45.788109],[15.945686,45.788172],[15.945437,45.788193],[15.944801,45.78821],[15.944677,45.788246],[15.944677,45.788246],[15.944557,45.788198],[15.940347,45.788211],[15.940171,45.788248],[15.940171,45.788248],[15.940066,45.788211],[15.937588,45.788197],[15.937461,45.788215],[15.937461,45.788215],[15.937251,45.788186],[15.93645,45.788147],[15.936009,45.788104],[15.935581,45.788014],[15.934732,45.787808],[15.93328,45.787412],[15.932925,45.787338],[15.932605,45.787298],[15.93219,45.787297],[15.931891,45.787332],[15.931414,45.787437],[15.930059,45.787793],[15.930059,45.787793],[15.929565,45.787926],[15.928955,45.788082],[15.928137,45.78826],[15.927432,45.788364],[15.924479,45.788786],[15.922274,45.789105],[15.921901,45.789163],[15.921588,45.789232],[15.921184,45.789359],[15.920016,45.789897],[15.920016,45.789897],[15.917784,45.790907],[15.917069,45.791155],[15.916429,45.791347],[15.915652,45.791526],[15.914857,45.791643],[15.914639,45.791679],[15.914076,45.791718],[15.912901,45.791855],[15.912901,45.791856],[15.911429,45.791994],[15.905243,45.792616],[15.905246,45.792615],[15.903537,45.792773],[15.902929,45.792883],[15.901972,45.793178],[15.901904,45.79322],[15.901902,45.793221],[15.901802,45.79324],[15.898475,45.794375],[15.898481,45.794374],[15.898222,45.794442],[15.897601,45.794561],[15.897101,45.794636],[15.896582,45.794688],[15.895681,45.794716],[15.89504,45.794674],[15.89461,45.794623],[15.894005,45.794519],[15.892713,45.794263],[15.892595,45.794266]]}},{"type":"Feature","properties":{"shapeId":"5_9","routeName":"5","routeLong":"Prečko-Park Maksimir"},"geometry":{"type":"LineString","coordinates":[[15.944087,45.797828],[15.945,45.797981],[15.946774,45.798286],[15.947057,45.798338],[15.94729,45.798403],[15.947703,45.798534],[15.948458,45.798786],[15.948447,45.79884],[15.948447,45.79884],[15.948453,45.798807],[15.949742,45.799192],[15.950299,45.799316],[15.95084,45.799423],[15.951106,45.799464],[15.952073,45.799615],[15.953432,45.799823],[15.953796,45.799876],[15.954257,45.799948],[15.954644,45.800031],[15.954835,45.800044],[15.954835,45.800044],[15.954955,45.800092],[15.955688,45.800263],[15.956195,45.8004],[15.956874,45.800611],[15.957367,45.800783],[15.959109,45.801618],[15.959217,45.801668],[15.959309,45.801701],[15.959309,45.801701],[15.959432,45.801762],[15.96273,45.803335],[15.962862,45.803375],[15.962981,45.803372],[15.964096,45.803295],[15.964304,45.803273],[15.964306,45.803324],[15.964306,45.803324],[15.964382,45.803268],[15.964537,45.803247],[15.964651,45.803179],[15.964665,45.803047],[15.96432,45.80255],[15.964203,45.80243],[15.964208,45.802432],[15.964136,45.80229],[15.961705,45.798715],[15.961709,45.798714],[15.961127,45.797873],[15.960194,45.79651],[15.960185,45.796513],[15.959934,45.796124],[15.958061,45.793393],[15.958061,45.793393],[15.957656,45.79278],[15.956029,45.790392],[15.956029,45.790392],[15.955914,45.790212],[15.954737,45.788494],[15.954741,45.788493],[15.953891,45.78728],[15.953794,45.787177],[15.953654,45.787112],[15.953407,45.786997],[15.953138,45.786898],[15.952469,45.786764],[15.952366,45.786778],[15.952366,45.786778],[15.952098,45.786686],[15.950626,45.786364],[15.950285,45.78634],[15.949879,45.786325],[15.949565,45.786343],[15.949114,45.786405],[15.948558,45.78656],[15.947954,45.78678],[15.947394,45.787014],[15.946931,45.787266],[15.946465,45.787584],[15.945981,45.788034],[15.945855,45.788109],[15.945686,45.788172],[15.945437,45.788193],[15.944801,45.78821],[15.944677,45.788246],[15.944677,45.788246],[15.944557,45.788198],[15.940347,45.788211],[15.940171,45.788248],[15.940171,45.788248],[15.940066,45.788211],[15.937588,45.788197],[15.937461,45.788215],[15.937461,45.788215],[15.937251,45.788186],[15.93645,45.788147],[15.936009,45.788104],[15.935581,45.788014],[15.934732,45.787808],[15.93328,45.787412],[15.932925,45.787338],[15.932605,45.787298],[15.93219,45.787297],[15.931891,45.787332],[15.931414,45.787437],[15.930059,45.787793],[15.930059,45.787793],[15.929565,45.787926],[15.928955,45.788082],[15.928137,45.78826],[15.927432,45.788364],[15.924479,45.788786],[15.922274,45.789105],[15.921901,45.789163],[15.921588,45.789232],[15.921184,45.789359],[15.920016,45.789897],[15.920016,45.789897],[15.917784,45.790907],[15.917069,45.791155],[15.916429,45.791347],[15.915652,45.791526],[15.914857,45.791643],[15.914639,45.791679],[15.914076,45.791718],[15.912901,45.791855],[15.912901,45.791856],[15.911429,45.791994],[15.905243,45.792616],[15.905246,45.792615],[15.903537,45.792773],[15.902929,45.792883],[15.901972,45.793178],[15.901904,45.79322],[15.901902,45.793221],[15.901802,45.79324],[15.898475,45.794375],[15.898481,45.794374],[15.898222,45.794442],[15.897601,45.794561],[15.897101,45.794636],[15.896582,45.794688],[15.895681,45.794716],[15.89504,45.794674],[15.89461,45.794623],[15.894005,45.794519],[15.892713,45.794263],[15.892595,45.794266]]}},{"type":"Feature","properties":{"shapeId":"6_12","routeName":"6","routeLong":"Črnomerec-Savski gaj"},"geometry":{"type":"LineString","coordinates":[[16.028293,45.822355],[16.028193,45.822324],[16.023746,45.821366],[16.022077,45.820975],[16.022077,45.820975],[16.017515,45.819936],[16.01414,45.81916],[16.012275,45.818686],[16.012147,45.818619],[16.012147,45.818619],[16.011941,45.818602],[16.00957,45.81805],[16.007687,45.817611],[16.007569,45.817614],[16.007569,45.817614],[16.00747,45.817556],[16.005559,45.817108],[16.002953,45.816536],[16.002856,45.816524],[16.002856,45.816524],[16.002666,45.816472],[15.9978,45.815351],[15.997632,45.815283],[15.997632,45.815283],[15.996902,45.815028],[15.996608,45.814939],[15.996544,45.814909],[15.996509,45.814875],[15.996472,45.814796],[15.996484,45.814703],[15.996541,45.814617],[15.99665,45.81444],[15.996675,45.814346],[15.996572,45.814178],[15.995987,45.813507],[15.995511,45.812937],[15.995289,45.812689],[15.995166,45.812537],[15.994944,45.812282],[15.994794,45.812277],[15.994794,45.812277],[15.994847,45.812185],[15.99463,45.811943],[15.993747,45.810898],[15.992967,45.81002],[15.992967,45.81002],[15.99254,45.809527],[15.992137,45.809064],[15.991838,45.808729],[15.991695,45.808561],[15.991605,45.808301],[15.991592,45.808115],[15.991692,45.807594],[15.991692,45.807594],[15.991687,45.807439],[15.99174,45.807348],[15.991832,45.807199],[15.991927,45.807069],[15.992077,45.806898],[15.992194,45.806746],[15.992324,45.806468],[15.99231,45.806327],[15.992239,45.806266],[15.992172,45.806217],[15.992055,45.806188],[15.991615,45.806106],[15.991435,45.806131],[15.991435,45.806131],[15.991384,45.806086],[15.990599,45.805968],[15.989991,45.805903],[15.989533,45.80585],[15.988088,45.805759],[15.984448,45.80557],[15.984441,45.80557],[15.983327,45.805492],[15.978451,45.805236],[15.978461,45.805234],[15.978355,45.805236],[15.97822,45.805235],[15.978134,45.80526],[15.97809,45.805337],[15.978074,45.805424],[15.977934,45.808324],[15.977823,45.809171],[15.977823,45.809171],[15.977494,45.811196],[15.977476,45.811503],[15.977473,45.811672],[15.977498,45.81176],[15.977647,45.812628],[15.97761,45.812731],[15.977599,45.812784],[15.977523,45.812846],[15.977437,45.812871],[15.977248,45.812911],[15.977055,45.812937],[15.976739,45.813001],[15.976456,45.81304],[15.976546,45.813027],[15.976611,45.813013],[15.97662,45.813011],[15.976341,45.813056],[15.976235,45.813064],[15.975502,45.813075],[15.974553,45.813077],[15.97311,45.81318],[15.97132,45.813234],[15.970426,45.813286],[15.969562,45.813303],[15.968627,45.81327],[15.968627,45.81327],[15.968496,45.813275],[15.96809,45.81326],[15.967519,45.813184],[15.966791,45.813071],[15.965849,45.812831],[15.965836,45.812833],[15.964841,45.812588],[15.964698,45.812511],[15.964726,45.812423],[15.964726,45.812423],[15.964714,45.812521],[15.964636,45.812526],[15.964242,45.812412],[15.963987,45.812369],[15.963676,45.812309],[15.963494,45.812288],[15.963311,45.812301],[15.962634,45.812408],[15.961766,45.812593],[15.96066,45.812837],[15.960229,45.812923],[15.959531,45.813052],[15.95917,45.813096],[15.958818,45.813132],[15.958594,45.813143],[15.957786,45.813171],[15.957786,45.813171],[15.957019,45.813206],[15.956579,45.813208],[15.956238,45.813184],[15.955938,45.813161],[15.954699,45.812911],[15.954368,45.812834],[15.954308,45.81281],[15.954239,45.8128],[15.953918,45.812708],[15.953789,45.81268],[15.953179,45.812564],[15.952887,45.812526],[15.952537,45.812523],[15.952511,45.812475],[15.952511,45.812475],[15.952477,45.812499],[15.952196,45.812499],[15.951069,45.812486],[15.950357,45.812475],[15.949848,45.812474],[15.949469,45.812461],[15.948948,45.812462],[15.948849,45.812495],[15.948849,45.812495],[15.948814,45.812462],[15.948708,45.812463],[15.948098,45.812437],[15.947483,45.812445],[15.94696,45.812485],[15.946764,45.812499],[15.946435,45.812564],[15.946122,45.81264],[15.945714,45.812748],[15.945376,45.812834],[15.94386,45.813141],[15.943199,45.813259],[15.942423,45.813399],[15.941464,45.813636],[15.941464,45.813636],[15.937855,45.814473],[15.936669,45.814761],[15.936123,45.814862],[15.935898,45.814867],[15.9354,45.81491],[15.935151,45.814925],[15.935027,45.814955],[15.934884,45.815066],[15.934749,45.81515],[15.934615,45.815246],[15.93449,45.815322],[15.934369,45.815364],[15.93432,45.815378],[15.934267,45.815379],[15.933924,45.8154]]}},{"type":"Feature","properties":{"shapeId":"6_2","routeName":"6","routeLong":"Črnomerec-Savski gaj"},"geometry":{"type":"LineString","coordinates":[[15.986805,45.777694],[15.986968,45.777697],[15.987402,45.777721],[15.990016,45.777786],[15.991631,45.777815],[15.991551,45.777865],[15.991545,45.777868],[15.991643,45.777813],[15.997854,45.777976],[15.997858,45.777981],[16.000301,45.77805],[16.000919,45.778061],[16.000886,45.778085],[16.000886,45.778085],[16.000932,45.778066],[16.001415,45.77807],[16.001573,45.778106],[16.001657,45.77812],[16.001785,45.778187],[16.001894,45.778289],[16.001992,45.778392],[16.002013,45.778558],[16.001726,45.779448],[16.001726,45.779448],[16.001673,45.77963],[16.001629,45.779708],[16.001508,45.780069],[16.001379,45.780496],[16.001307,45.780752],[16.001304,45.781103],[16.001288,45.781371],[16.001313,45.78164],[16.001356,45.781966],[16.001418,45.782223],[16.001453,45.782341],[16.001453,45.782341],[16.001533,45.78257],[16.001883,45.783301],[16.001956,45.783414],[16.002248,45.783912],[16.002653,45.784608],[16.00277,45.784819],[16.002993,45.785216],[16.00318,45.785489],[16.003603,45.786248],[16.003844,45.786701],[16.003954,45.786893],[16.004014,45.787008],[16.004078,45.78722],[16.004119,45.787312],[16.004186,45.787633],[16.004248,45.787891],[16.004271,45.788199],[16.004261,45.788804],[16.004261,45.788804],[16.004177,45.789244],[16.004057,45.789657],[16.00389,45.790043],[16.003454,45.790701],[16.002438,45.791978],[16.002438,45.791978],[16.002198,45.792349],[15.999305,45.796068],[15.999169,45.796197],[15.998879,45.796575],[15.998878,45.79662],[15.998878,45.79662],[15.99877,45.796752],[15.998221,45.797478],[15.997898,45.797886],[15.997432,45.798483],[15.996906,45.799153],[15.996441,45.799756],[15.995966,45.800368],[15.995676,45.800752],[15.994951,45.801969],[15.994951,45.801969],[15.994549,45.8027],[15.993981,45.803675],[15.99382,45.803995],[15.993741,45.804136],[15.993695,45.804253],[15.993635,45.804326],[15.993628,45.804386],[15.993628,45.804386],[15.993531,45.80447],[15.993258,45.80495],[15.992989,45.805409],[15.992751,45.805825],[15.992658,45.806006],[15.992523,45.806187],[15.992416,45.806228],[15.99235,45.806237],[15.99159,45.806109],[15.991435,45.806131],[15.991435,45.806131],[15.991384,45.806086],[15.990599,45.805968],[15.989991,45.805903],[15.989533,45.80585],[15.988088,45.805759],[15.984448,45.80557],[15.984441,45.80557],[15.983327,45.805492],[15.978451,45.805236],[15.978461,45.805234],[15.978355,45.805236],[15.97822,45.805235],[15.978134,45.80526],[15.97809,45.805337],[15.978074,45.805424],[15.977934,45.808324],[15.977823,45.809171],[15.977823,45.809171],[15.977494,45.811196],[15.977476,45.811503],[15.977473,45.811672],[15.977498,45.81176],[15.977647,45.812628],[15.97761,45.812731],[15.977599,45.812784],[15.977523,45.812846],[15.977437,45.812871],[15.977248,45.812911],[15.977055,45.812937],[15.976739,45.813001],[15.976456,45.81304],[15.976546,45.813027],[15.976611,45.813013],[15.97662,45.813011],[15.976341,45.813056],[15.976235,45.813064],[15.975502,45.813075],[15.974553,45.813077],[15.97311,45.81318],[15.97132,45.813234],[15.970426,45.813286],[15.969562,45.813303],[15.968627,45.81327],[15.968627,45.81327],[15.968496,45.813275],[15.96809,45.81326],[15.967519,45.813184],[15.966791,45.813071],[15.965849,45.812831],[15.965836,45.812833],[15.964841,45.812588],[15.964698,45.812511],[15.964726,45.812423],[15.964726,45.812423],[15.964714,45.812521],[15.964636,45.812526],[15.964242,45.812412],[15.963987,45.812369],[15.963676,45.812309],[15.963494,45.812288],[15.963311,45.812301],[15.962634,45.812408],[15.961766,45.812593],[15.96066,45.812837],[15.960229,45.812923],[15.959531,45.813052],[15.95917,45.813096],[15.958818,45.813132],[15.958594,45.813143],[15.957786,45.813171],[15.957786,45.813171],[15.957019,45.813206],[15.956579,45.813208],[15.956238,45.813184],[15.955938,45.813161],[15.954699,45.812911],[15.954368,45.812834],[15.954308,45.81281],[15.954239,45.8128],[15.953918,45.812708],[15.953789,45.81268],[15.953179,45.812564],[15.952887,45.812526],[15.952537,45.812523],[15.952511,45.812475],[15.952511,45.812475],[15.952477,45.812499],[15.952196,45.812499],[15.951069,45.812486],[15.950357,45.812475],[15.949848,45.812474],[15.949469,45.812461],[15.948948,45.812462],[15.948849,45.812495],[15.948849,45.812495],[15.948814,45.812462],[15.948708,45.812463],[15.948098,45.812437],[15.947483,45.812445],[15.94696,45.812485],[15.946764,45.812499],[15.946435,45.812564],[15.946122,45.81264],[15.945714,45.812748],[15.945376,45.812834],[15.94386,45.813141],[15.943199,45.813259],[15.942423,45.813399],[15.941464,45.813636],[15.941464,45.813636],[15.937855,45.814473],[15.936669,45.814761],[15.936123,45.814862],[15.935898,45.814867],[15.9354,45.81491],[15.935151,45.814925],[15.935027,45.814955],[15.934884,45.815066],[15.934749,45.81515],[15.934615,45.815246],[15.93449,45.815322],[15.934369,45.815364],[15.93432,45.815378],[15.934267,45.815379],[15.933924,45.8154]]}},{"type":"Feature","properties":{"shapeId":"6_22","routeName":"6","routeLong":"Črnomerec-Savski gaj"},"geometry":{"type":"LineString","coordinates":[[15.934931,45.815001],[15.935038,45.814902],[15.935167,45.814839],[15.935297,45.814833],[15.935513,45.814836],[15.935759,45.814809],[15.936073,45.814785],[15.936591,45.81468],[15.938314,45.814305],[15.938878,45.814175],[15.940265,45.81384],[15.941619,45.81353],[15.94213,45.8134],[15.942623,45.8133],[15.942918,45.813253],[15.943049,45.813247],[15.943049,45.813247],[15.943275,45.813197],[15.943411,45.813158],[15.943576,45.813129],[15.943768,45.813096],[15.943994,45.813051],[15.944258,45.812989],[15.945306,45.812779],[15.94568,45.812682],[15.945804,45.812645],[15.946249,45.812525],[15.946705,45.812442],[15.947213,45.812385],[15.947768,45.81236],[15.94813,45.812368],[15.948322,45.812432],[15.948322,45.812432],[15.948577,45.812384],[15.949757,45.812396],[15.95091,45.812404],[15.951703,45.812418],[15.951958,45.81246],[15.951958,45.81246],[15.952212,45.812412],[15.952468,45.812422],[15.952963,45.81247],[15.953695,45.81259],[15.954432,45.812779],[15.954989,45.812897],[15.95574,45.813039],[15.956173,45.813102],[15.956489,45.81313],[15.956652,45.81314],[15.956774,45.813143],[15.95682,45.813117],[15.95682,45.813117],[15.956973,45.813134],[15.95714,45.813157],[15.957604,45.813144],[15.95796,45.813121],[15.958318,45.81311],[15.958854,45.813075],[15.959193,45.813041],[15.959582,45.812993],[15.960893,45.812727],[15.961752,45.812549],[15.962837,45.812321],[15.962977,45.812295],[15.963081,45.812333],[15.963081,45.812333],[15.963169,45.812269],[15.963316,45.812268],[15.963666,45.812271],[15.963904,45.812316],[15.964231,45.812381],[15.964931,45.812576],[15.965659,45.81278],[15.966683,45.813027],[15.967434,45.813163],[15.96833,45.813253],[15.969049,45.813289],[15.969413,45.813252],[15.969422,45.813251],[15.969399,45.813299],[15.969396,45.813293],[15.970403,45.813251],[15.971011,45.813225],[15.971824,45.81317],[15.973019,45.813134],[15.974284,45.813069],[15.974452,45.813052],[15.974745,45.813044],[15.975694,45.813042],[15.976134,45.813039],[15.976859,45.812952],[15.977081,45.812895],[15.977339,45.812859],[15.977313,45.812908],[15.977313,45.812908],[15.977385,45.812833],[15.97746,45.81281],[15.977539,45.812766],[15.977576,45.812664],[15.977587,45.812519],[15.977553,45.81244],[15.977514,45.812127],[15.977477,45.811957],[15.977402,45.811435],[15.977745,45.809],[15.977738,45.808884],[15.977738,45.808884],[15.977767,45.808893],[15.977886,45.80802],[15.977907,45.807543],[15.977924,45.806963],[15.977972,45.806353],[15.977981,45.806241],[15.977993,45.806155],[15.978003,45.805823],[15.978008,45.805608],[15.978028,45.805352],[15.978072,45.805281],[15.978164,45.805229],[15.978238,45.805206],[15.979258,45.805259],[15.979272,45.805218],[15.979272,45.805218],[15.979295,45.805254],[15.979498,45.805265],[15.980968,45.805346],[15.982573,45.805435],[15.983386,45.805465],[15.983714,45.80549],[15.983765,45.805438],[15.983765,45.805438],[15.983974,45.805506],[15.984965,45.805563],[15.986119,45.805617],[15.987264,45.805691],[15.988584,45.805761],[15.989563,45.805814],[15.990475,45.805914],[15.991976,45.80614],[15.991976,45.80614],[15.992186,45.806176],[15.992322,45.806235],[15.992396,45.806302],[15.9924,45.806406],[15.992255,45.806731],[15.992164,45.806873],[15.992116,45.806945],[15.992044,45.807013],[15.991959,45.80709],[15.991878,45.807179],[15.991825,45.807271],[15.991781,45.807355],[15.991744,45.807451],[15.991714,45.807578],[15.991672,45.808162],[15.991698,45.808113],[15.991698,45.808113],[15.991668,45.808331],[15.991714,45.808487],[15.991829,45.808653],[15.992073,45.808937],[15.993114,45.81011],[15.993648,45.810743],[15.99386,45.810915],[15.99386,45.810915],[15.993927,45.811061],[15.994067,45.81121],[15.994334,45.81153],[15.994614,45.811842],[15.996521,45.814055],[15.996521,45.814055],[15.996676,45.814216],[15.996724,45.814241],[15.997382,45.814475],[15.99749,45.814524],[15.997532,45.814577],[15.997499,45.814692],[15.99741,45.814841],[15.997343,45.81498],[15.9974,45.815082],[15.997559,45.81517],[15.997764,45.815233],[16.003062,45.81645],[16.003352,45.816526],[16.003453,45.816551],[16.003533,45.816592],[16.003533,45.816592],[16.003752,45.816607],[16.008159,45.817623],[16.008156,45.817625],[16.012255,45.818578],[16.014085,45.819036],[16.014089,45.81903],[16.015128,45.819288],[16.017858,45.819921],[16.020959,45.820631],[16.022278,45.820928],[16.022726,45.821041],[16.022729,45.821047],[16.022722,45.821022],[16.022722,45.821022],[16.022874,45.821085],[16.023636,45.821265],[16.027491,45.822078],[16.027491,45.822078],[16.031759,45.823022],[16.033175,45.823331],[16.034729,45.823653],[16.035118,45.823703],[16.035361,45.823753],[16.035587,45.823793],[16.035688,45.823818]]}},{"type":"Feature","properties":{"shapeId":"6_23","routeName":"6","routeLong":"Črnomerec-Savski gaj"},"geometry":{"type":"LineString","coordinates":[[15.986805,45.777694],[15.986968,45.777697],[15.987402,45.777721],[15.990016,45.777786],[15.991631,45.777815],[15.991551,45.777865],[15.991545,45.777868],[15.991643,45.777813],[15.997854,45.777976],[15.997858,45.777981],[16.000301,45.77805],[16.000919,45.778061],[16.000886,45.778085],[16.000886,45.778085],[16.000932,45.778066],[16.001415,45.77807],[16.001573,45.778106],[16.001657,45.77812],[16.001785,45.778187],[16.001894,45.778289],[16.001992,45.778392],[16.002013,45.778558],[16.001726,45.779448],[16.001726,45.779448],[16.001673,45.77963],[16.001629,45.779708],[16.001508,45.780069],[16.001379,45.780496],[16.001307,45.780752],[16.001304,45.781103],[16.001288,45.781371],[16.001313,45.78164],[16.001356,45.781966],[16.001418,45.782223],[16.001453,45.782341],[16.001453,45.782341],[16.001533,45.78257],[16.001883,45.783301],[16.001956,45.783414],[16.002248,45.783912],[16.002653,45.784608],[16.00277,45.784819],[16.002993,45.785216],[16.00318,45.785489],[16.003603,45.786248],[16.003844,45.786701],[16.003954,45.786893],[16.004014,45.787008],[16.004078,45.78722],[16.004119,45.787312],[16.004186,45.787633],[16.004248,45.787891],[16.004271,45.788199],[16.004261,45.788804],[16.004261,45.788804],[16.004177,45.789244],[16.004057,45.789657],[16.00389,45.790043],[16.003454,45.790701],[16.002438,45.791978],[16.002438,45.791978],[16.002198,45.792349],[15.999305,45.796068],[15.999169,45.796197],[15.998879,45.796575],[15.998878,45.79662],[15.998878,45.79662],[15.99877,45.796752],[15.998221,45.797478],[15.997898,45.797886],[15.997432,45.798483],[15.996906,45.799153],[15.996441,45.799756],[15.995966,45.800368],[15.995676,45.800752],[15.994951,45.801969],[15.994951,45.801969],[15.994549,45.8027],[15.993981,45.803675],[15.99382,45.803995],[15.993741,45.804136],[15.993695,45.804253],[15.993635,45.804326],[15.993628,45.804386],[15.993628,45.804386],[15.993505,45.804519],[15.993457,45.804584],[15.993381,45.804731],[15.992989,45.805402],[15.992649,45.806027],[15.992439,45.806355],[15.99219,45.806831],[15.992086,45.806975],[15.991991,45.807105],[15.991878,45.80727],[15.991765,45.807435],[15.991703,45.807904],[15.991698,45.808028],[15.991698,45.808113],[15.991698,45.808113],[15.991668,45.808331],[15.991714,45.808487],[15.991829,45.808653],[15.992073,45.808937],[15.993114,45.81011],[15.993648,45.810743],[15.99386,45.810915],[15.99386,45.810915],[15.993927,45.811061],[15.994067,45.81121],[15.994334,45.81153],[15.994614,45.811842],[15.996521,45.814055],[15.996521,45.814055],[15.996676,45.814216],[15.996724,45.814241],[15.997382,45.814475],[15.99749,45.814524],[15.997532,45.814577],[15.997499,45.814692],[15.99741,45.814841],[15.997343,45.81498],[15.9974,45.815082],[15.997559,45.81517],[15.997764,45.815233],[16.003062,45.81645],[16.003352,45.816526],[16.003453,45.816551],[16.003533,45.816592],[16.003533,45.816592],[16.003752,45.816607],[16.008159,45.817623],[16.008156,45.817625],[16.012255,45.818578],[16.014085,45.819036],[16.014089,45.81903],[16.015128,45.819288],[16.017858,45.819921],[16.020959,45.820631],[16.022278,45.820928],[16.022726,45.821041],[16.022729,45.821047],[16.022722,45.821022],[16.022722,45.821022],[16.022874,45.821085],[16.023636,45.821265],[16.027491,45.822078],[16.027491,45.822078],[16.031759,45.823022],[16.033175,45.823331],[16.034729,45.823653],[16.035118,45.823703],[16.035361,45.823753],[16.035587,45.823793],[16.035688,45.823818]]}},{"type":"Feature","properties":{"shapeId":"6_24","routeName":"6","routeLong":"Črnomerec-Savski gaj"},"geometry":{"type":"LineString","coordinates":[[15.934931,45.815001],[15.935038,45.814902],[15.935167,45.814839],[15.935297,45.814833],[15.935513,45.814836],[15.935759,45.814809],[15.936073,45.814785],[15.936591,45.81468],[15.938314,45.814305],[15.938878,45.814175],[15.940265,45.81384],[15.941619,45.81353],[15.94213,45.8134],[15.942623,45.8133],[15.942918,45.813253],[15.943049,45.813247],[15.943049,45.813247],[15.943275,45.813197],[15.943411,45.813158],[15.943576,45.813129],[15.943768,45.813096],[15.943994,45.813051],[15.944258,45.812989],[15.945306,45.812779],[15.94568,45.812682],[15.945804,45.812645],[15.946249,45.812525],[15.946705,45.812442],[15.947213,45.812385],[15.947768,45.81236],[15.94813,45.812368],[15.948322,45.812432],[15.948322,45.812432],[15.948577,45.812384],[15.949757,45.812396],[15.95091,45.812404],[15.951703,45.812418],[15.951958,45.81246],[15.951958,45.81246],[15.952212,45.812412],[15.952468,45.812422],[15.952963,45.81247],[15.953695,45.81259],[15.954432,45.812779],[15.954989,45.812897],[15.95574,45.813039],[15.956173,45.813102],[15.956489,45.81313],[15.956652,45.81314],[15.956774,45.813143],[15.95682,45.813117],[15.95682,45.813117],[15.956973,45.813134],[15.95714,45.813157],[15.957604,45.813144],[15.95796,45.813121],[15.958318,45.81311],[15.958854,45.813075],[15.959193,45.813041],[15.959582,45.812993],[15.960893,45.812727],[15.961752,45.812549],[15.962837,45.812321],[15.962977,45.812295],[15.963081,45.812333],[15.963081,45.812333],[15.963169,45.812269],[15.963316,45.812268],[15.963666,45.812271],[15.963904,45.812316],[15.964231,45.812381],[15.964931,45.812576],[15.965659,45.81278],[15.966683,45.813027],[15.967434,45.813163],[15.96833,45.813253],[15.969049,45.813289],[15.969413,45.813252],[15.969422,45.813251],[15.969399,45.813299],[15.969396,45.813293],[15.970403,45.813251],[15.971011,45.813225],[15.971824,45.81317],[15.973019,45.813134],[15.974284,45.813069],[15.974452,45.813052],[15.974745,45.813044],[15.975694,45.813042],[15.976134,45.813039],[15.976859,45.812952],[15.977081,45.812895],[15.977339,45.812859],[15.977313,45.812908],[15.977313,45.812908],[15.977352,45.812857],[15.977696,45.812796],[15.978831,45.81247],[15.97911,45.812418],[15.979852,45.812387],[15.981674,45.812263],[15.983288,45.81215],[15.983392,45.812187],[15.983484,45.812226],[15.983526,45.812279],[15.983555,45.812372],[15.983495,45.813354],[15.983495,45.813354],[15.983444,45.813497],[15.98338,45.813655],[15.983365,45.813735],[15.983427,45.813811],[15.983534,45.813861],[15.983619,45.813869],[15.983805,45.813817],[15.984024,45.813748],[15.984307,45.813702],[15.986632,45.813697],[15.986753,45.813739],[15.986753,45.813739],[15.986811,45.813705],[15.987735,45.813712],[15.98954,45.813793],[15.991696,45.813844],[15.991696,45.813844],[15.99273,45.813862],[15.993327,45.813883],[15.993679,45.813944],[15.99528,45.814384],[15.996212,45.814683],[15.996967,45.814928],[15.997061,45.814928],[15.997061,45.814928],[15.997163,45.815005],[15.997672,45.815193],[15.997853,45.815259],[16.003437,45.816546],[16.003533,45.816592],[16.003533,45.816592],[16.003752,45.816607],[16.008159,45.817623],[16.008156,45.817625],[16.012255,45.818578],[16.014085,45.819036],[16.014089,45.81903],[16.015128,45.819288],[16.017858,45.819921],[16.020959,45.820631],[16.022278,45.820928],[16.022726,45.821041],[16.022729,45.821047],[16.022722,45.821022],[16.022722,45.821022],[16.022874,45.821085],[16.023636,45.821265],[16.027491,45.822078],[16.027491,45.822078],[16.031759,45.823022],[16.033175,45.823331],[16.034729,45.823653],[16.035118,45.823703],[16.035361,45.823753],[16.035587,45.823793],[16.035688,45.823818]]}},{"type":"Feature","properties":{"shapeId":"6_25","routeName":"6","routeLong":"Črnomerec-Savski gaj"},"geometry":{"type":"LineString","coordinates":[[15.934931,45.815001],[15.935038,45.814902],[15.935167,45.814839],[15.935297,45.814833],[15.935513,45.814836],[15.935759,45.814809],[15.936073,45.814785],[15.936591,45.81468],[15.938314,45.814305],[15.938878,45.814175],[15.940265,45.81384],[15.941619,45.81353],[15.94213,45.8134],[15.942623,45.8133],[15.942918,45.813253],[15.943049,45.813247],[15.943049,45.813247],[15.943275,45.813197],[15.943411,45.813158],[15.943576,45.813129],[15.943768,45.813096],[15.943994,45.813051],[15.944258,45.812989],[15.945306,45.812779],[15.94568,45.812682],[15.945804,45.812645],[15.946249,45.812525],[15.946705,45.812442],[15.947213,45.812385],[15.947768,45.81236],[15.94813,45.812368],[15.948322,45.812432],[15.948322,45.812432],[15.948577,45.812384],[15.949757,45.812396],[15.95091,45.812404],[15.951703,45.812418],[15.951958,45.81246],[15.951958,45.81246],[15.952212,45.812412],[15.952468,45.812422],[15.952963,45.81247],[15.953695,45.81259],[15.954432,45.812779],[15.954989,45.812897],[15.95574,45.813039],[15.956173,45.813102],[15.956489,45.81313],[15.956652,45.81314],[15.956774,45.813143],[15.95682,45.813117],[15.95682,45.813117],[15.956973,45.813134],[15.95714,45.813157],[15.957604,45.813144],[15.95796,45.813121],[15.958318,45.81311],[15.958854,45.813075],[15.959193,45.813041],[15.959582,45.812993],[15.960893,45.812727],[15.961752,45.812549],[15.962837,45.812321],[15.962977,45.812295],[15.963081,45.812333],[15.963081,45.812333],[15.963169,45.812269],[15.963316,45.812268],[15.963666,45.812271],[15.963904,45.812316],[15.964231,45.812381],[15.964931,45.812576],[15.965659,45.81278],[15.966683,45.813027],[15.967434,45.813163],[15.96833,45.813253],[15.969049,45.813289],[15.969413,45.813252],[15.969422,45.813251],[15.969399,45.813299],[15.969396,45.813293],[15.970403,45.813251],[15.971011,45.813225],[15.971824,45.81317],[15.973019,45.813134],[15.974284,45.813069],[15.974452,45.813052],[15.974745,45.813044],[15.975694,45.813042],[15.976134,45.813039],[15.976859,45.812952],[15.977081,45.812895],[15.977339,45.812859],[15.977313,45.812908],[15.977313,45.812908],[15.977385,45.812833],[15.97746,45.81281],[15.977539,45.812766],[15.977576,45.812664],[15.977587,45.812519],[15.977553,45.81244],[15.977514,45.812127],[15.977477,45.811957],[15.977402,45.811435],[15.977745,45.809],[15.977738,45.808884],[15.977738,45.808884],[15.977767,45.808893],[15.977886,45.80802],[15.977907,45.807543],[15.977924,45.806963],[15.977972,45.806353],[15.977981,45.806241],[15.977993,45.806155],[15.978003,45.805823],[15.978008,45.805608],[15.978028,45.805352],[15.978072,45.805281],[15.978164,45.805229],[15.978238,45.805206],[15.979258,45.805259],[15.979272,45.805218],[15.979272,45.805218],[15.979295,45.805254],[15.979498,45.805265],[15.980968,45.805346],[15.982573,45.805435],[15.983386,45.805465],[15.983714,45.80549],[15.983765,45.805438],[15.983765,45.805438],[15.983974,45.805506],[15.984965,45.805563],[15.986119,45.805617],[15.987264,45.805691],[15.988584,45.805761],[15.989563,45.805814],[15.990475,45.805914],[15.991976,45.80614],[15.991976,45.80614],[15.992214,45.806179],[15.992349,45.806186],[15.992463,45.806163],[15.992518,45.806123],[15.993914,45.803723],[15.993914,45.803723],[15.993875,45.803773],[15.993967,45.803631],[15.995143,45.801579],[15.995535,45.800908],[15.995641,45.800718],[15.995892,45.800391],[15.995892,45.800391],[15.99631,45.799853],[15.998225,45.797399],[15.998659,45.796872],[15.998659,45.796872],[15.998761,45.796676],[16.001831,45.792731],[16.00193,45.792614],[16.002076,45.792431],[16.002163,45.792315],[16.002189,45.792272],[16.002182,45.792241],[16.002182,45.792241],[16.002267,45.792164],[16.002329,45.792065],[16.003364,45.790714],[16.003505,45.790551],[16.003798,45.790095],[16.003872,45.78989],[16.003997,45.789633],[16.004085,45.789393],[16.004186,45.788957],[16.004206,45.788572],[16.004206,45.788572],[16.004224,45.788355],[16.004197,45.787944],[16.004121,45.787454],[16.004103,45.787398],[16.004089,45.787348],[16.003897,45.786882],[16.003874,45.786846],[16.003754,45.786623],[16.003471,45.786117],[16.003324,45.785839],[16.003115,45.785492],[16.00302,45.785349],[16.002467,45.784381],[16.0024,45.784247],[16.002285,45.784082],[16.001937,45.783481],[16.001804,45.78326],[16.001498,45.782627],[16.00139,45.782402],[16.001335,45.782254],[16.001291,45.78215],[16.001275,45.782048],[16.001282,45.781892],[16.001282,45.781892],[16.001255,45.781662],[16.00124,45.781436],[16.001226,45.781205],[16.00124,45.780976],[16.001268,45.780803],[16.001293,45.780702],[16.001358,45.780421],[16.001594,45.779674],[16.001814,45.779014],[16.001853,45.778963],[16.001853,45.778963],[16.001838,45.778913],[16.001875,45.778817],[16.001934,45.778699],[16.001962,45.77861],[16.001955,45.778494],[16.001896,45.778334],[16.001742,45.778226],[16.001643,45.778161],[16.001454,45.77811],[16.000917,45.7781],[15.999799,45.778074],[15.999799,45.778074],[15.998718,45.778043],[15.996564,45.777992],[15.995799,45.777982],[15.995799,45.777982],[15.994771,45.777943],[15.992682,45.777889],[15.990536,45.777824],[15.989539,45.777801],[15.989331,45.777817],[15.989331,45.777817],[15.989056,45.77779],[15.987409,45.777746],[15.985536,45.777695],[15.985389,45.777696],[15.984999,45.777686],[15.984711,45.777667],[15.984619,45.777719]]}},{"type":"Feature","properties":{"shapeId":"6_26","routeName":"6","routeLong":"Črnomerec-Savski gaj"},"geometry":{"type":"LineString","coordinates":[[16.028293,45.822355],[16.028193,45.822324],[16.023746,45.821366],[16.022077,45.820975],[16.022077,45.820975],[16.017515,45.819936],[16.01414,45.81916],[16.012275,45.818686],[16.012147,45.818619],[16.012147,45.818619],[16.011941,45.818602],[16.00957,45.81805],[16.007687,45.817611],[16.007569,45.817614],[16.007569,45.817614],[16.00747,45.817556],[16.005559,45.817108],[16.002953,45.816536],[16.002856,45.816524],[16.002856,45.816524],[16.002666,45.816472],[15.9978,45.815351],[15.997632,45.815283],[15.997632,45.815283],[15.996902,45.815028],[15.996608,45.814939],[15.996544,45.814909],[15.996509,45.814875],[15.996472,45.814796],[15.996484,45.814703],[15.996541,45.814617],[15.99665,45.81444],[15.996675,45.814346],[15.996572,45.814178],[15.995987,45.813507],[15.995511,45.812937],[15.995289,45.812689],[15.995166,45.812537],[15.994944,45.812282],[15.994794,45.812277],[15.994794,45.812277],[15.994847,45.812185],[15.99463,45.811943],[15.993747,45.810898],[15.992967,45.81002],[15.992967,45.81002],[15.99254,45.809527],[15.992137,45.809064],[15.991838,45.808729],[15.991695,45.808561],[15.991605,45.808301],[15.991592,45.808115],[15.991692,45.807594],[15.991692,45.807594],[15.991713,45.807397],[15.99184,45.807184],[15.991987,45.807002],[15.992111,45.806874],[15.993914,45.803723],[15.993914,45.803723],[15.993875,45.803773],[15.993967,45.803631],[15.995143,45.801579],[15.995535,45.800908],[15.995641,45.800718],[15.995892,45.800391],[15.995892,45.800391],[15.99631,45.799853],[15.998225,45.797399],[15.998659,45.796872],[15.998659,45.796872],[15.998761,45.796676],[16.001831,45.792731],[16.00193,45.792614],[16.002076,45.792431],[16.002163,45.792315],[16.002189,45.792272],[16.002182,45.792241],[16.002182,45.792241],[16.002267,45.792164],[16.002329,45.792065],[16.003364,45.790714],[16.003505,45.790551],[16.003798,45.790095],[16.003872,45.78989],[16.003997,45.789633],[16.004085,45.789393],[16.004186,45.788957],[16.004206,45.788572],[16.004206,45.788572],[16.004224,45.788355],[16.004197,45.787944],[16.004121,45.787454],[16.004103,45.787398],[16.004089,45.787348],[16.003897,45.786882],[16.003874,45.786846],[16.003754,45.786623],[16.003471,45.786117],[16.003324,45.785839],[16.003115,45.785492],[16.00302,45.785349],[16.002467,45.784381],[16.0024,45.784247],[16.002285,45.784082],[16.001937,45.783481],[16.001804,45.78326],[16.001498,45.782627],[16.00139,45.782402],[16.001335,45.782254],[16.001291,45.78215],[16.001275,45.782048],[16.001282,45.781892],[16.001282,45.781892],[16.001255,45.781662],[16.00124,45.781436],[16.001226,45.781205],[16.00124,45.780976],[16.001268,45.780803],[16.001293,45.780702],[16.001358,45.780421],[16.001594,45.779674],[16.001814,45.779014],[16.001853,45.778963],[16.001853,45.778963],[16.001838,45.778913],[16.001875,45.778817],[16.001934,45.778699],[16.001962,45.77861],[16.001955,45.778494],[16.001896,45.778334],[16.001742,45.778226],[16.001643,45.778161],[16.001454,45.77811],[16.000917,45.7781],[15.999799,45.778074],[15.999799,45.778074],[15.998718,45.778043],[15.996564,45.777992],[15.995799,45.777982],[15.995799,45.777982],[15.994771,45.777943],[15.992682,45.777889],[15.990536,45.777824],[15.989539,45.777801],[15.989331,45.777817],[15.989331,45.777817],[15.989056,45.77779],[15.987409,45.777746],[15.985536,45.777695],[15.985389,45.777696],[15.984999,45.777686],[15.984711,45.777667],[15.984619,45.777719]]}},{"type":"Feature","properties":{"shapeId":"7_11","routeName":"7","routeLong":"Savski most-Dubrava"},"geometry":{"type":"LineString","coordinates":[[15.953324,45.786301],[15.953601,45.786652],[15.953608,45.786768],[15.953564,45.786846],[15.953447,45.786907],[15.953292,45.786922],[15.95284,45.786842],[15.952525,45.786775],[15.952366,45.786778],[15.952366,45.786778],[15.952331,45.786751],[15.951926,45.786599],[15.951697,45.786365],[15.951614,45.786033],[15.951695,45.785217],[15.951946,45.783878],[15.952239,45.782325],[15.952475,45.780936],[15.952657,45.780054],[15.952726,45.779688],[15.952782,45.779154],[15.952779,45.778499],[15.952803,45.777672],[15.952803,45.777672],[15.952777,45.777624],[15.952793,45.777544],[15.952916,45.777416],[15.953199,45.777195],[15.95456,45.777142],[15.956662,45.777104],[15.956772,45.777115],[15.956772,45.777115],[15.957155,45.777094],[15.958361,45.777057],[15.960207,45.777021],[15.961939,45.77704],[15.965177,45.77709],[15.965216,45.77713],[15.965216,45.77713],[15.965299,45.777093],[15.968359,45.777181],[15.971358,45.777283],[15.971468,45.777288],[15.971457,45.777289],[15.979522,45.777486],[15.97959,45.777532],[15.979589,45.777529],[15.979606,45.7775],[15.983729,45.777602],[15.986631,45.777686],[15.986675,45.777699],[15.986805,45.777694],[15.986968,45.777697],[15.987402,45.777721],[15.990016,45.777786],[15.991631,45.777815],[15.991551,45.777865],[15.991545,45.777868],[15.991643,45.777813],[15.997854,45.777976],[15.997858,45.777981],[16.000301,45.77805],[16.000919,45.778061],[16.000886,45.778085],[16.000886,45.778085],[16.000932,45.778066],[16.001415,45.77807],[16.001573,45.778106],[16.001657,45.77812],[16.001785,45.778187],[16.001894,45.778289],[16.001992,45.778392],[16.002013,45.778558],[16.001726,45.779448],[16.001726,45.779448],[16.001673,45.77963],[16.001629,45.779708],[16.001508,45.780069],[16.001379,45.780496],[16.001307,45.780752],[16.001304,45.781103],[16.001288,45.781371],[16.001313,45.78164],[16.001356,45.781966],[16.001418,45.782223],[16.001453,45.782341],[16.001453,45.782341],[16.001533,45.78257],[16.001883,45.783301],[16.001956,45.783414],[16.002248,45.783912],[16.002653,45.784608],[16.00277,45.784819],[16.002993,45.785216],[16.00318,45.785489],[16.003603,45.786248],[16.003844,45.786701],[16.003954,45.786893],[16.004014,45.787008],[16.004078,45.78722],[16.004119,45.787312],[16.004186,45.787633],[16.004248,45.787891],[16.004271,45.788199],[16.004261,45.788804],[16.004261,45.788804],[16.004177,45.789244],[16.004057,45.789657],[16.00389,45.790043],[16.003454,45.790701],[16.002438,45.791978],[16.002438,45.791978],[16.002198,45.792349],[15.999305,45.796068],[15.999169,45.796197],[15.998879,45.796575],[15.998878,45.79662],[15.998878,45.79662],[15.99877,45.796752],[15.998221,45.797478],[15.997898,45.797886],[15.997432,45.798483],[15.996906,45.799153],[15.996441,45.799756],[15.995966,45.800368],[15.995676,45.800752],[15.994951,45.801969],[15.994951,45.801969],[15.994549,45.8027],[15.993981,45.803675],[15.99382,45.803995],[15.993741,45.804136],[15.993695,45.804253],[15.993635,45.804326],[15.993628,45.804386],[15.993628,45.804386],[15.993505,45.804519],[15.993457,45.804584],[15.993381,45.804731],[15.992989,45.805402],[15.992649,45.806027],[15.992439,45.806355],[15.99219,45.806831],[15.992086,45.806975],[15.991991,45.807105],[15.991878,45.80727],[15.991765,45.807435],[15.991703,45.807904],[15.991698,45.808028],[15.991698,45.808113],[15.991698,45.808113],[15.991668,45.808331],[15.991714,45.808487],[15.991829,45.808653],[15.992073,45.808937],[15.993114,45.81011],[15.993648,45.810743],[15.99386,45.810915],[15.99386,45.810915],[15.993927,45.811061],[15.994067,45.81121],[15.994334,45.81153],[15.994614,45.811842],[15.996521,45.814055],[15.996521,45.814055],[15.996676,45.814216],[15.996724,45.814241],[15.997382,45.814475],[15.99749,45.814524],[15.997532,45.814577],[15.997499,45.814692],[15.99741,45.814841],[15.997343,45.81498],[15.9974,45.815082],[15.997559,45.81517],[15.997764,45.815233],[16.003062,45.81645],[16.003352,45.816526],[16.003453,45.816551],[16.003533,45.816592],[16.003533,45.816592],[16.003752,45.816607],[16.008159,45.817623],[16.008156,45.817625],[16.012255,45.818578],[16.014085,45.819036],[16.014089,45.81903],[16.015128,45.819288],[16.017858,45.819921],[16.020959,45.820631],[16.022278,45.820928],[16.022726,45.821041],[16.022729,45.821047],[16.022722,45.821022],[16.022722,45.821022],[16.022874,45.821085],[16.023636,45.821265],[16.027491,45.822078],[16.027491,45.822078],[16.031759,45.823022],[16.033175,45.823331],[16.034729,45.823653],[16.035118,45.823703],[16.035361,45.823753],[16.035587,45.823793],[16.035688,45.823818]]}},{"type":"Feature","properties":{"shapeId":"7_2","routeName":"7","routeLong":"Savski most-Dubrava"},"geometry":{"type":"LineString","coordinates":[[15.953324,45.786301],[15.953601,45.786652],[15.953608,45.786768],[15.953564,45.786846],[15.953447,45.786907],[15.953292,45.786922],[15.95284,45.786842],[15.952525,45.786775],[15.952366,45.786778],[15.952366,45.786778],[15.952331,45.786751],[15.951926,45.786599],[15.951697,45.786365],[15.951614,45.786033],[15.951695,45.785217],[15.951946,45.783878],[15.952239,45.782325],[15.952475,45.780936],[15.952657,45.780054],[15.952726,45.779688],[15.952782,45.779154],[15.952779,45.778499],[15.952803,45.777672],[15.952803,45.777672],[15.952777,45.777624],[15.952793,45.777544],[15.952916,45.777416],[15.953199,45.777195],[15.95456,45.777142],[15.956662,45.777104],[15.956772,45.777115],[15.956772,45.777115],[15.957155,45.777094],[15.958361,45.777057],[15.960207,45.777021],[15.961939,45.77704],[15.965177,45.77709],[15.965216,45.77713],[15.965216,45.77713],[15.965299,45.777093],[15.968359,45.777181],[15.971358,45.777283],[15.971468,45.777288],[15.971457,45.777289],[15.979522,45.777486],[15.97959,45.777532],[15.979589,45.777529],[15.979606,45.7775],[15.983729,45.777602],[15.986631,45.777686],[15.986675,45.777699],[15.986805,45.777694],[15.986968,45.777697],[15.987402,45.777721],[15.990016,45.777786],[15.991631,45.777815],[15.991551,45.777865],[15.991545,45.777868],[15.991643,45.777813],[15.997854,45.777976],[15.997858,45.777981],[16.000301,45.77805],[16.000919,45.778061],[16.000886,45.778085],[16.000886,45.778085],[16.000932,45.778066],[16.001415,45.77807],[16.001573,45.778106],[16.001657,45.77812],[16.001785,45.778187],[16.001894,45.778289],[16.001992,45.778392],[16.002013,45.778558],[16.001726,45.779448],[16.001726,45.779448],[16.001673,45.77963],[16.001629,45.779708],[16.001508,45.780069],[16.001379,45.780496],[16.001307,45.780752],[16.001304,45.781103],[16.001288,45.781371],[16.001313,45.78164],[16.001356,45.781966],[16.001418,45.782223],[16.001453,45.782341],[16.001453,45.782341],[16.001533,45.78257],[16.001883,45.783301],[16.001956,45.783414],[16.002248,45.783912],[16.002653,45.784608],[16.00277,45.784819],[16.002993,45.785216],[16.00318,45.785489],[16.003603,45.786248],[16.003844,45.786701],[16.003954,45.786893],[16.004014,45.787008],[16.004078,45.78722],[16.004119,45.787312],[16.004186,45.787633],[16.004248,45.787891],[16.004271,45.788199],[16.004261,45.788804],[16.004261,45.788804],[16.004177,45.789244],[16.004057,45.789657],[16.00389,45.790043],[16.003454,45.790701],[16.002438,45.791978],[16.002438,45.791978],[16.002198,45.792349],[15.999305,45.796068],[15.999169,45.796197],[15.998879,45.796575],[15.998878,45.79662],[15.998878,45.79662],[15.99877,45.796752],[15.998221,45.797478],[15.997898,45.797886],[15.997432,45.798483],[15.996906,45.799153],[15.996441,45.799756],[15.995966,45.800368],[15.995676,45.800752],[15.994951,45.801969],[15.994951,45.801969],[15.994549,45.8027],[15.993981,45.803675],[15.99382,45.803995],[15.993741,45.804136],[15.993695,45.804253],[15.993635,45.804326],[15.993628,45.804386],[15.993628,45.804386],[15.993505,45.804519],[15.993457,45.804584],[15.993381,45.804731],[15.992989,45.805402],[15.992649,45.806027],[15.992439,45.806355],[15.99219,45.806831],[15.992086,45.806975],[15.991991,45.807105],[15.991878,45.80727],[15.991765,45.807435],[15.991703,45.807904],[15.991698,45.808028],[15.991698,45.808113],[15.991698,45.808113],[15.991668,45.808331],[15.991714,45.808487],[15.991829,45.808653],[15.992073,45.808937],[15.993114,45.81011],[15.993648,45.810743],[15.99386,45.810915],[15.99386,45.810915],[15.993927,45.811061],[15.994067,45.81121],[15.994334,45.81153],[15.994614,45.811842],[15.996521,45.814055],[15.996521,45.814055],[15.996676,45.814216],[15.996724,45.814241],[15.997382,45.814475],[15.99749,45.814524],[15.997532,45.814577],[15.997499,45.814692],[15.99741,45.814841],[15.997343,45.81498],[15.9974,45.815082],[15.997559,45.81517],[15.997764,45.815233],[16.003062,45.81645],[16.003352,45.816526],[16.003453,45.816551],[16.003533,45.816592],[16.003533,45.816592],[16.003752,45.816607],[16.008159,45.817623],[16.008156,45.817625],[16.012255,45.818578],[16.014085,45.819036],[16.014089,45.81903],[16.015128,45.819288],[16.017858,45.819921],[16.020959,45.820631],[16.022278,45.820928],[16.022726,45.821041],[16.022729,45.821047],[16.022722,45.821022],[16.022722,45.821022],[16.022874,45.821085],[16.023636,45.821265],[16.027491,45.822078],[16.027491,45.822078],[16.029602,45.822517],[16.032378,45.823124],[16.034731,45.823614],[16.036179,45.823938],[16.037148,45.824134],[16.037681,45.824261],[16.037868,45.824267],[16.037995,45.824236],[16.038156,45.824194],[16.038299,45.824181],[16.038407,45.824225],[16.038494,45.824297],[16.038503,45.824373],[16.038429,45.824481],[16.038291,45.824559],[16.03822,45.824594],[16.038146,45.824618],[16.037999,45.824619],[16.037122,45.824455]]}},{"type":"Feature","properties":{"shapeId":"7_3","routeName":"7","routeLong":"Savski most-Dubrava"},"geometry":{"type":"LineString","coordinates":[[15.953324,45.786301],[15.953601,45.786652],[15.953608,45.786768],[15.953564,45.786846],[15.953447,45.786907],[15.953292,45.786922],[15.95284,45.786842],[15.952525,45.786775],[15.952366,45.786778],[15.952366,45.786778],[15.952331,45.786751],[15.951926,45.786599],[15.951697,45.786365],[15.951614,45.786033],[15.951695,45.785217],[15.951946,45.783878],[15.952239,45.782325],[15.952475,45.780936],[15.952657,45.780054],[15.952726,45.779688],[15.952782,45.779154],[15.952779,45.778499],[15.952803,45.777672],[15.952803,45.777672],[15.952777,45.777624],[15.952793,45.777544],[15.952916,45.777416],[15.953199,45.777195],[15.95456,45.777142],[15.956662,45.777104],[15.956772,45.777115],[15.956772,45.777115],[15.957155,45.777094],[15.958361,45.777057],[15.960207,45.777021],[15.961939,45.77704],[15.965177,45.77709],[15.965216,45.77713],[15.965216,45.77713],[15.965299,45.777093],[15.968359,45.777181],[15.971358,45.777283],[15.971468,45.777288],[15.971457,45.777289],[15.979522,45.777486],[15.97959,45.777532],[15.979589,45.777529],[15.979606,45.7775],[15.983729,45.777602],[15.986631,45.777686],[15.986675,45.777699],[15.986805,45.777694],[15.986968,45.777697],[15.987402,45.777721],[15.990016,45.777786],[15.991631,45.777815],[15.991551,45.777865],[15.991545,45.777868],[15.991643,45.777813],[15.997854,45.777976],[15.997858,45.777981],[16.000301,45.77805],[16.000919,45.778061],[16.000886,45.778085],[16.000886,45.778085],[16.000932,45.778066],[16.001415,45.77807],[16.001573,45.778106],[16.001657,45.77812],[16.001785,45.778187],[16.001894,45.778289],[16.001992,45.778392],[16.002013,45.778558],[16.001726,45.779448],[16.001726,45.779448],[16.001673,45.77963],[16.001629,45.779708],[16.001508,45.780069],[16.001379,45.780496],[16.001307,45.780752],[16.001304,45.781103],[16.001288,45.781371],[16.001313,45.78164],[16.001356,45.781966],[16.001418,45.782223],[16.001453,45.782341],[16.001453,45.782341],[16.001533,45.78257],[16.001883,45.783301],[16.001956,45.783414],[16.002248,45.783912],[16.002653,45.784608],[16.00277,45.784819],[16.002993,45.785216],[16.00318,45.785489],[16.003603,45.786248],[16.003844,45.786701],[16.003954,45.786893],[16.004014,45.787008],[16.004078,45.78722],[16.004119,45.787312],[16.004186,45.787633],[16.004248,45.787891],[16.004271,45.788199],[16.004261,45.788804],[16.004261,45.788804],[16.004177,45.789244],[16.004057,45.789657],[16.00389,45.790043],[16.003454,45.790701],[16.002438,45.791978],[16.002438,45.791978],[16.002198,45.792349],[15.999305,45.796068],[15.999169,45.796197],[15.998879,45.796575],[15.998878,45.79662],[15.998878,45.79662],[15.99877,45.796752],[15.998221,45.797478],[15.997898,45.797886],[15.997432,45.798483],[15.996906,45.799153],[15.996441,45.799756],[15.995966,45.800368],[15.995676,45.800752],[15.994951,45.801969],[15.994951,45.801969],[15.994549,45.8027],[15.993981,45.803675],[15.99382,45.803995],[15.993741,45.804136],[15.993695,45.804253],[15.993635,45.804326],[15.993628,45.804386],[15.993628,45.804386],[15.993505,45.804519],[15.993457,45.804584],[15.993381,45.804731],[15.992989,45.805402],[15.992649,45.806027],[15.992439,45.806355],[15.99219,45.806831],[15.992086,45.806975],[15.991991,45.807105],[15.991878,45.80727],[15.991765,45.807435],[15.991703,45.807904],[15.991698,45.808028],[15.991698,45.808113],[15.991698,45.808113],[15.991668,45.808331],[15.991714,45.808487],[15.991829,45.808653],[15.992073,45.808937],[15.993114,45.81011],[15.993648,45.810743],[15.99386,45.810915],[15.99386,45.810915],[15.993927,45.811061],[15.994067,45.81121],[15.994334,45.81153],[15.994614,45.811842],[15.996521,45.814055],[15.996521,45.814055],[15.996676,45.814216],[15.996724,45.814241],[15.997382,45.814475],[15.99749,45.814524],[15.997532,45.814577],[15.997499,45.814692],[15.99741,45.814841],[15.997343,45.81498],[15.9974,45.815082],[15.997559,45.81517],[15.997764,45.815233],[16.003062,45.81645],[16.003352,45.816526],[16.003453,45.816551],[16.003533,45.816592],[16.003533,45.816592],[16.003752,45.816607],[16.008159,45.817623],[16.008156,45.817625],[16.012255,45.818578],[16.014085,45.819036],[16.014089,45.81903],[16.015128,45.819288],[16.017858,45.819921],[16.020959,45.820631],[16.022278,45.820928],[16.022726,45.821041],[16.022729,45.821047],[16.022722,45.821022],[16.022722,45.821022],[16.022874,45.821085],[16.023636,45.821265],[16.027491,45.822078]]}},{"type":"Feature","properties":{"shapeId":"7_68","routeName":"7","routeLong":"Savski most-Dubrava"},"geometry":{"type":"LineString","coordinates":[[16.037122,45.824455],[16.036891,45.824351],[16.036689,45.824211],[16.036521,45.824143],[16.035916,45.824],[16.028293,45.822355],[16.028293,45.822355],[16.028193,45.822324],[16.023746,45.821366],[16.022077,45.820975],[16.022077,45.820975],[16.017515,45.819936],[16.01414,45.81916],[16.012275,45.818686],[16.012147,45.818619],[16.012147,45.818619],[16.011941,45.818602],[16.00957,45.81805],[16.007687,45.817611],[16.007569,45.817614],[16.007569,45.817614],[16.00747,45.817556],[16.005559,45.817108],[16.002953,45.816536],[16.002856,45.816524],[16.002856,45.816524],[16.002666,45.816472],[15.9978,45.815351],[15.997632,45.815283],[15.997632,45.815283],[15.996902,45.815028],[15.996608,45.814939],[15.996544,45.814909],[15.996509,45.814875],[15.996472,45.814796],[15.996484,45.814703],[15.996541,45.814617],[15.99665,45.81444],[15.996675,45.814346],[15.996572,45.814178],[15.995987,45.813507],[15.995511,45.812937],[15.995289,45.812689],[15.995166,45.812537],[15.994944,45.812282],[15.994794,45.812277],[15.994794,45.812277],[15.994847,45.812185],[15.99463,45.811943],[15.993747,45.810898],[15.992967,45.81002],[15.992967,45.81002],[15.99254,45.809527],[15.992137,45.809064],[15.991838,45.808729],[15.991695,45.808561],[15.991605,45.808301],[15.991592,45.808115],[15.991692,45.807594],[15.991692,45.807594],[15.991713,45.807397],[15.99184,45.807184],[15.991987,45.807002],[15.992111,45.806874],[15.993914,45.803723],[15.993914,45.803723],[15.993875,45.803773],[15.993967,45.803631],[15.995143,45.801579],[15.995535,45.800908],[15.995641,45.800718],[15.995892,45.800391],[15.995892,45.800391],[15.99631,45.799853],[15.998225,45.797399],[15.998659,45.796872],[15.998659,45.796872],[15.998761,45.796676],[16.001831,45.792731],[16.00193,45.792614],[16.002076,45.792431],[16.002163,45.792315],[16.002189,45.792272],[16.002182,45.792241],[16.002182,45.792241],[16.002267,45.792164],[16.002329,45.792065],[16.003364,45.790714],[16.003505,45.790551],[16.003798,45.790095],[16.003872,45.78989],[16.003997,45.789633],[16.004085,45.789393],[16.004186,45.788957],[16.004206,45.788572],[16.004206,45.788572],[16.004224,45.788355],[16.004197,45.787944],[16.004121,45.787454],[16.004103,45.787398],[16.004089,45.787348],[16.003897,45.786882],[16.003874,45.786846],[16.003754,45.786623],[16.003471,45.786117],[16.003324,45.785839],[16.003115,45.785492],[16.00302,45.785349],[16.002467,45.784381],[16.0024,45.784247],[16.002285,45.784082],[16.001937,45.783481],[16.001804,45.78326],[16.001498,45.782627],[16.00139,45.782402],[16.001335,45.782254],[16.001291,45.78215],[16.001275,45.782048],[16.001282,45.781892],[16.001282,45.781892],[16.001255,45.781662],[16.00124,45.781436],[16.001226,45.781205],[16.00124,45.780976],[16.001268,45.780803],[16.001293,45.780702],[16.001358,45.780421],[16.001594,45.779674],[16.001814,45.779014],[16.001853,45.778963],[16.001853,45.778963],[16.001838,45.778913],[16.001875,45.778817],[16.001934,45.778699],[16.001962,45.77861],[16.001955,45.778494],[16.001896,45.778334],[16.001742,45.778226],[16.001643,45.778161],[16.001454,45.77811],[16.000917,45.7781],[15.999799,45.778074],[15.999799,45.778074],[15.998718,45.778043],[15.996564,45.777992],[15.995799,45.777982],[15.995799,45.777982],[15.994771,45.777943],[15.992682,45.777889],[15.990536,45.777824],[15.989539,45.777801],[15.989331,45.777817],[15.989331,45.777817],[15.989243,45.777796],[15.988918,45.777783],[15.987625,45.777749],[15.984568,45.777674],[15.984568,45.777674],[15.983783,45.777647],[15.981003,45.777566],[15.980855,45.777606],[15.980849,45.777609],[15.980832,45.77757],[15.970879,45.777307],[15.970879,45.777307],[15.970678,45.777287],[15.964722,45.777129],[15.964732,45.777126],[15.962003,45.777077],[15.961198,45.777065],[15.959769,45.777075],[15.957826,45.777105],[15.956795,45.777144],[15.956305,45.777166],[15.956305,45.777166],[15.95532,45.77718],[15.95426,45.77721],[15.953605,45.777217],[15.953359,45.777244],[15.953146,45.777384],[15.952985,45.777517],[15.952874,45.777636],[15.952867,45.777708],[15.952862,45.777917],[15.95286,45.778047],[15.952823,45.778058],[15.952823,45.778058],[15.95289,45.778653],[15.952823,45.779337],[15.952563,45.780878],[15.952285,45.782299],[15.952073,45.78349],[15.951891,45.784469],[15.951774,45.785167],[15.951695,45.785671],[15.951693,45.785892],[15.951734,45.786353],[15.951734,45.786353],[15.951953,45.78655],[15.952289,45.786692],[15.952801,45.786796],[15.953084,45.786848],[15.953202,45.786844],[15.95338,45.786774],[15.953435,45.786636],[15.952446,45.78508]]}},{"type":"Feature","properties":{"shapeId":"8_16","routeName":"8","routeLong":"Mihaljevac-Zap. kol"},"geometry":{"type":"LineString","coordinates":[[16.000352,45.778185],[16.000476,45.778058],[16.000704,45.778059],[16.000891,45.778058],[16.001465,45.778056],[16.001797,45.778179],[16.002025,45.778368],[16.002016,45.778479],[16.001726,45.779448],[16.001645,45.779622],[16.001508,45.780069],[16.001404,45.780401],[16.001319,45.780926],[16.001285,45.781359],[16.001303,45.781694],[16.001372,45.782067],[16.001432,45.782273],[16.001453,45.782341],[16.001453,45.782341],[16.001533,45.78257],[16.001883,45.783301],[16.001956,45.783414],[16.002248,45.783912],[16.002653,45.784608],[16.00277,45.784819],[16.002993,45.785216],[16.00318,45.785489],[16.003603,45.786248],[16.003844,45.786701],[16.003954,45.786893],[16.004014,45.787008],[16.004078,45.78722],[16.004119,45.787312],[16.004186,45.787633],[16.004248,45.787891],[16.004271,45.788199],[16.004261,45.788804],[16.004261,45.788804],[16.004177,45.789244],[16.004057,45.789657],[16.00389,45.790043],[16.003454,45.790701],[16.002438,45.791978],[16.002438,45.791978],[16.002198,45.792349],[15.999305,45.796068],[15.999169,45.796197],[15.998879,45.796575],[15.998878,45.79662],[15.998878,45.79662],[15.99877,45.796752],[15.998221,45.797478],[15.997898,45.797886],[15.997432,45.798483],[15.996906,45.799153],[15.996441,45.799756],[15.995966,45.800368],[15.995676,45.800752],[15.994951,45.801969],[15.994951,45.801969],[15.994549,45.8027],[15.993981,45.803675],[15.99382,45.803995],[15.993741,45.804136],[15.993695,45.804253],[15.993635,45.804326],[15.993628,45.804386],[15.993628,45.804386],[15.993531,45.80447],[15.993258,45.80495],[15.992989,45.805409],[15.992751,45.805825],[15.992658,45.806006],[15.992523,45.806187],[15.992416,45.806228],[15.99235,45.806237],[15.99159,45.806109],[15.991435,45.806131],[15.991435,45.806131],[15.991384,45.806086],[15.990599,45.805968],[15.989991,45.805903],[15.989533,45.80585],[15.988088,45.805759],[15.984448,45.80557],[15.984448,45.80557],[15.984244,45.805566],[15.984124,45.805615],[15.984066,45.805734],[15.984045,45.806022],[15.984019,45.806526],[15.983989,45.806926],[15.983942,45.807269],[15.983919,45.807597],[15.983917,45.807915],[15.983875,45.808129],[15.983884,45.808212],[15.983873,45.808265],[15.983882,45.808443],[15.983882,45.808439],[15.983844,45.808575],[15.983793,45.809179],[15.983724,45.809902],[15.983707,45.810385],[15.983726,45.810408],[15.98372,45.810407],[15.983702,45.810599],[15.983487,45.813355],[15.983495,45.813354],[15.983444,45.813497],[15.98338,45.813655],[15.983365,45.813735],[15.983427,45.813811],[15.983534,45.813861],[15.983619,45.813869],[15.983805,45.813817],[15.984024,45.813748],[15.984307,45.813702],[15.986632,45.813697],[15.986753,45.813739],[15.986753,45.813739],[15.986811,45.813705],[15.987735,45.813712],[15.98954,45.813793],[15.991696,45.813844],[15.991696,45.813844],[15.99273,45.813862],[15.993327,45.813883],[15.993679,45.813944],[15.99528,45.814384],[15.996212,45.814683],[15.996967,45.814928],[15.997061,45.814928],[15.997061,45.814928],[15.997163,45.815005],[15.997672,45.815193],[15.997853,45.815259],[16.003437,45.816546],[16.003533,45.816592],[16.003533,45.816592],[16.003752,45.816607],[16.008159,45.817623],[16.008156,45.817625],[16.012255,45.818578],[16.014085,45.819036],[16.014089,45.81903],[16.015128,45.819288],[16.017858,45.819921],[16.020959,45.820631],[16.022278,45.820928],[16.022726,45.821041],[16.022729,45.821047],[16.022722,45.821022],[16.022722,45.821022],[16.022874,45.821085],[16.023636,45.821265],[16.027491,45.822078],[16.027491,45.822078],[16.031759,45.823022],[16.033175,45.823331],[16.034729,45.823653],[16.035118,45.823703],[16.035361,45.823753],[16.035587,45.823793],[16.035688,45.823818]]}},{"type":"Feature","properties":{"shapeId":"8_23","routeName":"8","routeLong":"Mihaljevac-Zap. kol"},"geometry":{"type":"LineString","coordinates":[[16.028293,45.822355],[16.028193,45.822324],[16.023746,45.821366],[16.022077,45.820975],[16.022077,45.820975],[16.017515,45.819936],[16.01414,45.81916],[16.012275,45.818686],[16.012147,45.818619],[16.012147,45.818619],[16.011941,45.818602],[16.00957,45.81805],[16.007687,45.817611],[16.007569,45.817614],[16.007569,45.817614],[16.00747,45.817556],[16.005559,45.817108],[16.002953,45.816536],[16.002856,45.816524],[16.002856,45.816524],[16.002666,45.816472],[15.9978,45.815351],[15.997632,45.815283],[15.997632,45.815283],[15.997154,45.81511],[15.995196,45.81446],[15.993852,45.814076],[15.993352,45.81397],[15.99133,45.81392],[15.991052,45.813842],[15.991052,45.813842],[15.990911,45.813907],[15.987772,45.813798],[15.986685,45.813781],[15.986537,45.813827],[15.986537,45.813827],[15.986307,45.813768],[15.985273,45.813762],[15.984492,45.813747],[15.984243,45.813763],[15.98398,45.813819],[15.983761,45.813895],[15.983669,45.813946],[15.98349,45.813932],[15.983354,45.81388],[15.983317,45.8138],[15.983382,45.812877],[15.983433,45.81283],[15.983433,45.81283],[15.983398,45.812796],[15.983555,45.810873],[15.983597,45.81038],[15.983594,45.809998],[15.983594,45.809998],[15.983869,45.807065],[15.983878,45.806869],[15.983796,45.806868],[15.983796,45.806868],[15.983876,45.806818],[15.983897,45.806705],[15.983902,45.806405],[15.983965,45.805981],[15.983988,45.805744],[15.984024,45.80559],[15.984168,45.805531],[15.984409,45.80553],[15.985303,45.805575],[15.985806,45.805602],[15.989129,45.80579],[15.989539,45.805817],[15.990215,45.805892],[15.991976,45.80614],[15.991976,45.80614],[15.992214,45.806179],[15.992349,45.806186],[15.992463,45.806163],[15.992518,45.806123],[15.993914,45.803723],[15.993914,45.803723],[15.993875,45.803773],[15.993967,45.803631],[15.995143,45.801579],[15.995535,45.800908],[15.995641,45.800718],[15.995892,45.800391],[15.995892,45.800391],[15.99631,45.799853],[15.998225,45.797399],[15.998659,45.796872],[15.998659,45.796872],[15.998761,45.796676],[16.001831,45.792731],[16.00193,45.792614],[16.002076,45.792431],[16.002163,45.792315],[16.002189,45.792272],[16.002182,45.792241],[16.002182,45.792241],[16.002267,45.792164],[16.002329,45.792065],[16.003364,45.790714],[16.003505,45.790551],[16.003798,45.790095],[16.003872,45.78989],[16.003997,45.789633],[16.004085,45.789393],[16.004186,45.788957],[16.004206,45.788572],[16.004206,45.788572],[16.004224,45.788355],[16.004197,45.787944],[16.004121,45.787454],[16.004103,45.787398],[16.004089,45.787348],[16.003897,45.786882],[16.003874,45.786846],[16.003754,45.786623],[16.003471,45.786117],[16.003324,45.785839],[16.003115,45.785492],[16.00302,45.785349],[16.002467,45.784381],[16.0024,45.784247],[16.002285,45.784082],[16.001937,45.783481],[16.001804,45.78326],[16.001498,45.782627],[16.00139,45.782402],[16.001335,45.782254],[16.001291,45.78215],[16.001275,45.782048],[16.001282,45.781892],[16.001282,45.781892],[16.001207,45.78137],[16.001243,45.780813],[16.001359,45.780382],[16.001546,45.779745],[16.001747,45.779244],[16.001925,45.778985]]}},{"type":"Feature","properties":{"shapeId":"8_3","routeName":"8","routeLong":"Mihaljevac-Zap. kol"},"geometry":{"type":"LineString","coordinates":[[16.000352,45.778185],[16.000476,45.778058],[16.000704,45.778059],[16.000891,45.778058],[16.001465,45.778056],[16.001797,45.778179],[16.002025,45.778368],[16.002016,45.778479],[16.001726,45.779448],[16.001645,45.779622],[16.001508,45.780069],[16.001404,45.780401],[16.001319,45.780926],[16.001285,45.781359],[16.001303,45.781694],[16.001372,45.782067],[16.001432,45.782273],[16.001453,45.782341],[16.001453,45.782341],[16.001533,45.78257],[16.001883,45.783301],[16.001956,45.783414],[16.002248,45.783912],[16.002653,45.784608],[16.00277,45.784819],[16.002993,45.785216],[16.00318,45.785489],[16.003603,45.786248],[16.003844,45.786701],[16.003954,45.786893],[16.004014,45.787008],[16.004078,45.78722],[16.004119,45.787312],[16.004186,45.787633],[16.004248,45.787891],[16.004271,45.788199],[16.004261,45.788804],[16.004261,45.788804],[16.004177,45.789244],[16.004057,45.789657],[16.00389,45.790043],[16.003454,45.790701],[16.002438,45.791978],[16.002438,45.791978],[16.002198,45.792349],[15.999305,45.796068],[15.999169,45.796197],[15.998879,45.796575],[15.998878,45.79662],[15.998878,45.79662],[15.99877,45.796752],[15.998221,45.797478],[15.997898,45.797886],[15.997432,45.798483],[15.996906,45.799153],[15.996441,45.799756],[15.995966,45.800368],[15.995676,45.800752],[15.994951,45.801969],[15.994951,45.801969],[15.994549,45.8027],[15.993981,45.803675],[15.99382,45.803995],[15.993741,45.804136],[15.993695,45.804253],[15.993635,45.804326],[15.993628,45.804386],[15.993628,45.804386],[15.993531,45.80447],[15.993258,45.80495],[15.992989,45.805409],[15.992751,45.805825],[15.992658,45.806006],[15.992523,45.806187],[15.992416,45.806228],[15.99235,45.806237],[15.99159,45.806109],[15.991435,45.806131],[15.991435,45.806131],[15.991384,45.806086],[15.990599,45.805968],[15.989991,45.805903],[15.989533,45.80585],[15.988088,45.805759],[15.984448,45.80557],[15.984448,45.80557],[15.984244,45.805566],[15.984124,45.805615],[15.984066,45.805734],[15.984045,45.806022],[15.984019,45.806526],[15.983989,45.806926],[15.983942,45.807269],[15.983919,45.807597],[15.983917,45.807915],[15.983875,45.808129],[15.983884,45.808212],[15.983873,45.808265],[15.983882,45.808443],[15.983882,45.808439],[15.983844,45.808575],[15.983793,45.809179],[15.983724,45.809902],[15.983707,45.810385],[15.983726,45.810408],[15.98372,45.810407],[15.983702,45.810599],[15.983487,45.813355],[15.983495,45.813354],[15.983453,45.813853],[15.983368,45.814014],[15.983342,45.814069],[15.983227,45.814176],[15.98304,45.814267],[15.982312,45.814706],[15.982026,45.814921],[15.981129,45.816694],[15.981048,45.816783],[15.980901,45.816965],[15.980562,45.817357],[15.980368,45.817702],[15.979912,45.818427],[15.979635,45.8189],[15.979457,45.819152],[15.979365,45.819392],[15.979363,45.819522],[15.979383,45.81963],[15.97944,45.820011],[15.979413,45.820144],[15.979413,45.820144],[15.979493,45.820373],[15.979534,45.820556],[15.97978,45.821898],[15.979834,45.822266],[15.979814,45.822334],[15.979814,45.822334],[15.979956,45.822996],[15.980136,45.823341],[15.980365,45.823984],[15.980439,45.824506],[15.980447,45.82481],[15.980369,45.825268],[15.98002,45.826355],[15.979656,45.827496],[15.979505,45.827978],[15.979448,45.828057],[15.979448,45.828057],[15.979429,45.828216],[15.979328,45.828476],[15.979206,45.828649],[15.979107,45.828766],[15.978729,45.829214],[15.978477,45.82949],[15.978279,45.829731],[15.978161,45.829923],[15.978124,45.830025],[15.978056,45.830249],[15.978,45.830964],[15.978024,45.831824],[15.978024,45.831824],[15.978039,45.832782],[15.978064,45.833687],[15.977993,45.834184],[15.977461,45.836471],[15.977461,45.836471],[15.977341,45.837156],[15.977096,45.837826],[15.976649,45.838712],[15.975923,45.840026],[15.975796,45.840232],[15.975663,45.840465],[15.97549,45.840696],[15.974783,45.841664]]}},{"type":"Feature","properties":{"shapeId":"8_42","routeName":"8","routeLong":"Mihaljevac-Zap. kol"},"geometry":{"type":"LineString","coordinates":[[15.974721,45.841679],[15.974947,45.841362],[15.975336,45.840854],[15.975659,45.840361],[15.976122,45.839564],[15.976357,45.839142],[15.976603,45.838744],[15.976907,45.838131],[15.977055,45.837819],[15.977184,45.837483],[15.977362,45.836861],[15.977362,45.836861],[15.97741,45.836608],[15.977521,45.836125],[15.977628,45.83563],[15.977778,45.834999],[15.977879,45.834563],[15.977995,45.833957],[15.978009,45.833546],[15.977985,45.831966],[15.977985,45.831966],[15.977988,45.831342],[15.977972,45.830689],[15.977986,45.830369],[15.978023,45.830182],[15.978122,45.829967],[15.978176,45.829836],[15.978337,45.829613],[15.978445,45.829475],[15.978547,45.829369],[15.978851,45.829035],[15.979235,45.82856],[15.979369,45.828289],[15.979568,45.827644],[15.979568,45.827644],[15.97972,45.827162],[15.979988,45.82634],[15.980184,45.82569],[15.980371,45.825047],[15.980402,45.824699],[15.980385,45.82437],[15.980324,45.823977],[15.980236,45.823677],[15.980105,45.82341],[15.980057,45.8233],[15.979949,45.823068],[15.979903,45.822906],[15.979853,45.822556],[15.979853,45.822556],[15.979823,45.822495],[15.97969,45.821728],[15.979614,45.821421],[15.979593,45.821262],[15.979561,45.820968],[15.979504,45.820593],[15.979412,45.820099],[15.979387,45.819921],[15.979254,45.819784],[15.979254,45.819784],[15.979323,45.819703],[15.979326,45.819624],[15.979316,45.819587],[15.979316,45.819496],[15.979314,45.819444],[15.979333,45.819286],[15.979866,45.818362],[15.980454,45.817404],[15.980778,45.817002],[15.980945,45.816797],[15.981106,45.816567],[15.981369,45.816057],[15.981674,45.815404],[15.9818,45.815147],[15.981906,45.814963],[15.981983,45.814862],[15.982043,45.814795],[15.982199,45.814689],[15.982575,45.814462],[15.983019,45.814192],[15.98322,45.814061],[15.983298,45.813959],[15.983385,45.813077],[15.983433,45.81283],[15.983433,45.81283],[15.983398,45.812796],[15.983555,45.810873],[15.983597,45.81038],[15.983594,45.809998],[15.983594,45.809998],[15.983869,45.807065],[15.983878,45.806869],[15.983796,45.806868],[15.983796,45.806868],[15.983876,45.806818],[15.983897,45.806705],[15.983902,45.806405],[15.983965,45.805981],[15.983988,45.805744],[15.984024,45.80559],[15.984168,45.805531],[15.984409,45.80553],[15.985303,45.805575],[15.985806,45.805602],[15.989129,45.80579],[15.989539,45.805817],[15.990215,45.805892],[15.991976,45.80614],[15.991976,45.80614],[15.992214,45.806179],[15.992349,45.806186],[15.992463,45.806163],[15.992518,45.806123],[15.993914,45.803723],[15.993914,45.803723],[15.993875,45.803773],[15.993967,45.803631],[15.995143,45.801579],[15.995535,45.800908],[15.995641,45.800718],[15.995892,45.800391],[15.995892,45.800391],[15.99631,45.799853],[15.998225,45.797399],[15.998659,45.796872],[15.998659,45.796872],[15.998761,45.796676],[16.001831,45.792731],[16.00193,45.792614],[16.002076,45.792431],[16.002163,45.792315],[16.002189,45.792272],[16.002182,45.792241],[16.002182,45.792241],[16.002267,45.792164],[16.002329,45.792065],[16.003364,45.790714],[16.003505,45.790551],[16.003798,45.790095],[16.003872,45.78989],[16.003997,45.789633],[16.004085,45.789393],[16.004186,45.788957],[16.004206,45.788572],[16.004206,45.788572],[16.004224,45.788355],[16.004197,45.787944],[16.004121,45.787454],[16.004103,45.787398],[16.004089,45.787348],[16.003897,45.786882],[16.003874,45.786846],[16.003754,45.786623],[16.003471,45.786117],[16.003324,45.785839],[16.003115,45.785492],[16.00302,45.785349],[16.002467,45.784381],[16.0024,45.784247],[16.002285,45.784082],[16.001937,45.783481],[16.001804,45.78326],[16.001498,45.782627],[16.00139,45.782402],[16.001335,45.782254],[16.001291,45.78215],[16.001275,45.782048],[16.001282,45.781892],[16.001282,45.781892],[16.001207,45.78137],[16.001243,45.780813],[16.001359,45.780382],[16.001546,45.779745],[16.001747,45.779244],[16.001925,45.778985]]}},{"type":"Feature","properties":{"shapeId":"8_43","routeName":"8","routeLong":"Mihaljevac-Zap. kol"},"geometry":{"type":"LineString","coordinates":[[15.974721,45.841679],[15.974947,45.841362],[15.975336,45.840854],[15.975659,45.840361],[15.976122,45.839564],[15.976357,45.839142],[15.976603,45.838744],[15.976907,45.838131],[15.977055,45.837819],[15.977184,45.837483],[15.977362,45.836861],[15.977362,45.836861],[15.97741,45.836608],[15.977521,45.836125],[15.977628,45.83563],[15.977778,45.834999],[15.977879,45.834563],[15.977995,45.833957],[15.978009,45.833546],[15.977985,45.831966],[15.977985,45.831966],[15.977988,45.831342],[15.977972,45.830689],[15.977986,45.830369],[15.978023,45.830182],[15.978122,45.829967],[15.978176,45.829836],[15.978337,45.829613],[15.978445,45.829475],[15.978547,45.829369],[15.978851,45.829035],[15.979235,45.82856],[15.979369,45.828289],[15.979568,45.827644],[15.979568,45.827644],[15.97972,45.827162],[15.979988,45.82634],[15.980184,45.82569],[15.980371,45.825047],[15.980402,45.824699],[15.980385,45.82437],[15.980324,45.823977],[15.980236,45.823677],[15.980105,45.82341],[15.980057,45.8233],[15.979949,45.823068],[15.979903,45.822906],[15.979853,45.822556],[15.979853,45.822556],[15.979823,45.822495],[15.97969,45.821728],[15.979614,45.821421],[15.979593,45.821262],[15.979561,45.820968],[15.979504,45.820593],[15.979412,45.820099],[15.979387,45.819921],[15.979254,45.819784],[15.979254,45.819784],[15.979323,45.819703],[15.979326,45.819624],[15.979316,45.819587],[15.979316,45.819496],[15.979314,45.819444],[15.979333,45.819286],[15.979866,45.818362],[15.980454,45.817404],[15.980778,45.817002],[15.980945,45.816797],[15.981106,45.816567],[15.981369,45.816057],[15.981674,45.815404],[15.9818,45.815147],[15.981906,45.814963],[15.981983,45.814862],[15.982043,45.814795],[15.982199,45.814689],[15.982575,45.814462],[15.983019,45.814192],[15.98322,45.814061],[15.983298,45.813959],[15.983385,45.813077],[15.983433,45.81283],[15.983433,45.81283],[15.983398,45.812796],[15.983555,45.810873],[15.983597,45.81038],[15.983594,45.809998],[15.983594,45.809998],[15.983869,45.807065],[15.983878,45.806869],[15.983796,45.806868],[15.983796,45.806868],[15.983876,45.806818],[15.983897,45.806705],[15.983902,45.806405],[15.983965,45.805981],[15.983988,45.805744],[15.984024,45.80559],[15.984168,45.805531],[15.984409,45.80553],[15.985303,45.805575],[15.985806,45.805602],[15.989129,45.80579],[15.989539,45.805817],[15.990215,45.805892],[15.991976,45.80614],[15.991976,45.80614],[15.992186,45.806176],[15.992322,45.806235],[15.992396,45.806302],[15.9924,45.806406],[15.992255,45.806731],[15.992164,45.806873],[15.992116,45.806945],[15.992044,45.807013],[15.991959,45.80709],[15.991878,45.807179],[15.991825,45.807271],[15.991781,45.807355],[15.991744,45.807451],[15.991714,45.807578],[15.991672,45.808162],[15.991698,45.808113],[15.991698,45.808113],[15.991668,45.808331],[15.991714,45.808487],[15.991829,45.808653],[15.992073,45.808937],[15.993114,45.81011],[15.993648,45.810743],[15.99386,45.810915],[15.99386,45.810915],[15.993927,45.811061],[15.994067,45.81121],[15.994334,45.81153],[15.994614,45.811842],[15.996521,45.814055],[15.996521,45.814055],[15.996676,45.814216],[15.996724,45.814241],[15.997382,45.814475],[15.99749,45.814524],[15.997532,45.814577],[15.997499,45.814692],[15.99741,45.814841],[15.997343,45.81498],[15.9974,45.815082],[15.997559,45.81517],[15.997764,45.815233],[16.003062,45.81645],[16.003352,45.816526],[16.003453,45.816551],[16.003533,45.816592],[16.003533,45.816592],[16.003752,45.816607],[16.008159,45.817623],[16.008156,45.817625],[16.012255,45.818578],[16.014085,45.819036],[16.014089,45.81903],[16.015128,45.819288],[16.017858,45.819921],[16.020959,45.820631],[16.022278,45.820928],[16.022726,45.821041],[16.022729,45.821047],[16.022722,45.821022],[16.022722,45.821022],[16.022874,45.821085],[16.023636,45.821265],[16.027491,45.822078],[16.027491,45.822078],[16.031759,45.823022],[16.033175,45.823331],[16.034729,45.823653],[16.035118,45.823703],[16.035361,45.823753],[16.035587,45.823793],[16.035688,45.823818]]}},{"type":"Feature","properties":{"shapeId":"8_9","routeName":"8","routeLong":"Mihaljevac-Zap. kol"},"geometry":{"type":"LineString","coordinates":[[16.028293,45.822355],[16.028193,45.822324],[16.023746,45.821366],[16.022077,45.820975],[16.022077,45.820975],[16.017515,45.819936],[16.01414,45.81916],[16.012275,45.818686],[16.012147,45.818619],[16.012147,45.818619],[16.011941,45.818602],[16.00957,45.81805],[16.007687,45.817611],[16.007569,45.817614],[16.007569,45.817614],[16.00747,45.817556],[16.005559,45.817108],[16.002953,45.816536],[16.002856,45.816524],[16.002856,45.816524],[16.002666,45.816472],[15.9978,45.815351],[15.997632,45.815283],[15.997632,45.815283],[15.996902,45.815028],[15.996608,45.814939],[15.996544,45.814909],[15.996509,45.814875],[15.996472,45.814796],[15.996484,45.814703],[15.996541,45.814617],[15.99665,45.81444],[15.996675,45.814346],[15.996572,45.814178],[15.995987,45.813507],[15.995511,45.812937],[15.995289,45.812689],[15.995166,45.812537],[15.994944,45.812282],[15.994794,45.812277],[15.994794,45.812277],[15.994847,45.812185],[15.99463,45.811943],[15.993747,45.810898],[15.992967,45.81002],[15.992967,45.81002],[15.99254,45.809527],[15.992137,45.809064],[15.991838,45.808729],[15.991695,45.808561],[15.991605,45.808301],[15.991592,45.808115],[15.991692,45.807594],[15.991692,45.807594],[15.991687,45.807439],[15.99174,45.807348],[15.991832,45.807199],[15.991927,45.807069],[15.992077,45.806898],[15.992194,45.806746],[15.992324,45.806468],[15.99231,45.806327],[15.992239,45.806266],[15.992172,45.806217],[15.992055,45.806188],[15.991615,45.806106],[15.991435,45.806131],[15.991435,45.806131],[15.991384,45.806086],[15.990599,45.805968],[15.989991,45.805903],[15.989533,45.80585],[15.988088,45.805759],[15.984448,45.80557],[15.984448,45.80557],[15.984244,45.805566],[15.984124,45.805615],[15.984066,45.805734],[15.984045,45.806022],[15.984019,45.806526],[15.983989,45.806926],[15.983942,45.807269],[15.983919,45.807597],[15.983917,45.807915],[15.983875,45.808129],[15.983884,45.808212],[15.983873,45.808265],[15.983882,45.808443],[15.983882,45.808439],[15.983844,45.808575],[15.983793,45.809179],[15.983724,45.809902],[15.983707,45.810385],[15.983726,45.810408],[15.98372,45.810407],[15.983702,45.810599],[15.983487,45.813355],[15.983495,45.813354],[15.983453,45.813853],[15.983368,45.814014],[15.983342,45.814069],[15.983227,45.814176],[15.98304,45.814267],[15.982312,45.814706],[15.982026,45.814921],[15.981129,45.816694],[15.981048,45.816783],[15.980901,45.816965],[15.980562,45.817357],[15.980368,45.817702],[15.979912,45.818427],[15.979635,45.8189],[15.979457,45.819152],[15.979365,45.819392],[15.979363,45.819522],[15.979383,45.81963],[15.97944,45.820011],[15.979413,45.820144],[15.979413,45.820144],[15.979493,45.820373],[15.979534,45.820556],[15.97978,45.821898],[15.979834,45.822266],[15.979814,45.822334],[15.979814,45.822334],[15.979956,45.822996],[15.980136,45.823341],[15.980365,45.823984],[15.980439,45.824506],[15.980447,45.82481],[15.980369,45.825268],[15.98002,45.826355],[15.979656,45.827496],[15.979505,45.827978],[15.979448,45.828057],[15.979448,45.828057],[15.979429,45.828216],[15.979328,45.828476],[15.979206,45.828649],[15.979107,45.828766],[15.978729,45.829214],[15.978477,45.82949],[15.978279,45.829731],[15.978161,45.829923],[15.978124,45.830025],[15.978056,45.830249],[15.978,45.830964],[15.978024,45.831824],[15.978024,45.831824],[15.978039,45.832782],[15.978064,45.833687],[15.977993,45.834184],[15.977461,45.836471],[15.977461,45.836471],[15.977341,45.837156],[15.977096,45.837826],[15.976649,45.838712],[15.975923,45.840026],[15.975796,45.840232],[15.975663,45.840465],[15.97549,45.840696],[15.974783,45.841664]]}},{"type":"Feature","properties":{"shapeId":"9_1","routeName":"9","routeLong":"Ljubljanica-Borongaj"},"geometry":{"type":"LineString","coordinates":[[15.938562,45.797283],[15.938657,45.797244],[15.943251,45.797678],[15.943543,45.797709],[15.944087,45.797828],[15.944087,45.797828],[15.945,45.797981],[15.946774,45.798286],[15.947057,45.798338],[15.94729,45.798403],[15.947703,45.798534],[15.948458,45.798786],[15.948447,45.79884],[15.948447,45.79884],[15.948453,45.798807],[15.949742,45.799192],[15.950299,45.799316],[15.95084,45.799423],[15.951106,45.799464],[15.952073,45.799615],[15.953432,45.799823],[15.953796,45.799876],[15.954257,45.799948],[15.954644,45.800031],[15.954835,45.800044],[15.954835,45.800044],[15.954955,45.800092],[15.955688,45.800263],[15.956195,45.8004],[15.956874,45.800611],[15.957367,45.800783],[15.959109,45.801618],[15.959217,45.801668],[15.959309,45.801701],[15.959309,45.801701],[15.959432,45.801762],[15.96273,45.803335],[15.962862,45.803375],[15.962981,45.803372],[15.964096,45.803295],[15.964304,45.803273],[15.964306,45.803324],[15.964306,45.803324],[15.964407,45.803265],[15.964591,45.803246],[15.964822,45.803259],[15.964997,45.803352],[15.96511,45.803557],[15.965685,45.804379],[15.966063,45.804936],[15.966293,45.805268],[15.966399,45.805357],[15.966731,45.805395],[15.967081,45.805399],[15.967337,45.805402],[15.967645,45.805359],[15.967645,45.805359],[15.967675,45.805414],[15.969018,45.805435],[15.971477,45.805515],[15.972368,45.805541],[15.973437,45.805581],[15.973663,45.805621],[15.973663,45.805621],[15.974033,45.805557],[15.974858,45.805585],[15.976135,45.805615],[15.976379,45.80562],[15.977079,45.80564],[15.977726,45.805647],[15.977819,45.805647],[15.977915,45.805608],[15.977991,45.805546],[15.978008,45.805426],[15.97803,45.805319],[15.978102,45.805245],[15.978185,45.805207],[15.97834,45.805192],[15.978941,45.805232],[15.979197,45.805235],[15.979272,45.805218],[15.979272,45.805218],[15.979295,45.805254],[15.979498,45.805265],[15.980968,45.805346],[15.982573,45.805435],[15.983386,45.805465],[15.983714,45.80549],[15.983765,45.805438],[15.983765,45.805438],[15.983962,45.805514],[15.984045,45.805568],[15.984069,45.805649],[15.984061,45.805851],[15.984017,45.806383],[15.983968,45.807039],[15.983931,45.807414],[15.983942,45.807633],[15.983951,45.807709],[15.984037,45.807775],[15.984188,45.807878],[15.984287,45.807942],[15.984266,45.808055],[15.984266,45.808055],[15.984402,45.80801],[15.984623,45.808168],[15.985229,45.808557],[15.985779,45.808922],[15.986392,45.809324],[15.98652,45.809391],[15.98662,45.809415],[15.987633,45.809444],[15.987633,45.809444],[15.987942,45.809452],[15.988009,45.809495],[15.988084,45.809569],[15.988089,45.809633],[15.988077,45.809726],[15.988098,45.809891],[15.988133,45.809925],[15.988225,45.809965],[15.988473,45.809982],[15.989993,45.81005],[15.990562,45.810075],[15.991025,45.810108],[15.992948,45.810275],[15.993145,45.810306],[15.993587,45.810355],[15.994077,45.81043],[15.994247,45.810458],[15.994284,45.810538],[15.994284,45.810538],[15.994291,45.810472],[15.994445,45.810496],[15.994667,45.810523],[15.995258,45.810616],[15.995933,45.81073],[15.997099,45.810964],[15.997394,45.811014],[15.997451,45.811025],[15.997504,45.811024],[15.997504,45.811024],[15.997531,45.811066],[15.997584,45.811065],[15.998333,45.811247],[15.998941,45.811402],[15.999464,45.811544],[16.000117,45.811719],[16.001278,45.81207],[16.001278,45.81207],[16.001527,45.812146],[16.002045,45.812308],[16.002547,45.812471],[16.004379,45.813151],[16.004503,45.813205],[16.004559,45.813211],[16.004559,45.813211],[16.004855,45.813351],[16.005199,45.813478],[16.005564,45.813622],[16.006092,45.813828],[16.006365,45.813933],[16.008037,45.814706],[16.008037,45.814706],[16.008476,45.814924],[16.008755,45.815054],[16.009185,45.815196],[16.009515,45.815273],[16.009874,45.815353],[16.010166,45.81539],[16.010792,45.815426],[16.011829,45.815451],[16.012783,45.815415],[16.012783,45.815415],[16.012882,45.815388],[16.013906,45.815272],[16.014854,45.815088],[16.015467,45.814938],[16.015913,45.814811],[16.016681,45.814561],[16.016905,45.814459],[16.017149,45.814373],[16.017236,45.814348],[16.017367,45.814343],[16.017565,45.814374],[16.017803,45.814418],[16.017884,45.81442],[16.01795,45.814411],[16.018149,45.814318],[16.018404,45.814179]]}},{"type":"Feature","properties":{"shapeId":"9_2","routeName":"9","routeLong":"Ljubljanica-Borongaj"},"geometry":{"type":"LineString","coordinates":[[16.01882,45.814549],[16.018643,45.81458],[16.018509,45.81458],[16.018266,45.814535],[16.017886,45.814465],[16.017324,45.814375],[16.017156,45.814398],[16.01658,45.814627],[16.015828,45.814888],[16.014573,45.815179],[16.013487,45.81535],[16.01333,45.815404],[16.01333,45.815404],[16.013338,45.81539],[16.013223,45.815406],[16.012048,45.815466],[16.011152,45.815467],[16.01103,45.815464],[16.01053,45.815443],[16.010242,45.815418],[16.010104,45.815405],[16.009812,45.815374],[16.009611,45.815324],[16.009164,45.815212],[16.008614,45.815022],[16.008614,45.815022],[16.007581,45.814523],[16.006391,45.813981],[16.005134,45.813481],[16.004745,45.81334],[16.004745,45.81334],[16.003732,45.812949],[16.002609,45.812541],[16.000421,45.811839],[15.999339,45.811529],[15.999339,45.811529],[15.99863,45.811348],[15.997723,45.81113],[15.997723,45.81113],[15.996157,45.810809],[15.995434,45.810676],[15.993893,45.810442],[15.992893,45.810315],[15.992276,45.810265],[15.992276,45.810265],[15.991956,45.810225],[15.990913,45.810136],[15.989849,45.81007],[15.989068,45.810049],[15.988361,45.810017],[15.988361,45.810017],[15.988165,45.810031],[15.988089,45.810094],[15.988036,45.810185],[15.988049,45.810268],[15.988044,45.810386],[15.988014,45.810429],[15.987913,45.810495],[15.987745,45.810512],[15.987286,45.810498],[15.98692,45.810483],[15.986635,45.810471],[15.986487,45.81042],[15.986377,45.810319],[15.986358,45.810211],[15.986382,45.81002],[15.986387,45.809902],[15.986407,45.809737],[15.986423,45.80956],[15.986394,45.809466],[15.986313,45.809374],[15.985022,45.808528],[15.984578,45.808252],[15.984211,45.808004],[15.983977,45.807842],[15.9839,45.807762],[15.983825,45.807694],[15.983795,45.80764],[15.983823,45.807461],[15.983846,45.807309],[15.983858,45.807028],[15.983796,45.806868],[15.983796,45.806868],[15.983874,45.806857],[15.984008,45.80567],[15.983942,45.805582],[15.983894,45.805556],[15.98375,45.805524],[15.978461,45.805234],[15.978461,45.805234],[15.978233,45.805233],[15.978107,45.805309],[15.978065,45.805438],[15.978054,45.805582],[15.977954,45.805648],[15.977855,45.805681],[15.977777,45.805686],[15.97753,45.805668],[15.977196,45.805669],[15.97674,45.805661],[15.976522,45.805698],[15.97566,45.805675],[15.974485,45.805643],[15.974204,45.805643],[15.974162,45.8055],[15.974162,45.8055],[15.974135,45.805633],[15.973923,45.805637],[15.970686,45.805554],[15.969633,45.805525],[15.968445,45.805482],[15.967517,45.805468],[15.967108,45.805447],[15.9671,45.805513],[15.9671,45.805513],[15.967005,45.805455],[15.966827,45.805441],[15.966721,45.805449],[15.96653,45.805436],[15.966408,45.805427],[15.966335,45.805411],[15.966249,45.805345],[15.966098,45.805152],[15.965899,45.804881],[15.965554,45.804391],[15.965349,45.804056],[15.965027,45.803594],[15.964854,45.803371],[15.964787,45.803322],[15.963513,45.803402],[15.963513,45.803402],[15.963124,45.803449],[15.9629,45.803455],[15.962702,45.803417],[15.959664,45.801957],[15.959664,45.801957],[15.957554,45.800965],[15.957303,45.800843],[15.957066,45.800766],[15.956722,45.800645],[15.955672,45.800343],[15.954624,45.800105],[15.954486,45.800086],[15.954478,45.800106],[15.954478,45.800106],[15.954478,45.8001],[15.95437,45.800056],[15.951131,45.799545],[15.950283,45.79939],[15.949534,45.799208],[15.948626,45.798945],[15.947583,45.798583],[15.947028,45.798426],[15.947028,45.798426],[15.94677,45.798365],[15.945652,45.798156],[15.943426,45.797771],[15.942286,45.797669],[15.942276,45.797722],[15.942276,45.797722],[15.942299,45.797661],[15.939716,45.797435],[15.937636,45.79723],[15.937535,45.797205]]}}]}