{"type":"FeatureCollection","features":[{"type":"Feature","properties":{"osmId":"29058347","railway_type":"tram","name":null,"electrified":"contact_line","voltage":"600","frequency":"0","bounds":[15.9822514,45.77742,15.9832259,45.7777591],"tags":{"electrified":"contact_line","frequency":"0","gauge":"1000","oneway":"yes","operator":"Zagrebački električni tramvaj","railway":"tram","service":"siding","voltage":"600"}},"geometry":{"type":"LineString","coordinates":[[15.9832259,45.7776245],[15.9830934,45.7776366],[15.9830223,45.777645],[15.982974,45.7776534],[15.9829271,45.7776637],[15.9828558,45.777685],[15.9827868,45.7777114],[15.9826853,45.7777405],[15.9826171,45.7777534],[15.982565,45.7777582],[15.9825006,45.7777591],[15.9824502,45.7777535],[15.982404,45.7777432],[15.9823567,45.7777223],[15.9823245,45.7777011],[15.9822907,45.777668],[15.9822593,45.7776212],[15.9822514,45.7775976],[15.9822564,45.7775636],[15.9822675,45.7775281],[15.9822915,45.777497],[15.9823165,45.7774725],[15.9823624,45.7774454],[15.9824129,45.7774297],[15.9824615,45.7774218],[15.9825241,45.77742],[15.9825892,45.7774264],[15.9826816,45.7774418],[15.9827617,45.7774629],[15.9828261,45.7774942],[15.9828962,45.7775234],[15.9829405,45.7775449],[15.982982,45.777559],[15.9830236,45.7775721],[15.983098,45.7775875],[15.9832013,45.7775975]]}},{"type":"Feature","properties":{"osmId":"29231697","railway_type":"tram","name":null,"electrified":"contact_line","voltage":"600","frequency":"0","bounds":[15.9518371,45.7819066,15.9523608,45.7847252],"tags":{"bridge":"yes","electrified":"contact_line","frequency":"0","gauge":"1000","layer":"1","oneway":"yes","operator":"Zagrebački električni tramvaj","railway":"tram","voltage":"600"}},"geometry":{"type":"LineString","coordinates":[[15.9523608,45.7819066],[15.9520821,45.7834154],[15.9520549,45.7835613],[15.9520341,45.7836835],[15.9520101,45.7838016],[15.9519758,45.783985],[15.9518856,45.7844721],[15.9518371,45.7847252]]}},{"type":"Feature","properties":{"osmId":"30148083","railway_type":"tram","name":null,"electrified":"contact_line","voltage":"600","frequency":"0","bounds":[15.9774461,45.8191281,15.9804368,45.8366417],"tags":{"electrified":"contact_line","frequency":"0","gauge":"1000","oneway":"yes","operator":"Zagrebački električni tramvaj","railway":"tram","voltage":"600"}},"geometry":{"type":"LineString","coordinates":[[15.9795027,45.8191281],[15.9794603,45.8191961],[15.9794236,45.8192604],[15.9794022,45.8193031],[15.9793888,45.819341],[15.979379,45.8193827],[15.979373,45.8194173],[15.9793695,45.8194486],[15.9793671,45.819509],[15.9793749,45.8195929],[15.9793947,45.8196978],[15.9794486,45.8200423],[15.9795386,45.8205562],[15.9796195,45.8210281],[15.979673,45.8213337],[15.9797221,45.8216201],[15.9797649,45.8218681],[15.9798311,45.8222681],[15.9798459,45.8223516],[15.9798629,45.8224476],[15.979873,45.8225073],[15.9798786,45.822536],[15.9799098,45.8227211],[15.9799244,45.8228002],[15.9799497,45.8228934],[15.9799691,45.822957],[15.9800094,45.8230613],[15.9800779,45.8232203],[15.9801526,45.8233849],[15.980194,45.8234761],[15.980229,45.823559],[15.980262,45.8236414],[15.9802947,45.8237368],[15.9803231,45.8238251],[15.9803611,45.8239616],[15.9803872,45.8240826],[15.9804056,45.8241867],[15.9804161,45.8242732],[15.9804217,45.824335],[15.9804275,45.8243905],[15.9804303,45.8244193],[15.9804368,45.8245343],[15.9804357,45.8246611],[15.9804293,45.8248082],[15.9804178,45.8249239],[15.980401,45.8250437],[15.9803899,45.8251122],[15.9803624,45.8252426],[15.9803308,45.8253638],[15.980238,45.8256551],[15.9801641,45.825901],[15.980104,45.8260968],[15.9800421,45.8262976],[15.97997,45.8265278],[15.9798874,45.8267922],[15.9798463,45.8269264],[15.9797793,45.827131],[15.9796343,45.827576],[15.9795848,45.8277343],[15.9795185,45.8279465],[15.9794916,45.8280412],[15.979478,45.8280878],[15.9794437,45.8281916],[15.9794235,45.828254],[15.9794044,45.8283114],[15.9793671,45.8283921],[15.9793389,45.828448],[15.9793012,45.8285112],[15.9792712,45.8285577],[15.9791998,45.8286516],[15.979094,45.8287856],[15.9789896,45.8289192],[15.9789163,45.8290069],[15.9788255,45.8291138],[15.9787215,45.8292283],[15.9786004,45.8293638],[15.9784595,45.8295234],[15.978374,45.8296207],[15.9783182,45.8296897],[15.9782826,45.8297421],[15.9782405,45.8298057],[15.9781958,45.8298781],[15.9781646,45.8299442],[15.9781265,45.8300272],[15.9780915,45.8301229],[15.9780688,45.8301983],[15.9780505,45.8302751],[15.9780366,45.8303607],[15.9780235,45.8305518],[15.9780202,45.8307329],[15.9780184,45.83091],[15.9780185,45.831134],[15.9780249,45.8314964],[15.9780317,45.8317656],[15.9780337,45.8318454],[15.978034,45.8319048],[15.978044,45.8321576],[15.9780453,45.8325077],[15.9780535,45.8327911],[15.9780597,45.8330416],[15.9780587,45.8332971],[15.9780618,45.833493],[15.9780618,45.8336559],[15.9780524,45.8337944],[15.9780381,45.833924],[15.9780321,45.8339758],[15.9780252,45.8340175],[15.9780034,45.8341268],[15.9779202,45.8345487],[15.9777871,45.8350827],[15.9776589,45.8356798],[15.9776052,45.8359305],[15.9775292,45.8362347],[15.9774734,45.8364955],[15.9774619,45.8365557],[15.9774461,45.8366417]]}},{"type":"Feature","properties":{"osmId":"30148406","railway_type":"tram","name":null,"electrified":"contact_line","voltage":"600","frequency":"0","bounds":[15.9348826,45.812365,15.9569706,45.8150131],"tags":{"electrified":"contact_line","frequency":"0","gauge":"1000","oneway":"yes","operator":"Zagrebački električni tramvaj","railway":"tram","voltage":"600"}},"geometry":{"type":"LineString","coordinates":[[15.9348826,45.8150131],[15.9349097,45.8149908],[15.9349771,45.8149433],[15.9350408,45.8148987],[15.9350687,45.8148826],[15.9351167,45.8148614],[15.935158,45.814848],[15.9352005,45.8148393],[15.9352504,45.8148332],[15.935304,45.8148301],[15.9356411,45.8148198],[15.9357868,45.8148098],[15.9358731,45.8148007],[15.9359646,45.8147892],[15.9361157,45.8147722],[15.9363178,45.814736],[15.9367025,45.8146646],[15.9373345,45.814519],[15.937626,45.8144536],[15.9377145,45.8144314],[15.9386906,45.8142069],[15.9387725,45.8141876],[15.9392886,45.8140673],[15.9396046,45.8139937],[15.9409547,45.8136683],[15.9410925,45.8136353],[15.9416818,45.8134977],[15.9419807,45.813429],[15.9421307,45.8133934],[15.9422597,45.8133672],[15.943122,45.8132089],[15.9439341,45.813053],[15.9440528,45.8130284],[15.9453468,45.8127634],[15.9455286,45.8127146],[15.9456316,45.8126886],[15.9461286,45.8125552],[15.9463675,45.8125],[15.9465925,45.8124589],[15.9469725,45.8124087],[15.9470698,45.8123982],[15.9471695,45.8123906],[15.947327,45.8123798],[15.9475072,45.8123704],[15.9476428,45.812365],[15.9477915,45.8123664],[15.9480348,45.8123697],[15.9484113,45.8123794],[15.9486242,45.8123829],[15.9487791,45.8123847],[15.9498517,45.8123958],[15.9506195,45.8124037],[15.9507082,45.8124031],[15.9516078,45.8124128],[15.951991,45.8124157],[15.9520708,45.8124177],[15.9521889,45.8124202],[15.9522988,45.8124209],[15.9525634,45.8124331],[15.9527504,45.8124458],[15.9529402,45.8124654],[15.9530776,45.8124823],[15.9532164,45.8125021],[15.953489,45.8125491],[15.9537127,45.8125904],[15.9538378,45.8126231],[15.9541445,45.8127017],[15.9543765,45.812761],[15.9547672,45.8128496],[15.9550532,45.8129085],[15.9552207,45.8129421],[15.9556859,45.8130285],[15.9560548,45.8130892],[15.9561786,45.8131035],[15.9563106,45.8131142],[15.9564423,45.8131225],[15.9566025,45.8131278],[15.9568113,45.813131],[15.9569229,45.8131308],[15.9569706,45.8131307]]}},{"type":"Feature","properties":{"osmId":"31396520","railway_type":"tram","name":null,"electrified":"contact_line","voltage":"600","frequency":"0","bounds":[15.991623,45.8060752,15.9933485,45.8104447],"tags":{"electrified":"contact_line","frequency":"0","gauge":"1000","oneway":"yes","operator":"Zagrebački električni tramvaj","railway":"tram","voltage":"600"}},"geometry":{"type":"LineString","coordinates":[[15.9933485,45.8104447],[15.9933312,45.8104244],[15.9932725,45.8103556],[15.9932569,45.8103374],[15.9932479,45.8103269],[15.9931813,45.81025],[15.99307,45.8101238],[15.993002,45.8100451],[15.9928936,45.8099138],[15.9917904,45.8086589],[15.991758,45.8086194],[15.9917313,45.8085794],[15.9916883,45.8085],[15.9916718,45.8084623],[15.9916566,45.8084258],[15.9916455,45.808391],[15.9916382,45.8083636],[15.9916304,45.8083206],[15.9916265,45.8082968],[15.9916245,45.8082751],[15.991623,45.8082235],[15.9916275,45.8081433],[15.991644,45.8079368],[15.9916718,45.8076324],[15.9916808,45.8075456],[15.9916926,45.807485],[15.9917122,45.8074171],[15.9917272,45.8073808],[15.9917543,45.8073246],[15.9917899,45.8072651],[15.9918213,45.8072168],[15.9918707,45.8071555],[15.9919423,45.8070756],[15.9920261,45.8069812],[15.9920796,45.806914],[15.9920945,45.8068937],[15.9921351,45.8068288],[15.9922871,45.8065629],[15.9923328,45.8064755],[15.9923941,45.8063739],[15.9924174,45.8063348],[15.9924983,45.8061915],[15.9925112,45.8061694],[15.9925659,45.8060752]]}},{"type":"Feature","properties":{"osmId":"35028882","railway_type":"tram","name":null,"electrified":"contact_line","voltage":"600","frequency":"0","bounds":[15.9950112,45.8010695,15.9957387,45.8011064],"tags":{"electrified":"contact_line","frequency":"0","gauge":"1000","oneway":"yes","operator":"Zagrebački električni tramvaj","railway":"tram","voltage":"600"}},"geometry":{"type":"LineString","coordinates":[[15.9957387,45.8011064],[15.9955969,45.8010995],[15.9955104,45.8010951],[15.9954584,45.8010924],[15.9954211,45.8010905],[15.9952971,45.8010841],[15.9952874,45.8010837],[15.9951697,45.8010776],[15.9950378,45.8010709],[15.9950112,45.8010695]]}},{"type":"Feature","properties":{"osmId":"35030150","railway_type":"tram","name":null,"electrified":"contact_line","voltage":"600","frequency":"0","bounds":[16.0234736,45.799123,16.0343495,45.8043299],"tags":{"electrified":"contact_line","frequency":"0","gauge":"1000","oneway":"yes","operator":"Zagrebački električni tramvaj","railway":"tram","voltage":"600"}},"geometry":{"type":"LineString","coordinates":[[16.0343495,45.799123],[16.0342085,45.7991957],[16.0310395,45.8008077],[16.0309352,45.8008618],[16.0307577,45.8009537],[16.030594,45.8010366],[16.027427,45.802649],[16.0272199,45.8027552],[16.0270579,45.8028383],[16.0268681,45.8029303],[16.0263894,45.8031718],[16.0257695,45.8034888],[16.0249155,45.8039229],[16.0246029,45.8040653],[16.0243074,45.8041675],[16.0240172,45.8042404],[16.0237111,45.8042979],[16.0234736,45.8043299]]}},{"type":"Feature","properties":{"osmId":"35031316","railway_type":"tram","name":null,"electrified":"contact_line","voltage":"600","frequency":"0","bounds":[15.9953602,45.7869591,16.0042832,45.8012671],"tags":{"electrified":"contact_line","frequency":"0","gauge":"1000","oneway":"yes","operator":"Zagrebački električni tramvaj","railway":"tram","voltage":"600"}},"geometry":{"type":"LineString","coordinates":[[16.0039879,45.7869591],[16.0040453,45.7871094],[16.0041395,45.7873693],[16.0042226,45.7877116],[16.0042518,45.7879034],[16.0042823,45.7881745],[16.0042832,45.7884816],[16.0042555,45.7888246],[16.004252,45.788851],[16.0042267,45.7890266],[16.0041862,45.7892059],[16.0041492,45.7893608],[16.0040936,45.7895375],[16.0039513,45.7898997],[16.0038486,45.7900927],[16.0037468,45.7902731],[16.0035471,45.7905741],[16.003314,45.7908676],[16.0031182,45.7911284],[16.0028478,45.7914676],[16.0027327,45.7916218],[16.0024652,45.7919572],[16.002423,45.7920138],[16.0023831,45.7920732],[16.0023546,45.7921233],[16.0023159,45.7921864],[16.0022606,45.7922657],[16.0021609,45.7923936],[16.0019102,45.7927134],[16.0018174,45.7928235],[16.001744,45.7929145],[16.0013525,45.7934194],[16.0011594,45.793668],[16.0008201,45.7941033],[16.00051,45.7945053],[16.0001705,45.7949437],[15.9998966,45.7952952],[15.9993749,45.7959755],[15.9993211,45.7960294],[15.9992597,45.7960966],[15.9991967,45.7961686],[15.9990271,45.7963862],[15.9988512,45.7966151],[15.9987652,45.7967475],[15.9987035,45.7968465],[15.9960887,45.8002031],[15.9956172,45.800822],[15.9955673,45.8009021],[15.9955231,45.8009858],[15.9955183,45.8009932],[15.9954727,45.8010662],[15.9954584,45.8010924],[15.9954379,45.8011288],[15.9954099,45.8011787],[15.9953602,45.8012671]]}},{"type":"Feature","properties":{"osmId":"35031737","railway_type":"tram","name":null,"electrified":"contact_line","voltage":"600","frequency":"0","bounds":[15.9529431,45.7865472,15.9534337,45.7868359],"tags":{"electrified":"contact_line","frequency":"0","gauge":"1000","oneway":"yes","operator":"Zagrebački električni tramvaj","railway":"tram","voltage":"600"}},"geometry":{"type":"LineString","coordinates":[[15.9529431,45.7868146],[15.9530266,45.7868279],[15.9530759,45.7868329],[15.9531162,45.7868359],[15.953161,45.7868351],[15.9532042,45.7868318],[15.9532388,45.7868263],[15.9532737,45.7868185],[15.9533207,45.7868041],[15.9533436,45.7867921],[15.9533707,45.7867745],[15.9533952,45.7867523],[15.9534148,45.7867293],[15.9534218,45.7867149],[15.9534296,45.7866964],[15.9534337,45.7866739],[15.9534332,45.7866457],[15.9534288,45.7866193],[15.9534186,45.7865886],[15.9533997,45.7865472]]}},{"type":"Feature","properties":{"osmId":"35031739","railway_type":"tram","name":null,"electrified":"contact_line","voltage":"600","frequency":"0","bounds":[15.9524384,45.7848122,15.952913,45.7856386],"tags":{"electrified":"contact_line","frequency":"0","gauge":"1000","oneway":"yes","operator":"Zagrebački električni tramvaj","railway":"tram","voltage":"600"}},"geometry":{"type":"LineString","coordinates":[[15.9524835,45.7851005],[15.9524557,45.7850457],[15.9524444,45.7850183],[15.9524385,45.7849896],[15.9524384,45.7849617],[15.9524434,45.7849377],[15.9524556,45.7849103],[15.952476,45.7848849],[15.9524853,45.7848763],[15.9525006,45.7848648],[15.9525266,45.7848471],[15.9525473,45.7848358],[15.9525733,45.784827],[15.9526038,45.7848189],[15.9526497,45.7848122],[15.9526866,45.7848122],[15.9527238,45.7848162],[15.9527588,45.7848242],[15.9527921,45.7848357],[15.9528376,45.7848622],[15.9528609,45.7848808],[15.9528777,45.7849005],[15.9528933,45.7849268],[15.9529013,45.7849581],[15.9529011,45.7849877],[15.9528962,45.785022],[15.9528881,45.7850451],[15.9528757,45.785084],[15.9528206,45.78526],[15.9527948,45.7853496],[15.9527922,45.7853721],[15.9527928,45.7853962],[15.9527957,45.7854245],[15.9528037,45.7854566],[15.9528181,45.7854913],[15.9528345,45.7855235],[15.9528544,45.7855558],[15.952913,45.7856386]]}},{"type":"Feature","properties":{"osmId":"35032095","railway_type":"tram","name":null,"electrified":"contact_line","voltage":"600","frequency":"0","bounds":[15.9523983,45.7866982,15.9529431,45.7868146],"tags":{"electrified":"contact_line","frequency":"0","gauge":"1000","oneway":"yes","operator":"Zagrebački električni tramvaj","railway":"tram","voltage":"600"}},"geometry":{"type":"LineString","coordinates":[[15.9523983,45.7866982],[15.9529431,45.7868146]]}},{"type":"Feature","properties":{"osmId":"35034502","railway_type":"tram","name":null,"electrified":"contact_line","voltage":"600","frequency":"0","bounds":[16.0013191,45.7781042,16.0019569,45.7784827],"tags":{"electrified":"contact_line","frequency":"0","gauge":"1000","oneway":"yes","operator":"Zagrebački električni tramvaj","railway":"tram","voltage":"600"}},"geometry":{"type":"LineString","coordinates":[[16.0019569,45.7784827],[16.001911,45.7783823],[16.0018582,45.7783065],[16.0017848,45.7782435],[16.0017327,45.7782099],[16.0016913,45.7781875],[16.0016425,45.7781632],[16.0015936,45.7781427],[16.0015373,45.7781276],[16.0014847,45.7781151],[16.0014473,45.7781098],[16.0013828,45.7781055],[16.0013191,45.7781042]]}},{"type":"Feature","properties":{"osmId":"35034825","railway_type":"tram","name":null,"electrified":"contact_line","voltage":"600","frequency":"0","bounds":[16.0013753,45.7779472,16.0018384,45.7780718],"tags":{"electrified":"contact_line","frequency":"0","gauge":"1000","oneway":"yes","operator":"Zagrebački električni tramvaj","railway":"tram","voltage":"600"}},"geometry":{"type":"LineString","coordinates":[[16.0013753,45.7780718],[16.0014492,45.7780689],[16.0015337,45.7780661],[16.001579,45.7780606],[16.001609,45.7780542],[16.0016437,45.7780447],[16.0016915,45.7780248],[16.0018384,45.7779472]]}},{"type":"Feature","properties":{"osmId":"35925362","railway_type":"tram","name":null,"electrified":"contact_line","voltage":"600","frequency":"0","bounds":[16.0017108,45.7778083,16.002603,45.7784184],"tags":{"electrified":"contact_line","frequency":"0","gauge":"1000","oneway":"yes","operator":"Zagrebački električni tramvaj","railway":"tram","voltage":"600"}},"geometry":{"type":"LineString","coordinates":[[16.0017848,45.7782435],[16.0017419,45.7781992],[16.0017306,45.7781828],[16.0017219,45.7781658],[16.0017134,45.778139],[16.0017108,45.7781114],[16.0017135,45.7780874],[16.0017179,45.7780666],[16.0017323,45.778039],[16.0017578,45.7780043],[16.0017892,45.7779791],[16.0018384,45.7779472],[16.0018758,45.7779304],[16.0020369,45.7778474],[16.0020711,45.7778321],[16.0021044,45.7778209],[16.0021579,45.777811],[16.0022158,45.7778083],[16.0022606,45.7778111],[16.0023042,45.7778197],[16.0023647,45.7778391],[16.002402,45.7778608],[16.002441,45.7778928],[16.0025459,45.7779982],[16.0025745,45.7780312],[16.002589,45.7780524],[16.0025981,45.7780765],[16.0026028,45.7780946],[16.002603,45.7781183],[16.0025985,45.7781451],[16.0025949,45.7781617],[16.002586,45.7781818],[16.0025761,45.7781981],[16.0025518,45.7782223],[16.0025298,45.7782416],[16.0025112,45.778257],[16.0024753,45.7782787],[16.002429,45.7783028],[16.0022693,45.7783871],[16.002238,45.7784001],[16.002187,45.7784142],[16.0021522,45.7784179],[16.0021146,45.7784184],[16.0020572,45.7784114],[16.0020145,45.7784047],[16.0019728,45.77839],[16.0019503,45.7783781],[16.001926,45.7783611],[16.0019042,45.7783439],[16.0018582,45.7783065]]}},{"type":"Feature","properties":{"osmId":"49883008","railway_type":"tram","name":null,"electrified":"contact_line","voltage":"600","frequency":"0","bounds":[15.9747458,45.8416147,15.9751622,45.8425132],"tags":{"electrified":"contact_line","frequency":"0","gauge":"1000","oneway":"yes","operator":"Zagrebački električni tramvaj","railway":"tram","voltage":"600"}},"geometry":{"type":"LineString","coordinates":[[15.974804,45.8416147],[15.9747664,45.8416844],[15.9747524,45.8417255],[15.9747461,45.8417622],[15.9747458,45.8418096],[15.9747505,45.8418545],[15.9747625,45.8418961],[15.9747841,45.8419434],[15.9747982,45.8419689],[15.9748718,45.8420841],[15.9749345,45.8421733],[15.9751622,45.8425132]]}},{"type":"Feature","properties":{"osmId":"50675988","railway_type":"tram","name":null,"electrified":"contact_line","voltage":"600","frequency":"0","bounds":[16.0377094,45.8241863,16.0384984,45.8244933],"tags":{"electrified":"contact_line","frequency":"0","gauge":"1000","oneway":"yes","operator":"Zagrebački električni tramvaj","railway":"tram","voltage":"600"}},"geometry":{"type":"LineString","coordinates":[[16.0377094,45.8242625],[16.0377762,45.8242666],[16.0378179,45.8242662],[16.0378633,45.824264],[16.0379019,45.8242591],[16.0379363,45.8242525],[16.0379956,45.8242387],[16.0380146,45.8242343],[16.0380538,45.8242249],[16.0381673,45.8241976],[16.038198,45.8241914],[16.0382255,45.8241876],[16.0382448,45.8241863],[16.0382759,45.8241863],[16.0383066,45.8241886],[16.0383377,45.8241945],[16.0383689,45.8242034],[16.0383976,45.8242163],[16.0384285,45.8242333],[16.0384525,45.8242532],[16.0384706,45.8242708],[16.0384885,45.8242978],[16.0384955,45.8243173],[16.0384984,45.8243372],[16.0384983,45.8243581],[16.0384958,45.8243732],[16.038489,45.8243996],[16.0384679,45.8244342],[16.0384535,45.8244515],[16.0384364,45.8244665],[16.0384127,45.8244849],[16.0383997,45.8244933]]}},{"type":"Feature","properties":{"osmId":"85580125","railway_type":"tram","name":null,"electrified":"contact_line","voltage":"600","frequency":"0","bounds":[15.9863654,45.8096062,15.9864124,45.8102002],"tags":{"electrified":"contact_line","frequency":"0","gauge":"1000","oneway":"yes","operator":"Zagrebački električni tramvaj","railway":"tram","voltage":"600"}},"geometry":{"type":"LineString","coordinates":[[15.9863654,45.8102002],[15.986369,45.8101323],[15.9863843,45.8099516],[15.9863899,45.8098833],[15.9864017,45.8097182],[15.9864124,45.8096062]]}},{"type":"Feature","properties":{"osmId":"105071743","railway_type":"tram","name":null,"electrified":"contact_line","voltage":"600","frequency":"0","bounds":[16.0376194,45.8244933,16.0383997,45.8246281],"tags":{"electrified":"contact_line","frequency":"0","gauge":"1000","oneway":"yes","operator":"Zagrebački električni tramvaj","railway":"tram","voltage":"600"}},"geometry":{"type":"LineString","coordinates":[[16.0383997,45.8244933],[16.038339,45.8245373],[16.0382998,45.8245618],[16.0382594,45.8245846],[16.0382319,45.8245985],[16.0381976,45.8246115],[16.038167,45.8246196],[16.0381262,45.8246266],[16.0380761,45.8246281],[16.0380252,45.8246246],[16.0379684,45.8246161],[16.0376194,45.8245404]]}},{"type":"Feature","properties":{"osmId":"110370817","railway_type":"tram","name":null,"electrified":"contact_line","voltage":"600","frequency":"0","bounds":[16.0361857,45.8189072,16.0382708,45.8236907],"tags":{"electrified":"contact_line","frequency":"0","gauge":"1000","oneway":"yes","operator":"Zagrebački električni tramvaj","railway":"tram","railway:operator":"Zagrebački električni tramvaj","service":"yard","voltage":"600"}},"geometry":{"type":"LineString","coordinates":[[16.0382708,45.818955],[16.0380211,45.8189112],[16.0380078,45.8189096],[16.0379654,45.8189072],[16.0379238,45.8189091],[16.03788,45.8189164],[16.0378413,45.8189286],[16.0377951,45.8189513],[16.0377533,45.8189817],[16.0377249,45.819014],[16.0377022,45.8190548],[16.0376787,45.8191036],[16.0376647,45.8191506],[16.037145,45.8207367],[16.0370437,45.8210459],[16.0370233,45.821109],[16.0365889,45.8224555],[16.0362463,45.8235035],[16.0361857,45.8236907]]}},{"type":"Feature","properties":{"osmId":"120445187","railway_type":"tram","name":null,"electrified":"contact_line","voltage":"600","frequency":"0","bounds":[16.0121482,45.8026023,16.0127896,45.8029722],"tags":{"electrified":"contact_line","frequency":"0","gauge":"1000","oneway":"yes","operator":"Zagrebački električni tramvaj","railway":"tram","voltage":"600"}},"geometry":{"type":"LineString","coordinates":[[16.0126426,45.8026608],[16.0127231,45.8026987],[16.0127465,45.8027179],[16.0127623,45.802735],[16.0127753,45.8027553],[16.0127818,45.802773],[16.0127881,45.8028008],[16.0127896,45.8028169],[16.012789,45.8028321],[16.0127832,45.8028552],[16.0127732,45.8028748],[16.0127578,45.8028949],[16.0127369,45.8029144],[16.0127107,45.8029339],[16.0126796,45.8029494],[16.012642,45.802962],[16.0126069,45.8029694],[16.0125587,45.8029722],[16.0125263,45.8029706],[16.012495,45.8029648],[16.0124609,45.8029557],[16.0124216,45.8029393],[16.0123887,45.8029185],[16.01236,45.8028922],[16.0123411,45.8028648],[16.0123274,45.8028319],[16.0122982,45.8027187],[16.0122856,45.8027027],[16.012273,45.8026814],[16.012254,45.8026576],[16.0122344,45.8026408],[16.0122036,45.802625],[16.0121482,45.8026023]]}},{"type":"Feature","properties":{"osmId":"120596060","railway_type":"tram","name":null,"electrified":"contact_line","voltage":"600","frequency":"0","bounds":[15.9174233,45.789019,15.9199152,45.7899954],"tags":{"electrified":"contact_line","frequency":"0","gauge":"1000","oneway":"yes","operator":"Zagrebački električni tramvaj","railway":"tram","voltage":"600"}},"geometry":{"type":"LineString","coordinates":[[15.9199152,45.7899406],[15.9198083,45.7899736],[15.9197551,45.7899842],[15.9197134,45.7899898],[15.9196554,45.7899924],[15.9196022,45.7899934],[15.9195283,45.7899954],[15.9193241,45.7899892],[15.9191611,45.7899854],[15.9190562,45.7899812],[15.9189951,45.7899736],[15.9189437,45.7899625],[15.9188291,45.7899299],[15.9184178,45.7897984],[15.9178843,45.7896229],[15.9176978,45.7895614],[15.9176337,45.7895319],[15.9176002,45.7895116],[15.9175508,45.7894715],[15.917485,45.7893983],[15.9174437,45.7893441],[15.917427,45.7892994],[15.9174233,45.7892598],[15.917427,45.7892329],[15.9174392,45.7891984],[15.917459,45.7891624],[15.9174925,45.7891282],[15.9175449,45.7890893],[15.9176213,45.7890558],[15.9177168,45.789019]]}},{"type":"Feature","properties":{"osmId":"129432364","railway_type":"tram","name":null,"electrified":"contact_line","voltage":"600","frequency":"0","bounds":[15.9334721,45.8150587,15.9344174,45.8153841],"tags":{"electrified":"contact_line","frequency":"0","gauge":"1000","oneway":"yes","operator":"Zagrebački električni tramvaj","railway":"tram","voltage":"600"}},"geometry":{"type":"LineString","coordinates":[[15.9338385,45.8153841],[15.9337577,45.8153784],[15.9336885,45.815371],[15.933626,45.8153605],[15.9335795,45.8153447],[15.9335373,45.8153237],[15.9335063,45.8152967],[15.9334801,45.8152581],[15.9334721,45.8152252],[15.9334762,45.8151931],[15.9334891,45.8151602],[15.9335097,45.8151269],[15.9335458,45.8150974],[15.9335889,45.8150768],[15.9336487,45.8150611],[15.9337137,45.8150587],[15.9338042,45.8150655],[15.9340969,45.8150902],[15.9344174,45.8151128]]}},{"type":"Feature","properties":{"osmId":"129729114","railway_type":"tram","name":null,"electrified":"contact_line","voltage":"600","frequency":"0","bounds":[15.9570277,45.8053418,15.9666271,45.8091628],"tags":{"electrified":"contact_line","frequency":"0","gauge":"1000","oneway":"yes","operator":"Zagrebački električni tramvaj","railway":"tram","voltage":"600"}},"geometry":{"type":"LineString","coordinates":[[15.9570277,45.8091628],[15.9570662,45.8091144],[15.9570835,45.8090992],[15.9571077,45.8090811],[15.9571422,45.8090601],[15.9571772,45.8090454],[15.9572038,45.8090366],[15.9572309,45.8090275],[15.9572709,45.8090211],[15.9573623,45.8090174],[15.957445,45.8090123],[15.9575044,45.8090078],[15.9576134,45.8090027],[15.9577262,45.8090001],[15.9578889,45.8089871],[15.9580041,45.8089794],[15.9581001,45.8089685],[15.9582422,45.8089496],[15.9586585,45.808876],[15.9590616,45.8087861],[15.9595301,45.8086535],[15.9597423,45.8085795],[15.9600015,45.8084893],[15.9601936,45.8084215],[15.9604089,45.8083367],[15.961191,45.8080174],[15.9612977,45.8079694],[15.961397,45.8079208],[15.9614831,45.8078742],[15.9615875,45.8078125],[15.9617229,45.8077311],[15.9617836,45.8076945],[15.9618331,45.8076609],[15.9618805,45.8076283],[15.9640702,45.8060365],[15.9644327,45.8057873],[15.9648944,45.8054729],[15.9649979,45.8053983],[15.9650536,45.8053652],[15.9651037,45.8053521],[15.9651452,45.8053442],[15.9651841,45.8053418],[15.9652268,45.8053419],[15.9653103,45.8053424],[15.9654112,45.8053469],[15.9655069,45.8053523],[15.965546,45.8053533],[15.9660793,45.8053685],[15.9662391,45.8053732],[15.9662974,45.8053737],[15.9663052,45.8053732],[15.9663637,45.8053757],[15.9665087,45.8053809],[15.9666271,45.8053851]]}},{"type":"Feature","properties":{"osmId":"136620850","railway_type":"tram","name":null,"electrified":"contact_line","voltage":"600","frequency":"0","bounds":[15.9732182,45.8555625,15.9732279,45.8559613],"tags":{"bridge":"yes","electrified":"contact_line","frequency":"0","gauge":"1000","layer":"1","oneway":"yes","operator":"Zagrebački električni tramvaj","railway":"tram","voltage":"600"}},"geometry":{"type":"LineString","coordinates":[[15.9732279,45.8555625],[15.9732182,45.8559613]]}},{"type":"Feature","properties":{"osmId":"136621193","railway_type":"tram","name":null,"electrified":"contact_line","voltage":"600","frequency":"0","bounds":[15.9743087,45.8505134,15.9743569,45.8505864],"tags":{"bridge":"yes","electrified":"contact_line","frequency":"0","gauge":"1000","layer":"1","oneway":"yes","operator":"Zagrebački električni tramvaj","railway":"tram","voltage":"600"}},"geometry":{"type":"LineString","coordinates":[[15.9743569,45.8505134],[15.9743087,45.8505864]]}},{"type":"Feature","properties":{"osmId":"136621194","railway_type":"tram","name":null,"electrified":"contact_line","voltage":"600","frequency":"0","bounds":[15.9732279,45.8505864,15.9743087,45.8555625],"tags":{"electrified":"contact_line","frequency":"0","gauge":"1000","oneway":"yes","operator":"Zagrebački električni tramvaj","railway":"tram","voltage":"600"}},"geometry":{"type":"LineString","coordinates":[[15.9743087,45.8505864],[15.9741443,45.8508418],[15.9739054,45.851196],[15.973804,45.8513524],[15.9737152,45.8514848],[15.973625,45.8516232],[15.9735673,45.8517437],[15.9735059,45.8518763],[15.9734493,45.8520258],[15.9734185,45.8521258],[15.9733995,45.8521819],[15.9733733,45.8522838],[15.9733485,45.8524263],[15.9733347,45.8525742],[15.9733261,45.8527563],[15.9733149,45.8530086],[15.9733083,45.853214],[15.9733001,45.8533965],[15.9732919,45.8536083],[15.9732823,45.8539058],[15.9732812,45.8539638],[15.9732799,45.8540336],[15.973267,45.8545474],[15.973267,45.8547237],[15.9732658,45.8548699],[15.9732633,45.8550178],[15.9732547,45.8551553],[15.973249,45.8552968],[15.9732279,45.8555625]]}},{"type":"Feature","properties":{"osmId":"138139318","railway_type":"tram","name":null,"electrified":"contact_line","voltage":"600","frequency":"0","bounds":[15.9732012,45.8559613,15.98157,45.8606053],"tags":{"electrified":"contact_line","frequency":"0","gauge":"1000","oneway":"yes","operator":"Zagrebački električni tramvaj","railway":"tram","voltage":"600"}},"geometry":{"type":"LineString","coordinates":[[15.9732182,45.8559613],[15.9732057,45.8562676],[15.9732012,45.8565238],[15.973204,45.8566211],[15.9732076,45.8566987],[15.9732193,45.8567858],[15.9732311,45.856886],[15.9732538,45.856992],[15.9732716,45.8570652],[15.9732914,45.8571436],[15.9733127,45.8572245],[15.9733459,45.8573063],[15.9733835,45.8573849],[15.9734265,45.8574739],[15.9734943,45.8575998],[15.9735361,45.8576672],[15.9735806,45.857731],[15.9736282,45.8578],[15.9736823,45.857871],[15.9737514,45.8579551],[15.9738209,45.85803],[15.9739144,45.8581281],[15.973979,45.8581887],[15.9740427,45.8582431],[15.9741128,45.8582994],[15.9741982,45.8583748],[15.9742408,45.858406],[15.9742864,45.8584394],[15.9743702,45.8584962],[15.9744386,45.858543],[15.9745276,45.8585995],[15.9746271,45.8586581],[15.9747233,45.8587117],[15.9748341,45.858766],[15.9749347,45.8588152],[15.9750346,45.8588615],[15.975152,45.8589085],[15.9752574,45.8589487],[15.9753568,45.8589836],[15.9754623,45.8590171],[15.9755752,45.8590501],[15.9756823,45.8590784],[15.9756954,45.8590819],[15.9758295,45.859117],[15.9759502,45.8591446],[15.976115,45.8591817],[15.9763369,45.8592228],[15.9769367,45.8593301],[15.9782959,45.8595778],[15.9785538,45.8596234],[15.9790511,45.8597127],[15.9794678,45.8597875],[15.9797758,45.8598461],[15.9800247,45.85989],[15.9802495,45.8599364],[15.9803948,45.8599743],[15.9804844,45.8599977],[15.9806191,45.8600439],[15.9807563,45.8600945],[15.9808812,45.8601447],[15.9809699,45.8601894],[15.9810423,45.8602303],[15.9811175,45.8602721],[15.9812099,45.8603235],[15.9813042,45.8603872],[15.9813344,45.8604095],[15.9814103,45.8604617],[15.9814907,45.860534],[15.98157,45.8606053]]}},{"type":"Feature","properties":{"osmId":"138259166","railway_type":"tram","name":null,"electrified":null,"voltage":null,"frequency":null,"bounds":[15.9371346,45.7951253,15.9375144,45.7954279],"tags":{"gauge":"1000","operator":"Zagrebački električni tramvaj","railway":"tram","service":"yard"}},"geometry":{"type":"LineString","coordinates":[[15.9375144,45.7951269],[15.9374674,45.7951253],[15.9374227,45.7951268],[15.9373855,45.7951294],[15.9373394,45.795139],[15.9373014,45.7951509],[15.9372684,45.7951663],[15.9372393,45.795183],[15.9372123,45.7952033],[15.9371815,45.7952383],[15.9371711,45.7952543],[15.9371616,45.7952725],[15.9371546,45.795296],[15.937145,45.7953436],[15.9371346,45.7954279]]}},{"type":"Feature","properties":{"osmId":"138259167","railway_type":"tram","name":null,"electrified":null,"voltage":null,"frequency":null,"bounds":[15.9371477,45.7964043,15.937403,45.7966019],"tags":{"gauge":"1000","oneway":"yes","operator":"Zagrebački električni tramvaj","railway":"tram","service":"yard"}},"geometry":{"type":"LineString","coordinates":[[15.937403,45.7966019],[15.9373399,45.7965915],[15.9373048,45.7965834],[15.9372674,45.7965686],[15.9372315,45.7965494],[15.937206,45.7965304],[15.937182,45.7965064],[15.9371688,45.7964863],[15.9371594,45.7964639],[15.9371514,45.7964377],[15.9371477,45.7964043]]}},{"type":"Feature","properties":{"osmId":"138259170","railway_type":"tram","name":null,"electrified":"contact_line","voltage":"600","frequency":"0","bounds":[15.9370841,45.7963848,15.9371486,45.7967665],"tags":{"electrified":"contact_line","frequency":"0","gauge":"1000","oneway":"yes","operator":"Zagrebački električni tramvaj","railway":"tram","service":"yard","voltage":"600"}},"geometry":{"type":"LineString","coordinates":[[15.9370841,45.7967665],[15.9370949,45.7967177],[15.9371196,45.7965892],[15.937127,45.7965595],[15.9371341,45.7965305],[15.9371398,45.7964989],[15.9371477,45.7964043],[15.9371486,45.7963848]]}},{"type":"Feature","properties":{"osmId":"138259172","railway_type":"tram","name":null,"electrified":null,"voltage":null,"frequency":null,"bounds":[15.937145,45.7949119,15.9375337,45.7953436],"tags":{"gauge":"1000","operator":"Zagrebački električni tramvaj","railway":"tram","service":"yard"}},"geometry":{"type":"LineString","coordinates":[[15.9375337,45.7949131],[15.9374352,45.7949119],[15.937392,45.7949147],[15.9373462,45.7949229],[15.9373038,45.7949373],[15.9372682,45.7949568],[15.9372316,45.7949827],[15.9372081,45.7950067],[15.9371904,45.7950322],[15.937179,45.7950648],[15.9371721,45.7950964],[15.9371594,45.7952178],[15.937145,45.7953436]]}},{"type":"Feature","properties":{"osmId":"138259173","railway_type":"tram","name":null,"electrified":null,"voltage":null,"frequency":null,"bounds":[15.9371657,45.795221,15.9395434,45.7957207],"tags":{"gauge":"1000","oneway":"yes","operator":"Zagrebački električni tramvaj","railway":"tram","service":"yard"}},"geometry":{"type":"LineString","coordinates":[[15.9371657,45.7953511],[15.9371948,45.7953201],[15.937228,45.7952899],[15.9372571,45.7952693],[15.937289,45.7952506],[15.9373298,45.7952354],[15.9373727,45.7952263],[15.9374327,45.795221],[15.9374971,45.7952211],[15.9379029,45.7952382],[15.9379896,45.7952481],[15.9380575,45.7952579],[15.9381552,45.7952744],[15.9382096,45.7952824],[15.9382645,45.7952866],[15.9391917,45.7953277],[15.9392528,45.7953325],[15.9393042,45.7953407],[15.9393511,45.7953551],[15.9393973,45.7953774],[15.9394364,45.7953997],[15.9394722,45.7954302],[15.9394991,45.7954614],[15.9395211,45.7954977],[15.9395302,45.7955325],[15.939539,45.7956572],[15.9395434,45.7957207]]}},{"type":"Feature","properties":{"osmId":"138259174","railway_type":"tram","name":null,"electrified":"contact_line","voltage":"600","frequency":"0","bounds":[15.9378403,45.7954272,15.9394835,45.7973182],"tags":{"electrified":"contact_line","frequency":"0","gauge":"1000","oneway":"yes","operator":"Zagrebački električni tramvaj","railway":"tram","service":"yard","voltage":"600"}},"geometry":{"type":"LineString","coordinates":[[15.9378403,45.7954421],[15.9379147,45.7954403],[15.9379697,45.7954375],[15.938053,45.7954295],[15.938105,45.7954275],[15.938164,45.7954272],[15.939213,45.795475],[15.9392553,45.7954796],[15.9393138,45.7954898],[15.939356,45.7955033],[15.9393909,45.7955185],[15.9394215,45.7955377],[15.9394435,45.7955581],[15.9394628,45.7955817],[15.9394783,45.7956075],[15.9394831,45.7956349],[15.9394835,45.7956714],[15.9394352,45.7959062],[15.9394264,45.7959518],[15.9393176,45.7965283],[15.9392493,45.7968918],[15.939221,45.7970225],[15.9392041,45.79712],[15.9392018,45.7971414],[15.9392014,45.7971591],[15.9392039,45.7971808],[15.9392078,45.7971958],[15.9392142,45.7972116],[15.9392233,45.7972334],[15.939236,45.7972532],[15.9392633,45.7972724],[15.9392807,45.7972844],[15.9393049,45.7972959],[15.9393298,45.7973034],[15.9394039,45.7973182]]}},{"type":"Feature","properties":{"osmId":"138259175","railway_type":"tram","name":null,"electrified":null,"voltage":null,"frequency":null,"bounds":[15.9370219,45.7963445,15.9392691,45.7967459],"tags":{"gauge":"1000","operator":"Zagrebački električni tramvaj","railway":"tram","service":"yard"}},"geometry":{"type":"LineString","coordinates":[[15.9392691,45.7965945],[15.9392585,45.7966255],[15.9392455,45.7966469],[15.9392289,45.7966671],[15.9392104,45.7966849],[15.9391901,45.7967003],[15.9391638,45.7967165],[15.9391331,45.7967292],[15.9391004,45.7967388],[15.9390636,45.7967446],[15.9390208,45.7967459],[15.9389756,45.7967432],[15.938477,45.7966973],[15.9375778,45.7966149],[15.9375234,45.7966107],[15.937403,45.7966019],[15.9373051,45.7965932],[15.9372611,45.796585],[15.937226,45.7965754],[15.9371859,45.7965598],[15.9371561,45.796543],[15.9371341,45.7965305],[15.9371113,45.7965131],[15.9370903,45.7964947],[15.9370699,45.7964728],[15.937052,45.7964508],[15.9370354,45.7964233],[15.9370266,45.7964008],[15.9370224,45.7963756],[15.9370219,45.7963445]]}},{"type":"Feature","properties":{"osmId":"138259177","railway_type":"tram","name":null,"electrified":null,"voltage":null,"frequency":null,"bounds":[15.9372307,45.7954333,15.9376581,45.7957235],"tags":{"gauge":"1000","operator":"Zagrebački električni tramvaj","railway":"tram","service":"yard"}},"geometry":{"type":"LineString","coordinates":[[15.9372307,45.7957235],[15.9372379,45.7956576],[15.9372478,45.7956231],[15.9372676,45.7955846],[15.9372908,45.7955456],[15.9373232,45.7955158],[15.9373605,45.7954897],[15.9374011,45.7954685],[15.9374505,45.7954511],[15.9375103,45.7954391],[15.9375733,45.7954333],[15.9376581,45.7954334]]}},{"type":"Feature","properties":{"osmId":"138259395","railway_type":"tram","name":null,"electrified":null,"voltage":null,"frequency":null,"bounds":[15.9368238,45.7954191,15.9374556,45.7964503],"tags":{"gauge":"1000","operator":"Zagrebački električni tramvaj","railway":"tram","service":"yard"}},"geometry":{"type":"LineString","coordinates":[[15.9374556,45.7954233],[15.937346,45.7954194],[15.9372991,45.7954191],[15.9372626,45.795422],[15.9372234,45.7954308],[15.9371827,45.7954416],[15.9371307,45.7954645],[15.9370958,45.7954868],[15.9370634,45.7955087],[15.9370349,45.7955315],[15.9369777,45.7955848],[15.936937,45.7956313],[15.9369216,45.7956567],[15.9369114,45.7956827],[15.936906,45.7957108],[15.9368907,45.7958591],[15.9368238,45.7964503]]}},{"type":"Feature","properties":{"osmId":"138259400","railway_type":"tram","name":null,"electrified":null,"voltage":null,"frequency":null,"bounds":[15.9369326,45.7962766,15.938477,45.7966976],"tags":{"gauge":"1000","oneway":"yes","operator":"Zagrebački električni tramvaj","railway":"tram","service":"yard"}},"geometry":{"type":"LineString","coordinates":[[15.938477,45.7966973],[15.9383865,45.7966946],[15.9383293,45.7966956],[15.938271,45.7966976],[15.9382167,45.7966976],[15.938149,45.7966932],[15.9376739,45.7966499],[15.9373264,45.7966172],[15.9372197,45.796608],[15.9371849,45.7966031],[15.93715,45.7965971],[15.9371196,45.7965892],[15.9370972,45.7965814],[15.9370731,45.796571],[15.9370461,45.7965585],[15.9370167,45.7965391],[15.9369928,45.7965187],[15.9369751,45.7965009],[15.9369571,45.796475],[15.9369435,45.7964472],[15.9369348,45.79642],[15.9369326,45.7963888],[15.9369417,45.7962766]]}},{"type":"Feature","properties":{"osmId":"138259402","railway_type":"tram","name":null,"electrified":null,"voltage":null,"frequency":null,"bounds":[15.9367774,45.7942343,15.9369961,45.7964485],"tags":{"gauge":"1000","operator":"Zagrebački električni tramvaj","railway":"tram","service":"yard"}},"geometry":{"type":"LineString","coordinates":[[15.9369961,45.7942343],[15.9368624,45.7956278],[15.9368502,45.7957747],[15.9367774,45.7964485]]}},{"type":"Feature","properties":{"osmId":"138259823","railway_type":"tram","name":null,"electrified":"contact_line","voltage":"600","frequency":"0","bounds":[16.0370795,45.8209079,16.0378131,45.8210564],"tags":{"electrified":"contact_line","frequency":"0","gauge":"1000","operator":"Zagrebački električni tramvaj","railway":"tram","railway:operator":"Zagrebački električni tramvaj","service":"yard","voltage":"600"}},"geometry":{"type":"LineString","coordinates":[[16.0370795,45.8210564],[16.0371546,45.8209853],[16.0371795,45.8209652],[16.0372107,45.8209467],[16.037263,45.8209242],[16.0372907,45.8209172],[16.037325,45.8209117],[16.0373671,45.8209079],[16.0374148,45.8209091],[16.0374638,45.8209155],[16.0378131,45.8209772]]}},{"type":"Feature","properties":{"osmId":"138259825","railway_type":"tram","name":null,"electrified":null,"voltage":null,"frequency":null,"bounds":[16.0383481,45.8193858,16.0388591,45.819792],"tags":{"gauge":"1000","operator":"Zagrebački električni tramvaj","railway":"tram","railway:operator":"Zagrebački električni tramvaj","service":"yard"}},"geometry":{"type":"LineString","coordinates":[[16.0388591,45.8193858],[16.0388462,45.8194133],[16.0388294,45.8194387],[16.0388133,45.8194587],[16.0387872,45.8194816],[16.0387604,45.8195013],[16.0386982,45.819537],[16.0386026,45.8195907],[16.0385089,45.8196424],[16.0384536,45.8196726],[16.038423,45.8196926],[16.0383971,45.8197133],[16.0383799,45.8197336],[16.0383645,45.8197576],[16.0383481,45.819792]]}},{"type":"Feature","properties":{"osmId":"138259826","railway_type":"tram","name":null,"electrified":null,"voltage":null,"frequency":null,"bounds":[16.0377316,45.8191019,16.0386214,45.8209755],"tags":{"gauge":"1000","operator":"Zagrebački električni tramvaj","railway":"tram","railway:operator":"Zagrebački električni tramvaj","service":"yard"}},"geometry":{"type":"LineString","coordinates":[[16.0386214,45.8191065],[16.0385555,45.8191019],[16.0384989,45.8191031],[16.0384505,45.8191095],[16.0384025,45.8191237],[16.0383591,45.8191426],[16.0383189,45.8191674],[16.0382884,45.8191943],[16.0382616,45.8192243],[16.038245,45.8192561],[16.0382307,45.8192956],[16.0382292,45.8193326],[16.0382371,45.8193763],[16.0382594,45.8194199],[16.0383245,45.8194975],[16.038349,45.8195283],[16.0383674,45.8195594],[16.0383807,45.8195882],[16.0383875,45.819623],[16.0383864,45.8196553],[16.0383798,45.819693],[16.0383481,45.819792],[16.0381548,45.8203816],[16.0381322,45.8204217],[16.0381105,45.8204508],[16.0380865,45.820472],[16.0380531,45.8204951],[16.0380122,45.8205153],[16.0379661,45.8205352],[16.0379159,45.8205551],[16.0378747,45.8205733],[16.0378344,45.8205946],[16.0378032,45.8206186],[16.0377767,45.820646],[16.037754,45.8206788],[16.0377415,45.8207074],[16.0377339,45.8207367],[16.0377316,45.8207683],[16.0377357,45.8207934],[16.0377447,45.8208238],[16.0377582,45.8208492],[16.0377761,45.8208722],[16.0377948,45.8208933],[16.0378157,45.8209114],[16.037838,45.820926],[16.0378615,45.8209388],[16.0378884,45.8209516],[16.037921,45.8209635],[16.0379699,45.8209755]]}},{"type":"Feature","properties":{"osmId":"138259827","railway_type":"tram","name":null,"electrified":null,"voltage":null,"frequency":null,"bounds":[16.0387266,45.8192061,16.0397561,45.8212289],"tags":{"gauge":"1000","operator":"Zagrebački električni tramvaj","railway":"tram","railway:operator":"Zagrebački električni tramvaj","service":"yard"}},"geometry":{"type":"LineString","coordinates":[[16.0397561,45.8192101],[16.03969,45.8192061],[16.039638,45.8192066],[16.0395835,45.8192111],[16.0395293,45.8192201],[16.0394755,45.8192333],[16.0394315,45.8192507],[16.0393878,45.8192759],[16.0393538,45.8193041],[16.039327,45.8193352],[16.0393074,45.8193697],[16.039293,45.8194075],[16.0388251,45.8208386],[16.0388081,45.8208744],[16.0387854,45.8209056],[16.0387586,45.820939],[16.0387404,45.8209648],[16.0387289,45.8209984],[16.0387266,45.8210254],[16.0387276,45.8210599],[16.0387312,45.8210731],[16.0387404,45.8210962],[16.0387502,45.8211144],[16.0387722,45.821141],[16.0387987,45.821167],[16.0388307,45.8211889],[16.0388598,45.8212038],[16.0388921,45.8212155],[16.0389446,45.8212289]]}},{"type":"Feature","properties":{"osmId":"138274463","railway_type":"tram","name":null,"electrified":"contact_line","voltage":"600","frequency":"0","bounds":[15.8916856,45.7931807,15.8927241,45.7942648],"tags":{"electrified":"contact_line","frequency":"0","gauge":"1000","oneway":"yes","operator":"Zagrebački električni tramvaj","railway":"tram","voltage":"600"}},"geometry":{"type":"LineString","coordinates":[[15.8927241,45.7942648],[15.8924816,45.7942174],[15.8923751,45.7941944],[15.8923299,45.794183],[15.892281,45.794167],[15.8922559,45.7941555],[15.8922308,45.7941423],[15.8922037,45.7941245],[15.8921789,45.7941027],[15.8921428,45.7940625],[15.892028,45.7939009],[15.8917981,45.7935802],[15.8917253,45.793476],[15.8917031,45.7934409],[15.8916929,45.7934178],[15.8916862,45.7933899],[15.8916856,45.7933583],[15.8916901,45.7933286],[15.8917059,45.7932927],[15.8917312,45.7932598],[15.891758,45.7932359],[15.8917984,45.7932136],[15.891854,45.7931927],[15.8919012,45.7931841],[15.8919489,45.7931807],[15.8920068,45.7931845],[15.8920621,45.7931951],[15.8921158,45.7932136],[15.8921596,45.7932354],[15.8922106,45.7932715],[15.8922466,45.7933102],[15.8922767,45.7933541],[15.8922897,45.7933876],[15.8922952,45.7934328],[15.8922905,45.7934738],[15.8922837,45.7935073],[15.8922276,45.7936653],[15.8921656,45.7938558],[15.8921581,45.7938883],[15.8921576,45.793919],[15.8921634,45.7939522],[15.8921817,45.7940001]]}},{"type":"Feature","properties":{"osmId":"141137067","railway_type":"tram","name":null,"electrified":"contact_line","voltage":"600","frequency":"0","bounds":[15.9516896,45.7856321,15.9523983,45.7866982],"tags":{"electrified":"contact_line","frequency":"0","gauge":"1000","oneway":"yes","operator":"Zagrebački električni tramvaj","railway":"tram","voltage":"600"}},"geometry":{"type":"LineString","coordinates":[[15.9517006,45.7856321],[15.9516986,45.7856784],[15.9516935,45.7857967],[15.9516896,45.7858508],[15.9516903,45.7859632],[15.951693,45.786029],[15.9516989,45.7861339],[15.9517098,45.7861998],[15.9517237,45.7862602],[15.9517383,45.7863],[15.951765,45.7863604],[15.9517848,45.7863916],[15.951809,45.7864271],[15.9518344,45.7864557],[15.9518639,45.7864859],[15.9518994,45.7865108],[15.9519333,45.786533],[15.9519789,45.7865586],[15.952024,45.7865807],[15.952066,45.7865993],[15.9521248,45.7866208],[15.9522203,45.7866513],[15.9522962,45.7866713],[15.9523983,45.7866982]]}},{"type":"Feature","properties":{"osmId":"141202632","railway_type":"tram","name":null,"electrified":"contact_line","voltage":"600","frequency":"0","bounds":[16.0365043,45.8241365,16.0366396,45.8241859],"tags":{"electrified":"contact_line","frequency":"0","gauge":"1000","oneway":"yes","operator":"Zagrebački električni tramvaj","railway":"tram","voltage":"600"}},"geometry":{"type":"LineString","coordinates":[[16.0366396,45.8241859],[16.0366189,45.8241763],[16.0365945,45.8241661],[16.03655,45.8241504],[16.0365043,45.8241365]]}},{"type":"Feature","properties":{"osmId":"141202636","railway_type":"tram","name":null,"electrified":"contact_line","voltage":"600","frequency":"0","bounds":[16.0366396,45.8241859,16.0371847,45.8243792],"tags":{"electrified":"contact_line","frequency":"0","gauge":"1000","oneway":"yes","operator":"Zagrebački električni tramvaj","railway":"tram","voltage":"600"}},"geometry":{"type":"LineString","coordinates":[[16.0371847,45.8243792],[16.0370775,45.8243534],[16.0370106,45.8243367],[16.0369517,45.8243161],[16.036871,45.8242831],[16.0366396,45.8241859]]}},{"type":"Feature","properties":{"osmId":"141202637","railway_type":"tram","name":null,"electrified":"contact_line","voltage":"600","frequency":"0","bounds":[16.0366396,45.8241859,16.0371654,45.8244427],"tags":{"electrified":"contact_line","frequency":"0","gauge":"1000","oneway":"yes","operator":"Zagrebački električni tramvaj","railway":"tram","voltage":"600"}},"geometry":{"type":"LineString","coordinates":[[16.0371654,45.8244427],[16.0370133,45.8244087],[16.0369676,45.8243925],[16.0369369,45.8243792],[16.036905,45.8243603],[16.0368869,45.8243484],[16.0367601,45.8242524],[16.0367279,45.8242324],[16.0366957,45.8242153],[16.0366396,45.8241859]]}},{"type":"Feature","properties":{"osmId":"142195308","railway_type":"tram","name":null,"electrified":"contact_line","voltage":"600","frequency":"0","bounds":[15.9880488,45.810011,15.993079,45.8103323],"tags":{"electrified":"contact_line","frequency":"0","gauge":"1000","oneway":"yes","operator":"Zagrebački električni tramvaj","railway":"tram","tracks":"2","voltage":"600"}},"geometry":{"type":"LineString","coordinates":[[15.993079,45.8103323],[15.9930424,45.8103281],[15.992493,45.8102646],[15.9923134,45.8102457],[15.9914378,45.8101657],[15.9912541,45.8101509],[15.9898414,45.8100664],[15.9897227,45.8100611],[15.9895697,45.8100562],[15.988366,45.8100121],[15.9882945,45.810011],[15.9882612,45.8100121],[15.9882085,45.8100183],[15.9881759,45.8100288],[15.9881548,45.8100386],[15.9881188,45.8100597],[15.9881014,45.8100731],[15.9880823,45.8100913],[15.9880645,45.8101183],[15.9880488,45.8101705]]}},{"type":"Feature","properties":{"osmId":"142435788","railway_type":"tram","name":null,"electrified":"contact_line","voltage":"600","frequency":"0","bounds":[16.0019796,45.7834442,16.0034047,45.785902],"tags":{"bridge":"yes","electrified":"contact_line","frequency":"0","gauge":"1000","layer":"1","oneway":"yes","operator":"Zagrebački električni tramvaj","railway":"tram","voltage":"600"}},"geometry":{"type":"LineString","coordinates":[[16.0019796,45.7834442],[16.0024303,45.7842187],[16.0029557,45.785115],[16.0034047,45.785902]]}},{"type":"Feature","properties":{"osmId":"143275561","railway_type":"tram","name":null,"electrified":"contact_line","voltage":"600","frequency":"0","bounds":[15.9529431,45.7868146,15.9541417,45.7874491],"tags":{"electrified":"contact_line","frequency":"0","gauge":"1000","oneway":"yes","operator":"Zagrebački električni tramvaj","railway":"tram","voltage":"600"}},"geometry":{"type":"LineString","coordinates":[[15.9529431,45.7868146],[15.9531972,45.7868731],[15.9532641,45.7868905],[15.9533173,45.7869064],[15.9533569,45.7869201],[15.9534701,45.7869605],[15.9535398,45.78699],[15.9536151,45.7870261],[15.9536879,45.7870677],[15.9537654,45.787116],[15.9538161,45.7871505],[15.9539458,45.7872522],[15.9540335,45.7873363],[15.9540931,45.7873963],[15.9541417,45.7874491]]}},{"type":"Feature","properties":{"osmId":"143460515","railway_type":"tram","name":null,"electrified":"contact_line","voltage":"600","frequency":"0","bounds":[15.9653899,45.8049403,15.9660899,45.8053975],"tags":{"electrified":"contact_line","frequency":"0","gauge":"1000","oneway":"yes","operator":"Zagrebački električni tramvaj","railway":"tram","voltage":"600"}},"geometry":{"type":"LineString","coordinates":[[15.9660732,45.8049403],[15.9660899,45.8049925],[15.9660897,45.8050127],[15.9660875,45.8050291],[15.9660833,45.8050467],[15.9660699,45.805075],[15.9660541,45.8050975],[15.9659885,45.8051451],[15.9658344,45.8052197],[15.9657369,45.8052662],[15.9656699,45.8052958],[15.965546,45.8053533],[15.9654925,45.8053768],[15.9654647,45.8053868],[15.9654401,45.8053925],[15.9653899,45.8053975]]}},{"type":"Feature","properties":{"osmId":"143785540","railway_type":"tram","name":null,"electrified":"contact_line","voltage":"600","frequency":"0","bounds":[15.9931039,45.8103094,16.0182622,45.8154456],"tags":{"electrified":"contact_line","frequency":"0","gauge":"1000","oneway":"yes","operator":"Zagrebački električni tramvaj","railway":"tram","voltage":"600"}},"geometry":{"type":"LineString","coordinates":[[15.9931039,45.8103094],[15.9931623,45.8103163],[15.9931856,45.8103192],[15.9932479,45.8103269],[15.993292,45.8103319],[15.9933848,45.8103431],[15.9935461,45.8103625],[15.9939173,45.8104101],[15.9942737,45.8104592],[15.9947951,45.810537],[15.9951322,45.8105878],[15.995435,45.8106408],[15.9957668,45.8107026],[15.9959775,45.8107418],[15.9963833,45.8108185],[15.9967458,45.8108907],[15.9970307,45.810948],[15.9974794,45.8110455],[15.9975147,45.8110523],[15.9975983,45.8110712],[15.997719,45.8110971],[15.9981939,45.8112089],[15.9986535,45.8113227],[15.9988267,45.811366],[15.9989408,45.811394],[15.9992662,45.8114856],[15.999592,45.8115783],[16.000091,45.8117129],[16.0002528,45.8117582],[16.0003652,45.8117901],[16.0004543,45.8118151],[16.0006099,45.811859],[16.0010681,45.8119916],[16.0012329,45.8120423],[16.0016898,45.8121862],[16.0021966,45.8123543],[16.0022517,45.8123729],[16.0023036,45.8123904],[16.0023631,45.8124104],[16.0028346,45.8125778],[16.0034332,45.8127973],[16.0044261,45.8131754],[16.0045686,45.813233],[16.0046371,45.8132592],[16.0047182,45.8132922],[16.0050006,45.8134037],[16.0055525,45.8136225],[16.0059173,45.8137708],[16.0063101,45.8139372],[16.006343,45.8139508],[16.0064272,45.8139857],[16.0064781,45.8140068],[16.0065017,45.8140166],[16.0065403,45.8140325],[16.0070794,45.8142707],[16.0074539,45.8144402],[16.0077874,45.814595],[16.0079978,45.8146969],[16.0081041,45.8147463],[16.0082118,45.814796],[16.0083482,45.8148605],[16.0084126,45.8148884],[16.0085948,45.8149695],[16.0087899,45.815051],[16.0089225,45.8151009],[16.0090352,45.8151394],[16.0091447,45.8151731],[16.009316,45.8152236],[16.0094683,45.8152617],[16.009629,45.8152962],[16.0098107,45.8153315],[16.0099596,45.8153584],[16.0101229,45.8153795],[16.0102928,45.8153979],[16.0104637,45.8154123],[16.0106446,45.815425],[16.0107749,45.8154292],[16.0112501,45.8154397],[16.011589,45.8154456],[16.0119781,45.8154409],[16.0124586,45.8154238],[16.0127759,45.8154019],[16.0128347,45.8153977],[16.0129185,45.8153899],[16.0129709,45.8153854],[16.0130061,45.8153823],[16.0131528,45.8153677],[16.0132872,45.8153516],[16.0133475,45.8153454],[16.0135704,45.8153168],[16.0138373,45.8152783],[16.0139731,45.8152593],[16.0141563,45.8152305],[16.0145493,45.8151565],[16.014937,45.815074],[16.0151826,45.8150179],[16.0154458,45.81495],[16.0157171,45.8148768],[16.0159344,45.8148128],[16.0162625,45.8147089],[16.0165432,45.8146099],[16.0167978,45.814516],[16.0172142,45.8143577],[16.0172497,45.8143484],[16.0172991,45.8143421],[16.0173408,45.8143426],[16.0173836,45.8143457],[16.0174453,45.8143537],[16.0175944,45.8143811],[16.0177103,45.8144015],[16.0177708,45.8144113],[16.0178239,45.8144171],[16.017866,45.8144155],[16.0179191,45.8144076],[16.0179856,45.8143849],[16.0182622,45.8142629]]}},{"type":"Feature","properties":{"osmId":"143873438","railway_type":"tram","name":null,"electrified":"contact_line","voltage":"600","frequency":"0","bounds":[15.9370984,45.7969377,15.937331,45.7971267],"tags":{"electrified":"contact_line","frequency":"0","gauge":"1000","oneway":"yes","operator":"Zagrebački električni tramvaj","railway":"tram","service":"yard","voltage":"600"}},"geometry":{"type":"LineString","coordinates":[[15.9371003,45.7969377],[15.9370984,45.7969539],[15.9371003,45.7969765],[15.9371056,45.7969971],[15.9371133,45.7970148],[15.9371248,45.7970348],[15.9371396,45.7970534],[15.9371536,45.7970646],[15.9371723,45.7970784],[15.937196,45.7970924],[15.9372252,45.797105],[15.9372645,45.7971161],[15.937291,45.7971212],[15.937331,45.7971267]]}},{"type":"Feature","properties":{"osmId":"143873439","railway_type":"tram","name":null,"electrified":"contact_line","voltage":"600","frequency":"0","bounds":[15.9370465,45.7969333,15.9374522,45.797176],"tags":{"electrified":"contact_line","frequency":"0","gauge":"1000","oneway":"yes","operator":"Zagrebački električni tramvaj","railway":"tram","service":"yard","voltage":"600"}},"geometry":{"type":"LineString","coordinates":[[15.9374522,45.797176],[15.9372823,45.7971597],[15.9372299,45.797154],[15.9371881,45.7971458],[15.9371502,45.7971335],[15.9371403,45.7971271],[15.9371095,45.7971076],[15.9370932,45.7970941],[15.9370795,45.7970804],[15.9370681,45.7970659],[15.937056,45.7970471],[15.9370492,45.797029],[15.9370465,45.7970051],[15.9370466,45.7969808],[15.9370484,45.7969563],[15.9370513,45.7969333]]}},{"type":"Feature","properties":{"osmId":"143873444","railway_type":"tram","name":null,"electrified":"contact_line","voltage":"600","frequency":"0","bounds":[15.9371527,45.7971755,15.9376823,45.7972881],"tags":{"electrified":"contact_line","frequency":"0","gauge":"1000","oneway":"yes","operator":"Zagrebački električni tramvaj","railway":"tram","voltage":"600"}},"geometry":{"type":"LineString","coordinates":[[15.9376823,45.7971969],[15.937491,45.7971799],[15.9374522,45.797176],[15.9374055,45.7971755],[15.9373736,45.7971765],[15.9373351,45.7971797],[15.9373042,45.7971873],[15.9372797,45.7971963],[15.9372537,45.7972093],[15.93723,45.7972257],[15.9371527,45.7972881]]}},{"type":"Feature","properties":{"osmId":"143873445","railway_type":"tram","name":null,"electrified":"contact_line","voltage":"600","frequency":"0","bounds":[15.936655,45.797095,15.9383679,45.7974152],"tags":{"access":"no","electrified":"contact_line","frequency":"0","gauge":"1000","oneway":"yes","operator":"Zagrebački električni tramvaj","psv":"yes","railway":"tram","railway:operator":"Zagrebački električni tramvaj","voltage":"600"}},"geometry":{"type":"LineString","coordinates":[[15.9376799,45.7972431],[15.9374825,45.7972246],[15.9374062,45.797218],[15.9373598,45.7972163],[15.9373226,45.7972167],[15.9372872,45.7972217],[15.9372554,45.7972314],[15.9372267,45.7972432],[15.937195,45.7972608],[15.9371527,45.7972881],[15.9370972,45.7973322],[15.9370641,45.7973585],[15.9370353,45.7973772],[15.9370052,45.7973917],[15.93698,45.797401],[15.9369534,45.7974084],[15.9369256,45.7974127],[15.9368893,45.7974152],[15.9368588,45.7974143],[15.9368331,45.7974115],[15.936803,45.7974053],[15.9367774,45.7973961],[15.9367579,45.7973871],[15.9367344,45.7973742],[15.9367141,45.797359],[15.93669,45.7973362],[15.9366672,45.7973064],[15.93666,45.7972864],[15.9366555,45.7972685],[15.936655,45.7972504],[15.9366575,45.7972256],[15.9366636,45.7972079],[15.9366763,45.797187],[15.9366936,45.7971647],[15.936716,45.7971431],[15.9367274,45.7971363],[15.9367358,45.7971314],[15.9367534,45.797123],[15.9367647,45.7971176],[15.9367912,45.7971073],[15.9368333,45.7970977],[15.9368912,45.797095],[15.936958,45.7970975],[15.9370473,45.7971033],[15.9371095,45.7971076],[15.9371766,45.7971135],[15.937331,45.7971267],[15.9374983,45.797142],[15.9383679,45.7972214]]}},{"type":"Feature","properties":{"osmId":"144534368","railway_type":"tram","name":null,"electrified":"contact_line","voltage":"600","frequency":"0","bounds":[15.9743569,45.8425132,15.9764688,45.8505134],"tags":{"electrified":"contact_line","frequency":"0","gauge":"1000","oneway":"yes","operator":"Zagrebački električni tramvaj","railway":"tram","voltage":"600"}},"geometry":{"type":"LineString","coordinates":[[15.9751622,45.8425132],[15.9752273,45.8426091],[15.9752524,45.8426462],[15.9754191,45.842875],[15.9754475,45.8429177],[15.9755436,45.8430646],[15.9756067,45.8431484],[15.9756976,45.8432913],[15.9758137,45.8434658],[15.9758562,45.8435348],[15.9759576,45.8437074],[15.9760362,45.8438301],[15.9760957,45.8439387],[15.9761465,45.8440465],[15.9761971,45.8441589],[15.9762399,45.8443028],[15.9762729,45.8444146],[15.9763077,45.8445384],[15.9763407,45.8446927],[15.9763718,45.8449539],[15.9763939,45.8451537],[15.9764079,45.8453815],[15.9764224,45.8455409],[15.976439,45.8458128],[15.9764454,45.8459334],[15.9764491,45.8459724],[15.9764569,45.8460534],[15.9764626,45.8461963],[15.9764668,45.8463],[15.9764688,45.846406],[15.9764687,45.8464992],[15.9764603,45.8465937],[15.976453,45.8466801],[15.9764421,45.8467785],[15.9764195,45.8468893],[15.9763941,45.8469833],[15.9763685,45.8470985],[15.976327,45.847233],[15.9763086,45.8472834],[15.976286,45.8473508],[15.9762457,45.8474421],[15.9761512,45.847643],[15.9760015,45.8479273],[15.9758374,45.8482237],[15.9757621,45.8483562],[15.9756818,45.8484849],[15.9753645,45.8489893],[15.9751441,45.8493204],[15.9751179,45.8493568],[15.9749606,45.8495898],[15.9747234,45.8499629],[15.9746236,45.8501107],[15.9743569,45.8505134]]}},{"type":"Feature","properties":{"osmId":"144535183","railway_type":"tram","name":null,"electrified":"contact_line","voltage":"600","frequency":"0","bounds":[15.9774073,45.8283813,15.979334,45.8366416],"tags":{"electrified":"contact_line","frequency":"0","gauge":"1000","oneway":"yes","operator":"Zagrebački električni tramvaj","railway":"tram","voltage":"600"}},"geometry":{"type":"LineString","coordinates":[[15.9774073,45.8366416],[15.9774223,45.8365608],[15.977441,45.8364914],[15.9774985,45.8362319],[15.9775723,45.8359265],[15.9776233,45.835677],[15.9777562,45.8350802],[15.9778879,45.8345402],[15.9779664,45.8341243],[15.9779831,45.834014],[15.9779917,45.8339751],[15.9779988,45.8339215],[15.9780109,45.8337923],[15.9780185,45.8336581],[15.9780216,45.8334923],[15.9780154,45.8332957],[15.9780154,45.8330409],[15.9780144,45.8327911],[15.9780051,45.8325084],[15.9780077,45.8321572],[15.977997,45.8319642],[15.9779933,45.8318447],[15.9779954,45.8317678],[15.9779886,45.8313644],[15.9779794,45.8311347],[15.9779789,45.8309085],[15.9779803,45.8307906],[15.9779832,45.8305573],[15.9779867,45.8304729],[15.9779947,45.8303663],[15.9780115,45.8302734],[15.9780295,45.8301937],[15.9780524,45.8301174],[15.978083,45.8300324],[15.9781048,45.8299819],[15.9781402,45.8299078],[15.978179,45.8298345],[15.9782162,45.8297743],[15.9782693,45.8297002],[15.9783302,45.8296154],[15.9784234,45.8295113],[15.978557,45.8293608],[15.9786969,45.8292039],[15.9787927,45.8290968],[15.9788791,45.8289934],[15.9789518,45.8289039],[15.9791527,45.8286515],[15.9792549,45.8285193],[15.9792961,45.8284543],[15.979334,45.8283813]]}},{"type":"Feature","properties":{"osmId":"146809736","railway_type":"tram","name":null,"electrified":"contact_line","voltage":"600","frequency":"0","bounds":[15.9997268,45.7780664,16.0003234,45.7781336],"tags":{"disused:railway":"tram","electrified":"contact_line","frequency":"0","gauge":"1000","oneway":"yes","operator":"Zagrebački električni tramvaj","railway":"tram","voltage":"600"}},"geometry":{"type":"LineString","coordinates":[[16.0003234,45.7781336],[16.0001477,45.7781277],[16.0000999,45.7781248],[16.0000567,45.7781192],[15.999987,45.7781053],[15.9998797,45.7780802],[15.9998032,45.7780718],[15.9997268,45.7780664]]}},{"type":"Feature","properties":{"osmId":"149419932","railway_type":"tram","name":null,"electrified":"yes","voltage":"600","frequency":null,"bounds":[15.9966442,45.8143194,15.9970101,45.8144498],"tags":{"electrified":"yes","oneway":"yes","operator":"Zagrebački električni tramvaj","railway":"tram","voltage":"600"}},"geometry":{"type":"LineString","coordinates":[[15.9966442,45.8144498],[15.9966757,45.8144083],[15.9967043,45.8143808],[15.9967315,45.8143607],[15.9967652,45.8143435],[15.996794,45.8143316],[15.9968315,45.8143228],[15.9968487,45.8143214],[15.9968808,45.8143197],[15.9969089,45.8143194],[15.9969625,45.8143263],[15.9970101,45.8143383]]}},{"type":"Feature","properties":{"osmId":"157089570","railway_type":"tram","name":null,"electrified":"contact_line","voltage":"600","frequency":"0","bounds":[15.9832454,45.810467,15.9866975,45.8121869],"tags":{"electrified":"contact_line","frequency":"0","gauge":"1000","oneway":"yes","operator":"Zagrebački električni tramvaj","railway":"tram","voltage":"600"}},"geometry":{"type":"LineString","coordinates":[[15.9866975,45.8104723],[15.9866663,45.8104712],[15.9865521,45.8104676],[15.9865129,45.810467],[15.9864765,45.8104694],[15.9864451,45.8104748],[15.9864115,45.8104873],[15.9863823,45.8105001],[15.9863381,45.8105258],[15.9856413,45.8109478],[15.9855367,45.8110112],[15.9853699,45.8111126],[15.9846962,45.8115219],[15.9842719,45.8117797],[15.9842485,45.8117938],[15.9841968,45.8118245],[15.9838101,45.8120611],[15.983732,45.8121049],[15.9836767,45.8121301],[15.9836216,45.8121499],[15.9835918,45.812159],[15.9835708,45.8121632],[15.9835413,45.8121679],[15.9835106,45.8121721],[15.9834497,45.8121773],[15.9834189,45.81218],[15.9833989,45.8121811],[15.983319,45.8121838],[15.9832454,45.8121869]]}},{"type":"Feature","properties":{"osmId":"157089571","railway_type":"tram","name":null,"electrified":"contact_line","voltage":"600","frequency":"0","bounds":[15.9863654,45.8102002,15.9866975,45.8104723],"tags":{"electrified":"contact_line","frequency":"0","gauge":"1000","oneway":"yes","operator":"Zagrebački električni tramvaj","railway":"tram","voltage":"600"}},"geometry":{"type":"LineString","coordinates":[[15.9866975,45.8104723],[15.9866665,45.8104667],[15.9866136,45.8104566],[15.9865716,45.8104449],[15.9865161,45.8104218],[15.9864958,45.8104121],[15.9864716,45.810397],[15.9864509,45.8103805],[15.9864298,45.8103607],[15.9864142,45.81034],[15.9863981,45.8103078],[15.9863833,45.8102702],[15.9863654,45.8102002]]}},{"type":"Feature","properties":{"osmId":"157407586","railway_type":"tram","name":null,"electrified":"contact_line","voltage":"600","frequency":"0","bounds":[15.9530681,45.7866397,15.9536154,45.7869201],"tags":{"electrified":"contact_line","frequency":"0","gauge":"1000","oneway":"yes","operator":"Zagrebački električni tramvaj","railway":"tram","voltage":"600"}},"geometry":{"type":"LineString","coordinates":[[15.9535934,45.7866397],[15.9536074,45.7866721],[15.9536124,45.786694],[15.9536145,45.7867134],[15.9536154,45.7867342],[15.9536147,45.7867493],[15.9536101,45.7867612],[15.953608,45.7867749],[15.9536001,45.7867932],[15.9535855,45.7868152],[15.9535593,45.7868463],[15.9535377,45.7868648],[15.953519,45.7868766],[15.9535004,45.7868876],[15.9534794,45.7868974],[15.9534583,45.7869046],[15.9534341,45.7869112],[15.9534098,45.7869156],[15.9533851,45.7869186],[15.9533569,45.7869201],[15.9532973,45.786919],[15.9532497,45.786914],[15.9532142,45.7869097],[15.9531695,45.7869028],[15.9530681,45.7868827]]}},{"type":"Feature","properties":{"osmId":"157933669","railway_type":"tram","name":null,"electrified":"contact_line","voltage":"600","frequency":"0","bounds":[15.9528249,45.7781188,15.9528963,45.7791602],"tags":{"electrified":"contact_line","frequency":"0","gauge":"1000","oneway":"yes","railway":"tram","service":"siding","voltage":"600"}},"geometry":{"type":"LineString","coordinates":[[15.9528329,45.7781188],[15.952839,45.7781723],[15.9528501,45.7782145],[15.9528775,45.7782826],[15.9528863,45.7783143],[15.9528928,45.7783469],[15.9528946,45.7783794],[15.9528963,45.7784719],[15.9528945,45.7786952],[15.9528932,45.7788047],[15.9528911,45.7788961],[15.9528905,45.7789302],[15.9528834,45.7789587],[15.9528749,45.7789913],[15.9528423,45.7790671],[15.9528318,45.7791015],[15.9528249,45.7791602]]}},{"type":"Feature","properties":{"osmId":"157957603","railway_type":"tram","name":null,"electrified":"contact_line","voltage":"600","frequency":"0","bounds":[15.9880488,45.8098009,15.988077,45.8101705],"tags":{"electrified":"contact_line","frequency":"0","gauge":"1000","oneway":"yes","operator":"Zagrebački električni tramvaj","railway":"tram","voltage":"600"}},"geometry":{"type":"LineString","coordinates":[[15.988077,45.8098009],[15.9880732,45.8098581],[15.9880641,45.8099904],[15.9880568,45.8100867],[15.9880488,45.8101705]]}},{"type":"Feature","properties":{"osmId":"158411522","railway_type":"tram","name":null,"electrified":"contact_line","voltage":"600","frequency":"0","bounds":[15.952913,45.7856386,15.9533862,45.7862655],"tags":{"electrified":"contact_line","frequency":"0","gauge":"1000","oneway":"yes","operator":"Zagrebački električni tramvaj","railway":"tram","voltage":"600"}},"geometry":{"type":"LineString","coordinates":[[15.952913,45.7856386],[15.9529315,45.7856577],[15.9529511,45.7856761],[15.9529851,45.7857047],[15.9530103,45.7857276],[15.9530293,45.7857479],[15.9530421,45.7857638],[15.95322,45.7860169],[15.9533862,45.7862655]]}},{"type":"Feature","properties":{"osmId":"158617362","railway_type":"tram","name":null,"electrified":"contact_line","voltage":"600","frequency":"0","bounds":[16.0182622,45.8140981,16.0186344,45.8142629],"tags":{"electrified":"contact_line","frequency":"0","gauge":"1000","oneway":"yes","operator":"Zagrebački električni tramvaj","railway":"tram","voltage":"600"}},"geometry":{"type":"LineString","coordinates":[[16.0182622,45.8142629],[16.018299,45.8142463],[16.0185329,45.8141411],[16.0186344,45.8140981]]}},{"type":"Feature","properties":{"osmId":"159589022","railway_type":"tram","name":null,"electrified":"contact_line","voltage":"600","frequency":"0","bounds":[15.993337,45.8103838,15.9972361,45.8144201],"tags":{"electrified":"contact_line","frequency":"0","gauge":"1000","oneway":"yes","operator":"Zagrebački električni tramvaj","railway":"tram","voltage":"600"}},"geometry":{"type":"LineString","coordinates":[[15.993337,45.8103838],[15.9933776,45.8104308],[15.9934482,45.8105123],[15.9935179,45.8105929],[15.9937205,45.8108261],[15.995165,45.812499],[15.995266,45.812616],[15.9953672,45.8127306],[15.9959204,45.813382],[15.9961745,45.8136755],[15.9963208,45.813835],[15.996467,45.8140034],[15.9965585,45.8141011],[15.9965979,45.8141395],[15.9966357,45.8141693],[15.9966839,45.8142091],[15.9967562,45.8142504],[15.9968247,45.8142745],[15.9970101,45.8143383],[15.9972361,45.8144201]]}},{"type":"Feature","properties":{"osmId":"159589026","railway_type":"tram","name":null,"electrified":"contact_line","voltage":"600","frequency":"0","bounds":[15.8927241,45.7899406,15.9199152,45.794701],"tags":{"electrified":"contact_line","frequency":"0","gauge":"1000","oneway":"yes","operator":"Zagrebački električni tramvaj","railway":"tram","voltage":"600"}},"geometry":{"type":"LineString","coordinates":[[15.9199152,45.7899406],[15.9192594,45.7902441],[15.9187534,45.7904753],[15.9179962,45.7908175],[15.9177176,45.7909311],[15.9173429,45.7910705],[15.9168997,45.7912149],[15.9164812,45.7913358],[15.9160335,45.7914404],[15.9158092,45.7914883],[15.9155265,45.7915433],[15.9152137,45.7915937],[15.914668,45.7916712],[15.9140967,45.7917289],[15.9138244,45.791755],[15.9135261,45.791779],[15.9129978,45.7918319],[15.9063668,45.7925017],[15.9061256,45.7925231],[15.9058772,45.7925448],[15.905606,45.7925713],[15.9050194,45.7926232],[15.9042689,45.7926939],[15.9035378,45.792768],[15.902946,45.7928857],[15.9022918,45.7930742],[15.9019245,45.7931933],[15.9017766,45.7932486],[15.9001947,45.7937746],[15.8994453,45.7940492],[15.8992257,45.7941252],[15.8990845,45.7941737],[15.8989337,45.7942277],[15.8987564,45.7942869],[15.898488,45.7943645],[15.8983296,45.7944065],[15.8981588,45.7944479],[15.8979929,45.7944846],[15.8978215,45.7945213],[15.8974867,45.7945781],[15.8973148,45.7946041],[15.8971499,45.7946262],[15.897,45.7946434],[15.8968573,45.7946581],[15.896714,45.7946705],[15.896564,45.7946816],[15.8964086,45.7946894],[15.8962753,45.7946952],[15.8961359,45.7946991],[15.8959859,45.7947008],[15.8958083,45.794701],[15.8956472,45.7946979],[15.895479,45.7946918],[15.8953249,45.7946838],[15.8952193,45.7946782],[15.8951111,45.7946703],[15.8949014,45.7946523],[15.8946901,45.7946275],[15.8945827,45.7946139],[15.8944804,45.7945992],[15.8943686,45.7945828],[15.894252,45.7945638],[15.8941384,45.7945446],[15.8940259,45.7945234],[15.8937956,45.7944801],[15.8935774,45.7944363],[15.8927241,45.7942648]]}},{"type":"Feature","properties":{"osmId":"159758805","railway_type":"tram","name":null,"electrified":"contact_line","voltage":"600","frequency":"0","bounds":[15.9334099,45.8149865,15.9344087,45.8153884],"tags":{"electrified":"contact_line","frequency":"0","gauge":"1000","oneway":"yes","operator":"Zagrebački električni tramvaj","railway":"tram","voltage":"600"}},"geometry":{"type":"LineString","coordinates":[[15.9338385,45.8153841],[15.9337602,45.8153872],[15.933689,45.8153884],[15.9336361,45.8153836],[15.9335895,45.8153747],[15.9335459,45.8153604],[15.9335054,45.8153389],[15.9334636,45.8153082],[15.9334404,45.8152825],[15.9334209,45.8152492],[15.9334115,45.8152204],[15.9334099,45.8151862],[15.9334156,45.8151516],[15.9334223,45.8151243],[15.9334354,45.815097],[15.9334591,45.8150698],[15.9334891,45.8150447],[15.9335263,45.8150235],[15.9335658,45.815006],[15.9335999,45.8149955],[15.9336438,45.8149885],[15.9337002,45.8149865],[15.9337541,45.8149876],[15.9340761,45.8150142],[15.9344087,45.8150384]]}},{"type":"Feature","properties":{"osmId":"159758806","railway_type":"tram","name":null,"electrified":"contact_line","voltage":"600","frequency":"0","bounds":[15.9344087,45.8150131,15.9348826,45.8150613],"tags":{"electrified":"contact_line","frequency":"0","gauge":"1000","oneway":"yes","operator":"Zagrebački električni tramvaj","railway":"tram","voltage":"600"}},"geometry":{"type":"LineString","coordinates":[[15.9344087,45.8150384],[15.9346247,45.8150594],[15.9346739,45.8150613],[15.9347141,45.8150609],[15.9347552,45.8150555],[15.9347921,45.8150483],[15.9348293,45.8150373],[15.9348826,45.8150131]]}},{"type":"Feature","properties":{"osmId":"159758807","railway_type":"tram","name":null,"electrified":"contact_line","voltage":"600","frequency":"0","bounds":[16.0348342,45.789344,16.0385987,45.7985155],"tags":{"electrified":"contact_line","frequency":"0","gauge":"1000","oneway":"yes","operator":"Zagrebački električni tramvaj","railway":"tram","voltage":"600"}},"geometry":{"type":"LineString","coordinates":[[16.0348342,45.789344],[16.0364867,45.7909486],[16.0365773,45.7910343],[16.036727,45.7911759],[16.036899,45.7913448],[16.0380064,45.7924329],[16.0382366,45.7926583],[16.0383924,45.7928608],[16.0384623,45.7929705],[16.0385188,45.7930839],[16.0385665,45.7932169],[16.0385927,45.7933479],[16.0385987,45.7935476],[16.0385712,45.7937646],[16.0384981,45.7941826],[16.0383254,45.7952515],[16.0381601,45.7960395],[16.0380542,45.796264],[16.0379013,45.7965099],[16.0376966,45.796769],[16.0373961,45.7971114],[16.0373094,45.7972135],[16.0372366,45.7973052],[16.0371028,45.797438],[16.036801,45.7977018],[16.0362801,45.7980986],[16.0362015,45.7981496],[16.0359481,45.7983041],[16.0358106,45.798368],[16.0355371,45.7985155]]}},{"type":"Feature","properties":{"osmId":"159758808","railway_type":"tram","name":null,"electrified":"contact_line","voltage":"600","frequency":"0","bounds":[15.9344174,45.8150131,15.9348826,45.8151276],"tags":{"electrified":"contact_line","frequency":"0","gauge":"1000","oneway":"yes","operator":"Zagrebački električni tramvaj","railway":"tram","voltage":"600"}},"geometry":{"type":"LineString","coordinates":[[15.9344174,45.8151128],[15.9345545,45.8151257],[15.9346047,45.8151276],[15.9346504,45.8151258],[15.9346858,45.81512],[15.9347267,45.8151079],[15.9347657,45.8150898],[15.934811,45.8150625],[15.9348826,45.8150131]]}},{"type":"Feature","properties":{"osmId":"160081678","railway_type":"tram","name":null,"electrified":"contact_line","voltage":"600","frequency":"0","bounds":[15.9383679,45.7972214,15.9645034,45.8033727],"tags":{"electrified":"contact_line","frequency":"0","gauge":"1000","oneway":"yes","operator":"Zagrebački električni tramvaj","railway":"tram","voltage":"600"}},"geometry":{"type":"LineString","coordinates":[[15.9383679,45.7972214],[15.9386274,45.7972462],[15.9387138,45.7972539],[15.9392314,45.7973021],[15.9394039,45.7973182],[15.9396113,45.7973375],[15.9397121,45.7973467],[15.9404969,45.7974201],[15.9414466,45.7975078],[15.9420012,45.79756],[15.942636,45.797616],[15.9431109,45.7976616],[15.9432692,45.7976749],[15.9434316,45.7976951],[15.9440424,45.7978008],[15.9443076,45.7978467],[15.9444068,45.7978639],[15.9445555,45.7978878],[15.9446125,45.7978978],[15.9448317,45.7979357],[15.946814,45.7982834],[15.9469262,45.7983039],[15.9470432,45.7983298],[15.9471748,45.7983662],[15.9476612,45.7985139],[15.9477697,45.7985516],[15.9478822,45.7985908],[15.9482227,45.7987082],[15.9483561,45.7987556],[15.9485151,45.7988141],[15.9486845,45.798872],[15.9489032,45.7989426],[15.9491372,45.7990141],[15.949594,45.7991418],[15.9497337,45.7991808],[15.9498755,45.7992166],[15.9502109,45.7992887],[15.9503248,45.7993119],[15.950545,45.7993589],[15.9509812,45.7994406],[15.9514292,45.79951],[15.9515136,45.7995237],[15.9516823,45.7995492],[15.9526694,45.7997014],[15.9529438,45.7997426],[15.9532026,45.7997799],[15.953343,45.7998001],[15.95366,45.799853],[15.9539065,45.7998946],[15.9541232,45.7999306],[15.9544292,45.799981],[15.9547929,45.8000592],[15.955001,45.800104],[15.9555736,45.8002323],[15.9557052,45.8002661],[15.9558951,45.8003146],[15.956126,45.8003796],[15.9562804,45.8004225],[15.956539,45.8004944],[15.9565495,45.8004978],[15.95696,45.8006325],[15.9573728,45.8007792],[15.9575311,45.8008539],[15.9577019,45.8009294],[15.9577715,45.8009627],[15.958089,45.8011142],[15.9586781,45.801395],[15.9587418,45.8014252],[15.9592455,45.8016638],[15.9594004,45.8017382],[15.9594778,45.8017739],[15.9596016,45.8018321],[15.9599389,45.8019954],[15.9622636,45.8031066],[15.9624331,45.8031867],[15.9625756,45.803254],[15.9625963,45.8032642],[15.9626252,45.8032784],[15.9626754,45.8033031],[15.9627163,45.8033224],[15.9627412,45.8033332],[15.9627722,45.8033444],[15.9627986,45.8033527],[15.9628219,45.8033588],[15.9628504,45.8033646],[15.9628786,45.8033687],[15.9629124,45.8033716],[15.9629354,45.8033727],[15.9630361,45.8033704],[15.963283,45.8033511],[15.9633795,45.8033434],[15.9640811,45.8032876],[15.9643654,45.8032655],[15.9645034,45.8032526]]}},{"type":"Feature","properties":{"osmId":"161250313","railway_type":"tram","name":null,"electrified":"contact_line","voltage":"600","frequency":"0","bounds":[16.0780967,45.8274608,16.0785218,45.8277469],"tags":{"electrified":"contact_line","frequency":"0","gauge":"1000","oneway":"yes","operator":"Zagrebački električni tramvaj","railway":"tram","voltage":"600"}},"geometry":{"type":"LineString","coordinates":[[16.0785096,45.8274608],[16.0785215,45.8275143],[16.0785218,45.8275396],[16.0785167,45.8275586],[16.0785052,45.827586],[16.0784823,45.8276193],[16.0784564,45.8276433],[16.0784223,45.827666],[16.0783745,45.8276855],[16.0783,45.827705],[16.0780967,45.8277469]]}},{"type":"Feature","properties":{"osmId":"161698427","railway_type":"tram","name":null,"electrified":"contact_line","voltage":"600","frequency":"0","bounds":[15.9811121,45.8603046,15.9817559,45.8610372],"tags":{"electrified":"contact_line","frequency":"0","gauge":"1000","oneway":"yes","operator":"Zagrebački električni tramvaj","railway":"tram","voltage":"600"}},"geometry":{"type":"LineString","coordinates":[[15.98157,45.8606053],[15.9817184,45.8607557],[15.9817466,45.8607955],[15.9817559,45.8608342],[15.981752,45.8608718],[15.981735,45.8609092],[15.9816934,45.8609635],[15.9816569,45.8609919],[15.9816005,45.8610177],[15.9815517,45.8610302],[15.9814946,45.8610372],[15.9814176,45.8610303],[15.9813625,45.8610174],[15.981315,45.8609985],[15.9812741,45.8609725],[15.9812425,45.8609376],[15.9812199,45.8608901],[15.981216,45.860824],[15.9812295,45.8607789],[15.9812628,45.8607208],[15.9812958,45.8606661],[15.981335,45.8606001],[15.9813481,45.8605587],[15.9813463,45.8605186],[15.98134,45.8604913],[15.9813317,45.8604764],[15.9813012,45.86043],[15.9812179,45.8603734],[15.9811121,45.8603046]]}},{"type":"Feature","properties":{"osmId":"163286028","railway_type":"tram","name":null,"electrified":"contact_line","voltage":"600","frequency":"0","bounds":[16.0772839,45.8278375,16.077899,45.827919],"tags":{"electrified":"contact_line","frequency":"0","gauge":"1000","oneway":"yes","operator":"Zagrebački električni tramvaj","railway":"tram","voltage":"600"}},"geometry":{"type":"LineString","coordinates":[[16.077899,45.8278613],[16.0777126,45.8279009],[16.0776275,45.827916],[16.0775799,45.827919],[16.077534,45.8279167],[16.0774873,45.8279103],[16.0774397,45.8278957],[16.0772839,45.8278375]]}},{"type":"Feature","properties":{"osmId":"167668878","railway_type":"tram","name":null,"electrified":"contact_line","voltage":"600","frequency":"0","bounds":[16.0377094,45.8242625,16.0785096,45.8296363],"tags":{"electrified":"contact_line","frequency":"0","gauge":"1000","oneway":"yes","operator":"Zagrebački električni tramvaj","railway":"tram","voltage":"600"}},"geometry":{"type":"LineString","coordinates":[[16.0377094,45.8242625],[16.0378087,45.824284],[16.0383178,45.8243985],[16.0384044,45.8244191],[16.0384679,45.8244342],[16.0385309,45.8244491],[16.0386061,45.824467],[16.0390691,45.824577],[16.0392063,45.8246116],[16.0399732,45.8248134],[16.0401003,45.8248455],[16.0401714,45.8248639],[16.040376,45.824916],[16.0404492,45.8249343],[16.0410592,45.8250909],[16.0414395,45.8251908],[16.0417182,45.8252604],[16.0419936,45.8253292],[16.0420505,45.8253442],[16.0422975,45.8254093],[16.0426241,45.8254999],[16.0430398,45.8256154],[16.0432342,45.8256746],[16.0436693,45.825825],[16.0443107,45.8260491],[16.0444332,45.8260937],[16.0446397,45.826169],[16.0447748,45.8262182],[16.0452127,45.8263839],[16.0453025,45.8264159],[16.0453285,45.8264252],[16.0457067,45.8265597],[16.0459518,45.8266469],[16.0465358,45.8268516],[16.0472875,45.8271138],[16.0478658,45.8273122],[16.0479925,45.827354],[16.0481199,45.8273961],[16.0485973,45.8275503],[16.0490298,45.8276897],[16.0495787,45.8278718],[16.0496916,45.8279087],[16.0507492,45.8282521],[16.0513979,45.8284648],[16.0515657,45.82852],[16.052128,45.8287007],[16.0521409,45.828705],[16.0524288,45.8287915],[16.0525723,45.8288358],[16.052598,45.8288433],[16.0527312,45.8288821],[16.0529039,45.828929],[16.0531869,45.8289983],[16.0535239,45.8290775],[16.0541806,45.829225],[16.0543577,45.8292641],[16.0544637,45.8292886],[16.0548476,45.8293718],[16.0549936,45.8294027],[16.0551578,45.8294317],[16.0553737,45.8294649],[16.0557248,45.8295107],[16.0557741,45.8295162],[16.0559412,45.829535],[16.0561375,45.8295522],[16.0562438,45.8295605],[16.0566596,45.8295929],[16.0571666,45.829626],[16.0572903,45.8296322],[16.0573776,45.8296356],[16.0574619,45.8296363],[16.057558,45.8296345],[16.0576505,45.8296302],[16.0580039,45.8295984],[16.0582023,45.8295663],[16.0582715,45.8295551],[16.0585851,45.8294994],[16.05861,45.8294949],[16.059616,45.8293161],[16.0603311,45.8291882],[16.0608701,45.8290863],[16.0618156,45.8289294],[16.0621852,45.8288748],[16.0627008,45.8288015],[16.0629104,45.8287754],[16.0631517,45.8287452],[16.0635405,45.8287053],[16.0639168,45.8286733],[16.0640676,45.8286621],[16.0642269,45.8286547],[16.064558,45.8286456],[16.0649002,45.8286442],[16.0651685,45.8286455],[16.0658725,45.8286605],[16.0670163,45.8287006],[16.0674826,45.8287183],[16.0677403,45.8287263],[16.0679421,45.8287287],[16.0681175,45.828727],[16.0682512,45.8287236],[16.0683693,45.8287188],[16.0684787,45.828713],[16.06859,45.8287043],[16.068817,45.8286821],[16.0690444,45.828656],[16.0695386,45.828593],[16.0710329,45.8284047],[16.0711823,45.8283859],[16.0727892,45.8281938],[16.0730709,45.8281602],[16.0735696,45.8280994],[16.0740026,45.8280469],[16.0742421,45.8280188],[16.0748287,45.8279479],[16.0751933,45.8279012],[16.0757039,45.8278264],[16.0760135,45.827772],[16.0763033,45.8277164],[16.0765333,45.8276709],[16.076737,45.8276294],[16.0769999,45.8275765],[16.0770695,45.8275614],[16.0773307,45.8275085],[16.0779112,45.8273906],[16.0781746,45.8273394],[16.078219,45.8273332],[16.0782647,45.8273312],[16.0783036,45.8273327],[16.0783387,45.8273368],[16.0783737,45.8273454],[16.0784053,45.827357],[16.0784431,45.8273775],[16.0784693,45.8274003],[16.0784998,45.8274411],[16.0785096,45.8274608]]}},{"type":"Feature","properties":{"osmId":"184446797","railway_type":"tram","name":null,"electrified":"contact_line","voltage":"600","frequency":"0","bounds":[15.9177168,45.7890046,15.9192635,45.7899466],"tags":{"electrified":"contact_line","frequency":"0","gauge":"1000","oneway":"yes","operator":"Zagrebački električni tramvaj","railway":"tram","voltage":"600"}},"geometry":{"type":"LineString","coordinates":[[15.9177168,45.789019],[15.9177835,45.7890091],[15.9178486,45.7890046],[15.9179045,45.789006],[15.9179686,45.7890128],[15.9180181,45.7890228],[15.9180777,45.7890408],[15.9181251,45.7890603],[15.9181707,45.7890858],[15.918209,45.7891149],[15.9183013,45.7892162],[15.918793,45.7897898],[15.9188523,45.7898555],[15.9188924,45.7898858],[15.918939,45.7899106],[15.9189915,45.7899284],[15.919034,45.7899374],[15.9190539,45.7899395],[15.9190774,45.7899421],[15.9192635,45.7899466]]}},{"type":"Feature","properties":{"osmId":"184446985","railway_type":"tram","name":null,"electrified":null,"voltage":null,"frequency":null,"bounds":[16.0186344,45.8139445,16.0193457,45.8144635],"tags":{"oneway":"yes","operator":"Zagrebački električni tramvaj","railway":"tram"}},"geometry":{"type":"LineString","coordinates":[[16.0186344,45.8140981],[16.0190135,45.8139473],[16.0190721,45.8139445],[16.0191423,45.8139491],[16.0192067,45.813966],[16.0192545,45.8139819],[16.0192975,45.8140137],[16.019327,45.8140511],[16.0193431,45.8140904],[16.0193457,45.8141334],[16.0193323,45.8141782],[16.0193135,45.8142212],[16.0192787,45.8142567],[16.0192063,45.8142997],[16.0190299,45.8143929],[16.0189101,45.8144635]]}},{"type":"Feature","properties":{"osmId":"195013676","railway_type":"tram","name":null,"electrified":"contact_line","voltage":"600","frequency":"0","bounds":[15.9732688,45.8505746,15.9742701,45.853085],"tags":{"electrified":"contact_line","frequency":"0","gauge":"1000","oneway":"yes","operator":"Zagrebački električni tramvaj","railway":"tram","voltage":"600"}},"geometry":{"type":"LineString","coordinates":[[15.9732688,45.853085],[15.9732723,45.8530036],[15.9732856,45.8527559],[15.9732954,45.8525786],[15.9733079,45.8524312],[15.9733385,45.8522843],[15.9733658,45.8521563],[15.9734121,45.8520092],[15.973464,45.8518769],[15.9735267,45.8517403],[15.9735922,45.8516172],[15.9736837,45.8514751],[15.9737713,45.8513298],[15.9738795,45.8511608],[15.9742701,45.8505746]]}},{"type":"Feature","properties":{"osmId":"195013677","railway_type":"tram","name":null,"electrified":"contact_line","voltage":"600","frequency":"0","bounds":[15.9743697,45.841986,15.9748718,45.8421027],"tags":{"electrified":"contact_line","frequency":"0","gauge":"1000","oneway":"yes","operator":"Zagrebački električni tramvaj","railway":"tram","service":"siding","voltage":"600"}},"geometry":{"type":"LineString","coordinates":[[15.9743697,45.8421027],[15.9744341,45.8420433],[15.9744729,45.8420205],[15.9745087,45.8420056],[15.9745478,45.8419944],[15.9745919,45.8419874],[15.9746383,45.841986],[15.9746771,45.8419871],[15.974723,45.841995],[15.9747731,45.8420117],[15.9748061,45.8420261],[15.9748395,45.8420504],[15.9748718,45.8420841]]}},{"type":"Feature","properties":{"osmId":"195013678","railway_type":"tram","name":null,"electrified":"contact_line","voltage":"600","frequency":"0","bounds":[15.9742701,45.8505017,15.9743186,45.8505746],"tags":{"bridge":"yes","electrified":"contact_line","frequency":"0","gauge":"1000","layer":"1","oneway":"yes","operator":"Zagrebački električni tramvaj","railway":"tram","voltage":"600"}},"geometry":{"type":"LineString","coordinates":[[15.9742701,45.8505746],[15.9743186,45.8505017]]}},{"type":"Feature","properties":{"osmId":"195013679","railway_type":"tram","name":null,"electrified":"contact_line","voltage":"600","frequency":"0","bounds":[15.9731752,45.8555619,15.9731836,45.8559607],"tags":{"bridge":"yes","electrified":"contact_line","frequency":"0","gauge":"1000","layer":"1","oneway":"yes","operator":"Zagrebački električni tramvaj","railway":"tram","voltage":"600"}},"geometry":{"type":"LineString","coordinates":[[15.9731752,45.8559607],[15.9731836,45.8555619]]}},{"type":"Feature","properties":{"osmId":"195013680","railway_type":"tram","name":null,"electrified":"contact_line","voltage":"600","frequency":"0","bounds":[15.9743186,45.8426729,15.9764287,45.8505017],"tags":{"electrified":"contact_line","frequency":"0","gauge":"1000","oneway":"yes","operator":"Zagrebački električni tramvaj","railway":"tram","voltage":"600"}},"geometry":{"type":"LineString","coordinates":[[15.9743186,45.8505017],[15.974588,45.8500955],[15.9747643,45.8498301],[15.9749248,45.8495804],[15.9750832,45.8493447],[15.975305,45.8490056],[15.9753235,45.8489766],[15.9756417,45.848478],[15.9757277,45.848335],[15.9758006,45.8482066],[15.9759633,45.847915],[15.9760808,45.8476989],[15.9761368,45.8475833],[15.9762092,45.8474212],[15.9762569,45.8473166],[15.9762878,45.8472329],[15.9763258,45.8471012],[15.9763594,45.8469822],[15.9763812,45.8468885],[15.9763983,45.8467813],[15.9764119,45.8466828],[15.9764201,45.8466041],[15.9764262,45.8465159],[15.9764287,45.8464223],[15.9764277,45.8463124],[15.9764212,45.8461977],[15.9764176,45.8460664],[15.9764101,45.8459737],[15.9764069,45.8459334],[15.9763996,45.8458168],[15.9763728,45.845468],[15.9763502,45.8451987],[15.9763338,45.8449543],[15.9763001,45.8446785],[15.9762679,45.8445284],[15.9762376,45.8444146],[15.9761957,45.8443006],[15.9761553,45.8441715],[15.9760985,45.8440408],[15.9760445,45.8439285],[15.9759939,45.8438316],[15.9759233,45.8437202],[15.9758141,45.8435388],[15.9756714,45.8433207],[15.9756297,45.8432642],[15.9755577,45.8431573],[15.9754749,45.8430345],[15.975364,45.8428736],[15.975226,45.8426729]]}},{"type":"Feature","properties":{"osmId":"195013682","railway_type":"tram","name":null,"electrified":"contact_line","voltage":"600","frequency":"0","bounds":[15.9731609,45.8559607,15.9811121,45.8603046],"tags":{"electrified":"contact_line","frequency":"0","gauge":"1000","oneway":"yes","operator":"Zagrebački električni tramvaj","railway":"tram","voltage":"600"}},"geometry":{"type":"LineString","coordinates":[[15.9811121,45.8603046],[15.9810087,45.8602462],[15.980922,45.8602004],[15.9808123,45.8601529],[15.9807019,45.8601064],[15.980574,45.8600592],[15.980456,45.8600218],[15.9803564,45.8599954],[15.9802186,45.859959],[15.9799799,45.859911],[15.9797406,45.8598678],[15.979428,45.8598124],[15.9774747,45.8594562],[15.9762953,45.859243],[15.9760763,45.8592009],[15.9759008,45.859164],[15.9757832,45.8591349],[15.9756565,45.8591054],[15.9756127,45.8590952],[15.9754405,45.8590427],[15.9753239,45.8590048],[15.9751993,45.858959],[15.975101,45.858922],[15.9749519,45.8588588],[15.9748284,45.8588006],[15.9746944,45.8587311],[15.9745457,45.8586498],[15.9744092,45.8585646],[15.9743286,45.8585143],[15.9742547,45.8584574],[15.9742103,45.8584275],[15.9741974,45.8584188],[15.9741436,45.8583738],[15.9740807,45.8583242],[15.9739626,45.858224],[15.9738712,45.8581391],[15.9737795,45.8580386],[15.9737166,45.8579667],[15.9736462,45.8578823],[15.9735928,45.8578106],[15.9735427,45.8577434],[15.9735001,45.8576814],[15.9734623,45.8576225],[15.9733883,45.8574785],[15.9733437,45.8573885],[15.9733043,45.8573079],[15.9732759,45.8572368],[15.9732432,45.8571429],[15.9732219,45.8570568],[15.9732056,45.8569846],[15.973182,45.8568762],[15.9731707,45.8567736],[15.9731609,45.8566353],[15.9731752,45.8559607]]}},{"type":"Feature","properties":{"osmId":"195013683","railway_type":"tram","name":null,"electrified":"contact_line","voltage":"600","frequency":"0","bounds":[15.9747072,45.8421733,15.9749687,45.8424597],"tags":{"electrified":"contact_line","frequency":"0","gauge":"1000","oneway":"yes","operator":"Zagrebački električni tramvaj","railway":"tram","service":"siding","voltage":"600"}},"geometry":{"type":"LineString","coordinates":[[15.9749345,45.8421733],[15.9749602,45.8422327],[15.9749687,45.8422671],[15.9749669,45.8422952],[15.9749539,45.8423308],[15.9749333,45.8423609],[15.9749038,45.8423912],[15.9748691,45.8424149],[15.974821,45.842437],[15.9747771,45.8424509],[15.9747072,45.8424597]]}},{"type":"Feature","properties":{"osmId":"195016220","railway_type":"tram","name":null,"electrified":"contact_line","voltage":"600","frequency":"0","bounds":[15.9793156,45.8190658,15.9803981,45.8282306],"tags":{"electrified":"contact_line","frequency":"0","gauge":"1000","oneway":"yes","operator":"Zagrebački električni tramvaj","railway":"tram","voltage":"600"}},"geometry":{"type":"LineString","coordinates":[[15.9793937,45.8282306],[15.9794096,45.8281865],[15.9794403,45.8280818],[15.9794533,45.8280383],[15.9795803,45.8276214],[15.9797408,45.827127],[15.9798158,45.8269083],[15.9798497,45.8267902],[15.9799334,45.8265218],[15.979999,45.8263015],[15.9800565,45.8261267],[15.9801195,45.8259154],[15.9801944,45.8256758],[15.9802878,45.8253736],[15.9803218,45.8252462],[15.9803518,45.8251146],[15.9803611,45.8250531],[15.9803793,45.8249224],[15.9803911,45.8247937],[15.9803981,45.8246608],[15.9803968,45.8245375],[15.9803928,45.8244182],[15.9803899,45.8243907],[15.9803842,45.8243371],[15.9803777,45.8242732],[15.9803657,45.8241921],[15.9803482,45.8240921],[15.9803214,45.823965],[15.9802874,45.8238381],[15.9802631,45.8237554],[15.9802276,45.8236528],[15.9801905,45.8235656],[15.9801582,45.8234864],[15.980102,45.8233628],[15.9800248,45.823195],[15.9799832,45.8231018],[15.9799666,45.8230639],[15.9799317,45.8229616],[15.9799055,45.8228796],[15.9798824,45.8227879],[15.9798661,45.8226975],[15.9798472,45.8225855],[15.9798413,45.8225437],[15.9798345,45.8225105],[15.9798254,45.8224516],[15.9798095,45.8223597],[15.9798019,45.8223155],[15.979726,45.8218719],[15.9796371,45.8213508],[15.9795803,45.8210269],[15.9795171,45.8206563],[15.979446,45.8202626],[15.9794157,45.8200752],[15.9793623,45.8197617],[15.9793533,45.8197006],[15.9793329,45.8195916],[15.9793206,45.819515],[15.9793166,45.8194533],[15.9793156,45.8194073],[15.9793201,45.8193587],[15.979329,45.8193146],[15.9793435,45.8192643],[15.9793732,45.8191983],[15.9793913,45.8191656],[15.9794466,45.8190658]]}},{"type":"Feature","properties":{"osmId":"195140442","railway_type":"tram","name":null,"electrified":"contact_line","voltage":"600","frequency":"0","bounds":[15.9177168,45.7889339,15.9192635,45.7899466],"tags":{"electrified":"contact_line","frequency":"0","gauge":"1000","oneway":"yes","operator":"Zagrebački električni tramvaj","railway":"tram","voltage":"600"}},"geometry":{"type":"LineString","coordinates":[[15.9177168,45.789019],[15.9178057,45.7889816],[15.9178601,45.7889608],[15.9179198,45.7889446],[15.917967,45.7889358],[15.9180065,45.7889339],[15.9180474,45.7889353],[15.9180895,45.788941],[15.9181266,45.7889487],[15.9181554,45.788958],[15.9181906,45.7889745],[15.9182214,45.7889959],[15.9182552,45.7890282],[15.9183536,45.7891448],[15.9184208,45.789221],[15.9188601,45.7897312],[15.9189186,45.7897959],[15.9189594,45.7898284],[15.918998,45.7898522],[15.9190548,45.7898863],[15.9191127,45.7899116],[15.9191691,45.7899314],[15.9192635,45.7899466]]}},{"type":"Feature","properties":{"osmId":"195140443","railway_type":"tram","name":null,"electrified":"contact_line","voltage":"600","frequency":"0","bounds":[15.8934058,45.7899119,15.9198741,45.7946625],"tags":{"electrified":"contact_line","frequency":"0","gauge":"1000","oneway":"yes","operator":"Zagrebački električni tramvaj","railway":"tram","voltage":"600"}},"geometry":{"type":"LineString","coordinates":[[15.8934058,45.7943593],[15.8935945,45.7943974],[15.8938104,45.7944438],[15.8940392,45.7944898],[15.8941506,45.7945102],[15.894265,45.7945295],[15.8943783,45.7945469],[15.8944904,45.7945637],[15.8945929,45.7945771],[15.894699,45.7945903],[15.8949072,45.7946137],[15.8951172,45.7946325],[15.895221,45.7946401],[15.8953264,45.7946461],[15.8954845,45.7946538],[15.8956522,45.7946585],[15.895811,45.7946619],[15.8959869,45.7946625],[15.8961337,45.7946604],[15.8962719,45.7946565],[15.8964074,45.7946499],[15.8965619,45.7946426],[15.8967079,45.7946317],[15.8968528,45.794619],[15.896995,45.7946042],[15.8971451,45.7945873],[15.897308,45.7945653],[15.8974776,45.794541],[15.8978118,45.794482],[15.8979813,45.7944462],[15.898141,45.794407],[15.8983136,45.794369],[15.8984723,45.7943214],[15.8987329,45.7942444],[15.8989037,45.7941898],[15.8990582,45.7941375],[15.8992013,45.7940901],[15.8994241,45.7940153],[15.9001881,45.793748],[15.9017476,45.7932142],[15.9021861,45.7930762],[15.9022869,45.793047],[15.9029437,45.7928578],[15.9035401,45.7927392],[15.904274,45.7926648],[15.9050248,45.792594],[15.9056115,45.7925421],[15.9058649,45.7925163],[15.9061098,45.792494],[15.9063492,45.7924744],[15.9069343,45.7924086],[15.91351,45.7917515],[15.9137895,45.7917244],[15.9140876,45.7916933],[15.91467,45.7916255],[15.9154294,45.7915173],[15.9158,45.7914507],[15.9161288,45.7913796],[15.9165901,45.791263],[15.9170281,45.7911338],[15.9173835,45.7910156],[15.9175833,45.7909436],[15.9177964,45.7908572],[15.9183955,45.7905995],[15.9187223,45.7904419],[15.9190624,45.7902906],[15.9197134,45.7899898],[15.9198741,45.7899119]]}},{"type":"Feature","properties":{"osmId":"195140444","railway_type":"tram","name":null,"electrified":"contact_line","voltage":"600","frequency":"0","bounds":[15.9199152,45.7898857,15.9200358,45.7899406],"tags":{"electrified":"contact_line","frequency":"0","gauge":"1000","oneway":"yes","operator":"Zagrebački električni tramvaj","railway":"tram","voltage":"600"}},"geometry":{"type":"LineString","coordinates":[[15.9200358,45.7898857],[15.9199152,45.7899406]]}},{"type":"Feature","properties":{"osmId":"195140448","railway_type":"tram","name":null,"electrified":"contact_line","voltage":"600","frequency":"0","bounds":[15.9192635,45.7899119,15.9198741,45.7899593],"tags":{"electrified":"contact_line","frequency":"0","gauge":"1000","oneway":"yes","operator":"Zagrebački električni tramvaj","railway":"tram","voltage":"600"}},"geometry":{"type":"LineString","coordinates":[[15.9192635,45.7899466],[15.919395,45.7899518],[15.9195943,45.7899593],[15.919686,45.7899528],[15.9197639,45.7899401],[15.9198741,45.7899119]]}},{"type":"Feature","properties":{"osmId":"195140450","railway_type":"tram","name":null,"electrified":"contact_line","voltage":"600","frequency":"0","bounds":[15.891745,45.7933006,15.8934058,45.7943593],"tags":{"electrified":"contact_line","frequency":"0","gauge":"1000","oneway":"yes","operator":"Zagrebački električni tramvaj","railway":"tram","voltage":"600"}},"geometry":{"type":"LineString","coordinates":[[15.8917981,45.7935802],[15.8917505,45.7934957],[15.891745,45.7934675],[15.8917472,45.7934396],[15.8917592,45.793405],[15.8917766,45.7933792],[15.8918011,45.7933563],[15.8918338,45.7933337],[15.8918688,45.7933184],[15.891906,45.7933072],[15.891953,45.7933009],[15.8919943,45.7933006],[15.8920337,45.7933048],[15.892071,45.7933137],[15.8921006,45.7933249],[15.8921226,45.7933366],[15.892157,45.7933583],[15.8921737,45.7933768],[15.8921924,45.7934035],[15.8922026,45.7934299],[15.8922076,45.7934562],[15.8922059,45.7934853],[15.8921998,45.7935063],[15.8921487,45.7936618],[15.8921054,45.7938027],[15.8921004,45.7938335],[15.8920982,45.79386],[15.8921013,45.7938773],[15.8921091,45.793896],[15.8921269,45.7939234],[15.8921817,45.7940001],[15.8922263,45.7940581],[15.8922479,45.7940862],[15.8922732,45.7941084],[15.8922981,45.7941227],[15.8923229,45.7941341],[15.8923554,45.7941464],[15.8923918,45.7941561],[15.8924976,45.7941785],[15.8934058,45.7943593]]}},{"type":"Feature","properties":{"osmId":"195150760","railway_type":"tram","name":null,"electrified":"contact_line","voltage":"600","frequency":"0","bounds":[15.9661703,45.8052712,15.9699053,45.813305],"tags":{"electrified":"contact_line","frequency":"0","gauge":"1000","oneway":"yes","operator":"Zagrebački električni tramvaj","railway":"tram","voltage":"600"}},"geometry":{"type":"LineString","coordinates":[[15.9699053,45.813305],[15.9698462,45.8133032],[15.9698066,45.8132994],[15.9697724,45.8132912],[15.9697416,45.8132815],[15.9697019,45.8132578],[15.9696841,45.8132476],[15.9696629,45.8132297],[15.9696595,45.8132259],[15.9696397,45.8132035],[15.9696275,45.8131826],[15.9696194,45.8131596],[15.9695487,45.8127744],[15.9695334,45.8126866],[15.9693688,45.8117013],[15.9693416,45.8115637],[15.9693263,45.811493],[15.9690797,45.8103526],[15.9690756,45.8103302],[15.9690637,45.8102682],[15.9690587,45.8102422],[15.9690474,45.810184],[15.9689788,45.8098198],[15.9689059,45.8094611],[15.9688679,45.8093186],[15.9688511,45.8092765],[15.9688237,45.8092062],[15.9688,45.8091573],[15.9687004,45.8089868],[15.9686578,45.8089185],[15.9685991,45.8088389],[15.9683703,45.8085016],[15.967642,45.8074276],[15.967589,45.8073535],[15.9675329,45.8072752],[15.9674938,45.8072123],[15.9666032,45.8059012],[15.9665473,45.8058266],[15.96647,45.8057112],[15.9663593,45.8055495],[15.9663439,45.8055285],[15.9662762,45.8054266],[15.966257,45.8054004],[15.9662549,45.8053971],[15.9662391,45.8053732],[15.9661703,45.8052712]]}},{"type":"Feature","properties":{"osmId":"195150764","railway_type":"tram","name":null,"electrified":"contact_line","voltage":"600","frequency":"0","bounds":[15.9200358,45.7872969,15.9455269,45.7898857],"tags":{"electrified":"contact_line","frequency":"0","gauge":"1000","oneway":"yes","operator":"Zagrebački električni tramvaj","railway":"tram","voltage":"600"}},"geometry":{"type":"LineString","coordinates":[[15.9455269,45.7881885],[15.9454813,45.7881901],[15.9454413,45.7881911],[15.9447868,45.7881966],[15.9438664,45.7882028],[15.9434014,45.7882053],[15.9414817,45.788211],[15.9412117,45.7882092],[15.9409383,45.788209],[15.9407386,45.7882081],[15.9396013,45.788202],[15.9375217,45.7881883],[15.9373374,45.7881824],[15.9371147,45.7881753],[15.9369225,45.7881692],[15.936798,45.7881652],[15.9364909,45.7881401],[15.936262,45.7881176],[15.9359876,45.7880853],[15.9357582,45.7880457],[15.9355735,45.7880126],[15.9353413,45.7879618],[15.934974,45.7878728],[15.9345389,45.7877539],[15.9343672,45.7877071],[15.9343125,45.7876922],[15.9342523,45.7876756],[15.9340377,45.7876164],[15.9335556,45.7874803],[15.9333501,45.7874269],[15.933194,45.7873864],[15.9329957,45.7873466],[15.9328417,45.7873215],[15.9326396,45.7873006],[15.9323818,45.7872969],[15.9322042,45.7872981],[15.9320315,45.7873131],[15.9317857,45.7873479],[15.9315563,45.787398],[15.9300941,45.7877833],[15.9299543,45.7878205],[15.9297607,45.787876],[15.9295711,45.7879235],[15.9294649,45.7879524],[15.9291106,45.7880416],[15.9287632,45.7881218],[15.9284737,45.7881832],[15.9282024,45.788235],[15.9279511,45.7882822],[15.9274971,45.7883555],[15.9270672,45.7884203],[15.9263915,45.7885159],[15.9260237,45.7885685],[15.9257524,45.7886035],[15.9251143,45.7886957],[15.9242701,45.7888158],[15.9239045,45.788868],[15.9230885,45.7889807],[15.922874,45.7890129],[15.9226727,45.7890434],[15.922281,45.7890986],[15.9220053,45.789147],[15.9217291,45.7892052],[15.9216182,45.7892324],[15.9214701,45.7892762],[15.921281,45.7893324],[15.9211265,45.7893938],[15.9209649,45.7894604],[15.9208354,45.7895175],[15.9206844,45.7895855],[15.9200358,45.7898857]]}},{"type":"Feature","properties":{"osmId":"195150770","railway_type":"tram","name":null,"electrified":"contact_line","voltage":"600","frequency":"0","bounds":[15.9198741,45.787253,15.9455508,45.7899119],"tags":{"electrified":"contact_line","frequency":"0","gauge":"1000","oneway":"yes","operator":"Zagrebački električni tramvaj","railway":"tram","voltage":"600"}},"geometry":{"type":"LineString","coordinates":[[15.9198741,45.7899119],[15.920194,45.7897586],[15.9205531,45.7895977],[15.9206627,45.7895505],[15.9208149,45.7894804],[15.920944,45.7894241],[15.9211034,45.7893597],[15.9212145,45.7893154],[15.9213299,45.7892741],[15.9216126,45.7891911],[15.9218786,45.7891299],[15.9220542,45.7890964],[15.9222838,45.7890593],[15.9226582,45.7890026],[15.9228591,45.7889739],[15.9230752,45.7889432],[15.9233529,45.788906],[15.9238925,45.7888296],[15.9242632,45.7887761],[15.9251088,45.7886571],[15.9257288,45.7885691],[15.9260099,45.78853],[15.9263887,45.7884772],[15.9270596,45.7883805],[15.9274879,45.7883188],[15.9279382,45.7882454],[15.928189,45.7882002],[15.9284687,45.7881444],[15.9287902,45.7880767],[15.9294245,45.7879164],[15.9295508,45.787884],[15.9297361,45.7878406],[15.9299358,45.7877861],[15.9300351,45.7877605],[15.9302157,45.7877066],[15.9306889,45.7875818],[15.9311451,45.7874598],[15.9315052,45.7873609],[15.9317545,45.7873128],[15.9319608,45.7872783],[15.9321736,45.787259],[15.9323792,45.7872531],[15.932483,45.787253],[15.9326411,45.787261],[15.9328149,45.7872783],[15.9330115,45.7873098],[15.933201,45.787348],[15.9333843,45.7873911],[15.933573,45.7874411],[15.9340599,45.7875748],[15.934308,45.7876498],[15.934332,45.787657],[15.9343509,45.7876622],[15.9345584,45.7877194],[15.9352823,45.7879039],[15.9355421,45.7879634],[15.9357727,45.7880058],[15.9360965,45.7880587],[15.93643,45.7880969],[15.9366088,45.7881127],[15.9368086,45.7881243],[15.9369249,45.788128],[15.9371199,45.7881342],[15.9373397,45.7881412],[15.9374682,45.7881453],[15.9396041,45.7881642],[15.9407352,45.788167],[15.9409392,45.7881651],[15.9412129,45.7881658],[15.9414824,45.7881687],[15.9421839,45.7881725],[15.9434166,45.7881689],[15.9438712,45.7881632],[15.9446825,45.7881588],[15.9453366,45.7881539],[15.9454493,45.7881532],[15.9455008,45.7881517],[15.9455508,45.78815]]}},{"type":"Feature","properties":{"osmId":"195411825","railway_type":"tram","name":null,"electrified":"contact_line","voltage":"600","frequency":"0","bounds":[15.9523763,45.7867349,15.9530681,45.7868827],"tags":{"electrified":"contact_line","frequency":"0","gauge":"1000","oneway":"yes","operator":"Zagrebački električni tramvaj","railway":"tram","voltage":"600"}},"geometry":{"type":"LineString","coordinates":[[15.9530681,45.7868827],[15.9524753,45.7867574],[15.9523763,45.7867349]]}},{"type":"Feature","properties":{"osmId":"195589990","railway_type":"tram","name":null,"electrified":"contact_line","voltage":"600","frequency":"0","bounds":[15.9625786,45.7994022,15.9698515,45.7997711],"tags":{"electrified":"contact_line","frequency":"0","gauge":"1000","oneway":"yes","operator":"Zagrebački električni tramvaj","railway":"tram","voltage":"600"}},"geometry":{"type":"LineString","coordinates":[[15.9625786,45.7994022],[15.9626811,45.7994062],[15.9633105,45.7994341],[15.96397,45.7994702],[15.9647007,45.7995078],[15.9653762,45.7995463],[15.9664536,45.7995998],[15.9672382,45.7996395],[15.9675831,45.7996547],[15.9676683,45.7996591],[15.9679303,45.79967],[15.9682065,45.7996845],[15.9683737,45.7996958],[15.968884,45.7997204],[15.9697036,45.7997586],[15.9698515,45.7997711]]}},{"type":"Feature","properties":{"osmId":"195589991","railway_type":"tram","name":null,"electrified":"contact_line","voltage":"600","frequency":"0","bounds":[15.9627369,45.7994359,15.9950112,45.8010695],"tags":{"electrified":"contact_line","frequency":"0","gauge":"1000","oneway":"yes","operator":"Zagrebački električni tramvaj","railway":"tram","voltage":"600"}},"geometry":{"type":"LineString","coordinates":[[15.9950112,45.8010695],[15.994382,45.8010363],[15.9922107,45.8009275],[15.989753,45.8008068],[15.9894842,45.8007931],[15.9892538,45.800783],[15.9890093,45.8007687],[15.9871244,45.8006772],[15.9856355,45.8005997],[15.9853623,45.8005874],[15.9852101,45.8005786],[15.9850537,45.8005736],[15.9839339,45.800514],[15.9827931,45.8004539],[15.9816507,45.8003965],[15.9810821,45.8003672],[15.9805132,45.8003426],[15.9795093,45.8002912],[15.979406,45.8002861],[15.9793328,45.8002821],[15.9786985,45.8002476],[15.9786,45.8002415],[15.9784828,45.8002377],[15.9777708,45.8002009],[15.9753255,45.8000747],[15.9748552,45.8000524],[15.9745897,45.8000401],[15.9742993,45.8000219],[15.9742628,45.8000199],[15.9736944,45.7999964],[15.9732829,45.7999759],[15.9720732,45.7999133],[15.9706258,45.7998388],[15.9703753,45.7998245],[15.9702501,45.7998184],[15.9698473,45.7997983],[15.9693252,45.7997723],[15.9682033,45.7997139],[15.9679251,45.7996967],[15.9676657,45.7996853],[15.9676189,45.7996813],[15.9672771,45.7996668],[15.9627369,45.7994359]]}},{"type":"Feature","properties":{"osmId":"195589993","railway_type":"tram","name":null,"electrified":"contact_line","voltage":"600","frequency":"0","bounds":[15.9950222,45.8010429,15.9956809,45.8010769],"tags":{"electrified":"contact_line","frequency":"0","gauge":"1000","oneway":"yes","operator":"Zagrebački električni tramvaj","railway":"tram","voltage":"600"}},"geometry":{"type":"LineString","coordinates":[[15.9950222,45.8010429],[15.9950438,45.8010441],[15.995215,45.8010534],[15.9953041,45.8010575],[15.9954051,45.8010627],[15.9954359,45.8010643],[15.9954727,45.8010662],[15.9956127,45.8010734],[15.9956809,45.8010769]]}},{"type":"Feature","properties":{"osmId":"195589996","railway_type":"tram","name":null,"electrified":"contact_line","voltage":"600","frequency":"0","bounds":[15.962114,45.799316,15.9627369,45.7994359],"tags":{"electrified":"contact_line","frequency":"0","gauge":"1000","oneway":"yes","operator":"Zagrebački električni tramvaj","railway":"tram","voltage":"600"}},"geometry":{"type":"LineString","coordinates":[[15.9627369,45.7994359],[15.9626801,45.7994329],[15.9625585,45.7994264],[15.9624706,45.7994224],[15.9623796,45.7994179],[15.9623346,45.7994152],[15.962301,45.7994105],[15.9622723,45.7994037],[15.9622404,45.7993926],[15.962222,45.799385],[15.9621998,45.7993754],[15.9621657,45.7993555],[15.9621348,45.7993327],[15.962114,45.799316]]}},{"type":"Feature","properties":{"osmId":"195589997","railway_type":"tram","name":null,"electrified":"contact_line","voltage":"600","frequency":"0","bounds":[15.9621979,45.7992603,15.9625786,45.7994022],"tags":{"electrified":"contact_line","frequency":"0","gauge":"1000","oneway":"yes","operator":"Zagrebački električni tramvaj","railway":"tram","voltage":"600"}},"geometry":{"type":"LineString","coordinates":[[15.9621979,45.7992603],[15.9622544,45.7993123],[15.9622707,45.7993272],[15.9622988,45.7993463],[15.9623212,45.7993587],[15.9623427,45.7993682],[15.962381,45.7993783],[15.962423,45.7993878],[15.9624644,45.7993932],[15.9625786,45.7994022]]}},{"type":"Feature","properties":{"osmId":"195589999","railway_type":"tram","name":null,"electrified":"contact_line","voltage":"600","frequency":"0","bounds":[15.9624575,45.7994359,15.9627369,45.7996345],"tags":{"electrified":"contact_line","frequency":"0","gauge":"1000","oneway":"yes","operator":"Zagrebački električni tramvaj","railway":"tram","voltage":"600"}},"geometry":{"type":"LineString","coordinates":[[15.9627369,45.7994359],[15.962686,45.7994364],[15.9626799,45.799437],[15.9626464,45.79944],[15.9626167,45.7994444],[15.9625847,45.7994535],[15.9625595,45.7994639],[15.962538,45.799477],[15.962518,45.7994916],[15.9625106,45.7994983],[15.9624983,45.7995092],[15.9624859,45.799524],[15.9624725,45.7995442],[15.9624643,45.7995599],[15.9624618,45.7995676],[15.962459,45.7995761],[15.9624575,45.799595],[15.9624583,45.7996345]]}},{"type":"Feature","properties":{"osmId":"195590001","railway_type":"tram","name":null,"electrified":"contact_line","voltage":"600","frequency":"0","bounds":[15.9623259,45.7994022,15.9625786,45.7996286],"tags":{"electrified":"contact_line","frequency":"0","gauge":"1000","oneway":"yes","operator":"Zagrebački električni tramvaj","railway":"tram","voltage":"600"}},"geometry":{"type":"LineString","coordinates":[[15.9623259,45.7996286],[15.9623273,45.7995897],[15.9623312,45.7995651],[15.9623356,45.7995506],[15.9623385,45.7995409],[15.9623539,45.7995156],[15.9623638,45.799502],[15.9623734,45.7994914],[15.962382,45.7994818],[15.9624034,45.7994634],[15.962421,45.7994507],[15.9624414,45.799438],[15.9624706,45.7994224],[15.9624942,45.7994127],[15.9625239,45.7994068],[15.9625786,45.7994022]]}},{"type":"Feature","properties":{"osmId":"195650178","railway_type":"tram","name":null,"electrified":"contact_line","voltage":"600","frequency":"0","bounds":[15.9516364,45.7856236,15.9523763,45.7867349],"tags":{"electrified":"contact_line","frequency":"0","gauge":"1000","oneway":"yes","operator":"Zagrebački električni tramvaj","railway":"tram","voltage":"600"}},"geometry":{"type":"LineString","coordinates":[[15.9523763,45.7867349],[15.9523015,45.7867148],[15.9521906,45.786685],[15.9521304,45.7866626],[15.9520866,45.786645],[15.9520285,45.7866198],[15.9519463,45.7865799],[15.9519021,45.7865549],[15.9518651,45.7865304],[15.9518343,45.7865065],[15.9517924,45.7864693],[15.9517746,45.7864507],[15.951745,45.7864141],[15.951723,45.78638],[15.9517025,45.7863453],[15.95168,45.7862891],[15.951654,45.7862003],[15.9516446,45.7861335],[15.9516364,45.7859655],[15.9516408,45.7857949],[15.9516472,45.7856236]]}},{"type":"Feature","properties":{"osmId":"195650179","railway_type":"tram","name":null,"electrified":"contact_line","voltage":"600","frequency":"0","bounds":[15.9529565,45.7770601,15.9832259,45.7776245],"tags":{"electrified":"contact_line","frequency":"0","gauge":"1000","oneway":"yes","operator":"Zagrebački električni tramvaj","railway":"tram","voltage":"600"}},"geometry":{"type":"LineString","coordinates":[[15.9832259,45.7776245],[15.9822514,45.7775976],[15.9813116,45.7775736],[15.9808386,45.777565],[15.9807866,45.7775653],[15.980641,45.7775633],[15.9803976,45.7775567],[15.9802634,45.7775516],[15.9801262,45.7775468],[15.9798532,45.7775383],[15.9797028,45.7775342],[15.9719248,45.7773219],[15.9718437,45.7773194],[15.9718141,45.7773185],[15.9717259,45.7773157],[15.9715093,45.7773089],[15.9708079,45.777294],[15.9706966,45.77729],[15.9658177,45.7771532],[15.9646795,45.7771308],[15.9628323,45.7770963],[15.9607212,45.7770601],[15.9603451,45.7770606],[15.9584741,45.7770852],[15.9563059,45.7771478],[15.9537579,45.7772191],[15.9535286,45.7772255],[15.9534488,45.7772336],[15.953366,45.7772528],[15.9533053,45.777276],[15.9532367,45.777319],[15.9532058,45.7773418],[15.9531663,45.7773763],[15.9531147,45.777417],[15.9530507,45.7774709],[15.9529982,45.7775148],[15.9529565,45.7775477]]}},{"type":"Feature","properties":{"osmId":"195650182","railway_type":"tram","name":null,"electrified":"contact_line","voltage":"600","frequency":"0","bounds":[15.9524963,45.7771934,15.953454,45.7808817],"tags":{"electrified":"contact_line","frequency":"0","gauge":"1000","oneway":"yes","operator":"Zagrebački električni tramvaj","railway":"tram","voltage":"600"}},"geometry":{"type":"LineString","coordinates":[[15.9524963,45.7808817],[15.9526675,45.7799712],[15.9527201,45.7796694],[15.952747,45.7795207],[15.9527525,45.7794605],[15.9527634,45.7793707],[15.9527748,45.7791919],[15.9527771,45.7789933],[15.9527837,45.7783999],[15.9527838,45.7781495],[15.9527727,45.777792],[15.9527715,45.7777754],[15.9527683,45.7777184],[15.9527734,45.7776569],[15.9527808,45.7776156],[15.9527947,45.7775773],[15.9528194,45.7775303],[15.9528461,45.7774891],[15.9528757,45.7774565],[15.9528935,45.7774378],[15.9530172,45.7773253],[15.9530522,45.7772958],[15.9530839,45.7772728],[15.9531248,45.7772479],[15.9531676,45.7772286],[15.9532038,45.7772159],[15.9532478,45.7772066],[15.9532766,45.7772022],[15.9533221,45.7771984],[15.9533663,45.7771966],[15.9533834,45.7771959],[15.953454,45.7771934]]}},{"type":"Feature","properties":{"osmId":"195651519","railway_type":"tram","name":null,"electrified":"contact_line","voltage":"600","frequency":"0","bounds":[15.9867907,45.7776866,16.0009166,45.7780604],"tags":{"electrified":"contact_line","frequency":"0","gauge":"1000","oneway":"yes","operator":"Zagrebački električni tramvaj","railway":"tram","voltage":"600"}},"geometry":{"type":"LineString","coordinates":[[15.9867907,45.7776866],[15.9891688,45.7777526],[15.9904005,45.7777842],[15.990603,45.7777895],[15.9913922,45.7778082],[15.9959748,45.7779333],[15.9967794,45.7779512],[15.9969321,45.777955],[15.9978774,45.7779802],[15.9998843,45.7780355],[16.0009166,45.7780604]]}},{"type":"Feature","properties":{"osmId":"195774223","railway_type":"tram","name":null,"electrified":"contact_line","voltage":"600","frequency":"0","bounds":[16.0012438,45.7790482,16.0017853,45.7811235],"tags":{"electrified":"contact_line","frequency":"0","gauge":"1000","oneway":"yes","operator":"Zagrebački električni tramvaj","railway":"tram","voltage":"600"}},"geometry":{"type":"LineString","coordinates":[[16.0012438,45.7811235],[16.0012642,45.7809001],[16.0012797,45.7807715],[16.0013248,45.7805356],[16.0013913,45.7802778],[16.0014318,45.7801567],[16.001515,45.77992],[16.001567,45.7797762],[16.0015774,45.7797314],[16.0015922,45.7796481],[16.0016061,45.7795825],[16.0016226,45.7795272],[16.0016929,45.7793196],[16.0017853,45.7790482]]}},{"type":"Feature","properties":{"osmId":"195774227","railway_type":"tram","name":null,"electrified":"contact_line","voltage":"600","frequency":"0","bounds":[16.0012632,45.7780698,16.0020158,45.7786411],"tags":{"electrified":"contact_line","frequency":"0","gauge":"1000","oneway":"yes","operator":"Zagrebački električni tramvaj","railway":"tram","voltage":"600"}},"geometry":{"type":"LineString","coordinates":[[16.0012632,45.7780698],[16.0013753,45.7780718],[16.0014476,45.7780795],[16.001516,45.7780904],[16.0015732,45.7781056],[16.0016303,45.7781243],[16.0016893,45.7781492],[16.0017219,45.7781658],[16.0017468,45.7781771],[16.0018029,45.7782085],[16.0018626,45.7782545],[16.0019048,45.7782957],[16.0019435,45.7783422],[16.0019728,45.77839],[16.0019951,45.7784425],[16.0020061,45.7784752],[16.0020136,45.7785077],[16.0020158,45.778547],[16.0020135,45.77859],[16.0020121,45.7785992],[16.0020066,45.7786411]]}},{"type":"Feature","properties":{"osmId":"195774230","railway_type":"tram","name":null,"electrified":"contact_line","voltage":"600","frequency":"0","bounds":[15.9845998,45.7776669,15.9997268,45.7780664],"tags":{"electrified":"contact_line","frequency":"0","gauge":"1000","oneway":"yes","operator":"Zagrebački električni tramvaj","railway":"tram","voltage":"600"}},"geometry":{"type":"LineString","coordinates":[[15.9997268,45.7780664],[15.9978375,45.7780145],[15.9969296,45.7779891],[15.9967767,45.7779836],[15.9957819,45.7779613],[15.9916905,45.7778507],[15.9906032,45.7778235],[15.9903991,45.7778183],[15.9893353,45.7777917],[15.9872179,45.7777298],[15.9857076,45.7776951],[15.9855828,45.7776922],[15.9845998,45.7776669]]}},{"type":"Feature","properties":{"osmId":"195774256","railway_type":"tram","name":null,"electrified":"contact_line","voltage":"600","frequency":"0","bounds":[15.9953051,45.8012671,15.9953602,45.8013652],"tags":{"electrified":"contact_line","frequency":"0","gauge":"1000","oneway":"yes","operator":"Zagrebački električni tramvaj","railway":"tram","voltage":"600"}},"geometry":{"type":"LineString","coordinates":[[15.9953602,45.8012671],[15.9953559,45.8012747],[15.9953051,45.8013652]]}},{"type":"Feature","properties":{"osmId":"195774259","railway_type":"tram","name":null,"electrified":"contact_line","voltage":"600","frequency":"0","bounds":[16.0020066,45.7783871,16.0022693,45.7786411],"tags":{"electrified":"contact_line","frequency":"0","gauge":"1000","oneway":"yes","operator":"Zagrebački električni tramvaj","railway":"tram","voltage":"600"}},"geometry":{"type":"LineString","coordinates":[[16.0022693,45.7783871],[16.0022028,45.7784322],[16.0021508,45.7784629],[16.0020877,45.7785055],[16.0020651,45.7785275],[16.0020432,45.7785562],[16.0020264,45.7785905],[16.0020224,45.7786007],[16.0020066,45.7786411]]}},{"type":"Feature","properties":{"osmId":"195774263","railway_type":"tram","name":null,"electrified":"contact_line","voltage":"600","frequency":"0","bounds":[15.995274,45.8012541,15.9953307,45.8013567],"tags":{"electrified":"contact_line","frequency":"0","gauge":"1000","oneway":"yes","operator":"Zagrebački električni tramvaj","railway":"tram","voltage":"600"}},"geometry":{"type":"LineString","coordinates":[[15.995274,45.8013567],[15.9953206,45.8012724],[15.9953249,45.8012646],[15.9953307,45.8012541]]}},{"type":"Feature","properties":{"osmId":"195774265","railway_type":"tram","name":null,"electrified":"contact_line","voltage":"600","frequency":"0","bounds":[16.0016216,45.7787839,16.0019577,45.7797664],"tags":{"electrified":"contact_line","frequency":"0","gauge":"1000","oneway":"yes","operator":"Zagrebački električni tramvaj","railway":"tram","voltage":"600"}},"geometry":{"type":"LineString","coordinates":[[16.0019577,45.7787839],[16.0019374,45.7788181],[16.0019257,45.7788383],[16.001918,45.7788527],[16.0018918,45.7788953],[16.001872,45.7789296],[16.001858,45.7789606],[16.0018452,45.7790004],[16.0016779,45.7794828],[16.0016589,45.779539],[16.0016503,45.7795664],[16.0016406,45.779616],[16.0016336,45.7796835],[16.0016216,45.7797664]]}},{"type":"Feature","properties":{"osmId":"195774268","railway_type":"tram","name":null,"electrified":"contact_line","voltage":"600","frequency":"0","bounds":[16.0019577,45.7786411,16.0020066,45.7787839],"tags":{"electrified":"contact_line","frequency":"0","gauge":"1000","oneway":"yes","operator":"Zagrebački električni tramvaj","railway":"tram","voltage":"600"}},"geometry":{"type":"LineString","coordinates":[[16.0020066,45.7786411],[16.001995,45.7786781],[16.0019577,45.7787839]]}},{"type":"Feature","properties":{"osmId":"195774270","railway_type":"tram","name":null,"electrified":"contact_line","voltage":"600","frequency":"0","bounds":[15.9997268,45.7780664,16.0013191,45.7781042],"tags":{"electrified":"contact_line","frequency":"0","gauge":"1000","oneway":"yes","operator":"Zagrebački električni tramvaj","railway":"tram","voltage":"600"}},"geometry":{"type":"LineString","coordinates":[[16.0013191,45.7781042],[16.0010861,45.7781001],[16.0003256,45.7780816],[15.9997268,45.7780664]]}},{"type":"Feature","properties":{"osmId":"195774273","railway_type":"tram","name":null,"electrified":"contact_line","voltage":"600","frequency":"0","bounds":[16.0016216,45.7795051,16.0017458,45.7797664],"tags":{"electrified":"contact_line","frequency":"0","gauge":"1000","oneway":"yes","operator":"Zagrebački električni tramvaj","railway":"tram","voltage":"600"}},"geometry":{"type":"LineString","coordinates":[[16.0017458,45.7795051],[16.0017215,45.7795526],[16.0017075,45.779575],[16.0016917,45.779602],[16.0016665,45.7796438],[16.001652,45.7796816],[16.0016216,45.7797664]]}},{"type":"Feature","properties":{"osmId":"195774276","railway_type":"tram","name":null,"electrified":"contact_line","voltage":"600","frequency":"0","bounds":[16.001294,45.7797664,16.0016216,45.7811234],"tags":{"electrified":"contact_line","frequency":"0","gauge":"1000","oneway":"yes","operator":"Zagrebački električni tramvaj","railway":"tram","voltage":"600"}},"geometry":{"type":"LineString","coordinates":[[16.0016216,45.7797664],[16.0015618,45.7799268],[16.0014693,45.7801912],[16.0013758,45.7805304],[16.0013485,45.7806748],[16.0013301,45.7807723],[16.0013157,45.7808635],[16.0013028,45.7809915],[16.001294,45.7811234]]}},{"type":"Feature","properties":{"osmId":"195774279","railway_type":"tram","name":null,"electrified":"contact_line","voltage":"600","frequency":"0","bounds":[16.0019381,45.7834613,16.0033679,45.7859176],"tags":{"bridge":"yes","electrified":"contact_line","frequency":"0","gauge":"1000","layer":"1","oneway":"yes","operator":"Zagrebački električni tramvaj","railway":"tram","voltage":"600"}},"geometry":{"type":"LineString","coordinates":[[16.0033679,45.7859176],[16.0030361,45.7853561],[16.0028247,45.7849885],[16.0025043,45.7844372],[16.0019381,45.7834613]]}},{"type":"Feature","properties":{"osmId":"195774285","railway_type":"tram","name":null,"electrified":"contact_line","voltage":"600","frequency":"0","bounds":[15.9953602,45.8011064,15.9957387,45.8012671],"tags":{"electrified":"contact_line","frequency":"0","gauge":"1000","oneway":"yes","operator":"Zagrebački električni tramvaj","railway":"tram","voltage":"600"}},"geometry":{"type":"LineString","coordinates":[[15.9957387,45.8011064],[15.9956951,45.8011067],[15.9956549,45.8011089],[15.9956175,45.801113],[15.9955861,45.8011177],[15.9955654,45.8011224],[15.9955405,45.8011289],[15.9954962,45.8011443],[15.9954593,45.8011668],[15.995441,45.8011808],[15.9954156,45.8012026],[15.9953874,45.8012331],[15.9953602,45.8012671]]}},{"type":"Feature","properties":{"osmId":"195774950","railway_type":"tram","name":null,"electrified":"contact_line","voltage":"600","frequency":"0","bounds":[15.9956809,45.8010769,16.0233897,45.8043244],"tags":{"electrified":"contact_line","frequency":"0","gauge":"1000","oneway":"yes","operator":"Zagrebački električni tramvaj","railway":"tram","tracks":"2","voltage":"600"}},"geometry":{"type":"LineString","coordinates":[[15.9956809,45.8010769],[15.9957525,45.8010802],[15.9964097,45.8011166],[15.9976656,45.8011793],[15.9981928,45.8012057],[15.9995195,45.8012754],[15.9998952,45.8012915],[16.003844,45.8014911],[16.0040024,45.8015001],[16.0042861,45.801515],[16.0045451,45.8015305],[16.0050374,45.8015539],[16.0053574,45.801577],[16.0055821,45.8015928],[16.0059674,45.8016267],[16.0062047,45.8016506],[16.0063424,45.801664],[16.0065612,45.8016879],[16.0066694,45.8017001],[16.0068191,45.8017186],[16.0072519,45.8017749],[16.0077779,45.8018563],[16.0082918,45.8019369],[16.0098016,45.8021836],[16.0104776,45.8022923],[16.0105622,45.8023072],[16.0108215,45.8023529],[16.0110986,45.8024054],[16.0112811,45.8024338],[16.0120151,45.8025545],[16.0126426,45.8026608],[16.0145902,45.8029864],[16.0147572,45.8030148],[16.0149558,45.8030469],[16.0151586,45.8030835],[16.0162279,45.8032582],[16.0162881,45.803268],[16.0168407,45.8033568],[16.0197243,45.8038373],[16.0199156,45.8038735],[16.0199956,45.8038855],[16.0200694,45.8038966],[16.0202645,45.8039273],[16.0205164,45.8039635],[16.0205456,45.8039678],[16.0210133,45.8040513],[16.0222216,45.8042528],[16.0225816,45.8043051],[16.0227386,45.8043153],[16.022919,45.804324],[16.0230834,45.8043244],[16.0233104,45.8043157],[16.0233452,45.8043126],[16.0233897,45.8043092]]}},{"type":"Feature","properties":{"osmId":"195776201","railway_type":"tram","name":null,"electrified":"contact_line","voltage":"600","frequency":"0","bounds":[15.9957387,45.8011064,16.0233894,45.8043474],"tags":{"electrified":"contact_line","frequency":"0","gauge":"1000","oneway":"yes","operator":"Zagrebački električni tramvaj","railway":"tram","voltage":"600"}},"geometry":{"type":"LineString","coordinates":[[16.0233894,45.8043356],[16.0233486,45.8043383],[16.0232536,45.8043402],[16.0229229,45.8043474],[16.0225963,45.8043297],[16.0223188,45.8042948],[16.0219129,45.8042282],[16.0210846,45.8040905],[16.0206621,45.8040167],[16.0206072,45.8040072],[16.0205078,45.8039922],[16.0202519,45.8039556],[16.0200609,45.803922],[16.019986,45.8039103],[16.0192598,45.8037923],[16.0174467,45.8034879],[16.0166942,45.8033601],[16.0163975,45.8033115],[16.0161874,45.8032771],[16.0152423,45.8031221],[16.0151541,45.8031076],[16.0149524,45.8030732],[16.0147513,45.8030397],[16.012966,45.8027395],[16.0127231,45.8026987],[16.0123546,45.8026369],[16.0121482,45.8026023],[16.0113302,45.8024691],[16.0112574,45.8024572],[16.0110694,45.8024304],[16.0107942,45.8023789],[16.010536,45.8023352],[16.0104402,45.802319],[16.0084856,45.8019943],[16.0080208,45.8019209],[16.0076829,45.8018675],[16.0072402,45.8018028],[16.006983,45.8017693],[16.0066409,45.8017257],[16.006297,45.8016858],[16.0061194,45.8016688],[16.005823,45.8016411],[16.0055406,45.8016173],[16.0052686,45.8015983],[16.005114,45.8015872],[16.0045824,45.8015594],[16.0045439,45.8015589],[16.0042861,45.8015439],[16.0039973,45.8015277],[16.0002652,45.8013373],[15.9998904,45.8013228],[15.9978193,45.8012135],[15.9957387,45.8011064]]}},{"type":"Feature","properties":{"osmId":"195776204","railway_type":"tram","name":null,"electrified":"contact_line","voltage":"600","frequency":"0","bounds":[16.034499,45.7890537,16.0385562,45.7987343],"tags":{"electrified":"contact_line","frequency":"0","gauge":"1000","oneway":"yes","operator":"Zagrebački električni tramvaj","railway":"tram","voltage":"600"}},"geometry":{"type":"LineString","coordinates":[[16.0350455,45.7987343],[16.0354864,45.7985171],[16.0355827,45.7984676],[16.0357436,45.798385],[16.0358882,45.7983015],[16.0359543,45.7982641],[16.0359893,45.7982444],[16.0360971,45.7981787],[16.0361517,45.7981436],[16.0362302,45.7980953],[16.036574,45.7978388],[16.0368395,45.7976319],[16.0369984,45.7974903],[16.0370907,45.7974061],[16.037192,45.7973005],[16.0372581,45.7972134],[16.0374019,45.7970474],[16.0376142,45.7968057],[16.0378686,45.79649],[16.0380198,45.7962532],[16.0381212,45.7960321],[16.0382876,45.7952499],[16.0384611,45.7941726],[16.0385301,45.7937629],[16.0385562,45.7935308],[16.0385505,45.7933526],[16.0385323,45.7932268],[16.0384834,45.7930922],[16.0384316,45.792986],[16.0383663,45.7928798],[16.038225,45.7926936],[16.0369851,45.7914939],[16.0368398,45.791346],[16.0366711,45.7911743],[16.0365604,45.7910662],[16.034499,45.7890537]]}},{"type":"Feature","properties":{"osmId":"195777172","railway_type":"tram","name":null,"electrified":"contact_line","voltage":"600","frequency":"0","bounds":[16.0325988,45.788688,16.0335447,45.7887818],"tags":{"electrified":"contact_line","frequency":"0","gauge":"1000","oneway":"yes","operator":"Zagrebački električni tramvaj","railway":"tram","service":"siding","voltage":"600"}},"geometry":{"type":"LineString","coordinates":[[16.0335447,45.7887733],[16.0334314,45.7887814],[16.0333629,45.7887818],[16.0333246,45.7887804],[16.0327956,45.7887313],[16.0327319,45.7887215],[16.0325988,45.788688]]}},{"type":"Feature","properties":{"osmId":"195801948","railway_type":"tram","name":null,"electrified":"contact_line","voltage":"600","frequency":"0","bounds":[15.984254,45.8055221,15.9925659,45.8061901],"tags":{"electrified":"contact_line","frequency":"0","gauge":"1000","oneway":"yes","operator":"Zagrebački električni tramvaj","railway":"tram","voltage":"600"}},"geometry":{"type":"LineString","coordinates":[[15.984254,45.8055221],[15.9844972,45.8055351],[15.9852815,45.8055774],[15.9864723,45.8056379],[15.9865673,45.8056432],[15.9867004,45.8056523],[15.9869466,45.8056666],[15.9875217,45.8057006],[15.9883554,45.8057467],[15.9884854,45.8057539],[15.9891132,45.8057922],[15.9894216,45.8058138],[15.9896587,45.8058324],[15.9901505,45.8058809],[15.9902243,45.8058882],[15.9904433,45.8059134],[15.9911875,45.8060218],[15.9913738,45.8060479],[15.991603,45.8060789],[15.9920071,45.8061391],[15.9920578,45.8061505],[15.9921194,45.8061629],[15.9921414,45.8061674],[15.9921609,45.8061714],[15.9921906,45.8061775],[15.9922403,45.8061853],[15.9922823,45.8061893],[15.9923249,45.8061901],[15.9923675,45.8061877],[15.9923793,45.8061859],[15.99239,45.8061842],[15.9923946,45.8061832],[15.9924058,45.8061808],[15.9924427,45.8061682],[15.9924649,45.8061572],[15.9924904,45.8061436],[15.9925319,45.8061122],[15.9925659,45.8060752]]}},{"type":"Feature","properties":{"osmId":"195825111","railway_type":"tram","name":null,"electrified":"contact_line","voltage":"600","frequency":"0","bounds":[15.993079,45.8103323,15.9933485,45.8104447],"tags":{"electrified":"contact_line","frequency":"0","gauge":"1000","oneway":"yes","operator":"Zagrebački električni tramvaj","railway":"tram","voltage":"600"}},"geometry":{"type":"LineString","coordinates":[[15.9933485,45.8104447],[15.9933202,45.8104227],[15.9932831,45.8103939],[15.9932511,45.8103761],[15.9932156,45.8103612],[15.9931982,45.8103549],[15.9931823,45.8103499],[15.9931508,45.8103433],[15.993079,45.8103323]]}},{"type":"Feature","properties":{"osmId":"195825112","railway_type":"tram","name":null,"electrified":"contact_line","voltage":"600","frequency":"0","bounds":[15.9931039,45.8103094,15.993337,45.8103838],"tags":{"electrified":"contact_line","frequency":"0","gauge":"1000","oneway":"yes","operator":"Zagrebački električni tramvaj","railway":"tram","voltage":"600"}},"geometry":{"type":"LineString","coordinates":[[15.9931039,45.8103094],[15.9931639,45.810318],[15.9932158,45.8103262],[15.9932479,45.8103341],[15.9932569,45.8103374],[15.9932785,45.8103454],[15.9933027,45.8103593],[15.9933138,45.8103659],[15.993337,45.8103838]]}},{"type":"Feature","properties":{"osmId":"196116156","railway_type":"tram","name":null,"electrified":"contact_line","voltage":"600","frequency":"0","bounds":[15.9972361,45.8144201,15.9975252,45.8151252],"tags":{"electrified":"contact_line","frequency":"0","gauge":"1000","oneway":"yes","operator":"Zagrebački električni tramvaj","railway":"tram","voltage":"600"}},"geometry":{"type":"LineString","coordinates":[[15.9972361,45.8144201],[15.9972738,45.8144324],[15.9973839,45.8144689],[15.9974211,45.8144842],[15.9974445,45.8144958],[15.9974698,45.814514],[15.997487,45.8145289],[15.9974979,45.81454],[15.9975136,45.8145615],[15.9975208,45.8145804],[15.9975252,45.8146068],[15.997525,45.8146262],[15.9975228,45.8146478],[15.9975145,45.8146722],[15.9975024,45.8146983],[15.9974813,45.8147316],[15.9973913,45.8148799],[15.9973809,45.8148983],[15.9973723,45.8149176],[15.9973681,45.8149358],[15.9973649,45.8149605],[15.9973653,45.814977],[15.9973681,45.8149888],[15.9973736,45.8150115],[15.997386,45.815038],[15.9974031,45.8150601],[15.9974221,45.8150781],[15.9974524,45.8151022],[15.997495,45.8151252]]}},{"type":"Feature","properties":{"osmId":"196116158","railway_type":"tram","name":null,"electrified":"contact_line","voltage":"600","frequency":"0","bounds":[15.9933485,45.8104447,15.9966728,45.8149202],"tags":{"electrified":"contact_line","frequency":"0","gauge":"1000","oneway":"yes","operator":"Zagrebački električni tramvaj","railway":"tram","voltage":"600"}},"geometry":{"type":"LineString","coordinates":[[15.9965961,45.8149202],[15.9965856,45.8149137],[15.9965477,45.8148902],[15.9965214,45.8148666],[15.9965013,45.8148399],[15.996491,45.8148264],[15.9964759,45.8147926],[15.9964721,45.8147743],[15.9964713,45.814761],[15.9964717,45.8147484],[15.9964733,45.8147405],[15.9964779,45.8147182],[15.996504,45.8146597],[15.9965136,45.8146435],[15.9965512,45.8145853],[15.9965714,45.8145559],[15.9966442,45.8144498],[15.9966667,45.8144014],[15.9966715,45.8143779],[15.9966728,45.8143689],[15.996672,45.8143378],[15.996669,45.8143251],[15.9966647,45.8143127],[15.9966508,45.8142858],[15.9966471,45.8142787],[15.9966409,45.8142659],[15.9965748,45.8141897],[15.9965191,45.8141196],[15.9964155,45.8139981],[15.9958896,45.8133804],[15.9953331,45.8127262],[15.9952351,45.8126123],[15.9951362,45.8124955],[15.9950033,45.8123384],[15.9936857,45.8108313],[15.9934042,45.8105076],[15.9933485,45.8104447]]}},{"type":"Feature","properties":{"osmId":"196116160","railway_type":"tram","name":null,"electrified":"contact_line","voltage":"600","frequency":"0","bounds":[15.9962257,45.8145853,15.9965512,45.8146958],"tags":{"electrified":"contact_line","frequency":"0","gauge":"1000","oneway":"yes","operator":"Zagrebački električni tramvaj","railway":"tram","voltage":"600"}},"geometry":{"type":"LineString","coordinates":[[15.9962257,45.8146836],[15.9962674,45.8146918],[15.9962914,45.8146942],[15.996327,45.8146958],[15.9963393,45.8146952],[15.9963702,45.8146938],[15.996396,45.8146891],[15.996418,45.8146838],[15.996444,45.8146742],[15.9964693,45.814663],[15.9964823,45.8146543],[15.9964974,45.8146443],[15.9965107,45.8146329],[15.9965512,45.8145853]]}},{"type":"Feature","properties":{"osmId":"196116161","railway_type":"tram","name":null,"electrified":"contact_line","voltage":"600","frequency":"0","bounds":[15.9968775,45.8149325,15.9972338,45.8150432],"tags":{"electrified":"contact_line","frequency":"0","gauge":"1000","oneway":"yes","operator":"Zagrebački električni tramvaj","railway":"tram","voltage":"600"}},"geometry":{"type":"LineString","coordinates":[[15.9972338,45.8149325],[15.9972183,45.8149541],[15.9971949,45.814979],[15.9971644,45.8150003],[15.9971391,45.8150137],[15.9971022,45.8150294],[15.9970776,45.8150377],[15.9970449,45.8150425],[15.9970172,45.8150432],[15.9969858,45.8150419],[15.9969488,45.8150365],[15.9968775,45.8150184]]}},{"type":"Feature","properties":{"osmId":"196116399","railway_type":"tram","name":null,"electrified":"contact_line","voltage":"600","frequency":"0","bounds":[15.9370114,45.7954233,15.9394354,45.7968918],"tags":{"electrified":"contact_line","frequency":"0","gauge":"1000","oneway":"yes","operator":"Zagrebački električni tramvaj","railway":"tram","service":"yard","voltage":"600"}},"geometry":{"type":"LineString","coordinates":[[15.9370949,45.7967177],[15.9370953,45.7966789],[15.937091,45.7966494],[15.9370855,45.7966305],[15.9370781,45.7966106],[15.9370655,45.7965892],[15.9370461,45.7965585],[15.9370296,45.7965269],[15.9370196,45.7965008],[15.9370135,45.7964754],[15.9370114,45.7964426],[15.9370219,45.7963445],[15.9370744,45.7959679],[15.9371013,45.7956812],[15.937104,45.7956597],[15.9371079,45.7956295],[15.9371432,45.7955597],[15.9371666,45.7955301],[15.9371976,45.7954991],[15.9372343,45.7954742],[15.9372735,45.7954548],[15.9373159,45.7954398],[15.9373579,45.7954296],[15.9373981,45.7954249],[15.9374556,45.7954233],[15.9376581,45.7954334],[15.9376891,45.7954344],[15.9378403,45.7954421],[15.9391759,45.7955025],[15.9392374,45.795508],[15.939284,45.7955166],[15.9393203,45.7955296],[15.9393624,45.7955506],[15.9393895,45.7955693],[15.9394143,45.7955981],[15.9394281,45.7956246],[15.9394344,45.7956538],[15.9394354,45.7956937],[15.9393579,45.7961338],[15.9393328,45.7962617],[15.9393056,45.7964053],[15.9392758,45.7965623],[15.9392691,45.7965945],[15.9392514,45.7966822],[15.939247,45.7967286],[15.9392463,45.7967782],[15.9392488,45.7968141],[15.939251,45.7968465],[15.9392493,45.7968918]]}},{"type":"Feature","properties":{"osmId":"196117899","railway_type":"tram","name":null,"electrified":"contact_line","voltage":"600","frequency":"0","bounds":[16.0382708,45.818955,16.041004,45.8198086],"tags":{"electrified":"contact_line","frequency":"0","gauge":"1000","operator":"Zagrebački električni tramvaj","railway":"tram","railway:operator":"Zagrebački električni tramvaj","service":"yard","voltage":"600"}},"geometry":{"type":"LineString","coordinates":[[16.0382708,45.818955],[16.0385895,45.8190095],[16.0392739,45.8191272],[16.039458,45.8191588],[16.0396341,45.8191891],[16.0397561,45.8192101],[16.0398894,45.819233],[16.0400429,45.8192594],[16.040065,45.8192632],[16.0401617,45.8192798],[16.040545,45.8193457],[16.040688,45.8193702],[16.0407404,45.8193805],[16.040795,45.8193938],[16.0408407,45.8194133],[16.0408787,45.8194351],[16.0409104,45.8194576],[16.0409391,45.8194837],[16.0409645,45.8195143],[16.0409851,45.8195506],[16.0409988,45.8195852],[16.041004,45.819625],[16.0410008,45.8196647],[16.0409894,45.8197056],[16.0409578,45.8198086]]}},{"type":"Feature","properties":{"osmId":"196117901","railway_type":"tram","name":null,"electrified":"contact_line","voltage":"600","frequency":"0","bounds":[16.0376447,45.8244792,16.0383997,45.8245713],"tags":{"electrified":"contact_line","frequency":"0","gauge":"1000","oneway":"yes","operator":"Zagrebački električni tramvaj","railway":"tram","voltage":"600"}},"geometry":{"type":"LineString","coordinates":[[16.0383997,45.8244933],[16.0383533,45.8245175],[16.0383199,45.8245331],[16.038302,45.8245418],[16.0382735,45.8245508],[16.0382451,45.8245575],[16.0382189,45.8245634],[16.0381755,45.824568],[16.0381259,45.8245713],[16.0380788,45.8245674],[16.038037,45.8245618],[16.0376447,45.8244792]]}},{"type":"Feature","properties":{"osmId":"196117902","railway_type":"tram","name":null,"electrified":"contact_line","voltage":"600","frequency":"0","bounds":[16.0369416,45.8209823,16.0404816,45.8214931],"tags":{"electrified":"contact_line","frequency":"0","gauge":"1000","operator":"Zagrebački električni tramvaj","railway":"tram","railway:operator":"Zagrebački električni tramvaj","service":"yard","voltage":"600"}},"geometry":{"type":"LineString","coordinates":[[16.0369416,45.8212456],[16.0369745,45.8211706],[16.0369949,45.8211411],[16.0370146,45.8211183],[16.0370233,45.821109],[16.0370497,45.8210809],[16.0370795,45.8210564],[16.0371142,45.8210333],[16.0371431,45.8210159],[16.0371693,45.8210046],[16.0372066,45.8209934],[16.0372645,45.8209838],[16.0372948,45.8209823],[16.0373316,45.8209844],[16.037434,45.8210019],[16.038093,45.8211207],[16.0381741,45.8211364],[16.0382315,45.8211481],[16.0382685,45.8211577],[16.0383148,45.8211723],[16.038351,45.8211813],[16.038385,45.8211883],[16.0387,45.8212457],[16.0394589,45.8213811],[16.0400035,45.8214783],[16.0400826,45.8214904],[16.0401437,45.8214931],[16.0402015,45.8214881],[16.0402559,45.8214766],[16.0403012,45.821462],[16.0403435,45.8214415],[16.0403814,45.8214171],[16.0404162,45.8213852],[16.0404429,45.8213524],[16.0404622,45.8213133],[16.0404816,45.8212615]]}},{"type":"Feature","properties":{"osmId":"196117903","railway_type":"tram","name":null,"electrified":"contact_line","voltage":"600","frequency":"0","bounds":[16.0356107,45.8236907,16.0361857,45.8239463],"tags":{"electrified":"contact_line","frequency":"0","gauge":"1000","oneway":"yes","operator":"Zagrebački električni tramvaj","railway":"tram","railway:operator":"Zagrebački električni tramvaj","service":"yard","voltage":"600"}},"geometry":{"type":"LineString","coordinates":[[16.0361857,45.8236907],[16.0361552,45.8237742],[16.0361357,45.8238091],[16.0361079,45.8238367],[16.0360801,45.8238555],[16.0360476,45.8238733],[16.036007,45.8238891],[16.0359629,45.8239043],[16.0359102,45.82392],[16.0358571,45.8239328],[16.0358204,45.8239393],[16.0357709,45.8239439],[16.0356986,45.8239463],[16.0356107,45.8239422]]}},{"type":"Feature","properties":{"osmId":"196117904","railway_type":"tram","name":null,"electrified":"contact_line","voltage":"600","frequency":"0","bounds":[16.0370437,45.8208688,16.0375212,45.8210459],"tags":{"electrified":"contact_line","frequency":"0","gauge":"1000","operator":"Zagrebački električni tramvaj","railway":"tram","railway:operator":"Zagrebački električni tramvaj","service":"yard","voltage":"600"}},"geometry":{"type":"LineString","coordinates":[[16.0375212,45.8208964],[16.0374739,45.8208874],[16.0374221,45.8208783],[16.0373775,45.8208719],[16.0373394,45.820869],[16.0373096,45.8208688],[16.0372847,45.82087],[16.0372474,45.8208754],[16.0371845,45.8208919],[16.0371449,45.8209137],[16.0371201,45.8209309],[16.0371009,45.8209472],[16.0370822,45.8209699],[16.0370651,45.8209976],[16.0370437,45.8210459]]}},{"type":"Feature","properties":{"osmId":"196119366","railway_type":"tram","name":null,"electrified":"contact_line","voltage":"600","frequency":"0","bounds":[15.993079,45.8103323,16.0188277,45.8154715],"tags":{"electrified":"contact_line","frequency":"0","gauge":"1000","oneway":"yes","operator":"Zagrebački električni tramvaj","railway":"tram","voltage":"600"}},"geometry":{"type":"LineString","coordinates":[[16.0188277,45.8145132],[16.0187848,45.8145306],[16.0187357,45.8145474],[16.0186658,45.8145645],[16.0186168,45.8145699],[16.0185901,45.8145699],[16.0184898,45.814559],[16.0183297,45.8145348],[16.018233,45.8145179],[16.0175927,45.8144079],[16.0175641,45.8144024],[16.0175216,45.8143957],[16.0174369,45.8143821],[16.0173917,45.8143767],[16.0173843,45.8143765],[16.0173326,45.8143751],[16.0172855,45.8143777],[16.0172268,45.814388],[16.0171684,45.8144065],[16.0163859,45.8146953],[16.0159056,45.8148514],[16.015491,45.814966],[16.0152429,45.8150284],[16.014914,45.8151071],[16.0145609,45.8151798],[16.0139787,45.8152861],[16.0134774,45.8153538],[16.0132939,45.8153771],[16.0131508,45.8153907],[16.0129672,45.8154084],[16.0128363,45.8154202],[16.0126198,45.8154369],[16.0123543,45.8154529],[16.0121917,45.8154598],[16.0119943,45.8154666],[16.011822,45.8154701],[16.0115999,45.8154715],[16.011362,45.8154698],[16.0111096,45.8154634],[16.0107629,45.8154553],[16.010538,45.815446],[16.0103847,45.815433],[16.01011,45.8154057],[16.0099418,45.8153816],[16.0096216,45.8153238],[16.0094559,45.815285],[16.0093189,45.8152508],[16.0092762,45.8152397],[16.0091291,45.8151941],[16.0090193,45.8151596],[16.0089701,45.8151442],[16.0088981,45.8151169],[16.0086969,45.8150406],[16.0086054,45.8150028],[16.0085189,45.8149656],[16.0083313,45.8148858],[16.0082015,45.8148245],[16.0080883,45.8147716],[16.0080292,45.8147436],[16.0074548,45.8144706],[16.0070533,45.8142886],[16.006518,45.8140551],[16.0064815,45.8140395],[16.0064571,45.8140292],[16.0064072,45.814008],[16.0063243,45.8139727],[16.0062989,45.8139619],[16.0059064,45.8137976],[16.0055379,45.8136461],[16.0052892,45.8135465],[16.004981,45.8134275],[16.0047019,45.8133121],[16.0046189,45.8132817],[16.0045519,45.8132552],[16.0034164,45.8128208],[16.002784,45.8125866],[16.0023425,45.8124315],[16.0023033,45.8124181],[16.0022367,45.8123954],[16.0021847,45.8123776],[16.0016814,45.8122109],[16.0013644,45.8121126],[16.0009816,45.8119934],[16.0005896,45.8118803],[16.000431,45.8118366],[16.0003419,45.811812],[16.0002297,45.8117802],[16.000068,45.8117365],[15.9993761,45.8115428],[15.9989319,45.8114203],[15.9986662,45.8113539],[15.9982073,45.8112378],[15.9978012,45.8111437],[15.9977082,45.8111223],[15.9975879,45.8110956],[15.9975049,45.8110772],[15.9970841,45.8109871],[15.9967686,45.8109211],[15.9963803,45.8108443],[15.9961266,45.8107964],[15.9957537,45.8107266],[15.9951826,45.8106219],[15.9948455,45.810571],[15.9943804,45.8105014],[15.9942112,45.8104775],[15.9939116,45.8104362],[15.9937904,45.8104195],[15.9935654,45.8103917],[15.9934146,45.8103731],[15.9933168,45.8103609],[15.9933027,45.8103593],[15.9932725,45.8103556],[15.9931896,45.8103456],[15.993079,45.8103323]]}},{"type":"Feature","properties":{"osmId":"196119369","railway_type":"tram","name":null,"electrified":"contact_line","voltage":"600","frequency":"0","bounds":[15.988077,45.8098009,15.9931039,45.8103094],"tags":{"electrified":"contact_line","frequency":"0","gauge":"1000","oneway":"yes","operator":"Zagrebački električni tramvaj","railway":"tram","tracks":"2","voltage":"600"}},"geometry":{"type":"LineString","coordinates":[[15.988077,45.8098009],[15.9880826,45.8098479],[15.9881049,45.8098855],[15.9881269,45.8099115],[15.9881577,45.8099313],[15.9881999,45.8099518],[15.9882641,45.8099673],[15.9883227,45.8099785],[15.9883684,45.8099844],[15.9895707,45.8100287],[15.9897252,45.810036],[15.9898431,45.8100407],[15.9912564,45.8101271],[15.9914397,45.8101417],[15.9920683,45.8101969],[15.9924769,45.8102374],[15.9928911,45.810283],[15.9930271,45.8103001],[15.9931039,45.8103094]]}},{"type":"Feature","properties":{"osmId":"196125796","railway_type":"tram","name":null,"electrified":"contact_line","voltage":"600","frequency":"0","bounds":[16.0186344,45.8139134,16.0193861,45.8144851],"tags":{"electrified":"contact_line","frequency":"0","gauge":"1000","oneway":"yes","operator":"Zagrebački električni tramvaj","railway":"tram","voltage":"600"}},"geometry":{"type":"LineString","coordinates":[[16.0186344,45.8140981],[16.0187124,45.8140491],[16.0187719,45.8140103],[16.0188199,45.8139799],[16.0188754,45.8139558],[16.0189555,45.8139262],[16.0190002,45.8139177],[16.0190687,45.8139134],[16.0191226,45.8139166],[16.0191804,45.8139252],[16.0192289,45.8139407],[16.0192721,45.8139633],[16.0193052,45.8139869],[16.0193283,45.8140111],[16.0193529,45.8140427],[16.0193722,45.8140755],[16.0193807,45.8141088],[16.0193861,45.8141437],[16.0193845,45.8141732],[16.0193799,45.8141931],[16.0193606,45.8142344],[16.0193244,45.814279],[16.0192967,45.8143004],[16.0192543,45.814323],[16.0190632,45.8144115],[16.0188981,45.8144851]]}},{"type":"Feature","properties":{"osmId":"196127397","railway_type":"tram","name":null,"electrified":"contact_line","voltage":"600","frequency":"0","bounds":[15.9665104,45.8054306,15.9780682,45.8056974],"tags":{"electrified":"contact_line","frequency":"0","gauge":"1000","oneway":"yes","operator":"Zagrebački električni tramvaj","railway":"tram","voltage":"600"}},"geometry":{"type":"LineString","coordinates":[[15.9780682,45.8054894],[15.9780503,45.8055494],[15.9780352,45.805579],[15.9780103,45.8056086],[15.9779924,45.8056254],[15.9779723,45.8056396],[15.977948,45.8056529],[15.9779123,45.8056676],[15.9778932,45.8056721],[15.9778832,45.8056744],[15.9778716,45.8056772],[15.977823,45.8056825],[15.9777348,45.8056843],[15.9769432,45.8056616],[15.9768712,45.805661],[15.9768101,45.8056636],[15.9767422,45.8056708],[15.9766146,45.8056871],[15.9765514,45.8056939],[15.9765003,45.8056973],[15.9764491,45.8056974],[15.9754343,45.8056725],[15.9751961,45.8056666],[15.9742912,45.8056398],[15.9739915,45.8056312],[15.9737717,45.8056339],[15.9730219,45.8056168],[15.9724496,45.8055994],[15.9723196,45.8055965],[15.9711188,45.8055636],[15.9710321,45.8055616],[15.9694471,45.805516],[15.969344,45.8055134],[15.9692642,45.8055113],[15.9672749,45.8054553],[15.9672458,45.8054543],[15.9668553,45.8054424],[15.966713,45.8054366],[15.9666694,45.8054346],[15.9666422,45.8054333],[15.9665104,45.8054306]]}},{"type":"Feature","properties":{"osmId":"196127400","railway_type":"tram","name":null,"electrified":"contact_line","voltage":"600","frequency":"0","bounds":[15.9654112,45.8049643,15.9659774,45.8053469],"tags":{"electrified":"contact_line","frequency":"0","gauge":"1000","oneway":"yes","operator":"Zagrebački električni tramvaj","railway":"tram","voltage":"600"}},"geometry":{"type":"LineString","coordinates":[[15.9654112,45.8053469],[15.9654825,45.80534],[15.9655154,45.8053315],[15.9656063,45.8052922],[15.9658608,45.8051625],[15.9659123,45.8051386],[15.9659581,45.8050941],[15.9659665,45.805078],[15.9659761,45.8050454],[15.9659774,45.805026],[15.9659734,45.8049976],[15.9659597,45.8049643]]}},{"type":"Feature","properties":{"osmId":"196365003","railway_type":"tram","name":null,"electrified":"contact_line","voltage":"600","frequency":"0","bounds":[15.9837694,45.8055178,15.9843674,45.8055504],"tags":{"electrified":"contact_line","frequency":"0","gauge":"1000","oneway":"yes","operator":"Zagrebački električni tramvaj","railway":"tram","voltage":"600"}},"geometry":{"type":"LineString","coordinates":[[15.9843674,45.8055504],[15.9841454,45.8055383],[15.9840564,45.8055334],[15.9839714,45.8055288],[15.983819,45.8055205],[15.9837694,45.8055178]]}},{"type":"Feature","properties":{"osmId":"196365005","railway_type":"tram","name":null,"electrified":"contact_line","voltage":"600","frequency":"0","bounds":[15.9838886,45.8055024,15.984254,45.8055221],"tags":{"electrified":"contact_line","frequency":"0","gauge":"1000","oneway":"yes","operator":"Zagrebački električni tramvaj","railway":"tram","voltage":"600"}},"geometry":{"type":"LineString","coordinates":[[15.9838886,45.8055024],[15.9840585,45.8055116],[15.984254,45.8055221]]}},{"type":"Feature","properties":{"osmId":"196365010","railway_type":"tram","name":null,"electrified":"contact_line","voltage":"600","frequency":"0","bounds":[15.9839938,45.8055221,15.984254,45.8057069],"tags":{"electrified":"contact_line","frequency":"0","gauge":"1000","oneway":"yes","operator":"Zagrebački električni tramvaj","railway":"tram","voltage":"600"}},"geometry":{"type":"LineString","coordinates":[[15.9839938,45.8057069],[15.9840089,45.8056601],[15.9840186,45.8056378],[15.9840316,45.8056157],[15.9840502,45.8055942],[15.9840697,45.8055771],[15.9840988,45.8055594],[15.9841236,45.8055469],[15.9841454,45.8055383],[15.9841749,45.805531],[15.9842093,45.8055256],[15.984254,45.8055221]]}},{"type":"Feature","properties":{"osmId":"196365013","railway_type":"tram","name":null,"electrified":"contact_line","voltage":"600","frequency":"0","bounds":[15.9837694,45.8055178,15.9839938,45.8057069],"tags":{"electrified":"contact_line","frequency":"0","gauge":"1000","oneway":"yes","operator":"Zagrebački električni tramvaj","railway":"tram","voltage":"600"}},"geometry":{"type":"LineString","coordinates":[[15.9839938,45.8057069],[15.9839867,45.8056593],[15.9839801,45.8056374],[15.9839712,45.8056205],[15.983958,45.8056042],[15.9839394,45.8055847],[15.9839117,45.8055637],[15.9838839,45.8055485],[15.9838476,45.8055346],[15.9838184,45.8055272],[15.9837694,45.8055178]]}},{"type":"Feature","properties":{"osmId":"196365016","railway_type":"tram","name":null,"electrified":"contact_line","voltage":"600","frequency":"0","bounds":[15.9840824,45.8055504,15.9843674,45.8057183],"tags":{"electrified":"contact_line","frequency":"0","gauge":"1000","oneway":"yes","operator":"Zagrebački električni tramvaj","railway":"tram","voltage":"600"}},"geometry":{"type":"LineString","coordinates":[[15.9843674,45.8055504],[15.9843158,45.8055542],[15.9842706,45.8055609],[15.9842241,45.8055735],[15.9841873,45.8055895],[15.9841565,45.8056081],[15.9841357,45.8056237],[15.9841165,45.8056438],[15.9841015,45.8056635],[15.9840824,45.8057183]]}},{"type":"Feature","properties":{"osmId":"196365019","railway_type":"tram","name":null,"electrified":"contact_line","voltage":"600","frequency":"0","bounds":[15.9838886,45.8055024,15.9840824,45.8057183],"tags":{"electrified":"contact_line","frequency":"0","gauge":"1000","oneway":"yes","operator":"Zagrebački električni tramvaj","railway":"tram","voltage":"600"}},"geometry":{"type":"LineString","coordinates":[[15.9838886,45.8055024],[15.9839248,45.8055117],[15.9839502,45.80552],[15.9839714,45.8055288],[15.98399,45.8055396],[15.9840075,45.8055518],[15.9840285,45.8055698],[15.9840502,45.8055942],[15.9840665,45.8056192],[15.9840752,45.8056419],[15.9840783,45.8056627],[15.9840824,45.8057183]]}},{"type":"Feature","properties":{"osmId":"196769873","railway_type":"tram","name":null,"electrified":"contact_line","voltage":"600","frequency":"0","bounds":[15.9866975,45.8101705,15.9880488,45.8105122],"tags":{"electrified":"contact_line","frequency":"0","gauge":"1000","oneway":"yes","operator":"Zagrebački električni tramvaj","railway":"tram","voltage":"600"}},"geometry":{"type":"LineString","coordinates":[[15.9880488,45.8101705],[15.9880457,45.8102373],[15.9880428,45.8102852],[15.9880368,45.8103423],[15.9880308,45.8103771],[15.9880221,45.8104006],[15.9880021,45.8104313],[15.9879726,45.8104584],[15.9879544,45.8104724],[15.9879207,45.8104871],[15.9878783,45.8105016],[15.9878414,45.8105099],[15.9877785,45.8105122],[15.9876759,45.8105097],[15.986842,45.8104778],[15.9866975,45.8104723]]}},{"type":"Feature","properties":{"osmId":"288922210","railway_type":"tram","name":null,"electrified":"contact_line","voltage":"600","frequency":"0","bounds":[15.9867411,45.8094134,15.988091,45.8098009],"tags":{"electrified":"contact_line","frequency":"0","gauge":"1000","oneway":"yes","operator":"Zagrebački električni tramvaj","railway":"tram","voltage":"600"}},"geometry":{"type":"LineString","coordinates":[[15.9867411,45.8094134],[15.987175,45.8094278],[15.987658,45.8094419],[15.9877807,45.8094459],[15.9878323,45.809449],[15.9878828,45.8094536],[15.9879229,45.8094594],[15.9879708,45.8094726],[15.988012,45.8094918],[15.9880458,45.809517],[15.9880623,45.8095362],[15.9880819,45.8095665],[15.988089,45.8095986],[15.988091,45.8096369],[15.9880881,45.8097072],[15.988077,45.8098009]]}},{"type":"Feature","properties":{"osmId":"327263079","railway_type":"tram","name":null,"electrified":"contact_line","voltage":"600","frequency":"0","bounds":[15.9780126,45.8051989,15.9838886,45.8055024],"tags":{"electrified":"contact_line","frequency":"0","gauge":"1000","oneway":"yes","operator":"Zagrebački električni tramvaj","railway":"tram","voltage":"600"}},"geometry":{"type":"LineString","coordinates":[[15.9780126,45.8054889],[15.9780185,45.8053769],[15.9780263,45.8053467],[15.9780395,45.8053174],[15.9780576,45.8052941],[15.9780797,45.8052726],[15.9781148,45.8052452],[15.9781536,45.8052267],[15.978195,45.8052147],[15.9782526,45.8052017],[15.9783182,45.8051989],[15.9787319,45.8052218],[15.9792522,45.8052529],[15.9794143,45.8052619],[15.9795071,45.8052671],[15.9798697,45.8052872],[15.9802335,45.8053074],[15.9803277,45.8053126],[15.980397,45.8053158],[15.9804695,45.8053205],[15.9813941,45.8053718],[15.9820788,45.8054098],[15.9821792,45.8054153],[15.982913,45.8054499],[15.9836568,45.8054899],[15.9838208,45.8054988],[15.9838886,45.8055024]]}},{"type":"Feature","properties":{"osmId":"327287577","railway_type":"tram","name":null,"electrified":"contact_line","voltage":null,"frequency":"0","bounds":[15.966561,45.8054424,15.9668553,45.8056909],"tags":{"electrified":"contact_line","frequency":"0","gauge":"1000","oneway":"yes","operator":"Zagrebački električni tramvaj","railway":"tram"}},"geometry":{"type":"LineString","coordinates":[[15.9668553,45.8054424],[15.9667257,45.8054551],[15.9666929,45.8054626],[15.9666672,45.8054714],[15.9666415,45.8054837],[15.9666283,45.805493],[15.9666101,45.8055075],[15.9666044,45.805514],[15.9665929,45.8055269],[15.9665792,45.8055445],[15.9665703,45.8055611],[15.9665641,45.8055812],[15.966561,45.805599],[15.9665624,45.8056194],[15.9665655,45.8056404],[15.9665734,45.8056623],[15.9665846,45.8056909]]}},{"type":"Feature","properties":{"osmId":"327862984","railway_type":"tram","name":null,"electrified":"contact_line","voltage":"600","frequency":"0","bounds":[15.9570752,45.8053941,15.9665104,45.8091659],"tags":{"electrified":"contact_line","frequency":"0","gauge":"1000","oneway":"yes","operator":"Zagrebački električni tramvaj","railway":"tram","voltage":"600"}},"geometry":{"type":"LineString","coordinates":[[15.9665104,45.8054306],[15.9664007,45.8054287],[15.9663532,45.8054279],[15.9663427,45.8054282],[15.9663351,45.8054278],[15.9662762,45.8054266],[15.9661028,45.8054237],[15.9656593,45.8054056],[15.9653899,45.8053975],[15.9652419,45.8053941],[15.9651924,45.8053952],[15.9651477,45.8053987],[15.9651056,45.8054057],[15.9650562,45.8054168],[15.9650047,45.8054343],[15.9649576,45.80546],[15.9644583,45.8058016],[15.9640941,45.8060552],[15.9619705,45.8076019],[15.9619195,45.8076373],[15.9618106,45.8077103],[15.9617274,45.8077643],[15.9616695,45.8078019],[15.9615246,45.8078862],[15.9614487,45.8079288],[15.9613833,45.8079617],[15.9613211,45.8079908],[15.9611734,45.8080549],[15.9610293,45.8081155],[15.9606153,45.8082807],[15.9604098,45.8083623],[15.9601767,45.8084539],[15.9599877,45.8085241],[15.9597674,45.8086],[15.9595433,45.8086747],[15.9590737,45.808806],[15.9586645,45.8088993],[15.9582495,45.8089717],[15.9581081,45.808992],[15.9580093,45.8090026],[15.9578946,45.8090118],[15.9574217,45.8090403],[15.9573604,45.809043],[15.9572865,45.8090506],[15.9572403,45.8090591],[15.9572013,45.8090709],[15.9571671,45.8090867],[15.9571411,45.8091014],[15.9571211,45.8091164],[15.9570974,45.8091389],[15.9570752,45.8091659]]}},{"type":"Feature","properties":{"osmId":"327931668","railway_type":"tram","name":null,"electrified":"contact_line","voltage":"600","frequency":"0","bounds":[15.962114,45.799316,15.9623259,45.7996286],"tags":{"electrified":"contact_line","frequency":"0","gauge":"1000","oneway":"yes","operator":"Zagrebački električni tramvaj","railway":"tram","voltage":"600"}},"geometry":{"type":"LineString","coordinates":[[15.9623259,45.7996286],[15.9622279,45.799484],[15.962114,45.799316]]}},{"type":"Feature","properties":{"osmId":"327931669","railway_type":"tram","name":null,"electrified":"contact_line","voltage":"600","frequency":"0","bounds":[15.9621979,45.7992603,15.9624583,45.7996345],"tags":{"electrified":"contact_line","frequency":"0","gauge":"1000","oneway":"yes","operator":"Zagrebački električni tramvaj","railway":"tram","voltage":"600"}},"geometry":{"type":"LineString","coordinates":[[15.9621979,45.7992603],[15.9622329,45.7993112],[15.962301,45.7994105],[15.9623263,45.7994473],[15.9623559,45.7994905],[15.9623638,45.799502],[15.9623831,45.799529],[15.9624583,45.7996345]]}},{"type":"Feature","properties":{"osmId":"327931670","railway_type":"tram","name":null,"electrified":"contact_line","voltage":"600","frequency":"0","bounds":[15.9539306,45.787323,15.962114,45.799316],"tags":{"electrified":"contact_line","frequency":"0","gauge":"1000","oneway":"yes","operator":"Zagrebački električni tramvaj","railway":"tram","voltage":"600"}},"geometry":{"type":"LineString","coordinates":[[15.962114,45.799316],[15.9621064,45.7993049],[15.9620921,45.7992837],[15.9620328,45.7991964],[15.9617072,45.7987172],[15.9615816,45.798541],[15.9614511,45.7983469],[15.9613919,45.7982611],[15.9613235,45.7981599],[15.9612495,45.7980514],[15.9611353,45.7978873],[15.9609359,45.7975979],[15.9607174,45.7972695],[15.9605331,45.796993],[15.960513,45.7969622],[15.9604926,45.7969335],[15.9603862,45.7967827],[15.9602043,45.7965129],[15.9601427,45.7964236],[15.9598126,45.795945],[15.959774,45.7958891],[15.9597326,45.795829],[15.959664,45.7957289],[15.9593075,45.7951927],[15.9591822,45.79501],[15.9590657,45.7948409],[15.9589763,45.7947119],[15.9588131,45.7944836],[15.9586987,45.7943144],[15.9586339,45.7942201],[15.9585925,45.794152],[15.9585499,45.7941026],[15.9584567,45.7939584],[15.9580871,45.7934164],[15.9579459,45.7932134],[15.9578686,45.7931001],[15.9578526,45.7930767],[15.9578177,45.7930256],[15.9575014,45.7925544],[15.957413,45.7924256],[15.9572476,45.7921873],[15.9571485,45.7920461],[15.9571017,45.7919794],[15.9565481,45.7911619],[15.9565193,45.7911189],[15.9563777,45.7909121],[15.9562851,45.7907757],[15.9562274,45.7906896],[15.9560265,45.7903957],[15.9559385,45.7902608],[15.9558542,45.7901246],[15.9557675,45.7899924],[15.9555651,45.7896984],[15.955536,45.7896562],[15.9555032,45.7896086],[15.9552483,45.7892384],[15.9550261,45.7889156],[15.9548361,45.7886396],[15.9546254,45.7883322],[15.9541791,45.7876909],[15.9540178,45.7874447],[15.9539306,45.787323]]}},{"type":"Feature","properties":{"osmId":"327931671","railway_type":"tram","name":null,"electrified":"contact_line","voltage":"600","frequency":"0","bounds":[15.9624583,45.7996345,15.9647834,45.8030567],"tags":{"electrified":"contact_line","frequency":"0","gauge":"1000","oneway":"yes","operator":"Zagrebački električni tramvaj","railway":"tram","voltage":"600"}},"geometry":{"type":"LineString","coordinates":[[15.9624583,45.7996345],[15.9627906,45.8001236],[15.9630459,45.8005055],[15.9631168,45.8006083],[15.9633063,45.8008872],[15.9641767,45.8021592],[15.9642812,45.8023288],[15.9646115,45.8027977],[15.9646878,45.802907],[15.9647551,45.8030127],[15.9647834,45.8030567]]}},{"type":"Feature","properties":{"osmId":"327934876","railway_type":"tram","name":null,"electrified":"contact_line","voltage":"600","frequency":"0","bounds":[15.9533997,45.7865472,15.9539306,45.787323],"tags":{"electrified":"contact_line","frequency":"0","gauge":"1000","oneway":"yes","operator":"Zagrebački električni tramvaj","railway":"tram","voltage":"600"}},"geometry":{"type":"LineString","coordinates":[[15.9539306,45.787323],[15.9538161,45.7871505],[15.9537103,45.7870066],[15.9535855,45.7868152],[15.9535767,45.7868012],[15.9533997,45.7865472]]}},{"type":"Feature","properties":{"osmId":"327934877","railway_type":"tram","name":null,"electrified":"contact_line","voltage":"600","frequency":"0","bounds":[15.9530681,45.7868827,15.9539306,45.787323],"tags":{"electrified":"contact_line","frequency":"0","gauge":"1000","oneway":"yes","operator":"Zagrebački električni tramvaj","railway":"tram","voltage":"600"}},"geometry":{"type":"LineString","coordinates":[[15.9539306,45.787323],[15.9538691,45.7872559],[15.953826,45.7872192],[15.95379,45.7871911],[15.9536807,45.7871263],[15.9535487,45.787058],[15.9534478,45.787011],[15.9533368,45.7869659],[15.95324,45.7869316],[15.9530681,45.7868827]]}},{"type":"Feature","properties":{"osmId":"327938584","railway_type":"tram","name":null,"electrified":"contact_line","voltage":"600","frequency":"0","bounds":[15.9535934,45.7866397,15.9541417,45.7874491],"tags":{"electrified":"contact_line","frequency":"0","gauge":"1000","oneway":"yes","operator":"Zagrebački električni tramvaj","railway":"tram","voltage":"600"}},"geometry":{"type":"LineString","coordinates":[[15.9535934,45.7866397],[15.9536791,45.7867663],[15.9539386,45.7871507],[15.9541417,45.7874491]]}},{"type":"Feature","properties":{"osmId":"327938585","railway_type":"tram","name":null,"electrified":"contact_line","voltage":"600","frequency":"0","bounds":[15.9541417,45.7874491,15.9621979,45.7992603],"tags":{"electrified":"contact_line","frequency":"0","gauge":"1000","oneway":"yes","operator":"Zagrebački električni tramvaj","railway":"tram","voltage":"600"}},"geometry":{"type":"LineString","coordinates":[[15.9541417,45.7874491],[15.9541772,45.7874959],[15.9542246,45.787562],[15.954474,45.787933],[15.9547245,45.7882973],[15.9547779,45.7883744],[15.9550992,45.7888518],[15.9561591,45.7904021],[15.9563916,45.7907422],[15.9564944,45.7908917],[15.9565573,45.790986],[15.9566558,45.791129],[15.9567668,45.7912912],[15.9569075,45.7914969],[15.9569195,45.7915144],[15.9572604,45.7920127],[15.9572885,45.7920507],[15.9575209,45.7923934],[15.9577966,45.7927987],[15.9579757,45.7930654],[15.958082,45.7932209],[15.9585828,45.7939493],[15.9586957,45.7941238],[15.9588331,45.7943205],[15.9588506,45.7943461],[15.9589501,45.7944941],[15.9591794,45.7948236],[15.9594606,45.7952369],[15.9595629,45.7953873],[15.9598992,45.795887],[15.9599884,45.7960248],[15.9603635,45.7965726],[15.9605243,45.7967979],[15.9605996,45.7969034],[15.9606893,45.797037],[15.9608032,45.7972054],[15.9608298,45.7972448],[15.9609354,45.797401],[15.9611573,45.7977134],[15.9612742,45.7978928],[15.9613714,45.7980401],[15.9614761,45.7981986],[15.9615863,45.7983552],[15.9616944,45.7985167],[15.9618451,45.798738],[15.9621562,45.7991995],[15.9621979,45.7992603]]}},{"type":"Feature","properties":{"osmId":"327940120","railway_type":"tram","name":null,"electrified":"contact_line","voltage":"600","frequency":"0","bounds":[15.9645034,45.8030411,15.9646613,45.8032526],"tags":{"electrified":"contact_line","frequency":"0","gauge":"1000","operator":"Zagrebački električni tramvaj","railway":"tram","voltage":"600"}},"geometry":{"type":"LineString","coordinates":[[15.9645034,45.8032526],[15.9645619,45.8032302],[15.9645877,45.8032155],[15.9646065,45.8032031],[15.9646177,45.8031932],[15.9646234,45.8031871],[15.9646329,45.8031769],[15.9646451,45.8031585],[15.9646548,45.8031355],[15.9646593,45.803116],[15.9646613,45.8030866],[15.9646535,45.8030411]]}},{"type":"Feature","properties":{"osmId":"327940121","railway_type":"tram","name":null,"electrified":"contact_line","voltage":"600","frequency":"0","bounds":[15.9645034,45.8032426,15.9649922,45.8033595],"tags":{"electrified":"contact_line","frequency":"0","gauge":"1000","oneway":"yes","operator":"Zagrebački električni tramvaj","railway":"tram","voltage":"600"}},"geometry":{"type":"LineString","coordinates":[[15.9645034,45.8032526],[15.9646642,45.8032426],[15.9646864,45.8032434],[15.9647137,45.803246],[15.9647479,45.8032487],[15.9647709,45.8032518],[15.9647948,45.803257],[15.9648236,45.8032635],[15.9648433,45.8032686],[15.9648782,45.8032837],[15.9649165,45.8033045],[15.9649492,45.8033274],[15.9649922,45.8033595]]}},{"type":"Feature","properties":{"osmId":"327940122","railway_type":"tram","name":null,"electrified":"contact_line","voltage":"600","frequency":"0","bounds":[15.9649922,45.8033595,15.9662585,45.8052193],"tags":{"electrified":"contact_line","frequency":"0","gauge":"1000","oneway":"yes","operator":"Zagrebački električni tramvaj","railway":"tram","voltage":"600"}},"geometry":{"type":"LineString","coordinates":[[15.9649922,45.8033595],[15.9651093,45.8035339],[15.9652589,45.803744],[15.9655705,45.8042061],[15.9656108,45.8042649],[15.9657885,45.8045219],[15.9660732,45.8049403],[15.9661888,45.8051122],[15.9662585,45.8052193]]}},{"type":"Feature","properties":{"osmId":"327940123","railway_type":"tram","name":null,"electrified":"contact_line","voltage":"600","frequency":"0","bounds":[15.9647834,45.8030567,15.9649922,45.8033595],"tags":{"electrified":"contact_line","frequency":"0","gauge":"1000","oneway":"yes","operator":"Zagrebački električni tramvaj","railway":"tram","voltage":"600"}},"geometry":{"type":"LineString","coordinates":[[15.9647834,45.8030567],[15.9648422,45.8031418],[15.9649922,45.8033595]]}},{"type":"Feature","properties":{"osmId":"327940127","railway_type":"tram","name":null,"electrified":"contact_line","voltage":"600","frequency":"0","bounds":[15.9646535,45.8030411,15.9649089,45.8034248],"tags":{"electrified":"contact_line","frequency":"0","gauge":"1000","oneway":"yes","operator":"Zagrebački električni tramvaj","railway":"tram","voltage":"600"}},"geometry":{"type":"LineString","coordinates":[[15.9649089,45.8034248],[15.9648123,45.8032837],[15.9648044,45.8032715],[15.9647948,45.803257],[15.9647561,45.803198],[15.9647408,45.8031749],[15.9646697,45.8030658],[15.9646535,45.8030411]]}},{"type":"Feature","properties":{"osmId":"327941843","railway_type":"tram","name":null,"electrified":"contact_line","voltage":"600","frequency":"0","bounds":[15.9662585,45.8052193,15.9666271,45.8053851],"tags":{"electrified":"contact_line","frequency":"0","gauge":"1000","oneway":"yes","operator":"Zagrebački električni tramvaj","railway":"tram","voltage":"600"}},"geometry":{"type":"LineString","coordinates":[[15.9662585,45.8052193],[15.9663066,45.8052719],[15.9663356,45.8052988],[15.9663634,45.8053189],[15.9663932,45.8053366],[15.9664302,45.8053522],[15.9664632,45.8053606],[15.9664903,45.8053677],[15.9665084,45.8053711],[15.9665236,45.8053739],[15.9665718,45.8053798],[15.9666271,45.8053851]]}},{"type":"Feature","properties":{"osmId":"327941844","railway_type":"tram","name":null,"electrified":"contact_line","voltage":"600","frequency":"0","bounds":[15.9661703,45.8052712,15.9665104,45.8054306],"tags":{"electrified":"contact_line","frequency":"0","gauge":"1000","oneway":"yes","operator":"Zagrebački električni tramvaj","railway":"tram","voltage":"600"}},"geometry":{"type":"LineString","coordinates":[[15.9665104,45.8054306],[15.9664518,45.8054255],[15.9664152,45.8054184],[15.9663879,45.8054115],[15.96637,45.8054066],[15.9663519,45.8054006],[15.9663085,45.805378],[15.9662974,45.8053737],[15.9662685,45.8053563],[15.9662426,45.8053397],[15.9662249,45.8053258],[15.9661703,45.8052712]]}},{"type":"Feature","properties":{"osmId":"327941845","railway_type":"tram","name":null,"electrified":"contact_line","voltage":"600","frequency":"0","bounds":[15.9649089,45.8034248,15.9661703,45.8052712],"tags":{"electrified":"contact_line","frequency":"0","gauge":"1000","oneway":"yes","operator":"Zagrebački električni tramvaj","railway":"tram","voltage":"600"}},"geometry":{"type":"LineString","coordinates":[[15.9661703,45.8052712],[15.9660891,45.8051445],[15.9660541,45.8050975],[15.9660309,45.8050662],[15.9659597,45.8049643],[15.9656518,45.8045049],[15.9653577,45.8040793],[15.965071,45.8036613],[15.9649673,45.8034997],[15.9649089,45.8034248]]}},{"type":"Feature","properties":{"osmId":"327941846","railway_type":"tram","name":null,"electrified":"contact_line","voltage":"600","frequency":"0","bounds":[15.9662585,45.8052193,15.9698981,45.8132769],"tags":{"electrified":"contact_line","frequency":"0","gauge":"1000","oneway":"yes","operator":"Zagrebački električni tramvaj","railway":"tram","voltage":"600"}},"geometry":{"type":"LineString","coordinates":[[15.9662585,45.8052193],[15.9663637,45.8053757],[15.9663812,45.8054015],[15.9663879,45.8054115],[15.9664007,45.8054287],[15.9664472,45.8054986],[15.9664719,45.8055289],[15.966511,45.8055853],[15.9665317,45.8056107],[15.9665764,45.8056794],[15.9665846,45.8056909],[15.9669338,45.806193],[15.9674595,45.8069677],[15.9675714,45.8071396],[15.9676582,45.8072688],[15.9677099,45.8073422],[15.9677604,45.8074137],[15.9682551,45.8081214],[15.9686694,45.8087484],[15.9687279,45.8088364],[15.9687756,45.8089169],[15.9688219,45.8089865],[15.9689308,45.8092146],[15.9689643,45.8092944],[15.9690888,45.8099384],[15.9691347,45.8101759],[15.9691471,45.8102374],[15.9691531,45.8102673],[15.9691639,45.8103149],[15.9691715,45.8103535],[15.9694117,45.8115037],[15.9694378,45.8116289],[15.9694519,45.8117098],[15.9695912,45.8125642],[15.9696433,45.8128526],[15.9696454,45.8129132],[15.9696514,45.8129855],[15.9696521,45.8130243],[15.9696513,45.8131009],[15.9696533,45.8131282],[15.969661,45.8131525],[15.9696711,45.813176],[15.9696803,45.8131911],[15.9697017,45.8132117],[15.9697239,45.8132269],[15.9697565,45.8132461],[15.969773,45.8132545],[15.9698054,45.8132654],[15.9698314,45.8132708],[15.9698981,45.8132769]]}},{"type":"Feature","properties":{"osmId":"327949117","railway_type":"tram","name":null,"electrified":"contact_line","voltage":"600","frequency":"0","bounds":[15.9531796,45.7860296,15.953441,45.7864104],"tags":{"electrified":"contact_line","frequency":"0","gauge":"1000","oneway":"yes","operator":"Zagrebački električni tramvaj","railway":"tram","voltage":"600"}},"geometry":{"type":"LineString","coordinates":[[15.9531796,45.7860296],[15.9534242,45.786386],[15.953441,45.7864104]]}},{"type":"Feature","properties":{"osmId":"327949118","railway_type":"tram","name":null,"electrified":"contact_line","voltage":"600","frequency":"0","bounds":[15.9524835,45.7851005,15.9533997,45.7865472],"tags":{"electrified":"contact_line","frequency":"0","gauge":"1000","oneway":"yes","operator":"Zagrebački električni tramvaj","railway":"tram","voltage":"600"}},"geometry":{"type":"LineString","coordinates":[[15.9533997,45.7865472],[15.9533719,45.7865039],[15.9533162,45.7864213],[15.9532037,45.786256],[15.9530356,45.7860104],[15.9528212,45.7856912],[15.9527571,45.7855931],[15.9526946,45.7854941],[15.9526346,45.7853857],[15.9525372,45.7852087],[15.9524835,45.7851005]]}},{"type":"Feature","properties":{"osmId":"335207835","railway_type":"tram","name":null,"electrified":"contact_line","voltage":"600","frequency":"0","bounds":[15.9838142,45.807603,15.9864138,45.8096062],"tags":{"electrified":"contact_line","frequency":"0","gauge":"1000","oneway":"yes","operator":"Zagrebački električni tramvaj","railway":"tram","voltage":"600"}},"geometry":{"type":"LineString","coordinates":[[15.9864124,45.8096062],[15.9864138,45.8095172],[15.9864069,45.8094941],[15.9863962,45.8094687],[15.986379,45.8094428],[15.9863646,45.8094242],[15.9863023,45.8093744],[15.9860194,45.8091818],[15.985996,45.8091665],[15.9857379,45.8089985],[15.9856966,45.8089716],[15.9854459,45.8088083],[15.9852793,45.8086998],[15.9851348,45.8086048],[15.9847022,45.8083214],[15.9840533,45.8078979],[15.9840069,45.8078674],[15.9839899,45.8078562],[15.9839444,45.8078197],[15.9839115,45.8077874],[15.9839008,45.807777],[15.9838767,45.807748],[15.9838633,45.8077272],[15.9838425,45.8076952],[15.9838237,45.8076503],[15.9838189,45.8076262],[15.9838142,45.807603]]}},{"type":"Feature","properties":{"osmId":"335207836","railway_type":"tram","name":null,"electrified":"contact_line","voltage":"600","frequency":"0","bounds":[15.9839289,45.8075983,15.9867411,45.8094134],"tags":{"electrified":"contact_line","frequency":"0","gauge":"1000","oneway":"yes","operator":"Zagrebački električni tramvaj","railway":"tram","voltage":"600"}},"geometry":{"type":"LineString","coordinates":[[15.9839289,45.8075983],[15.9839354,45.8076307],[15.9839391,45.8076495],[15.9839473,45.8076743],[15.9839665,45.8077064],[15.983976,45.8077202],[15.9839988,45.8077395],[15.9840557,45.8077848],[15.9840911,45.8078088],[15.9841981,45.8078816],[15.9844511,45.8080494],[15.9848857,45.8083329],[15.9856801,45.8088523],[15.9857747,45.8089123],[15.9858666,45.8089707],[15.9860726,45.8091014],[15.9863158,45.8092673],[15.9864521,45.80936],[15.9864931,45.8093804],[15.9865402,45.8093984],[15.9865963,45.8094048],[15.9867411,45.8094134]]}},{"type":"Feature","properties":{"osmId":"335231687","railway_type":"tram","name":null,"electrified":"contact_line","voltage":"600","frequency":"0","bounds":[15.9832655,45.8102002,15.9863654,45.8121595],"tags":{"electrified":"contact_line","frequency":"0","gauge":"1000","oneway":"yes","operator":"Zagrebački električni tramvaj","railway":"tram","voltage":"600"}},"geometry":{"type":"LineString","coordinates":[[15.9832655,45.8121595],[15.9833574,45.8121483],[15.9834004,45.8121418],[15.9834551,45.8121288],[15.9834758,45.8121229],[15.9835152,45.812111],[15.9835746,45.8120902],[15.9835949,45.8120814],[15.983628,45.8120648],[15.9836627,45.8120452],[15.983732,45.8119957],[15.9837898,45.8119544],[15.9838406,45.8119163],[15.9839664,45.8118341],[15.9840995,45.8117537],[15.9844769,45.8115245],[15.9849253,45.8112527],[15.9853468,45.8109969],[15.9854925,45.8109081],[15.9856309,45.8108237],[15.9856908,45.8107873],[15.9862894,45.8104235],[15.986305,45.810409],[15.9863251,45.8103867],[15.9863328,45.8103757],[15.9863417,45.810362],[15.9863573,45.8103169],[15.9863654,45.8102002]]}},{"type":"Feature","properties":{"osmId":"380482398","railway_type":"tram","name":null,"electrified":"contact_line","voltage":"600","frequency":"0","bounds":[16.0356768,45.8236315,16.0361644,45.8238274],"tags":{"electrified":"contact_line","frequency":"0","gauge":"1000","oneway":"yes","operator":"Zagrebački električni tramvaj","railway":"tram","railway:operator":"Zagrebački električni tramvaj","service":"yard","voltage":"600"}},"geometry":{"type":"LineString","coordinates":[[16.0356768,45.8238162],[16.0357993,45.8238274],[16.0358658,45.8238242],[16.0359223,45.8238177],[16.0359647,45.8238059],[16.0360068,45.8237888],[16.0360411,45.8237692],[16.0360742,45.8237445],[16.036109,45.8237121],[16.0361367,45.8236751],[16.0361644,45.8236315]]}},{"type":"Feature","properties":{"osmId":"381375047","railway_type":"tram","name":null,"electrified":"contact_line","voltage":"600","frequency":"0","bounds":[15.9780348,45.8054894,15.9780682,45.8063259],"tags":{"electrified":"contact_line","frequency":"0","gauge":"1000","oneway":"yes","operator":"Zagrebački električni tramvaj","railway":"tram","voltage":"600"}},"geometry":{"type":"LineString","coordinates":[[15.9780682,45.8054894],[15.9780535,45.805817],[15.9780521,45.805847],[15.9780348,45.8063259]]}},{"type":"Feature","properties":{"osmId":"381375048","railway_type":"tram","name":null,"electrified":"contact_line","voltage":"600","frequency":"0","bounds":[15.9774802,45.8113928,15.9776349,45.8126472],"tags":{"electrified":"contact_line","frequency":"0","gauge":"1000","oneway":"yes","operator":"Zagrebački električni tramvaj","railway":"tram","voltage":"600"}},"geometry":{"type":"LineString","coordinates":[[15.9774822,45.8113928],[15.9774802,45.8114555],[15.9774914,45.8117404],[15.9775132,45.8118815],[15.9775203,45.8119249],[15.9776326,45.8126118],[15.9776349,45.8126472]]}},{"type":"Feature","properties":{"osmId":"381375050","railway_type":"tram","name":null,"electrified":"contact_line","voltage":"600","frequency":"0","bounds":[15.9779672,45.8063259,15.9780348,45.8075734],"tags":{"electrified":"contact_line","frequency":"0","gauge":"1000","oneway":"yes","operator":"Zagrebački električni tramvaj","railway":"tram","voltage":"600"}},"geometry":{"type":"LineString","coordinates":[[15.9780348,45.8063259],[15.9779733,45.8074835],[15.9779672,45.8075734]]}},{"type":"Feature","properties":{"osmId":"381375052","railway_type":"tram","name":null,"electrified":"contact_line","voltage":"600","frequency":"0","bounds":[15.9774062,45.8113907,15.9775905,45.8126527],"tags":{"electrified":"contact_line","frequency":"0","gauge":"1000","oneway":"yes","operator":"Zagrebački električni tramvaj","railway":"tram","voltage":"600"}},"geometry":{"type":"LineString","coordinates":[[15.9775905,45.8126527],[15.9775905,45.8126002],[15.9775573,45.8123551],[15.9774819,45.81193],[15.9774734,45.8118818],[15.9774062,45.8114557],[15.9774065,45.8113907]]}},{"type":"Feature","properties":{"osmId":"381375056","railway_type":"tram","name":null,"electrified":"contact_line","voltage":"600","frequency":"0","bounds":[15.9779048,45.8054889,15.9780126,45.8075717],"tags":{"electrified":"contact_line","frequency":"0","gauge":"1000","oneway":"yes","operator":"Zagrebački električni tramvaj","railway":"tram","voltage":"600"}},"geometry":{"type":"LineString","coordinates":[[15.9779048,45.8075717],[15.9779064,45.807482],[15.9779215,45.8071932],[15.9779328,45.8069834],[15.9779573,45.8065167],[15.9779681,45.8063624],[15.9779922,45.8062076],[15.9780024,45.8059768],[15.9780056,45.8058439],[15.9780062,45.8058171],[15.9780071,45.8057741],[15.9780078,45.8057333],[15.9780089,45.8056753],[15.9780103,45.8056086],[15.9780126,45.8054889]]}},{"type":"Feature","properties":{"osmId":"381375058","railway_type":"tram","name":null,"electrified":"contact_line","voltage":"600","frequency":"0","bounds":[15.9777246,45.8056542,15.9780521,45.805847],"tags":{"electrified":"contact_line","frequency":"0","gauge":"1000","oneway":"yes","operator":"Zagrebački električni tramvaj","railway":"tram","voltage":"600"}},"geometry":{"type":"LineString","coordinates":[[15.9777246,45.8056542],[15.9778064,45.8056574],[15.9778436,45.8056609],[15.9778747,45.805667],[15.9778835,45.8056693],[15.9778932,45.8056721],[15.9779146,45.8056786],[15.9779527,45.8056951],[15.9779809,45.8057113],[15.9780078,45.8057333],[15.9780232,45.8057502],[15.9780336,45.8057662],[15.9780443,45.8057968],[15.9780475,45.805817],[15.9780521,45.805847]]}},{"type":"Feature","properties":{"osmId":"381375060","railway_type":"tram","name":null,"electrified":"contact_line","voltage":"600","frequency":"0","bounds":[15.9774065,45.8093255,15.9777058,45.8113907],"tags":{"electrified":"contact_line","frequency":"0","gauge":"1000","oneway":"yes","operator":"Zagrebački električni tramvaj","railway":"tram","voltage":"600"}},"geometry":{"type":"LineString","coordinates":[[15.9774065,45.8113907],[15.9774096,45.8113294],[15.9775121,45.8105697],[15.9775419,45.8103389],[15.9776967,45.8094171],[15.9777058,45.8093255]]}},{"type":"Feature","properties":{"osmId":"381375064","railway_type":"tram","name":null,"electrified":"contact_line","voltage":"600","frequency":"0","bounds":[15.9774822,45.8093329,15.9777911,45.8113928],"tags":{"electrified":"contact_line","frequency":"0","gauge":"1000","oneway":"yes","operator":"Zagrebački električni tramvaj","railway":"tram","voltage":"600"}},"geometry":{"type":"LineString","coordinates":[[15.9777911,45.8093329],[15.9777767,45.8094231],[15.9776186,45.8103446],[15.9775782,45.8105733],[15.9774875,45.8113309],[15.9774822,45.8113928]]}},{"type":"Feature","properties":{"osmId":"381375065","railway_type":"tram","name":null,"electrified":"contact_line","voltage":"600","frequency":"0","bounds":[15.9777058,45.8075717,15.9779048,45.8093255],"tags":{"electrified":"contact_line","frequency":"0","gauge":"1000","oneway":"yes","operator":"Zagrebački električni tramvaj","railway":"tram","voltage":"600"}},"geometry":{"type":"LineString","coordinates":[[15.9777058,45.8093255],[15.977722,45.8092319],[15.9777667,45.8089808],[15.9778541,45.8084046],[15.9778602,45.8083532],[15.9779,45.80765],[15.9779048,45.8075717]]}},{"type":"Feature","properties":{"osmId":"381375066","railway_type":"tram","name":null,"electrified":"contact_line","voltage":"600","frequency":"0","bounds":[15.9773946,45.8126472,15.9776349,45.8128879],"tags":{"electrified":"contact_line","frequency":"0","gauge":"1000","oneway":"yes","operator":"Zagrebački električni tramvaj","railway":"tram","voltage":"600"}},"geometry":{"type":"LineString","coordinates":[[15.9776349,45.8126472],[15.9776316,45.8127035],[15.9776214,45.8127303],[15.977617,45.8127413],[15.9775795,45.8127872],[15.9775374,45.8128219],[15.97751,45.8128432],[15.9774797,45.8128598],[15.9774427,45.8128717],[15.9773946,45.8128879]]}},{"type":"Feature","properties":{"osmId":"381375067","railway_type":"tram","name":null,"electrified":"contact_line","voltage":"600","frequency":"0","bounds":[15.9777911,45.8075734,15.9779672,45.8093329],"tags":{"electrified":"contact_line","frequency":"0","gauge":"1000","oneway":"yes","operator":"Zagrebački električni tramvaj","railway":"tram","voltage":"600"}},"geometry":{"type":"LineString","coordinates":[[15.9779672,45.8075734],[15.9779642,45.8076514],[15.9779257,45.8084072],[15.9778153,45.8091255],[15.9777998,45.8092375],[15.9777911,45.8093329]]}},{"type":"Feature","properties":{"osmId":"381375069","railway_type":"tram","name":null,"electrified":"contact_line","voltage":"600","frequency":"0","bounds":[15.9773465,45.8126527,15.9775905,45.8128571],"tags":{"electrified":"contact_line","frequency":"0","gauge":"1000","oneway":"yes","operator":"Zagrebački električni tramvaj","railway":"tram","voltage":"600"}},"geometry":{"type":"LineString","coordinates":[[15.9773465,45.8128571],[15.9773946,45.812841],[15.9774493,45.8128223],[15.9774929,45.8127952],[15.9775291,45.8127652],[15.9775463,45.8127438],[15.977559,45.8127275],[15.9775752,45.812699],[15.9775905,45.8126527]]}},{"type":"Feature","properties":{"osmId":"382087799","railway_type":"tram","name":null,"electrified":"contact_line","voltage":"600","frequency":"0","bounds":[15.9832655,45.8121595,15.9835518,45.8124142],"tags":{"electrified":"contact_line","frequency":"0","gauge":"1000","oneway":"yes","operator":"Zagrebački električni tramvaj","railway":"tram","voltage":"600"}},"geometry":{"type":"LineString","coordinates":[[15.9832655,45.8121595],[15.9833511,45.8121665],[15.983362,45.8121679],[15.9833833,45.8121706],[15.9833992,45.8121738],[15.9834189,45.81218],[15.9834475,45.8121969],[15.9834752,45.8122194],[15.9834895,45.8122333],[15.9835088,45.8122553],[15.983521,45.8122715],[15.9835312,45.8122938],[15.9835375,45.8123162],[15.9835447,45.8123583],[15.9835518,45.8124142]]}},{"type":"Feature","properties":{"osmId":"382087801","railway_type":"tram","name":null,"electrified":"contact_line","voltage":"600","frequency":"0","bounds":[15.98332,45.8137293,15.9965961,45.8149202],"tags":{"electrified":"contact_line","frequency":"0","gauge":"1000","oneway":"yes","operator":"Zagrebački električni tramvaj","railway":"tram","voltage":"600"}},"geometry":{"type":"LineString","coordinates":[[15.9965961,45.8149202],[15.9965829,45.814917],[15.9963522,45.8148408],[15.9961613,45.8147777],[15.9957913,45.8146476],[15.9953195,45.8144966],[15.9939224,45.8140928],[15.9937297,45.8140466],[15.9934567,45.8139946],[15.9933696,45.813983],[15.9933047,45.8139759],[15.9931799,45.8139658],[15.9928737,45.8139543],[15.9919739,45.8139401],[15.9912057,45.8139208],[15.9909887,45.8139165],[15.9908304,45.8139134],[15.9896825,45.8138756],[15.9895427,45.81387],[15.9894669,45.8138681],[15.9890159,45.8138495],[15.9886999,45.8138364],[15.9882574,45.8138181],[15.9878855,45.813802],[15.987395,45.8137852],[15.9872264,45.8137836],[15.9871141,45.8137825],[15.9863668,45.813777],[15.9853677,45.8137667],[15.9852557,45.8137647],[15.9850521,45.8137632],[15.9849753,45.8137613],[15.9847795,45.8137553],[15.9846635,45.8137521],[15.9845503,45.8137484],[15.9844591,45.8137486],[15.9843755,45.8137507],[15.9843061,45.813756],[15.9842333,45.8137651],[15.9841413,45.8137785],[15.9841005,45.813787],[15.9838954,45.8138402],[15.9838644,45.8138553],[15.9838227,45.813872],[15.9837236,45.8139191],[15.9836949,45.8139306],[15.9836656,45.8139387],[15.983632,45.8139433],[15.9835946,45.8139458],[15.9835533,45.8139437],[15.9835213,45.8139391],[15.9834832,45.8139312],[15.9834609,45.8139241],[15.983423,45.8139069],[15.9834064,45.8138954],[15.9833861,45.8138785],[15.983361,45.8138554],[15.9833429,45.8138323],[15.9833297,45.8138063],[15.9833237,45.8137824],[15.98332,45.8137293]]}},{"type":"Feature","properties":{"osmId":"382087804","railway_type":"tram","name":null,"electrified":"contact_line","voltage":"600","frequency":"0","bounds":[15.9832454,45.8121869,15.9835037,45.8126117],"tags":{"electrified":"contact_line","frequency":"0","gauge":"1000","oneway":"yes","operator":"Zagrebački električni tramvaj","railway":"tram","voltage":"600"}},"geometry":{"type":"LineString","coordinates":[[15.9834118,45.8126117],[15.983432,45.8125466],[15.9834489,45.8125124],[15.9834745,45.8124668],[15.9834931,45.8124281],[15.9835026,45.8123964],[15.9835037,45.8123706],[15.9834998,45.812329],[15.9834918,45.8122973],[15.9834785,45.8122717],[15.9834614,45.8122555],[15.9834424,45.8122432],[15.9833975,45.8122182],[15.9833634,45.8122049],[15.9833298,45.812196],[15.9832454,45.8121869]]}},{"type":"Feature","properties":{"osmId":"382087806","railway_type":"tram","name":null,"electrified":"contact_line","voltage":"600","frequency":"0","bounds":[15.9833663,45.8134007,15.997495,45.8151252],"tags":{"electrified":"contact_line","frequency":"0","gauge":"1000","oneway":"yes","operator":"Zagrebački električni tramvaj","railway":"tram","voltage":"600"}},"geometry":{"type":"LineString","coordinates":[[15.9834705,45.8134007],[15.9834579,45.8134645],[15.9834478,45.8134957],[15.9834267,45.8135348],[15.9833912,45.8136098],[15.983378,45.8136456],[15.9833699,45.8136775],[15.9833663,45.813702],[15.9833689,45.8137304],[15.9833747,45.8137493],[15.9833893,45.8137755],[15.9834075,45.8137963],[15.9834214,45.8138099],[15.9834363,45.8138211],[15.9834529,45.8138305],[15.9834926,45.813848],[15.9835074,45.8138545],[15.9835337,45.8138608],[15.9835597,45.8138648],[15.9835812,45.8138661],[15.9836083,45.8138662],[15.9836375,45.8138639],[15.9836694,45.8138581],[15.9837115,45.8138457],[15.9837503,45.8138322],[15.9838283,45.8138036],[15.9838723,45.8137904],[15.9839664,45.8137655],[15.9841574,45.8137218],[15.9842478,45.8137089],[15.9843302,45.8137018],[15.9844058,45.8137001],[15.984712,45.8137043],[15.9852613,45.8137104],[15.9853694,45.8137098],[15.9857595,45.8137046],[15.9859889,45.8137023],[15.9863504,45.8137002],[15.9867312,45.8136984],[15.9868551,45.8136979],[15.9869249,45.8136968],[15.9871178,45.8136964],[15.9871971,45.8136958],[15.9873219,45.8136968],[15.9878222,45.8137065],[15.9882988,45.813729],[15.9885684,45.8137411],[15.9888502,45.8137532],[15.9894255,45.8137779],[15.9895477,45.8137813],[15.9899558,45.8137966],[15.9901781,45.8138032],[15.9906087,45.8138126],[15.9906984,45.8138147],[15.9909073,45.8138194],[15.9909931,45.8138215],[15.9914098,45.8138307],[15.9914255,45.813831],[15.9917336,45.8138389],[15.9919908,45.813844],[15.9924034,45.813851],[15.9927937,45.8138616],[15.9931037,45.8138751],[15.993223,45.8138803],[15.993326,45.8138883],[15.9933949,45.8138956],[15.9934839,45.8139097],[15.9936876,45.8139406],[15.99391,45.8139905],[15.9958815,45.8145672],[15.9961481,45.8146559],[15.9962257,45.8146836],[15.9964713,45.814761],[15.9970053,45.8149458],[15.9971275,45.8149878],[15.9971644,45.8150003],[15.9973231,45.8150585],[15.997495,45.8151252]]}},{"type":"Feature","properties":{"osmId":"382087812","railway_type":"tram","name":null,"electrified":"contact_line","voltage":"600","frequency":"0","bounds":[15.9780682,45.8052303,15.9837694,45.8055178],"tags":{"electrified":"contact_line","frequency":"0","gauge":"1000","oneway":"yes","operator":"Zagrebački električni tramvaj","railway":"tram","voltage":"600"}},"geometry":{"type":"LineString","coordinates":[[15.9837694,45.8055178],[15.9829106,45.8054709],[15.9821768,45.8054353],[15.9820764,45.8054307],[15.9813912,45.8053999],[15.9804689,45.8053482],[15.9803685,45.8053426],[15.9803295,45.8053404],[15.9802311,45.8053349],[15.9798644,45.8053143],[15.979502,45.805294],[15.9794129,45.805289],[15.9787325,45.8052508],[15.9784323,45.8052339],[15.9782863,45.8052303],[15.9782208,45.805241],[15.9781702,45.8052592],[15.9781277,45.8052885],[15.978094,45.8053278],[15.9780802,45.8053602],[15.9780731,45.8053931],[15.9780682,45.8054894]]}},{"type":"Feature","properties":{"osmId":"382087819","railway_type":"tram","name":null,"electrified":"contact_line","voltage":"600","frequency":"0","bounds":[15.9834118,45.807603,15.9838142,45.8126117],"tags":{"electrified":"contact_line","frequency":"0","gauge":"1000","oneway":"yes","operator":"Zagrebački električni tramvaj","railway":"tram","voltage":"600"}},"geometry":{"type":"LineString","coordinates":[[15.9834118,45.8126117],[15.9834392,45.8122719],[15.9834424,45.8122432],[15.9834475,45.8121969],[15.9834497,45.8121773],[15.9834514,45.812162],[15.9834551,45.8121288],[15.9834566,45.8121158],[15.9834614,45.8120724],[15.9834743,45.8119109],[15.9834956,45.8116432],[15.9835032,45.8115477],[15.9835568,45.8108748],[15.9835597,45.8108387],[15.9835653,45.8107683],[15.9835702,45.8107068],[15.9836043,45.8102791],[15.9836295,45.8099351],[15.9836394,45.809839],[15.9836419,45.8098116],[15.9836453,45.8097656],[15.9836495,45.8097125],[15.9836815,45.8092735],[15.9837095,45.8089077],[15.9837481,45.8084827],[15.9837493,45.8084613],[15.9837632,45.8082083],[15.9837895,45.8079282],[15.9837927,45.807886],[15.9838041,45.8077358],[15.9838049,45.8077257],[15.9838124,45.8076259],[15.9838142,45.807603]]}},{"type":"Feature","properties":{"osmId":"382087821","railway_type":"tram","name":null,"electrified":"contact_line","voltage":"600","frequency":"0","bounds":[15.9835518,45.8075983,15.9839289,45.8124142],"tags":{"electrified":"contact_line","frequency":"0","gauge":"1000","oneway":"yes","operator":"Zagrebački električni tramvaj","railway":"tram","voltage":"600"}},"geometry":{"type":"LineString","coordinates":[[15.9839289,45.8075983],[15.9839259,45.8076304],[15.9839177,45.8077245],[15.9839145,45.8077544],[15.9839115,45.8077874],[15.9839099,45.8078045],[15.9839023,45.8078867],[15.983899,45.8079232],[15.9838682,45.8083466],[15.9838552,45.8085523],[15.9838484,45.8086471],[15.9838311,45.8088896],[15.9838219,45.8090184],[15.9837921,45.8093167],[15.9837634,45.8097227],[15.9837584,45.8097664],[15.983749,45.8098491],[15.9837401,45.8099352],[15.983738,45.8099634],[15.9837291,45.8100881],[15.9837091,45.8103681],[15.9836959,45.8105528],[15.9836831,45.8107096],[15.9836786,45.8107728],[15.9836719,45.8108416],[15.9836685,45.810877],[15.9836147,45.8115508],[15.9836061,45.8116561],[15.9835853,45.8119555],[15.9835799,45.8120177],[15.9835754,45.8120795],[15.9835746,45.8120902],[15.9835708,45.8121632],[15.9835602,45.8122713],[15.9835518,45.8124142]]}},{"type":"Feature","properties":{"osmId":"382087823","railway_type":"tram","name":null,"electrified":"contact_line","voltage":"600","frequency":"0","bounds":[15.991658,45.8060947,15.993337,45.8103838],"tags":{"electrified":"contact_line","frequency":"0","gauge":"1000","oneway":"yes","operator":"Zagrebački električni tramvaj","railway":"tram","voltage":"600"}},"geometry":{"type":"LineString","coordinates":[[15.9926006,45.8060947],[15.9925496,45.8061795],[15.9924556,45.806346],[15.9923964,45.8064481],[15.9923241,45.8065722],[15.9922059,45.8067842],[15.9921671,45.8068477],[15.9921459,45.8068806],[15.9921219,45.806915],[15.9920857,45.8069612],[15.9920583,45.8069929],[15.9920068,45.8070511],[15.9919433,45.8071191],[15.9919008,45.8071681],[15.9918601,45.8072189],[15.9918438,45.8072391],[15.9918208,45.8072745],[15.9918005,45.8073107],[15.9917832,45.8073419],[15.9917535,45.8074086],[15.9917418,45.8074404],[15.99173,45.8074796],[15.9917216,45.8075203],[15.9917158,45.8075564],[15.9917039,45.8076566],[15.9916887,45.8078404],[15.9916642,45.8081186],[15.9916608,45.8081748],[15.991658,45.808226],[15.9916615,45.8082868],[15.9916658,45.8083187],[15.9916806,45.8083865],[15.9916926,45.8084205],[15.9917087,45.8084591],[15.991724,45.8084899],[15.9917675,45.8085703],[15.9917927,45.8086078],[15.9918206,45.8086446],[15.9929255,45.8099038],[15.9930026,45.8099978],[15.9931219,45.8101355],[15.9932277,45.8102562],[15.993292,45.8103319],[15.9933168,45.8103609],[15.993337,45.8103838]]}},{"type":"Feature","properties":{"osmId":"382087827","railway_type":"tram","name":null,"electrified":"contact_line","voltage":"600","frequency":"0","bounds":[15.9839289,45.8057183,15.9840824,45.8075983],"tags":{"electrified":"contact_line","frequency":"0","gauge":"1000","oneway":"yes","operator":"Zagrebački električni tramvaj","railway":"tram","voltage":"600"}},"geometry":{"type":"LineString","coordinates":[[15.9840824,45.8057183],[15.9840632,45.8059053],[15.9840495,45.8061089],[15.9840309,45.8063441],[15.9840214,45.8064747],[15.9840065,45.8066694],[15.9839742,45.8070197],[15.9839542,45.8072694],[15.9839289,45.8075983]]}},{"type":"Feature","properties":{"osmId":"382087829","railway_type":"tram","name":null,"electrified":"contact_line","voltage":"600","frequency":"0","bounds":[15.9742694,45.841665,15.975226,45.8426729],"tags":{"electrified":"contact_line","frequency":"0","gauge":"1000","oneway":"yes","operator":"Zagrebački električni tramvaj","railway":"tram","voltage":"600"}},"geometry":{"type":"LineString","coordinates":[[15.975226,45.8426729],[15.9751857,45.8426227],[15.9751575,45.8425876],[15.9751311,45.8425634],[15.9751082,45.8425456],[15.9750656,45.8425204],[15.9750124,45.8424944],[15.9749562,45.8424762],[15.9749055,45.8424664],[15.9748438,45.8424616],[15.9747072,45.8424597],[15.9745734,45.8424605],[15.9744984,45.8424557],[15.9744475,45.8424449],[15.9744169,45.8424343],[15.9743793,45.8424188],[15.9743408,45.8423953],[15.9743068,45.842367],[15.9742826,45.8423303],[15.9742694,45.842296],[15.9742716,45.8422548],[15.9742855,45.8422176],[15.9743697,45.8421027],[15.9744655,45.8419828],[15.9745594,45.8418674],[15.9747143,45.841665]]}},{"type":"Feature","properties":{"osmId":"382087832","railway_type":"tram","name":null,"electrified":"contact_line","voltage":"600","frequency":"0","bounds":[16.0017458,45.7787839,16.0019577,45.7795051],"tags":{"electrified":"contact_line","frequency":"0","gauge":"1000","oneway":"yes","operator":"Zagrebački električni tramvaj","railway":"tram","voltage":"600"}},"geometry":{"type":"LineString","coordinates":[[16.0019577,45.7787839],[16.0019421,45.7788302],[16.0019393,45.7788404],[16.0019325,45.7788639],[16.001926,45.7788843],[16.0019227,45.7789035],[16.0019185,45.7789401],[16.0019124,45.7789988],[16.0018899,45.7790808],[16.0018239,45.7792758],[16.0017458,45.7795051]]}},{"type":"Feature","properties":{"osmId":"382087835","railway_type":"tram","name":null,"electrified":"contact_line","voltage":"600","frequency":"0","bounds":[15.9834705,45.8124142,15.9835518,45.8134007],"tags":{"electrified":"contact_line","frequency":"0","gauge":"1000","oneway":"yes","operator":"Zagrebački električni tramvaj","railway":"tram","voltage":"600"}},"geometry":{"type":"LineString","coordinates":[[15.9835518,45.8124142],[15.9835313,45.8127282],[15.9834898,45.8131859],[15.9834728,45.8133901],[15.9834705,45.8134007]]}},{"type":"Feature","properties":{"osmId":"382087841","railway_type":"tram","name":null,"electrified":"contact_line","voltage":"600","frequency":"0","bounds":[15.98332,45.8126117,15.9834118,45.8137293],"tags":{"electrified":"contact_line","frequency":"0","gauge":"1000","oneway":"yes","operator":"Zagrebački električni tramvaj","railway":"tram","voltage":"600"}},"geometry":{"type":"LineString","coordinates":[[15.98332,45.8137293],[15.9833764,45.8131241],[15.983401,45.8127368],[15.9834118,45.8126117]]}},{"type":"Feature","properties":{"osmId":"382087843","railway_type":"tram","name":null,"electrified":"contact_line","voltage":"600","frequency":"0","bounds":[16.0017853,45.7784827,16.0019697,45.7790482],"tags":{"electrified":"contact_line","frequency":"0","gauge":"1000","oneway":"yes","operator":"Zagrebački električni tramvaj","railway":"tram","voltage":"600"}},"geometry":{"type":"LineString","coordinates":[[16.0017853,45.7790482],[16.0018101,45.7789768],[16.001833,45.7789092],[16.0018618,45.7788284],[16.0018816,45.7787931],[16.0019053,45.7787591],[16.0019323,45.7787076],[16.0019521,45.7786542],[16.0019606,45.7786163],[16.001966,45.7785906],[16.0019689,45.7785645],[16.0019697,45.7785332],[16.0019569,45.7784827]]}},{"type":"Feature","properties":{"osmId":"382087857","railway_type":"tram","name":null,"electrified":"contact_line","voltage":"600","frequency":"0","bounds":[15.9838142,45.8057069,15.9839938,45.807603],"tags":{"electrified":"contact_line","frequency":"0","gauge":"1000","oneway":"yes","operator":"Zagrebački električni tramvaj","railway":"tram","voltage":"600"}},"geometry":{"type":"LineString","coordinates":[[15.9838142,45.807603],[15.9838349,45.8073519],[15.9838472,45.8071647],[15.9838477,45.8071571],[15.9838752,45.8067889],[15.9838895,45.8065975],[15.983901,45.8064886],[15.9839239,45.8062246],[15.9839358,45.8061438],[15.9839475,45.8060925],[15.9839561,45.8060536],[15.9839616,45.8060169],[15.9839713,45.8059571],[15.9839938,45.8057069]]}},{"type":"Feature","properties":{"osmId":"382345750","railway_type":"tram","name":null,"electrified":"contact_line","voltage":"600","frequency":"0","bounds":[15.9832686,45.8137293,15.98332,45.8139833],"tags":{"electrified":"contact_line","frequency":"0","gauge":"1000","operator":"Zagrebački električni tramvaj","railway":"tram","voltage":"600"}},"geometry":{"type":"LineString","coordinates":[[15.9832686,45.8139833],[15.9832822,45.8139535],[15.9832912,45.8139324],[15.9833029,45.8138963],[15.9833078,45.8138706],[15.9833101,45.8138415],[15.9833142,45.8138056],[15.98332,45.8137293]]}},{"type":"Feature","properties":{"osmId":"382345754","railway_type":"tram","name":null,"electrified":"contact_line","voltage":"600","frequency":"0","bounds":[15.9834058,45.8134007,15.9834705,45.8139525],"tags":{"electrified":"contact_line","frequency":"0","gauge":"1000","oneway":"yes","operator":"Zagrebački električni tramvaj","railway":"tram","voltage":"600"}},"geometry":{"type":"LineString","coordinates":[[15.9834705,45.8134007],[15.9834363,45.8138211],[15.9834354,45.8138354],[15.9834327,45.8138633],[15.9834317,45.8138728],[15.983423,45.8139069],[15.9834058,45.8139525]]}},{"type":"Feature","properties":{"osmId":"382580643","railway_type":"tram","name":null,"electrified":"contact_line","voltage":"600","frequency":"0","bounds":[15.9577298,45.8122483,15.9698981,45.8132832],"tags":{"electrified":"contact_line","frequency":"0","gauge":"1000","oneway":"yes","operator":"Zagrebački električni tramvaj","railway":"tram","voltage":"600"}},"geometry":{"type":"LineString","coordinates":[[15.9577298,45.8131395],[15.9579265,45.8131351],[15.9582475,45.8131199],[15.9585316,45.8131058],[15.9587495,45.8130905],[15.9588794,45.8130806],[15.9589342,45.8130767],[15.9591269,45.8130585],[15.9593751,45.8130278],[15.9595341,45.8130003],[15.9596109,45.8129868],[15.9599363,45.8129268],[15.9603515,45.812843],[15.9610923,45.8126825],[15.9612565,45.812648],[15.9615925,45.8125792],[15.961699,45.8125568],[15.961948,45.8125055],[15.9621605,45.8124602],[15.9624299,45.8124048],[15.9626339,45.812364],[15.9628582,45.8123246],[15.9631819,45.8122709],[15.9632782,45.8122572],[15.963325,45.8122527],[15.9634106,45.8122483],[15.9634891,45.8122494],[15.9635719,45.8122539],[15.9637029,45.8122627],[15.9638651,45.812286],[15.9640296,45.8123143],[15.9640417,45.8123164],[15.9642026,45.8123544],[15.9644296,45.8124119],[15.9647163,45.8124948],[15.9649989,45.8125694],[15.9653071,45.8126476],[15.9659936,45.81283],[15.9662241,45.8128904],[15.9663803,45.8129274],[15.966625,45.8129817],[15.9667082,45.8129979],[15.9668406,45.8130237],[15.9671303,45.8130775],[15.9671506,45.8130806],[15.9676296,45.8131489],[15.9678684,45.8131742],[15.9680151,45.8131894],[15.9682822,45.813214],[15.9684439,45.8132282],[15.9687067,45.8132484],[15.9687652,45.813251],[15.9688128,45.8132532],[15.9688786,45.8132564],[15.9694255,45.8132764],[15.9695298,45.8132811],[15.9696326,45.8132832],[15.96971,45.8132826],[15.9697416,45.8132815],[15.9698171,45.8132801],[15.9698981,45.8132769]]}},{"type":"Feature","properties":{"osmId":"382580645","railway_type":"tram","name":null,"electrified":"contact_line","voltage":"600","frequency":"0","bounds":[15.9757151,45.8128879,15.9773946,45.8130685],"tags":{"electrified":"contact_line","frequency":"0","gauge":"1000","oneway":"yes","operator":"Zagrebački električni tramvaj","railway":"tram","voltage":"600"}},"geometry":{"type":"LineString","coordinates":[[15.9773946,45.8128879],[15.9773406,45.8128986],[15.977287,45.812909],[15.9765968,45.8130204],[15.976575,45.8130232],[15.9764931,45.8130328],[15.9762944,45.8130557],[15.9762467,45.8130593],[15.9761042,45.8130685],[15.9757151,45.8130622]]}},{"type":"Feature","properties":{"osmId":"382580646","railway_type":"tram","name":null,"electrified":"contact_line","voltage":"600","frequency":"0","bounds":[15.9698981,45.8131656,15.9720326,45.8132769],"tags":{"electrified":"contact_line","frequency":"0","gauge":"1000","oneway":"yes","operator":"Zagrebački električni tramvaj","railway":"tram","voltage":"600"}},"geometry":{"type":"LineString","coordinates":[[15.9698981,45.8132769],[15.9703242,45.8132557],[15.9704367,45.8132506],[15.9705374,45.8132461],[15.9711257,45.8132124],[15.9720326,45.8131656]]}},{"type":"Feature","properties":{"osmId":"382580648","railway_type":"tram","name":null,"electrified":"contact_line","voltage":"600","frequency":"0","bounds":[15.9757186,45.8128571,15.9773465,45.8130325],"tags":{"electrified":"contact_line","frequency":"0","gauge":"1000","oneway":"yes","operator":"Zagrebački električni tramvaj","railway":"tram","voltage":"600"}},"geometry":{"type":"LineString","coordinates":[[15.9757186,45.81303],[15.9761025,45.8130325],[15.9762417,45.8130247],[15.9763073,45.813021],[15.9764828,45.8130008],[15.9765663,45.8129916],[15.977282,45.8128663],[15.9773308,45.8128591],[15.9773465,45.8128571]]}},{"type":"Feature","properties":{"osmId":"382580649","railway_type":"tram","name":null,"electrified":"contact_line","voltage":"600","frequency":"0","bounds":[15.9699053,45.8131986,15.9720825,45.813305],"tags":{"electrified":"contact_line","frequency":"0","gauge":"1000","oneway":"yes","operator":"Zagrebački električni tramvaj","railway":"tram","voltage":"600"}},"geometry":{"type":"LineString","coordinates":[[15.9720825,45.8131986],[15.9711605,45.8132466],[15.9711297,45.8132482],[15.9704929,45.8132843],[15.9703253,45.8132917],[15.9701085,45.8132998],[15.970029,45.8133021],[15.9699414,45.8133041],[15.9699053,45.813305]]}},{"type":"Feature","properties":{"osmId":"382580650","railway_type":"tram","name":null,"electrified":"contact_line","voltage":"600","frequency":"0","bounds":[15.9576244,45.8122988,15.9699053,45.8133111],"tags":{"electrified":"contact_line","frequency":"0","gauge":"1000","oneway":"yes","operator":"Zagrebački električni tramvaj","railway":"tram","voltage":"600"}},"geometry":{"type":"LineString","coordinates":[[15.9699053,45.813305],[15.969705,45.8133095],[15.9695815,45.8133111],[15.9695714,45.813311],[15.9695256,45.8133108],[15.969472,45.8133105],[15.9691068,45.8132975],[15.9686586,45.8132798],[15.9683822,45.8132696],[15.968276,45.8132628],[15.9682357,45.8132602],[15.9681727,45.8132561],[15.9680752,45.8132471],[15.9680046,45.8132396],[15.96774,45.8132131],[15.9675827,45.8131941],[15.9674672,45.8131792],[15.9672903,45.8131525],[15.9670945,45.8131183],[15.9668224,45.8130651],[15.9666184,45.8130225],[15.966499,45.8129962],[15.9663276,45.8129593],[15.966055,45.812894],[15.9656904,45.8127996],[15.965289,45.8126898],[15.9651698,45.8126598],[15.9647616,45.8125603],[15.9647093,45.8125466],[15.9646725,45.8125353],[15.9644077,45.812464],[15.9641898,45.812408],[15.9640375,45.8123709],[15.9640042,45.8123639],[15.9638665,45.8123351],[15.9637806,45.8123208],[15.9636903,45.8123097],[15.9636044,45.8123017],[15.9635456,45.8123],[15.9634883,45.8122988],[15.9634157,45.8123],[15.96334,45.8123046],[15.9632659,45.8123109],[15.9631955,45.8123183],[15.9630826,45.8123351],[15.9627877,45.8123856],[15.9625516,45.8124317],[15.9614934,45.8126514],[15.961276,45.812697],[15.96112,45.8127293],[15.9603633,45.8128844],[15.9599546,45.8129734],[15.9597352,45.8130134],[15.9595,45.813057],[15.9592377,45.8130926],[15.9590663,45.8131131],[15.9589451,45.8131224],[15.9588897,45.8131279],[15.958753,45.8131414],[15.9585392,45.8131544],[15.9582523,45.8131672],[15.9577829,45.8131845],[15.9576543,45.813188],[15.9576244,45.813188]]}},{"type":"Feature","properties":{"osmId":"382580652","railway_type":"tram","name":null,"electrified":"contact_line","voltage":"600","frequency":"0","bounds":[15.9773946,45.8121869,15.9832454,45.8128879],"tags":{"electrified":"contact_line","frequency":"0","gauge":"1000","oneway":"yes","operator":"Zagrebački električni tramvaj","railway":"tram","voltage":"600"}},"geometry":{"type":"LineString","coordinates":[[15.9832454,45.8121869],[15.9829184,45.8122075],[15.9826721,45.8122242],[15.9821383,45.8122616],[15.9817801,45.8122878],[15.9816613,45.8122948],[15.9815644,45.8123003],[15.9803794,45.8123748],[15.9798776,45.8124131],[15.979222,45.8124434],[15.9790495,45.8124591],[15.9790055,45.8124643],[15.9789235,45.8124766],[15.9788077,45.812502],[15.9786481,45.8125457],[15.9784136,45.8126136],[15.9783981,45.8126181],[15.9782631,45.8126574],[15.9781424,45.8126926],[15.9777349,45.8128126],[15.9776922,45.8128247],[15.9775623,45.8128569],[15.9773946,45.8128879]]}},{"type":"Feature","properties":{"osmId":"382580653","railway_type":"tram","name":null,"electrified":"contact_line","voltage":"600","frequency":"0","bounds":[15.9773465,45.8121595,15.9832655,45.8128571],"tags":{"electrified":"contact_line","frequency":"0","gauge":"1000","oneway":"yes","operator":"Zagrebački električni tramvaj","railway":"tram","voltage":"600"}},"geometry":{"type":"LineString","coordinates":[[15.9773465,45.8128571],[15.9774861,45.8128308],[15.9775374,45.8128219],[15.9777259,45.812783],[15.9781139,45.8126757],[15.978253,45.8126342],[15.9783591,45.8126015],[15.9783963,45.8125906],[15.9786503,45.812516],[15.9788561,45.8124633],[15.9789339,45.8124488],[15.9790006,45.8124379],[15.9791103,45.8124239],[15.9792145,45.8124147],[15.979873,45.8123773],[15.9804706,45.8123357],[15.9815617,45.8122655],[15.9816608,45.8122579],[15.9817772,45.812253],[15.982356,45.8122167],[15.9832655,45.8121595]]}},{"type":"Feature","properties":{"osmId":"382580658","railway_type":"tram","name":null,"electrified":"contact_line","voltage":"600","frequency":"0","bounds":[15.9720825,45.8130622,15.9757151,45.8131986],"tags":{"electrified":"contact_line","frequency":"0","gauge":"1000","oneway":"yes","operator":"Zagrebački električni tramvaj","railway":"tram","voltage":"600"}},"geometry":{"type":"LineString","coordinates":[[15.9757151,45.8130622],[15.9755111,45.8130672],[15.9754644,45.8130679],[15.975036,45.8130744],[15.9745448,45.813081],[15.9743832,45.8130929],[15.9738407,45.8131247],[15.9730746,45.8131767],[15.9726241,45.8131864],[15.9723888,45.8131915],[15.9721442,45.8131969],[15.9721089,45.8131979],[15.9720825,45.8131986]]}},{"type":"Feature","properties":{"osmId":"382580660","railway_type":"tram","name":null,"electrified":"contact_line","voltage":"600","frequency":"0","bounds":[15.9720326,45.81303,15.9757186,45.8131656],"tags":{"electrified":"contact_line","frequency":"0","gauge":"1000","oneway":"yes","operator":"Zagrebački električni tramvaj","railway":"tram","voltage":"600"}},"geometry":{"type":"LineString","coordinates":[[15.9720326,45.8131656],[15.9721436,45.813161],[15.9726255,45.8131505],[15.973072,45.8131407],[15.9738006,45.8130914],[15.9738393,45.8130888],[15.9744909,45.8130434],[15.975035,45.8130384],[15.9754647,45.8130304],[15.9757186,45.81303]]}},{"type":"Feature","properties":{"osmId":"382754811","railway_type":"tram","name":null,"electrified":"contact_line","voltage":"600","frequency":"0","bounds":[15.9573904,45.8128399,15.9576244,45.813188],"tags":{"electrified":"contact_line","frequency":"0","gauge":"1000","oneway":"yes","operator":"Zagrebački električni tramvaj","railway":"tram","voltage":"600"}},"geometry":{"type":"LineString","coordinates":[[15.9576244,45.813188],[15.9575808,45.813185],[15.9575484,45.8131784],[15.9575301,45.8131732],[15.9575191,45.813168],[15.9575005,45.81316],[15.957479,45.8131456],[15.9574533,45.8131253],[15.9574335,45.813104],[15.9574192,45.8130787],[15.9574112,45.8130572],[15.9574048,45.8130275],[15.9574006,45.8129936],[15.9573904,45.8128399]]}},{"type":"Feature","properties":{"osmId":"382754812","railway_type":"tram","name":null,"electrified":"contact_line","voltage":"600","frequency":"0","bounds":[15.9569706,45.8128399,15.9573904,45.8131307],"tags":{"electrified":"contact_line","frequency":"0","gauge":"1000","oneway":"yes","operator":"Zagrebački električni tramvaj","railway":"tram","voltage":"600"}},"geometry":{"type":"LineString","coordinates":[[15.9569706,45.8131307],[15.9570531,45.813127],[15.9571228,45.813121],[15.9571756,45.8131073],[15.9572214,45.8130906],[15.9572549,45.8130743],[15.9572885,45.8130545],[15.9573197,45.8130281],[15.9573475,45.8129963],[15.9573607,45.8129753],[15.9573736,45.8129425],[15.9573807,45.8129144],[15.9573862,45.8128877],[15.9573904,45.8128399]]}},{"type":"Feature","properties":{"osmId":"382754813","railway_type":"tram","name":null,"electrified":"contact_line","voltage":"600","frequency":"0","bounds":[15.9569845,45.8128643,15.9574307,45.8132035],"tags":{"electrified":"contact_line","frequency":"0","gauge":"1000","oneway":"yes","operator":"Zagrebački električni tramvaj","railway":"tram","voltage":"600"}},"geometry":{"type":"LineString","coordinates":[[15.9574307,45.8128643],[15.9574268,45.8129199],[15.9574211,45.8129485],[15.957414,45.8129671],[15.9574006,45.8129936],[15.9573925,45.8130097],[15.9573783,45.8130338],[15.9573584,45.8130593],[15.9573314,45.8130839],[15.9573064,45.8131052],[15.9572788,45.8131255],[15.9572637,45.813134],[15.9572182,45.8131549],[15.9571752,45.8131704],[15.957135,45.8131822],[15.9570849,45.8131935],[15.9569845,45.8132035]]}},{"type":"Feature","properties":{"osmId":"382754814","railway_type":"tram","name":null,"electrified":"contact_line","voltage":"600","frequency":"0","bounds":[15.9574307,45.8128643,15.9577298,45.8131395],"tags":{"electrified":"contact_line","frequency":"0","gauge":"1000","oneway":"yes","operator":"Zagrebački električni tramvaj","railway":"tram","voltage":"600"}},"geometry":{"type":"LineString","coordinates":[[15.9574307,45.8128643],[15.9574423,45.8129926],[15.9574478,45.8130151],[15.9574561,45.8130348],[15.9574653,45.8130498],[15.9574793,45.8130672],[15.9574959,45.8130841],[15.957516,45.8130995],[15.9575306,45.8131078],[15.9575464,45.8131145],[15.9575768,45.8131237],[15.9576165,45.8131329],[15.9576521,45.8131358],[15.9576762,45.8131371],[15.9577298,45.8131395]]}},{"type":"Feature","properties":{"osmId":"382754815","railway_type":"tram","name":null,"electrified":"contact_line","voltage":"600","frequency":"0","bounds":[15.9557866,45.8092991,15.956679,45.809347],"tags":{"electrified":"contact_line","frequency":"0","gauge":"1000","oneway":"yes","operator":"Zagrebački električni tramvaj","railway":"tram","voltage":"600"}},"geometry":{"type":"LineString","coordinates":[[15.9557866,45.809347],[15.956679,45.8092991]]}},{"type":"Feature","properties":{"osmId":"382754818","railway_type":"tram","name":null,"electrified":"contact_line","voltage":"600","frequency":"0","bounds":[15.9570342,45.8091659,15.9570752,45.8095036],"tags":{"electrified":"contact_line","frequency":"0","gauge":"1000","oneway":"yes","operator":"Zagrebački električni tramvaj","railway":"tram","voltage":"600"}},"geometry":{"type":"LineString","coordinates":[[15.9570752,45.8091659],[15.957051,45.8092225],[15.9570455,45.8092462],[15.9570397,45.8092794],[15.957035,45.8093142],[15.9570342,45.8093559],[15.9570378,45.8094157],[15.9570423,45.8094601],[15.9570474,45.8095036]]}},{"type":"Feature","properties":{"osmId":"382754819","railway_type":"tram","name":null,"electrified":"contact_line","voltage":"600","frequency":"0","bounds":[15.9548383,45.8093832,15.9566452,45.8094688],"tags":{"electrified":"contact_line","frequency":"0","gauge":"1000","oneway":"yes","operator":"Zagrebački električni tramvaj","railway":"tram","voltage":"600"}},"geometry":{"type":"LineString","coordinates":[[15.9566452,45.8093832],[15.9561144,45.8094127],[15.9555448,45.8094449],[15.9553465,45.8094558],[15.9552917,45.8094578],[15.9552336,45.8094582],[15.9551463,45.809455],[15.9550877,45.8094563],[15.9548383,45.8094688]]}},{"type":"Feature","properties":{"osmId":"382754820","railway_type":"tram","name":null,"electrified":"contact_line","voltage":"600","frequency":"0","bounds":[15.9569845,45.813188,15.9576244,45.8132035],"tags":{"electrified":"contact_line","frequency":"0","gauge":"1000","oneway":"yes","operator":"Zagrebački električni tramvaj","railway":"tram","voltage":"600"}},"geometry":{"type":"LineString","coordinates":[[15.9576244,45.813188],[15.9573358,45.813196],[15.9571722,45.8131987],[15.9569845,45.8132035]]}},{"type":"Feature","properties":{"osmId":"382754822","railway_type":"tram","name":null,"electrified":"contact_line","voltage":"600","frequency":"0","bounds":[15.933905,45.8124404,15.9569845,45.8153821],"tags":{"electrified":"contact_line","frequency":"0","gauge":"1000","oneway":"yes","operator":"Zagrebački električni tramvaj","railway":"tram","voltage":"600"}},"geometry":{"type":"LineString","coordinates":[[15.9569845,45.8132035],[15.9567386,45.8132043],[15.9566036,45.8132028],[15.9564817,45.8131963],[15.9563425,45.8131894],[15.9561624,45.8131748],[15.9560499,45.8131616],[15.9559574,45.8131497],[15.9558557,45.8131357],[15.9556696,45.813105],[15.955448,45.813059],[15.9551948,45.8130098],[15.9550472,45.8129814],[15.9547339,45.8129156],[15.9543365,45.812821],[15.953806,45.8126877],[15.9537326,45.8126693],[15.953461,45.8126156],[15.9531909,45.8125716],[15.9529602,45.8125434],[15.9528165,45.8125298],[15.9526812,45.8125191],[15.9524822,45.8125075],[15.9522937,45.8124993],[15.9520676,45.812495],[15.9515736,45.8124888],[15.9507107,45.8124853],[15.9506456,45.8124844],[15.9498504,45.8124751],[15.9494266,45.8124701],[15.9488937,45.8124639],[15.9487765,45.8124632],[15.9486623,45.8124609],[15.9479979,45.8124445],[15.9478538,45.8124404],[15.9477025,45.8124422],[15.9475448,45.8124437],[15.9473617,45.8124525],[15.947257,45.8124595],[15.9469931,45.8124837],[15.9469188,45.8124924],[15.9467125,45.8125165],[15.9464905,45.8125543],[15.9461838,45.8126213],[15.9456728,45.8127545],[15.9453873,45.8128296],[15.9440839,45.8131022],[15.9438204,45.8131563],[15.9432044,45.813258],[15.9425613,45.813386],[15.9422925,45.8134367],[15.942137,45.8134688],[15.9418757,45.8135292],[15.9415422,45.8136073],[15.9408097,45.8137809],[15.9398251,45.8140128],[15.938804,45.8142546],[15.9384008,45.8143492],[15.9382103,45.8143938],[15.9373766,45.8145888],[15.9366753,45.8147529],[15.9365382,45.8147819],[15.936348,45.8148161],[15.936092,45.8148571],[15.9360258,45.8148641],[15.9359331,45.8148741],[15.9357975,45.8148856],[15.935645,45.8148972],[15.9355139,45.8149061],[15.9353365,45.8149139],[15.9352417,45.8149162],[15.9351725,45.8149198],[15.9351207,45.814927],[15.9350688,45.8149392],[15.9350312,45.8149529],[15.9349916,45.8149738],[15.9349353,45.8150112],[15.9347172,45.8151693],[15.9345021,45.8153141],[15.9344549,45.815339],[15.9344054,45.8153546],[15.9343638,45.8153644],[15.9343197,45.815369],[15.9342065,45.8153726],[15.933905,45.8153821]]}},{"type":"Feature","properties":{"osmId":"382754823","railway_type":"tram","name":null,"electrified":"contact_line","voltage":"600","frequency":"0","bounds":[15.9569904,45.8091628,15.9570277,45.8095692],"tags":{"electrified":"contact_line","frequency":"0","gauge":"1000","oneway":"yes","operator":"Zagrebački električni tramvaj","railway":"tram","voltage":"600"}},"geometry":{"type":"LineString","coordinates":[[15.9570128,45.8095692],[15.9570008,45.8094639],[15.9569964,45.8094153],[15.9569937,45.8093859],[15.956991,45.809357],[15.9569904,45.8093167],[15.9569916,45.8092923],[15.9569955,45.8092696],[15.9569973,45.8092621],[15.957009,45.8092126],[15.9570277,45.8091628]]}},{"type":"Feature","properties":{"osmId":"382754824","railway_type":"tram","name":null,"electrified":"contact_line","voltage":"600","frequency":"0","bounds":[15.956679,45.8091628,15.9570277,45.8092991],"tags":{"electrified":"contact_line","frequency":"0","gauge":"1000","oneway":"yes","operator":"Zagrebački električni tramvaj","railway":"tram","voltage":"600"}},"geometry":{"type":"LineString","coordinates":[[15.956679,45.8092991],[15.9567995,45.809292],[15.9568177,45.809291],[15.9568579,45.8092856],[15.9569013,45.809274],[15.9569294,45.8092608],[15.9569543,45.8092461],[15.9569739,45.8092298],[15.9569919,45.8092119],[15.9570277,45.8091628]]}},{"type":"Feature","properties":{"osmId":"382754825","railway_type":"tram","name":null,"electrified":"contact_line","voltage":"600","frequency":"0","bounds":[15.9570474,45.8095036,15.9574307,45.8128643],"tags":{"electrified":"contact_line","frequency":"0","gauge":"1000","oneway":"yes","operator":"Zagrebački električni tramvaj","railway":"tram","voltage":"600"}},"geometry":{"type":"LineString","coordinates":[[15.9570474,45.8095036],[15.9570933,45.8098999],[15.9571063,45.810017],[15.9571135,45.8100822],[15.9571612,45.8104816],[15.9572383,45.8111961],[15.9573353,45.8120796],[15.9574246,45.8128144],[15.9574307,45.8128643]]}},{"type":"Feature","properties":{"osmId":"382754826","railway_type":"tram","name":null,"electrified":"contact_line","voltage":"600","frequency":"0","bounds":[15.9570128,45.8095692,15.9573904,45.8128399],"tags":{"electrified":"contact_line","frequency":"0","gauge":"1000","oneway":"yes","operator":"Zagrebački električni tramvaj","railway":"tram","voltage":"600"}},"geometry":{"type":"LineString","coordinates":[[15.9573904,45.8128399],[15.9572995,45.8120817],[15.9571963,45.8111988],[15.9571178,45.8104845],[15.9570726,45.8100846],[15.957065,45.8100187],[15.9570527,45.8099116],[15.9570244,45.8096485],[15.9570128,45.8095692]]}},{"type":"Feature","properties":{"osmId":"382754827","railway_type":"tram","name":null,"electrified":"contact_line","voltage":"600","frequency":"0","bounds":[15.9566452,45.8091659,15.9570752,45.8093832],"tags":{"electrified":"contact_line","frequency":"0","gauge":"1000","operator":"Zagrebački električni tramvaj","railway":"tram","voltage":"600"}},"geometry":{"type":"LineString","coordinates":[[15.9570752,45.8091659],[15.957052,45.8091994],[15.95702,45.80924],[15.9569973,45.8092621],[15.956964,45.8092881],[15.9569321,45.8093068],[15.9568916,45.8093259],[15.9568683,45.8093361],[15.9568361,45.8093472],[15.9568062,45.8093562],[15.9567748,45.8093637],[15.9567403,45.8093711],[15.9566452,45.8093832]]}},{"type":"Feature","properties":{"osmId":"382754828","railway_type":"tram","name":null,"electrified":"contact_line","voltage":"600","frequency":"0","bounds":[15.9569706,45.8131307,15.9577298,45.8131461],"tags":{"electrified":"contact_line","frequency":"0","gauge":"1000","oneway":"yes","operator":"Zagrebački električni tramvaj","railway":"tram","voltage":"600"}},"geometry":{"type":"LineString","coordinates":[[15.9569706,45.8131307],[15.9571434,45.8131312],[15.9572101,45.8131324],[15.9572637,45.813134],[15.9573681,45.8131421],[15.9574372,45.8131454],[15.957479,45.8131456],[15.9575343,45.813146],[15.9575631,45.8131461],[15.9576525,45.8131419],[15.9577298,45.8131395]]}},{"type":"Feature","properties":{"osmId":"382754829","railway_type":"tram","name":null,"electrified":"contact_line","voltage":"600","frequency":"0","bounds":[15.9566452,45.8093805,15.9570128,45.8095692],"tags":{"electrified":"contact_line","frequency":"0","gauge":"1000","oneway":"yes","operator":"Zagrebački električni tramvaj","railway":"tram","voltage":"600"}},"geometry":{"type":"LineString","coordinates":[[15.9570128,45.8095692],[15.9569916,45.8095071],[15.9569822,45.8094868],[15.9569682,45.8094669],[15.9569456,45.8094425],[15.9569274,45.8094275],[15.9569033,45.8094105],[15.9568701,45.8093964],[15.9568381,45.8093871],[15.956809,45.8093833],[15.9567899,45.8093822],[15.9567414,45.8093805],[15.9566452,45.8093832]]}},{"type":"Feature","properties":{"osmId":"382754830","railway_type":"tram","name":null,"electrified":"contact_line","voltage":"600","frequency":"0","bounds":[15.956679,45.8092991,15.9570474,45.8095036],"tags":{"electrified":"contact_line","frequency":"0","gauge":"1000","oneway":"yes","operator":"Zagrebački električni tramvaj","railway":"tram","voltage":"600"}},"geometry":{"type":"LineString","coordinates":[[15.956679,45.8092991],[15.9567695,45.8092997],[15.9568006,45.8093024],[15.9568287,45.8093078],[15.9568601,45.8093158],[15.9568673,45.8093181],[15.9568916,45.8093259],[15.956923,45.8093392],[15.9569589,45.8093581],[15.9569814,45.8093725],[15.9569937,45.8093859],[15.9570087,45.8094053],[15.9570278,45.8094415],[15.9570342,45.8094608],[15.9570474,45.8095036]]}},{"type":"Feature","properties":{"osmId":"382920021","railway_type":"tram","name":null,"electrified":"contact_line","voltage":"600","frequency":"0","bounds":[15.9338385,45.8153821,15.933905,45.8153841],"tags":{"electrified":"contact_line","frequency":"0","gauge":"1000","oneway":"yes","operator":"Zagrebački električni tramvaj","railway":"tram","voltage":"600"}},"geometry":{"type":"LineString","coordinates":[[15.933905,45.8153821],[15.9338385,45.8153841]]}},{"type":"Feature","properties":{"osmId":"382939578","railway_type":"tram","name":null,"electrified":"contact_line","voltage":"600","frequency":"0","bounds":[15.9376799,45.7972431,15.9391124,45.7973766],"tags":{"electrified":"contact_line","frequency":"0","gauge":"1000","oneway":"yes","operator":"Zagrebački električni tramvaj","railway":"tram","voltage":"600"}},"geometry":{"type":"LineString","coordinates":[[15.9391124,45.7973766],[15.938698,45.7973373],[15.9376799,45.7972431]]}},{"type":"Feature","properties":{"osmId":"382939584","railway_type":"tram","name":null,"electrified":"contact_line","voltage":"600","frequency":"0","bounds":[15.9376823,45.7971969,15.9391124,45.7973766],"tags":{"electrified":"contact_line","frequency":"0","gauge":"1000","oneway":"yes","operator":"Zagrebački električni tramvaj","railway":"tram","voltage":"600"}},"geometry":{"type":"LineString","coordinates":[[15.9391124,45.7973766],[15.9390446,45.7973647],[15.9389964,45.7973539],[15.9388558,45.7973141],[15.9388046,45.7973032],[15.9387501,45.7972952],[15.9387067,45.7972914],[15.9385915,45.7972813],[15.9376823,45.7971969]]}},{"type":"Feature","properties":{"osmId":"383182724","railway_type":"tram","name":null,"electrified":"contact_line","voltage":"600","frequency":"0","bounds":[15.997495,45.8151252,16.0151063,45.819285],"tags":{"electrified":"contact_line","frequency":"0","gauge":"1000","oneway":"yes","operator":"Zagrebački električni tramvaj","railway":"tram","voltage":"600"}},"geometry":{"type":"LineString","coordinates":[[15.997495,45.8151252],[15.9976102,45.8151713],[15.9978497,45.8152547],[15.99817,45.815335],[15.9983896,45.8153849],[15.9992563,45.8155769],[16.0001705,45.8157885],[16.0010306,45.8159895],[16.0015376,45.8161065],[16.0023728,45.816295],[16.0026352,45.8163559],[16.0027161,45.8163734],[16.0028121,45.8163954],[16.0033337,45.8165104],[16.0050642,45.8169034],[16.0054117,45.8169856],[16.0058271,45.8170793],[16.0067687,45.8172994],[16.0073148,45.8174251],[16.0073969,45.8174439],[16.0074849,45.8174643],[16.0080217,45.8175879],[16.0088783,45.817793],[16.009137,45.8178541],[16.0097179,45.817982],[16.0103067,45.8181188],[16.0122999,45.8185811],[16.0125335,45.8186376],[16.012729,45.8186853],[16.0129202,45.8187327],[16.013007,45.8187543],[16.013248,45.8188132],[16.0138828,45.8189711],[16.0151063,45.819285]]}},{"type":"Feature","properties":{"osmId":"383182725","railway_type":"tram","name":null,"electrified":"contact_line","voltage":"600","frequency":"0","bounds":[15.9965961,45.8149202,15.9968775,45.8150184],"tags":{"electrified":"contact_line","frequency":"0","gauge":"1000","oneway":"yes","operator":"Zagrebački električni tramvaj","railway":"tram","voltage":"600"}},"geometry":{"type":"LineString","coordinates":[[15.9968775,45.8150184],[15.9968215,45.8149988],[15.9965961,45.8149202]]}},{"type":"Feature","properties":{"osmId":"383182726","railway_type":"tram","name":null,"electrified":"contact_line","voltage":"600","frequency":"0","bounds":[15.9968775,45.8150184,16.0121372,45.8186465],"tags":{"electrified":"contact_line","frequency":"0","gauge":"1000","oneway":"yes","operator":"Zagrebački električni tramvaj","railway":"tram","voltage":"600"}},"geometry":{"type":"LineString","coordinates":[[16.0121372,45.8186465],[16.0102617,45.8182062],[16.0091017,45.8179311],[16.0088431,45.81787],[16.0075777,45.8175814],[16.0074595,45.8175514],[16.0073752,45.8175334],[16.0072855,45.8175112],[16.0062812,45.8172698],[16.0050169,45.8170008],[16.0035919,45.816678],[16.0032362,45.8166005],[16.0031312,45.8165776],[16.0027667,45.8164922],[16.0026814,45.8164722],[16.0025905,45.8164511],[16.0020085,45.8163197],[16.0015008,45.8162011],[16.0009884,45.8160833],[16.0004585,45.8159647],[16.0001151,45.8158878],[15.9992044,45.8156741],[15.9983312,45.8154741],[15.9981,45.8154225],[15.9978997,45.8153749],[15.9976748,45.8153103],[15.9974023,45.8152135],[15.9972306,45.815148],[15.9970676,45.8150858],[15.9968775,45.8150184]]}},{"type":"Feature","properties":{"osmId":"383182730","railway_type":"tram","name":null,"electrified":"contact_line","voltage":"600","frequency":"0","bounds":[16.0145107,45.8192495,16.0154535,45.8194667],"tags":{"electrified":"contact_line","frequency":"0","gauge":"1000","oneway":"yes","operator":"Zagrebački električni tramvaj","railway":"tram","voltage":"600"}},"geometry":{"type":"LineString","coordinates":[[16.0154535,45.8194667],[16.0152452,45.8194188],[16.015239,45.8194173],[16.0151762,45.8194029],[16.0145107,45.8192495]]}},{"type":"Feature","properties":{"osmId":"383182732","railway_type":"tram","name":null,"electrified":"contact_line","voltage":"600","frequency":"0","bounds":[16.0121372,45.8186465,16.0145107,45.8192495],"tags":{"electrified":"contact_line","frequency":"0","gauge":"1000","oneway":"yes","operator":"Zagrebački električni tramvaj","railway":"tram","voltage":"600"}},"geometry":{"type":"LineString","coordinates":[[16.0145107,45.8192495],[16.0134335,45.8189861],[16.0131909,45.8189268],[16.0130485,45.8188888],[16.0129804,45.8188689],[16.0126763,45.8187801],[16.0125324,45.8187426],[16.0121372,45.8186465]]}},{"type":"Feature","properties":{"osmId":"383349767","railway_type":"tram","name":null,"electrified":"contact_line","voltage":"600","frequency":"0","bounds":[16.0361075,45.8236315,16.0363363,45.8241],"tags":{"electrified":"contact_line","frequency":"0","gauge":"1000","oneway":"yes","operator":"Zagrebački električni tramvaj","railway":"tram","railway:operator":"Zagrebački električni tramvaj","service":"yard","voltage":"600"}},"geometry":{"type":"LineString","coordinates":[[16.0363363,45.8241],[16.0362835,45.8240796],[16.0362451,45.8240623],[16.0362284,45.8240521],[16.0362078,45.8240394],[16.036175,45.8240122],[16.0361597,45.8239958],[16.0361505,45.823986],[16.0361363,45.823964],[16.0361179,45.8239264],[16.0361145,45.8239128],[16.0361106,45.8238967],[16.0361075,45.8238654],[16.0361079,45.8238367],[16.0361115,45.8238038],[16.036123,45.8237596],[16.0361644,45.8236315]]}},{"type":"Feature","properties":{"osmId":"383349770","railway_type":"tram","name":null,"electrified":"contact_line","voltage":"600","frequency":"0","bounds":[16.0154535,45.8194667,16.0356107,45.8239422],"tags":{"electrified":"contact_line","frequency":"0","gauge":"1000","oneway":"yes","operator":"Zagrebački električni tramvaj","railway":"tram","voltage":"600"}},"geometry":{"type":"LineString","coordinates":[[16.0356107,45.8239422],[16.0331054,45.8233944],[16.0321408,45.8231855],[16.0308667,45.8229004],[16.0294615,45.8225926],[16.0283557,45.8223598],[16.0281151,45.8223047],[16.0279041,45.8222568],[16.0277467,45.8222205],[16.0275616,45.8221785],[16.0245498,45.821533],[16.0240408,45.8214239],[16.0239419,45.8214031],[16.0237626,45.8213653],[16.0221051,45.8209801],[16.021892,45.8209306],[16.0217841,45.8209055],[16.0185042,45.8201647],[16.0159645,45.8195845],[16.0155901,45.8194982],[16.0154986,45.8194771],[16.0154535,45.8194667]]}},{"type":"Feature","properties":{"osmId":"383349774","railway_type":"tram","name":null,"electrified":"contact_line","voltage":"600","frequency":"0","bounds":[16.0151063,45.819285,16.0377094,45.8242625],"tags":{"electrified":"contact_line","frequency":"0","gauge":"1000","oneway":"yes","operator":"Zagrebački električni tramvaj","railway":"tram","voltage":"600"}},"geometry":{"type":"LineString","coordinates":[[16.0151063,45.819285],[16.0156319,45.8194055],[16.016114,45.8195163],[16.0184952,45.8200616],[16.0185453,45.8200729],[16.019052,45.8201876],[16.0218239,45.8208183],[16.0219329,45.8208459],[16.022354,45.8209527],[16.0237661,45.8212809],[16.0240712,45.8213463],[16.0276487,45.8221083],[16.0277856,45.8221372],[16.0279635,45.8221761],[16.02816,45.8222214],[16.0295181,45.8225139],[16.0308546,45.8228054],[16.0321637,45.8230968],[16.0331336,45.8233049],[16.034326,45.8235631],[16.0345548,45.8236099],[16.0346904,45.8236362],[16.0348108,45.8236552],[16.0349805,45.8236797],[16.0351375,45.8237034],[16.0352662,45.823728],[16.0354498,45.823767],[16.0356768,45.8238162],[16.0359306,45.8238722],[16.036007,45.8238891],[16.0361145,45.8239128],[16.0361621,45.8239233],[16.036282,45.8239497],[16.0364307,45.8239825],[16.0365382,45.8240062],[16.0377094,45.8242625]]}},{"type":"Feature","properties":{"osmId":"383349779","railway_type":"tram","name":null,"electrified":"contact_line","voltage":"600","frequency":"0","bounds":[16.037495,45.824352,16.0772839,45.8297487],"tags":{"electrified":"contact_line","frequency":"0","gauge":"1000","oneway":"yes","operator":"Zagrebački električni tramvaj","railway":"tram","voltage":"600"}},"geometry":{"type":"LineString","coordinates":[[16.0772839,45.8278375],[16.0771591,45.8277915],[16.0770578,45.8277567],[16.0770043,45.8277444],[16.0769567,45.827737],[16.0768998,45.8277323],[16.0768543,45.8277312],[16.0768161,45.8277323],[16.0767854,45.8277342],[16.0767397,45.8277404],[16.0765732,45.8277731],[16.0762646,45.8278356],[16.0760915,45.827867],[16.0759163,45.8278973],[16.0756935,45.8279351],[16.0753807,45.8279823],[16.0751227,45.8280188],[16.0741788,45.8281326],[16.073453,45.8282231],[16.073204,45.8282541],[16.0730994,45.8282664],[16.0725855,45.8283296],[16.0711344,45.8285032],[16.0708761,45.8285359],[16.0690696,45.8287559],[16.0688819,45.8287774],[16.0687924,45.8287878],[16.0686102,45.8288069],[16.0684846,45.8288185],[16.0683378,45.8288276],[16.0681427,45.8288332],[16.0678793,45.8288359],[16.06759,45.8288315],[16.0670018,45.8288102],[16.0660585,45.828776],[16.0657963,45.8287675],[16.0654384,45.8287555],[16.0652126,45.8287497],[16.0650056,45.8287467],[16.0648398,45.8287447],[16.0645814,45.8287464],[16.0642511,45.8287565],[16.0640385,45.8287675],[16.0638305,45.8287828],[16.0635266,45.8288112],[16.0631812,45.8288503],[16.0629321,45.8288798],[16.06273,45.8289053],[16.0623926,45.828952],[16.0619584,45.8290138],[16.0616081,45.82907],[16.0609089,45.8291951],[16.0601227,45.8293325],[16.0595577,45.8294393],[16.0588562,45.8295651],[16.058345,45.8296629],[16.0582409,45.8296789],[16.0580596,45.8297096],[16.0578897,45.8297293],[16.0577002,45.8297469],[16.0576388,45.8297486],[16.057485,45.8297487],[16.0573288,45.8297442],[16.0571982,45.829738],[16.0566033,45.829701],[16.0561176,45.8296605],[16.0559202,45.8296424],[16.0557492,45.8296251],[16.0556541,45.8296155],[16.0554112,45.8295828],[16.0552218,45.8295525],[16.0551228,45.8295347],[16.0550277,45.8295176],[16.0546655,45.8294437],[16.0544196,45.8293902],[16.0536419,45.8292135],[16.0532896,45.8291327],[16.052932,45.8290458],[16.0528511,45.8290249],[16.0526675,45.8289742],[16.0525172,45.8289328],[16.0521799,45.8288324],[16.0517637,45.8287025],[16.0513475,45.828566],[16.0495122,45.8279642],[16.0489225,45.8277742],[16.0481853,45.8275288],[16.0480591,45.8274873],[16.0478028,45.8274032],[16.0473168,45.8272436],[16.0468392,45.8270781],[16.0463585,45.8269095],[16.0458088,45.826713],[16.045367,45.8265554],[16.0447052,45.8263141],[16.0445628,45.8262621],[16.0443669,45.8261907],[16.0442382,45.8261439],[16.0438341,45.8259969],[16.0435523,45.8259001],[16.0433254,45.8258247],[16.0431433,45.8257646],[16.04296,45.8257089],[16.042733,45.8256417],[16.042312,45.8255269],[16.0422411,45.8255084],[16.0421284,45.8254789],[16.0420702,45.8254637],[16.0419958,45.8254443],[16.0417406,45.8253779],[16.0409473,45.825174],[16.0403245,45.8250146],[16.0402236,45.8249887],[16.040115,45.8249609],[16.0394504,45.8247918],[16.039011,45.8246863],[16.0386746,45.824611],[16.0384701,45.8245661],[16.038339,45.8245373],[16.0383199,45.8245331],[16.037495,45.824352]]}},{"type":"Feature","properties":{"osmId":"383349782","railway_type":"tram","name":null,"electrified":"contact_line","voltage":"600","frequency":"0","bounds":[16.0356107,45.8239422,16.0365043,45.8241365],"tags":{"electrified":"contact_line","frequency":"0","gauge":"1000","oneway":"yes","operator":"Zagrebački električni tramvaj","railway":"tram","voltage":"600"}},"geometry":{"type":"LineString","coordinates":[[16.0365043,45.8241365],[16.0364814,45.8241316],[16.0363363,45.8241],[16.0362167,45.824074],[16.0360863,45.8240456],[16.0358763,45.824],[16.0356107,45.8239422]]}},{"type":"Feature","properties":{"osmId":"383349784","railway_type":"tram","name":null,"electrified":"contact_line","voltage":"600","frequency":"0","bounds":[16.0365043,45.8241365,16.037495,45.824352],"tags":{"electrified":"contact_line","frequency":"0","gauge":"1000","oneway":"yes","operator":"Zagrebački električni tramvaj","railway":"tram","voltage":"600"}},"geometry":{"type":"LineString","coordinates":[[16.037495,45.824352],[16.0365043,45.8241365]]}},{"type":"Feature","properties":{"osmId":"383349793","railway_type":"tram","name":null,"electrified":"contact_line","voltage":"600","frequency":"0","bounds":[16.0772839,45.8277965,16.077859,45.8278656],"tags":{"electrified":"contact_line","frequency":"0","gauge":"1000","oneway":"yes","operator":"Zagrebački električni tramvaj","railway":"tram","voltage":"600"}},"geometry":{"type":"LineString","coordinates":[[16.077859,45.8277965],[16.0776146,45.8278477],[16.0775459,45.8278609],[16.077509,45.8278651],[16.0774546,45.8278656],[16.0774049,45.8278627],[16.0773512,45.8278545],[16.0772839,45.8278375]]}},{"type":"Feature","properties":{"osmId":"383349813","railway_type":"tram","name":null,"electrified":"contact_line","voltage":"600","frequency":"0","bounds":[16.0361815,45.8236907,16.0364307,45.8239825],"tags":{"electrified":"contact_line","frequency":"0","gauge":"1000","oneway":"yes","operator":"Zagrebački električni tramvaj","railway":"tram","railway:operator":"Zagrebački električni tramvaj","service":"yard","voltage":"600"}},"geometry":{"type":"LineString","coordinates":[[16.0361857,45.8236907],[16.0361815,45.8237755],[16.0361849,45.8238002],[16.0361905,45.8238213],[16.036198,45.8238372],[16.0362069,45.8238496],[16.0362307,45.8238766],[16.0362555,45.8238986],[16.0362961,45.8239241],[16.0363526,45.8239531],[16.0364307,45.8239825]]}},{"type":"Feature","properties":{"osmId":"383357498","railway_type":"tram","name":null,"electrified":null,"voltage":null,"frequency":null,"bounds":[16.0188277,45.8144635,16.0189101,45.8145132],"tags":{"oneway":"yes","operator":"Zagrebački električni tramvaj","railway":"tram"}},"geometry":{"type":"LineString","coordinates":[[16.0189101,45.8144635],[16.0188277,45.8145132]]}},{"type":"Feature","properties":{"osmId":"383360307","railway_type":"tram","name":null,"electrified":"contact_line","voltage":"600","frequency":"0","bounds":[16.0321837,45.7882245,16.0348342,45.789344],"tags":{"electrified":"contact_line","frequency":"0","gauge":"1000","oneway":"yes","operator":"Zagrebački električni tramvaj","railway":"tram","voltage":"600"}},"geometry":{"type":"LineString","coordinates":[[16.034499,45.7890537],[16.0344278,45.7889935],[16.0343199,45.7889085],[16.0342867,45.7888936],[16.034252,45.788878],[16.0341494,45.7888411],[16.0341065,45.7888308],[16.0339918,45.7888144],[16.0339204,45.7888069],[16.0337885,45.788793],[16.0337176,45.7887868],[16.0336457,45.7887805],[16.0335447,45.7887733],[16.0325988,45.788688],[16.0325445,45.7886831],[16.0324459,45.7886724],[16.0323951,45.7886611],[16.032327,45.7886384],[16.0322762,45.7886093],[16.0322335,45.788576],[16.032204,45.7885363],[16.0321888,45.7884967],[16.0321837,45.7884556],[16.0321857,45.7884201],[16.0321949,45.7883847],[16.0322203,45.7883436],[16.0322579,45.7883046],[16.0322823,45.788284],[16.032326,45.7882614],[16.0323748,45.7882436],[16.0324256,45.7882316],[16.0324703,45.7882245],[16.0325313,45.7882245],[16.0325862,45.7882316],[16.0326248,45.7882408],[16.0326654,45.7882543],[16.0327051,45.7882734],[16.0327569,45.7883053],[16.033196,45.7886072],[16.033258,45.7886434],[16.0333098,45.7886682],[16.0333789,45.7886972],[16.0334501,45.7887192],[16.0335273,45.7887362],[16.0336005,45.788749],[16.033744,45.78876],[16.0337896,45.7887635],[16.0339634,45.7887799],[16.0341065,45.7887991],[16.0342409,45.7888376],[16.0343166,45.7888791],[16.0344593,45.7889768],[16.0348342,45.789344]]}},{"type":"Feature","properties":{"osmId":"383461921","railway_type":"tram","name":null,"electrified":"contact_line","voltage":"600","frequency":"0","bounds":[15.9832013,45.7775975,15.9867907,45.7776866],"tags":{"electrified":"contact_line","frequency":"0","gauge":"1000","oneway":"yes","operator":"Zagrebački električni tramvaj","railway":"tram","voltage":"600"}},"geometry":{"type":"LineString","coordinates":[[15.9832013,45.7775975],[15.9836205,45.7776016],[15.9855844,45.7776626],[15.9857091,45.7776665],[15.9867907,45.7776866]]}},{"type":"Feature","properties":{"osmId":"383461922","railway_type":"tram","name":null,"electrified":"contact_line","voltage":"600","frequency":"0","bounds":[15.9832259,45.7776245,15.9845998,45.7776669],"tags":{"electrified":"contact_line","frequency":"0","gauge":"1000","oneway":"yes","operator":"Zagrebački električni tramvaj","railway":"tram","voltage":"600"}},"geometry":{"type":"LineString","coordinates":[[15.9845998,45.7776669],[15.983641,45.7776355],[15.9832259,45.7776245]]}},{"type":"Feature","properties":{"osmId":"383476970","railway_type":"tram","name":null,"electrified":"contact_line","voltage":"600","frequency":"0","bounds":[15.9864124,45.8094482,15.986529,45.8096062],"tags":{"electrified":"contact_line","frequency":"0","gauge":"1000","oneway":"yes","operator":"Zagrebački električni tramvaj","railway":"tram","voltage":"600"}},"geometry":{"type":"LineString","coordinates":[[15.9864124,45.8096062],[15.9864241,45.8095604],[15.9864415,45.8095239],[15.9864686,45.8094902],[15.9864911,45.8094716],[15.9865158,45.8094565],[15.986529,45.8094482]]}},{"type":"Feature","properties":{"osmId":"383476973","railway_type":"tram","name":null,"electrified":"contact_line","voltage":"600","frequency":"0","bounds":[15.986529,45.8094134,15.9867411,45.8094482],"tags":{"electrified":"contact_line","frequency":"0","gauge":"1000","oneway":"yes","operator":"Zagrebački električni tramvaj","railway":"tram","voltage":"600"}},"geometry":{"type":"LineString","coordinates":[[15.986529,45.8094482],[15.9865794,45.809432],[15.9866148,45.809424],[15.9866617,45.8094174],[15.9867411,45.8094134]]}},{"type":"Feature","properties":{"osmId":"383488731","railway_type":"tram","name":null,"electrified":"contact_line","voltage":"600","frequency":"0","bounds":[16.0348073,45.7987343,16.0350455,45.7988542],"tags":{"electrified":"contact_line","frequency":"0","gauge":"1000","oneway":"yes","operator":"Zagrebački električni tramvaj","railway":"tram","voltage":"600"}},"geometry":{"type":"LineString","coordinates":[[16.0348073,45.7988542],[16.0350455,45.7987343]]}},{"type":"Feature","properties":{"osmId":"383488732","railway_type":"tram","name":null,"electrified":"contact_line","voltage":"600","frequency":"0","bounds":[16.0343495,45.7985155,16.0355371,45.799123],"tags":{"electrified":"contact_line","frequency":"0","gauge":"1000","oneway":"yes","operator":"Zagrebački električni tramvaj","railway":"tram","voltage":"600"}},"geometry":{"type":"LineString","coordinates":[[16.0355371,45.7985155],[16.0352095,45.7986882],[16.0343495,45.799123]]}},{"type":"Feature","properties":{"osmId":"383488733","railway_type":"tram","name":null,"electrified":"contact_line","voltage":"600","frequency":"0","bounds":[15.9972338,45.8144201,15.9974209,45.8149325],"tags":{"electrified":"contact_line","frequency":"0","gauge":"1000","oneway":"yes","operator":"Zagrebački električni tramvaj","railway":"tram","voltage":"600"}},"geometry":{"type":"LineString","coordinates":[[15.9972361,45.8144201],[15.9972712,45.8144355],[15.9973177,45.8144614],[15.9973537,45.8144845],[15.9973968,45.8145227],[15.9974148,45.8145521],[15.9974209,45.8145934],[15.9974075,45.8146361],[15.9972338,45.8149325]]}},{"type":"Feature","properties":{"osmId":"383500205","railway_type":"tram","name":null,"electrified":"contact_line","voltage":"600","frequency":"0","bounds":[16.0003234,45.7781042,16.0013191,45.7781486],"tags":{"electrified":"contact_line","frequency":"0","gauge":"1000","oneway":"yes","operator":"Zagrebački električni tramvaj","railway":"tram","voltage":"600"}},"geometry":{"type":"LineString","coordinates":[[16.0013191,45.7781042],[16.0012288,45.7781092],[16.0011742,45.7781155],[16.0011312,45.7781229],[16.0010837,45.7781314],[16.0010333,45.7781403],[16.0009895,45.7781458],[16.0009664,45.7781468],[16.0009527,45.7781476],[16.0009005,45.7781486],[16.0003234,45.7781336]]}},{"type":"Feature","properties":{"osmId":"383500206","railway_type":"tram","name":null,"electrified":"contact_line","voltage":"600","frequency":"0","bounds":[16.0009166,45.7780604,16.0012632,45.7780698],"tags":{"electrified":"contact_line","frequency":"0","gauge":"1000","oneway":"yes","operator":"Zagrebački električni tramvaj","railway":"tram","voltage":"600"}},"geometry":{"type":"LineString","coordinates":[[16.0009166,45.7780604],[16.0010888,45.7780658],[16.0012632,45.7780698]]}},{"type":"Feature","properties":{"osmId":"383503021","railway_type":"tram","name":null,"electrified":"contact_line","voltage":"600","frequency":"0","bounds":[16.0188277,45.8144851,16.0188981,45.8145132],"tags":{"electrified":"contact_line","frequency":"0","gauge":"1000","oneway":"yes","operator":"Zagrebački električni tramvaj","railway":"tram","voltage":"600"}},"geometry":{"type":"LineString","coordinates":[[16.0188981,45.8144851],[16.0188277,45.8145132]]}},{"type":"Feature","properties":{"osmId":"490737189","railway_type":"tram","name":null,"electrified":"contact_line","voltage":"600","frequency":"0","bounds":[15.9623259,45.7996286,15.9646535,45.8030411],"tags":{"electrified":"contact_line","frequency":"0","gauge":"1000","oneway":"yes","operator":"Zagrebački električni tramvaj","railway":"tram","voltage":"600"}},"geometry":{"type":"LineString","coordinates":[[15.9646535,45.8030411],[15.9646436,45.8030245],[15.9642698,45.8024759],[15.9640863,45.8022149],[15.9639531,45.8020203],[15.9638867,45.8019165],[15.9635774,45.8014751],[15.9635336,45.8014086],[15.9632795,45.8010307],[15.9629723,45.8005728],[15.9628336,45.8003673],[15.9627896,45.8003036],[15.962382,45.7997104],[15.9623259,45.7996286]]}},{"type":"Feature","properties":{"osmId":"627230335","railway_type":"tram","name":null,"electrified":"contact_line","voltage":"600","frequency":"0","bounds":[15.9517884,45.7818813,15.9523122,45.7847012],"tags":{"bridge":"yes","electrified":"contact_line","frequency":"0","gauge":"1000","layer":"1","oneway":"yes","operator":"Zagrebački električni tramvaj","railway":"tram","voltage":"600"}},"geometry":{"type":"LineString","coordinates":[[15.9517884,45.7847012],[15.9519268,45.7839619],[15.952015,45.7834796],[15.9521295,45.7828661],[15.9523122,45.7818813]]}},{"type":"Feature","properties":{"osmId":"627230337","railway_type":"tram","name":null,"electrified":"contact_line","voltage":"600","frequency":"0","bounds":[15.9525467,45.7775477,15.9529565,45.7809062],"tags":{"electrified":"contact_line","frequency":"0","gauge":"1000","oneway":"yes","operator":"Zagrebački električni tramvaj","railway":"tram","voltage":"600"}},"geometry":{"type":"LineString","coordinates":[[15.9529565,45.7775477],[15.952917,45.7775835],[15.9528932,45.777607],[15.952878,45.7776261],[15.9528642,45.7776454],[15.9528524,45.7776651],[15.9528414,45.7776884],[15.9528349,45.777707],[15.9528291,45.7777257],[15.9528247,45.7777463],[15.9528228,45.7777725],[15.9528253,45.7778425],[15.9528332,45.7780906],[15.9528329,45.7781188],[15.9528326,45.7782034],[15.9528316,45.7784038],[15.9528249,45.7791602],[15.9528248,45.7792227],[15.9528233,45.7793353],[15.9528169,45.7794305],[15.9528114,45.7794799],[15.952795,45.7795788],[15.9527727,45.7796985],[15.9527217,45.7799729],[15.9526826,45.7801679],[15.9525467,45.7809062]]}},{"type":"Feature","properties":{"osmId":"627230351","railway_type":"tram","name":null,"electrified":"contact_line","voltage":"600","frequency":"0","bounds":[15.953685,45.7770172,15.9832013,45.7775975],"tags":{"electrified":"contact_line","frequency":"0","gauge":"1000","oneway":"yes","operator":"Zagrebački električni tramvaj","railway":"tram","voltage":"600"}},"geometry":{"type":"LineString","coordinates":[[15.953685,45.7771868],[15.9537517,45.7771849],[15.9540647,45.7771733],[15.955454,45.7771339],[15.956054,45.7771212],[15.9567794,45.7770994],[15.958466,45.7770509],[15.9603564,45.7770172],[15.9608575,45.7770239],[15.9628354,45.7770565],[15.9652672,45.7771039],[15.965818,45.7771177],[15.9706922,45.7772475],[15.9714678,45.7772757],[15.9716932,45.7772818],[15.9717271,45.7772827],[15.9718446,45.7772861],[15.9719203,45.7772882],[15.9796511,45.7774896],[15.9797048,45.7774906],[15.9798553,45.7774963],[15.9801939,45.7775118],[15.9803294,45.7775154],[15.980642,45.7775219],[15.9807871,45.7775254],[15.9813381,45.7775393],[15.9822564,45.7775636],[15.9832013,45.7775975]]}},{"type":"Feature","properties":{"osmId":"699221146","railway_type":"tram","name":null,"electrified":null,"voltage":null,"frequency":null,"bounds":[15.9376891,45.7954344,15.9393328,45.7962617],"tags":{"gauge":"1000","oneway":"yes","operator":"Zagrebački električni tramvaj","railway":"tram","service":"yard"}},"geometry":{"type":"LineString","coordinates":[[15.9376891,45.7954344],[15.9377476,45.7954421],[15.9377927,45.7954498],[15.9378256,45.7954574],[15.9379572,45.7954932],[15.9380839,45.7955296],[15.9381345,45.7955393],[15.9381778,45.7955447],[15.9382176,45.7955481],[15.9390686,45.7955889],[15.9391313,45.7955962],[15.9391754,45.7956048],[15.9392085,45.795618],[15.9392498,45.7956386],[15.9392736,45.795658],[15.9392971,45.7956871],[15.9393115,45.7957143],[15.9393214,45.7957437],[15.9393237,45.7957806],[15.9393229,45.7958547],[15.9393268,45.7959527],[15.9393311,45.7960582],[15.9393328,45.7962617]]}},{"type":"Feature","properties":{"osmId":"699221153","railway_type":"tram","name":null,"electrified":null,"voltage":null,"frequency":null,"bounds":[15.9372237,45.7958193,15.939039,45.795942],"tags":{"gauge":"1000","oneway":"yes","operator":"Zagrebački električni tramvaj","railway":"tram","service":"yard","tunnel":"building_passage"}},"geometry":{"type":"LineString","coordinates":[[15.9372237,45.795942],[15.9372553,45.7958962],[15.9373018,45.7958581],[15.9373543,45.7958351],[15.9374216,45.7958206],[15.9374856,45.7958193],[15.939039,45.795913]]}},{"type":"Feature","properties":{"osmId":"699221154","railway_type":"tram","name":null,"electrified":null,"voltage":null,"frequency":null,"bounds":[15.9371983,45.7959349,15.939025,45.7960674],"tags":{"gauge":"1000","oneway":"yes","operator":"Zagrebački električni tramvaj","railway":"tram","service":"yard","tunnel":"building_passage"}},"geometry":{"type":"LineString","coordinates":[[15.9371983,45.7960674],[15.9372343,45.7960078],[15.9372893,45.7959675],[15.9373409,45.7959482],[15.937406,45.7959349],[15.9374732,45.795935],[15.939025,45.7960301]]}},{"type":"Feature","properties":{"osmId":"699221155","railway_type":"tram","name":null,"electrified":null,"voltage":null,"frequency":null,"bounds":[15.9372174,45.7958482,15.9390355,45.7959733],"tags":{"gauge":"1000","oneway":"yes","operator":"Zagrebački električni tramvaj","railway":"tram","service":"yard","tunnel":"building_passage"}},"geometry":{"type":"LineString","coordinates":[[15.9372174,45.7959733],[15.9372501,45.7959241],[15.9372987,45.7958854],[15.937351,45.7958633],[15.9374177,45.7958492],[15.9374825,45.7958482],[15.9390355,45.7959423]]}},{"type":"Feature","properties":{"osmId":"699221156","railway_type":"tram","name":null,"electrified":null,"voltage":null,"frequency":null,"bounds":[15.9371917,45.7959635,15.9390215,45.7960997],"tags":{"gauge":"1000","oneway":"yes","operator":"Zagrebački električni tramvaj","railway":"tram","service":"yard","tunnel":"building_passage"}},"geometry":{"type":"LineString","coordinates":[[15.9371917,45.7960997],[15.9372346,45.7960377],[15.9372576,45.796015],[15.9372862,45.7959949],[15.9373376,45.7959765],[15.9374021,45.7959635],[15.93747,45.7959639],[15.9390215,45.7960594]]}},{"type":"Feature","properties":{"osmId":"699221157","railway_type":"tram","name":null,"electrified":null,"voltage":null,"frequency":null,"bounds":[15.937211,45.7958772,15.939032,45.7960047],"tags":{"gauge":"1000","oneway":"yes","operator":"Zagrebački električni tramvaj","railway":"tram","service":"yard","tunnel":"building_passage"}},"geometry":{"type":"LineString","coordinates":[[15.937211,45.7960047],[15.9372448,45.795952],[15.9372956,45.7959128],[15.9373476,45.7958916],[15.9374138,45.7958778],[15.9374794,45.7958772],[15.939032,45.7959715]]}},{"type":"Feature","properties":{"osmId":"699221158","railway_type":"tram","name":null,"electrified":null,"voltage":null,"frequency":null,"bounds":[15.9371785,45.7957615,15.939046,45.79613],"tags":{"gauge":"1000","operator":"Zagrebački električni tramvaj","railway":"tram","service":"yard","tunnel":"building_passage"}},"geometry":{"type":"LineString","coordinates":[[15.9371785,45.79613],[15.9371917,45.7960997],[15.9371983,45.7960674],[15.9372047,45.796036],[15.937211,45.7960047],[15.9372174,45.7959733],[15.9372237,45.795942],[15.9372301,45.7959107],[15.9372374,45.7958849],[15.9372658,45.7958405],[15.9373081,45.7958027],[15.9373611,45.7957785],[15.9374295,45.7957634],[15.9374918,45.7957615],[15.939046,45.7958544]]}},{"type":"Feature","properties":{"osmId":"699221159","railway_type":"tram","name":null,"electrified":null,"voltage":null,"frequency":null,"bounds":[15.9372301,45.7957904,15.9390425,45.7959107],"tags":{"gauge":"1000","oneway":"yes","operator":"Zagrebački električni tramvaj","railway":"tram","service":"yard","tunnel":"building_passage"}},"geometry":{"type":"LineString","coordinates":[[15.9372301,45.7959107],[15.9372606,45.7958683],[15.9373049,45.7958307],[15.9373577,45.7958068],[15.9374256,45.795792],[15.9374887,45.7957904],[15.9390425,45.7958837]]}},{"type":"Feature","properties":{"osmId":"699221160","railway_type":"tram","name":null,"electrified":null,"voltage":null,"frequency":null,"bounds":[15.9372047,45.7959061,15.9390285,45.796036],"tags":{"gauge":"1000","oneway":"yes","operator":"Zagrebački električni tramvaj","railway":"tram","service":"yard","tunnel":"building_passage"}},"geometry":{"type":"LineString","coordinates":[[15.9372047,45.796036],[15.9372395,45.7959799],[15.9372925,45.7959402],[15.9373443,45.7959199],[15.9374099,45.7959063],[15.9374763,45.7959061],[15.9390285,45.7960008]]}},{"type":"Feature","properties":{"osmId":"699221161","railway_type":"tram","name":null,"electrified":null,"voltage":null,"frequency":null,"bounds":[15.9372058,45.796067,15.9390099,45.7961786],"tags":{"gauge":"1000","oneway":"yes","operator":"Zagrebački električni tramvaj","railway":"tram","service":"yard","tunnel":"building_passage"}},"geometry":{"type":"LineString","coordinates":[[15.9372058,45.7961786],[15.937234,45.7961396],[15.9372651,45.7961102],[15.9373183,45.7960839],[15.937382,45.7960695],[15.9374606,45.796067],[15.9390099,45.796157]]}},{"type":"Feature","properties":{"osmId":"699221162","railway_type":"tram","name":null,"electrified":null,"voltage":null,"frequency":null,"bounds":[15.9371762,45.7961794,15.9389961,45.7962955],"tags":{"gauge":"1000","oneway":"yes","operator":"Zagrebački električni tramvaj","railway":"tram","service":"yard","tunnel":"building_passage"}},"geometry":{"type":"LineString","coordinates":[[15.9371762,45.7962955],[15.9372085,45.7962494],[15.9372473,45.7962181],[15.9372996,45.796194],[15.9373613,45.7961794],[15.9374508,45.7961807],[15.9389961,45.796272]]}},{"type":"Feature","properties":{"osmId":"699221163","railway_type":"tram","name":null,"electrified":null,"voltage":null,"frequency":null,"bounds":[15.9371984,45.7960954,15.9390064,45.7962078],"tags":{"gauge":"1000","oneway":"yes","operator":"Zagrebački električni tramvaj","railway":"tram","service":"yard","tunnel":"building_passage"}},"geometry":{"type":"LineString","coordinates":[[15.9371984,45.7962078],[15.9372276,45.796167],[15.9372606,45.7961372],[15.9373136,45.7961115],[15.9373768,45.796097],[15.9374582,45.7960954],[15.9390064,45.7961857]]}},{"type":"Feature","properties":{"osmId":"699221164","railway_type":"tram","name":null,"electrified":null,"voltage":null,"frequency":null,"bounds":[15.9371688,45.7962091,15.9389927,45.7963247],"tags":{"gauge":"1000","oneway":"yes","operator":"Zagrebački električni tramvaj","railway":"tram","service":"yard","tunnel":"building_passage"}},"geometry":{"type":"LineString","coordinates":[[15.9371688,45.7963247],[15.9372021,45.7962769],[15.9372429,45.7962451],[15.937295,45.7962216],[15.9373606,45.7962099],[15.9374483,45.7962091],[15.9389927,45.7963007]]}},{"type":"Feature","properties":{"osmId":"699221165","railway_type":"tram","name":null,"electrified":null,"voltage":null,"frequency":null,"bounds":[15.9371486,45.7960101,15.9390167,45.7963848],"tags":{"gauge":"1000","operator":"Zagrebački električni tramvaj","railway":"tram","service":"yard","tunnel":"building_passage"}},"geometry":{"type":"LineString","coordinates":[[15.9371486,45.7963848],[15.9371688,45.7963247],[15.9371762,45.7962955],[15.9371836,45.7962663],[15.937191,45.796237],[15.9371984,45.7962078],[15.9372058,45.7961786],[15.9372132,45.7961493],[15.9372206,45.7961201],[15.9372467,45.7960846],[15.9372739,45.7960562],[15.9373276,45.7960289],[15.9373923,45.7960145],[15.9374655,45.7960101],[15.9390167,45.7960995]]}},{"type":"Feature","properties":{"osmId":"699221166","railway_type":"tram","name":null,"electrified":null,"voltage":null,"frequency":null,"bounds":[15.937191,45.7961238,15.939003,45.796237],"tags":{"gauge":"1000","oneway":"yes","operator":"Zagrebački električni tramvaj","railway":"tram","service":"yard","tunnel":"building_passage"}},"geometry":{"type":"LineString","coordinates":[[15.937191,45.796237],[15.9372212,45.7961945],[15.9372562,45.7961641],[15.937309,45.796139],[15.9373717,45.7961245],[15.9373921,45.7961243],[15.9374557,45.7961238],[15.939003,45.7962145]]}},{"type":"Feature","properties":{"osmId":"699221167","railway_type":"tram","name":null,"electrified":null,"voltage":null,"frequency":null,"bounds":[15.9372132,45.7960385,15.9390133,45.7961493],"tags":{"gauge":"1000","oneway":"yes","operator":"Zagrebački električni tramvaj","railway":"tram","service":"yard","tunnel":"building_passage"}},"geometry":{"type":"LineString","coordinates":[[15.9372132,45.7961493],[15.9372403,45.7961121],[15.9372695,45.7960832],[15.937323,45.7960564],[15.9373872,45.796042],[15.9374631,45.7960385],[15.9390133,45.7961282]]}},{"type":"Feature","properties":{"osmId":"699221168","railway_type":"tram","name":null,"electrified":null,"voltage":null,"frequency":null,"bounds":[15.9371836,45.796152,15.9389995,45.7962663],"tags":{"gauge":"1000","oneway":"yes","operator":"Zagrebački električni tramvaj","railway":"tram","service":"yard","tunnel":"building_passage"}},"geometry":{"type":"LineString","coordinates":[[15.9371836,45.7962663],[15.9372149,45.796222],[15.9372517,45.7961911],[15.9373043,45.7961665],[15.9373665,45.796152],[15.9374533,45.7961523],[15.9389995,45.7962432]]}},{"type":"Feature","properties":{"osmId":"699221169","railway_type":"tram","name":null,"electrified":null,"voltage":null,"frequency":null,"bounds":[15.9389927,45.7963007,15.9392769,45.7964661],"tags":{"gauge":"1000","operator":"Zagrebački električni tramvaj","railway":"tram","service":"yard"}},"geometry":{"type":"LineString","coordinates":[[15.9389927,45.7963007],[15.9390337,45.7963023],[15.9390708,45.7963046],[15.9390984,45.7963079],[15.9391245,45.7963133],[15.9391492,45.7963206],[15.9391718,45.7963297],[15.9391949,45.7963418],[15.9392132,45.7963545],[15.9392288,45.7963677],[15.9392398,45.7963808],[15.939252,45.7963978],[15.9392624,45.7964171],[15.939269,45.7964323],[15.9392769,45.7964661]]}},{"type":"Feature","properties":{"osmId":"699221170","railway_type":"tram","name":null,"electrified":null,"voltage":null,"frequency":null,"bounds":[15.9389961,45.796272,15.9392749,45.7964303],"tags":{"gauge":"1000","operator":"Zagrebački električni tramvaj","railway":"tram","service":"yard"}},"geometry":{"type":"LineString","coordinates":[[15.9389961,45.796272],[15.9390372,45.7962736],[15.9390697,45.7962753],[15.9390971,45.7962784],[15.9391203,45.7962836],[15.9391434,45.7962904],[15.9391642,45.7962982],[15.9391848,45.7963085],[15.9392022,45.7963189],[15.9392181,45.7963301],[15.9392334,45.7963439],[15.9392449,45.7963569],[15.9392552,45.7963732],[15.939263,45.7963905],[15.9392689,45.796405],[15.9392749,45.7964303]]}},{"type":"Feature","properties":{"osmId":"699221171","railway_type":"tram","name":null,"electrified":null,"voltage":null,"frequency":null,"bounds":[15.9389995,45.7962432,15.9392731,45.7963973],"tags":{"gauge":"1000","operator":"Zagrebački električni tramvaj","railway":"tram","service":"yard"}},"geometry":{"type":"LineString","coordinates":[[15.9389995,45.7962432],[15.9390408,45.7962448],[15.9390686,45.7962469],[15.9391,45.7962513],[15.9391248,45.7962561],[15.9391501,45.796264],[15.9391698,45.7962722],[15.9391892,45.7962822],[15.9392048,45.7962917],[15.9392192,45.7963031],[15.939233,45.7963152],[15.9392439,45.7963285],[15.9392537,45.7963441],[15.9392603,45.7963594],[15.9392659,45.7963722],[15.9392731,45.7963973]]}},{"type":"Feature","properties":{"osmId":"699221172","railway_type":"tram","name":null,"electrified":null,"voltage":null,"frequency":null,"bounds":[15.939003,45.7962145,15.9392715,45.7963688],"tags":{"gauge":"1000","operator":"Zagrebački električni tramvaj","railway":"tram","service":"yard"}},"geometry":{"type":"LineString","coordinates":[[15.939003,45.7962145],[15.9390428,45.7962166],[15.9390739,45.7962191],[15.9391046,45.7962241],[15.939129,45.7962305],[15.9391551,45.7962391],[15.9391795,45.7962497],[15.9391992,45.7962601],[15.9392161,45.7962716],[15.9392315,45.7962859],[15.9392453,45.7963028],[15.9392557,45.796321],[15.9392629,45.7963383],[15.9392715,45.7963688]]}},{"type":"Feature","properties":{"osmId":"699221173","railway_type":"tram","name":null,"electrified":null,"voltage":null,"frequency":null,"bounds":[15.9390064,45.7961857,15.93927,45.7963402],"tags":{"gauge":"1000","operator":"Zagrebački električni tramvaj","railway":"tram","service":"yard"}},"geometry":{"type":"LineString","coordinates":[[15.9390064,45.7961857],[15.939046,45.7961878],[15.9390778,45.796191],[15.9391071,45.7961964],[15.9391329,45.7962033],[15.9391582,45.7962124],[15.9391786,45.7962222],[15.9391975,45.7962325],[15.9392165,45.796246],[15.9392319,45.7962596],[15.9392435,45.7962743],[15.9392539,45.7962939],[15.9392623,45.7963121],[15.93927,45.7963402]]}},{"type":"Feature","properties":{"osmId":"699221174","railway_type":"tram","name":null,"electrified":null,"voltage":null,"frequency":null,"bounds":[15.9390099,45.796157,15.939268,45.7963045],"tags":{"gauge":"1000","operator":"Zagrebački električni tramvaj","railway":"tram","service":"yard"}},"geometry":{"type":"LineString","coordinates":[[15.9390099,45.796157],[15.9390503,45.7961599],[15.9390817,45.7961628],[15.9391093,45.7961681],[15.9391351,45.7961752],[15.9391611,45.796185],[15.9391832,45.7961958],[15.9392017,45.796207],[15.9392165,45.7962186],[15.9392343,45.7962366],[15.9392469,45.7962523],[15.9392541,45.7962678],[15.9392607,45.796282],[15.939268,45.7963045]]}},{"type":"Feature","properties":{"osmId":"699221175","railway_type":"tram","name":null,"electrified":null,"voltage":null,"frequency":null,"bounds":[15.9390133,45.7961282,15.9392666,45.7962795],"tags":{"gauge":"1000","oneway":"yes","operator":"Zagrebački električni tramvaj","railway":"tram","service":"yard"}},"geometry":{"type":"LineString","coordinates":[[15.9390133,45.7961282],[15.9390507,45.7961306],[15.9390815,45.796134],[15.9391137,45.7961404],[15.9391409,45.7961485],[15.9391655,45.7961583],[15.9391904,45.7961722],[15.9392117,45.796186],[15.9392281,45.7962009],[15.9392409,45.7962165],[15.9392488,45.796229],[15.939255,45.7962407],[15.9392611,45.796257],[15.9392666,45.7962795]]}},{"type":"Feature","properties":{"osmId":"699221176","railway_type":"tram","name":null,"electrified":null,"voltage":null,"frequency":null,"bounds":[15.9390167,45.7960995,15.9392781,45.7965623],"tags":{"gauge":"1000","oneway":"yes","operator":"Zagrebački električni tramvaj","railway":"tram","service":"yard"}},"geometry":{"type":"LineString","coordinates":[[15.9390167,45.7960995],[15.9390491,45.7961008],[15.9390861,45.7961058],[15.9391168,45.7961132],[15.9391411,45.7961209],[15.9391692,45.7961325],[15.9391945,45.7961466],[15.9392126,45.7961604],[15.9392291,45.7961762],[15.9392435,45.7961933],[15.9392541,45.7962108],[15.9392596,45.7962281],[15.9392642,45.796244],[15.9392657,45.7962599],[15.9392666,45.7962795],[15.939268,45.7963045],[15.93927,45.7963402],[15.9392715,45.7963688],[15.9392731,45.7963973],[15.9392749,45.7964303],[15.9392769,45.7964661],[15.9392781,45.7964876],[15.939278,45.7965205],[15.9392758,45.7965623]]}},{"type":"Feature","properties":{"osmId":"699221177","railway_type":"tram","name":null,"electrified":null,"voltage":null,"frequency":null,"bounds":[15.9390215,45.7960594,15.9393048,45.7962212],"tags":{"gauge":"1000","operator":"Zagrebački električni tramvaj","railway":"tram","service":"yard"}},"geometry":{"type":"LineString","coordinates":[[15.9390215,45.7960594],[15.9390641,45.7960613],[15.9391094,45.7960646],[15.9391487,45.7960716],[15.9391851,45.796083],[15.9392127,45.7960959],[15.9392383,45.7961106],[15.9392576,45.7961259],[15.9392744,45.7961438],[15.9392863,45.7961635],[15.939297,45.7961898],[15.9393048,45.7962212]]}},{"type":"Feature","properties":{"osmId":"699221178","railway_type":"tram","name":null,"electrified":null,"voltage":null,"frequency":null,"bounds":[15.939025,45.7960301,15.9393032,45.7961901],"tags":{"gauge":"1000","operator":"Zagrebački električni tramvaj","railway":"tram","service":"yard"}},"geometry":{"type":"LineString","coordinates":[[15.939025,45.7960301],[15.939066,45.7960322],[15.9391047,45.7960355],[15.9391362,45.7960411],[15.9391674,45.7960495],[15.939198,45.7960602],[15.939223,45.7960736],[15.9392466,45.7960896],[15.9392647,45.7961072],[15.939279,45.796124],[15.9392903,45.7961479],[15.9392972,45.7961656],[15.9393032,45.7961901]]}},{"type":"Feature","properties":{"osmId":"699221179","railway_type":"tram","name":null,"electrified":null,"voltage":null,"frequency":null,"bounds":[15.9390285,45.7960008,15.9393019,45.7961639],"tags":{"gauge":"1000","operator":"Zagrebački električni tramvaj","railway":"tram","service":"yard"}},"geometry":{"type":"LineString","coordinates":[[15.9390285,45.7960008],[15.9390704,45.7960044],[15.939112,45.7960085],[15.9391518,45.7960166],[15.9391815,45.7960266],[15.9392089,45.7960381],[15.9392311,45.7960502],[15.9392526,45.7960676],[15.9392717,45.7960871],[15.9392846,45.7961097],[15.9392933,45.7961309],[15.9392976,45.7961442],[15.9393019,45.7961639]]}},{"type":"Feature","properties":{"osmId":"699221180","railway_type":"tram","name":null,"electrified":null,"voltage":null,"frequency":null,"bounds":[15.939032,45.7959715,15.9393005,45.7961355],"tags":{"gauge":"1000","operator":"Zagrebački električni tramvaj","railway":"tram","service":"yard"}},"geometry":{"type":"LineString","coordinates":[[15.939032,45.7959715],[15.9390708,45.795975],[15.9391109,45.7959787],[15.9391446,45.7959853],[15.9391716,45.7959933],[15.9392028,45.7960055],[15.9392273,45.7960195],[15.9392485,45.796035],[15.939266,45.7960528],[15.9392792,45.7960725],[15.9392899,45.7960964],[15.9392966,45.7961137],[15.9393005,45.7961355]]}},{"type":"Feature","properties":{"osmId":"699221181","railway_type":"tram","name":null,"electrified":null,"voltage":null,"frequency":null,"bounds":[15.9390355,45.7959423,15.9392986,45.7960996],"tags":{"gauge":"1000","operator":"Zagrebački električni tramvaj","railway":"tram","service":"yard"}},"geometry":{"type":"LineString","coordinates":[[15.9390355,45.7959423],[15.9390749,45.7959465],[15.9391141,45.7959511],[15.9391464,45.7959574],[15.9391772,45.7959658],[15.9392059,45.795978],[15.93923,45.7959924],[15.9392514,45.7960084],[15.9392687,45.7960264],[15.9392851,45.7960511],[15.939292,45.79607],[15.9392954,45.7960827],[15.9392986,45.7960996]]}},{"type":"Feature","properties":{"osmId":"699221182","railway_type":"tram","name":null,"electrified":null,"voltage":null,"frequency":null,"bounds":[15.939039,45.795913,15.939297,45.7960671],"tags":{"gauge":"1000","oneway":"yes","operator":"Zagrebački električni tramvaj","railway":"tram","service":"yard"}},"geometry":{"type":"LineString","coordinates":[[15.939039,45.795913],[15.9390777,45.7959173],[15.9391135,45.7959213],[15.9391503,45.7959286],[15.9391833,45.79594],[15.9392143,45.7959543],[15.939238,45.7959701],[15.9392571,45.7959878],[15.9392684,45.7959994],[15.9392813,45.7960214],[15.9392881,45.7960384],[15.9392936,45.7960522],[15.939297,45.7960671]]}},{"type":"Feature","properties":{"osmId":"699221183","railway_type":"tram","name":null,"electrified":null,"voltage":null,"frequency":null,"bounds":[15.9390425,45.7958837,15.9392955,45.7960376],"tags":{"gauge":"1000","oneway":"yes","operator":"Zagrebački električni tramvaj","railway":"tram","service":"yard"}},"geometry":{"type":"LineString","coordinates":[[15.9390425,45.7958837],[15.9390753,45.7958869],[15.9391118,45.7958918],[15.939143,45.7958981],[15.9391724,45.7959068],[15.9392004,45.7959193],[15.9392206,45.7959302],[15.9392405,45.7959455],[15.9392605,45.7959632],[15.9392746,45.7959844],[15.9392866,45.7960066],[15.9392921,45.796021],[15.9392955,45.7960376]]}},{"type":"Feature","properties":{"osmId":"699221184","railway_type":"tram","name":null,"electrified":null,"voltage":null,"frequency":null,"bounds":[15.939046,45.7958544,15.9393095,45.7964053],"tags":{"gauge":"1000","oneway":"yes","operator":"Zagrebački električni tramvaj","railway":"tram","service":"yard"}},"geometry":{"type":"LineString","coordinates":[[15.939046,45.7958544],[15.9390752,45.795858],[15.9391192,45.7958649],[15.939157,45.7958736],[15.9391872,45.7958852],[15.9392196,45.7959021],[15.9392451,45.7959214],[15.9392612,45.795938],[15.9392773,45.7959584],[15.9392889,45.7959844],[15.9392937,45.7960059],[15.9392955,45.7960376],[15.939297,45.7960671],[15.9392986,45.7960996],[15.9393005,45.7961355],[15.9393019,45.7961639],[15.9393032,45.7961901],[15.9393048,45.7962212],[15.9393092,45.7963071],[15.9393095,45.796346],[15.9393056,45.7964053]]}},{"type":"Feature","properties":{"osmId":"699221185","railway_type":"tram","name":null,"electrified":null,"voltage":null,"frequency":null,"bounds":[15.9378256,45.7954574,15.9393946,45.7960582],"tags":{"gauge":"1000","oneway":"yes","operator":"Zagrebački električni tramvaj","railway":"tram","service":"yard"}},"geometry":{"type":"LineString","coordinates":[[15.9378256,45.7954574],[15.9378949,45.7954716],[15.9379516,45.7954781],[15.9391877,45.7955355],[15.9392373,45.795543],[15.9392848,45.7955594],[15.9393172,45.7955768],[15.9393444,45.7955958],[15.9393684,45.7956189],[15.9393867,45.7956554],[15.9393934,45.7956865],[15.9393946,45.7957175],[15.9393893,45.7957545],[15.9393593,45.7959093],[15.9393432,45.7959776],[15.9393365,45.7960116],[15.9393311,45.7960582]]}},{"type":"Feature","properties":{"osmId":"699221186","railway_type":"tram","name":null,"electrified":null,"voltage":null,"frequency":null,"bounds":[15.9385963,45.7957167,15.9390545,45.7957433],"tags":{"covered":"yes","gauge":"1000","operator":"Zagrebački električni tramvaj","railway":"tram","service":"yard","tunnel":"building_passage"}},"geometry":{"type":"LineString","coordinates":[[15.9385963,45.7957167],[15.9390432,45.7957422],[15.9390545,45.7957433]]}},{"type":"Feature","properties":{"osmId":"699221187","railway_type":"tram","name":null,"electrified":null,"voltage":null,"frequency":null,"bounds":[15.9380601,45.7956315,15.9387598,45.7957056],"tags":{"gauge":"1000","operator":"Zagrebački električni tramvaj","railway":"tram","service":"yard"}},"geometry":{"type":"LineString","coordinates":[[15.9387598,45.7956315],[15.938677,45.7956348],[15.9386313,45.7956416],[15.9385952,45.7956524],[15.9385112,45.7956898],[15.9384761,45.7956971],[15.9384402,45.7957033],[15.9383922,45.7957056],[15.9380601,45.795687]]}},{"type":"Feature","properties":{"osmId":"699221188","railway_type":"tram","name":null,"electrified":null,"voltage":null,"frequency":null,"bounds":[15.9368624,45.7942499,15.9370463,45.7956278],"tags":{"gauge":"1000","operator":"Zagrebački električni tramvaj","railway":"tram","service":"yard"}},"geometry":{"type":"LineString","coordinates":[[15.9370463,45.7942499],[15.9370208,45.7943574],[15.9369223,45.7954045],[15.936916,45.7954437],[15.9369073,45.7954787],[15.9368851,45.7955403],[15.9368745,45.7955725],[15.9368624,45.7956278]]}},{"type":"Feature","properties":{"osmId":"699221189","railway_type":"tram","name":null,"electrified":null,"voltage":null,"frequency":null,"bounds":[15.9368502,45.7955848,15.9369777,45.7957747],"tags":{"gauge":"1000","operator":"Zagrebački električni tramvaj","railway":"tram","service":"yard"}},"geometry":{"type":"LineString","coordinates":[[15.9369777,45.7955848],[15.936902,45.7956546],[15.9368848,45.7956755],[15.9368732,45.7956925],[15.9368644,45.7957136],[15.9368576,45.7957375],[15.9368502,45.7957747]]}},{"type":"Feature","properties":{"osmId":"699221190","railway_type":"tram","name":null,"electrified":null,"voltage":null,"frequency":null,"bounds":[15.9368652,45.7957108,15.9369316,45.7964519],"tags":{"gauge":"1000","operator":"Zagrebački električni tramvaj","railway":"tram","service":"yard"}},"geometry":{"type":"LineString","coordinates":[[15.936906,45.7957108],[15.9369063,45.7957438],[15.9369101,45.7957692],[15.9369258,45.79583],[15.9369302,45.7958496],[15.9369316,45.7958676],[15.9369307,45.7958879],[15.9368652,45.7964519]]}},{"type":"Feature","properties":{"osmId":"699221191","railway_type":"tram","name":null,"electrified":null,"voltage":null,"frequency":null,"bounds":[15.9370118,45.7943044,15.938064,45.7959679],"tags":{"gauge":"1000","operator":"Zagrebački električni tramvaj","railway":"tram","service":"yard"}},"geometry":{"type":"LineString","coordinates":[[15.9370744,45.7959679],[15.9370741,45.7959197],[15.9370699,45.7958871],[15.9370605,45.7958468],[15.9370415,45.7957959],[15.9370328,45.7957703],[15.9370185,45.7957244],[15.9370154,45.7956886],[15.937016,45.7956529],[15.9370349,45.7955315],[15.9370409,45.7954832],[15.9370421,45.7954408],[15.9370372,45.795404],[15.9370175,45.7953232],[15.9370118,45.7952867],[15.9370119,45.7952414],[15.9370152,45.7952053],[15.9371002,45.7944659],[15.937112,45.7944248],[15.9371376,45.7943895],[15.9371649,45.7943623],[15.9372033,45.794338],[15.9372539,45.7943196],[15.9373091,45.7943078],[15.9373606,45.7943044],[15.9374049,45.7943068],[15.9374429,45.7943125],[15.937476,45.794319],[15.937521,45.7943284],[15.9375587,45.7943357],[15.9375999,45.7943391],[15.938064,45.7943614]]}},{"type":"Feature","properties":{"osmId":"699221192","railway_type":"tram","name":null,"electrified":null,"voltage":null,"frequency":null,"bounds":[15.9370841,45.7966104,15.9375234,45.7967665],"tags":{"gauge":"1000","operator":"Zagrebački električni tramvaj","railway":"tram","service":"yard"}},"geometry":{"type":"LineString","coordinates":[[15.9370841,45.7967665],[15.937098,45.7967435],[15.9371103,45.7967279],[15.9371231,45.7967139],[15.9371461,45.7966944],[15.9371811,45.7966705],[15.9372149,45.7966502],[15.9372515,45.7966356],[15.9372854,45.7966239],[15.9373264,45.7966172],[15.9373832,45.7966118],[15.9374409,45.7966104],[15.9375234,45.7966107]]}},{"type":"Feature","properties":{"osmId":"699221193","railway_type":"tram","name":null,"electrified":null,"voltage":null,"frequency":null,"bounds":[15.9371329,45.7966485,15.9376739,45.7967711],"tags":{"gauge":"1000","oneway":"yes","operator":"Zagrebački električni tramvaj","railway":"tram","service":"yard"}},"geometry":{"type":"LineString","coordinates":[[15.9376739,45.7966499],[15.9376148,45.7966485],[15.9375587,45.79665],[15.9373395,45.7966589],[15.9373041,45.7966646],[15.9372683,45.7966754],[15.9372376,45.7966869],[15.9372112,45.7967008],[15.9371867,45.7967158],[15.9371631,45.7967346],[15.9371528,45.7967451],[15.9371455,45.7967525],[15.9371329,45.7967711]]}},{"type":"Feature","properties":{"osmId":"699221194","railway_type":"tram","name":null,"electrified":null,"voltage":null,"frequency":null,"bounds":[15.9373395,45.7966584,15.9383319,45.7967377],"tags":{"gauge":"1000","operator":"Zagrebački električni tramvaj","railway":"tram","service":"yard"}},"geometry":{"type":"LineString","coordinates":[[15.9373395,45.7966589],[15.9374075,45.7966584],[15.9374575,45.7966607],[15.9383319,45.7967377]]}},{"type":"Feature","properties":{"osmId":"699221196","railway_type":"tram","name":null,"electrified":null,"voltage":null,"frequency":null,"bounds":[15.9371952,45.7950209,15.9375239,45.7951291],"tags":{"gauge":"1000","operator":"Zagrebački električni tramvaj","railway":"tram","service":"yard"}},"geometry":{"type":"LineString","coordinates":[[15.9371952,45.7951291],[15.9372328,45.7950905],[15.9372596,45.7950716],[15.9372887,45.7950562],[15.9373213,45.7950424],[15.9373615,45.7950314],[15.9373986,45.7950242],[15.9374424,45.7950209],[15.9375239,45.7950222]]}},{"type":"Feature","properties":{"osmId":"699221197","railway_type":"tram","name":null,"electrified":null,"voltage":null,"frequency":null,"bounds":[15.9371594,45.7949659,15.9375288,45.7952178],"tags":{"gauge":"1000","operator":"Zagrebački električni tramvaj","railway":"tram","service":"yard"}},"geometry":{"type":"LineString","coordinates":[[15.9375288,45.7949678],[15.9374547,45.7949659],[15.9374102,45.7949676],[15.9373635,45.7949766],[15.9373245,45.7949899],[15.9372944,45.7950065],[15.9372625,45.7950311],[15.9372422,45.7950564],[15.9371952,45.7951291],[15.9371841,45.7951477],[15.9371718,45.7951752],[15.9371594,45.7952178]]}},{"type":"Feature","properties":{"osmId":"699221198","railway_type":"tram","name":null,"electrified":null,"voltage":null,"frequency":null,"bounds":[15.9371815,45.7950765,15.9375188,45.7952383],"tags":{"gauge":"1000","operator":"Zagrebački električni tramvaj","railway":"tram","service":"yard"}},"geometry":{"type":"LineString","coordinates":[[15.9371815,45.7952383],[15.937226,45.7951723],[15.9372494,45.7951426],[15.9372794,45.7951174],[15.9373022,45.7951023],[15.9373292,45.7950905],[15.9373651,45.7950825],[15.9374052,45.7950775],[15.9374551,45.7950765],[15.9375188,45.7950779]]}},{"type":"Feature","properties":{"osmId":"699221199","railway_type":"tram","name":null,"electrified":null,"voltage":null,"frequency":null,"bounds":[15.9375778,45.7966003,15.9389756,45.7967432],"tags":{"gauge":"1000","operator":"Zagrebački električni tramvaj","railway":"tram","service":"yard"}},"geometry":{"type":"LineString","coordinates":[[15.9389756,45.7967432],[15.9389232,45.7967341],[15.9388874,45.7967232],[15.9388312,45.7967013],[15.9387842,45.7966867],[15.9387389,45.7966792],[15.9386826,45.7966725],[15.9379227,45.796603],[15.9378663,45.7966003],[15.9378051,45.7966004],[15.9377539,45.7966045],[15.9376683,45.7966137],[15.9376283,45.7966155],[15.9375778,45.7966149]]}},{"type":"Feature","properties":{"osmId":"699221200","railway_type":"tram","name":null,"electrified":null,"voltage":null,"frequency":null,"bounds":[15.9393579,45.7959518,15.9394264,45.7961338],"tags":{"gauge":"1000","operator":"Zagrebački električni tramvaj","railway":"tram","service":"yard"}},"geometry":{"type":"LineString","coordinates":[[15.9393579,45.7961338],[15.939373,45.7960887],[15.9393845,45.7960591],[15.9393986,45.796026],[15.9394119,45.7959958],[15.9394264,45.7959518]]}},{"type":"Feature","properties":{"osmId":"699221203","railway_type":"tram","name":null,"electrified":null,"voltage":null,"frequency":null,"bounds":[15.9383105,45.7953515,15.9393164,45.795407],"tags":{"gauge":"1000","operator":"Zagrebački električni tramvaj","railway":"tram","service":"yard"}},"geometry":{"type":"LineString","coordinates":[[15.9393164,45.795407],[15.9392586,45.7953956],[15.9392078,45.7953906],[15.9383105,45.7953515]]}},{"type":"Feature","properties":{"osmId":"699221204","railway_type":"tram","name":null,"electrified":null,"voltage":null,"frequency":null,"bounds":[15.9383116,45.7953228,15.9394952,45.7956714],"tags":{"gauge":"1000","operator":"Zagrebački električni tramvaj","railway":"tram","service":"yard"}},"geometry":{"type":"LineString","coordinates":[[15.9383116,45.7953228],[15.9391001,45.7953592],[15.9391487,45.7953635],[15.9391889,45.7953709],[15.939229,45.795381],[15.9393164,45.795407],[15.9393632,45.7954226],[15.9394064,45.7954426],[15.9394377,45.7954642],[15.939462,45.7954899],[15.9394815,45.7955199],[15.9394909,45.7955443],[15.9394952,45.7955696],[15.9394948,45.7955947],[15.9394835,45.7956714]]}},{"type":"Feature","properties":{"osmId":"699221205","railway_type":"tram","name":null,"electrified":null,"voltage":null,"frequency":null,"bounds":[15.9383113,45.7953753,15.9392106,45.7954606],"tags":{"gauge":"1000","operator":"Zagrebački električni tramvaj","railway":"tram","service":"yard"}},"geometry":{"type":"LineString","coordinates":[[15.9392106,45.7954606],[15.9391297,45.7954341],[15.9390846,45.7954211],[15.9390359,45.7954103],[15.9389706,45.795405],[15.9383113,45.7953753]]}},{"type":"Feature","properties":{"osmId":"699221206","railway_type":"tram","name":null,"electrified":null,"voltage":null,"frequency":null,"bounds":[15.9383114,45.7954062,15.9393138,45.7954898],"tags":{"gauge":"1000","operator":"Zagrebački električni tramvaj","railway":"tram","service":"yard"}},"geometry":{"type":"LineString","coordinates":[[15.9393138,45.7954898],[15.9392106,45.7954606],[15.9391591,45.7954493],[15.9391079,45.795443],[15.9383114,45.7954062]]}},{"type":"Feature","properties":{"osmId":"699221208","railway_type":"tram","name":null,"electrified":null,"voltage":null,"frequency":null,"bounds":[15.9379572,45.7954932,15.9393622,45.7959093],"tags":{"gauge":"1000","operator":"Zagrebački električni tramvaj","railway":"tram","service":"yard"}},"geometry":{"type":"LineString","coordinates":[[15.9379572,45.7954932],[15.9380057,45.7955033],[15.9380523,45.7955098],[15.9381065,45.7955149],[15.939075,45.7955562],[15.9391349,45.7955611],[15.9391938,45.7955701],[15.9392396,45.7955861],[15.9392843,45.79561],[15.9393094,45.7956326],[15.9393323,45.7956628],[15.9393478,45.7956988],[15.9393541,45.7957373],[15.9393622,45.7958309],[15.9393593,45.7959093]]}},{"type":"Feature","properties":{"osmId":"699221210","railway_type":"tram","name":null,"electrified":null,"voltage":null,"frequency":null,"bounds":[15.9380895,45.7955692,15.9393229,45.7958547],"tags":{"gauge":"1000","operator":"Zagrebački električni tramvaj","railway":"tram","service":"yard"}},"geometry":{"type":"LineString","coordinates":[[15.9380895,45.7955692],[15.9390669,45.7956153],[15.9391154,45.7956233],[15.9391565,45.7956323],[15.9391955,45.7956463],[15.9392295,45.7956661],[15.9392599,45.7956939],[15.9392814,45.7957231],[15.9392966,45.7957537],[15.9393089,45.7957879],[15.9393229,45.7958547]]}},{"type":"Feature","properties":{"osmId":"699221211","railway_type":"tram","name":null,"electrified":null,"voltage":null,"frequency":null,"bounds":[15.9380829,45.7955973,15.9393268,45.7959527],"tags":{"gauge":"1000","operator":"Zagrebački električni tramvaj","railway":"tram","service":"yard"}},"geometry":{"type":"LineString","coordinates":[[15.9380829,45.7955973],[15.9387598,45.7956315],[15.9390606,45.7956459],[15.9391033,45.7956539],[15.9391443,45.7956665],[15.9391736,45.7956823],[15.9392019,45.7957011],[15.9392316,45.7957317],[15.9392533,45.795762],[15.9392999,45.795863],[15.939316,45.7959066],[15.9393268,45.7959527]]}},{"type":"Feature","properties":{"osmId":"699221212","railway_type":"tram","name":null,"electrified":null,"voltage":null,"frequency":null,"bounds":[15.9394352,45.7957325,15.939525,45.7959062],"tags":{"gauge":"1000","operator":"Zagrebački električni tramvaj","railway":"tram","service":"yard"}},"geometry":{"type":"LineString","coordinates":[[15.9394352,45.7959062],[15.9394525,45.7958648],[15.9394657,45.7958395],[15.9394918,45.7958016],[15.9395076,45.7957768],[15.939525,45.7957325]]}},{"type":"Feature","properties":{"osmId":"699221214","railway_type":"tram","name":null,"electrified":null,"voltage":null,"frequency":null,"bounds":[15.9379029,45.7952382,15.9392188,45.7952987],"tags":{"gauge":"1000","operator":"Zagrebački električni tramvaj","railway":"tram","service":"yard"}},"geometry":{"type":"LineString","coordinates":[[15.9392188,45.7952987],[15.9379029,45.7952382]]}},{"type":"Feature","properties":{"osmId":"699221215","railway_type":"tram","name":null,"electrified":null,"voltage":null,"frequency":null,"bounds":[15.9371079,45.7951788,15.9395737,45.796919],"tags":{"gauge":"1000","oneway":"yes","operator":"Zagrebački električni tramvaj","railway":"tram","service":"yard"}},"geometry":{"type":"LineString","coordinates":[[15.9371079,45.7956295],[15.9371307,45.7954645],[15.9371346,45.7954279],[15.9371428,45.7953964],[15.9371536,45.795372],[15.9371657,45.7953511],[15.9371967,45.795303],[15.9372198,45.7952732],[15.9372494,45.7952446],[15.9372832,45.7952197],[15.9373278,45.7952012],[15.9373727,45.7951875],[15.9374264,45.79518],[15.9374971,45.7951788],[15.938159,45.7952073],[15.9384564,45.7952204],[15.9390161,45.7952483],[15.9393156,45.7952596],[15.9393562,45.7952618],[15.9394184,45.7952728],[15.9394753,45.7952927],[15.939511,45.7953138],[15.9395382,45.7953369],[15.9395589,45.7953635],[15.9395716,45.7953966],[15.9395737,45.7954298],[15.9395706,45.7954691],[15.939539,45.7956572],[15.939525,45.7957325],[15.9394357,45.7961914],[15.9393124,45.7968445],[15.9393045,45.7968698],[15.9392959,45.7968924],[15.9392821,45.796919]]}},{"type":"Feature","properties":{"osmId":"699221216","railway_type":"tram","name":null,"electrified":"contact_line","voltage":"600","frequency":"0","bounds":[15.939221,45.7957207,15.9395467,45.7970225],"tags":{"electrified":"contact_line","frequency":"0","gauge":"1000","oneway":"yes","operator":"Zagrebački električni tramvaj","railway":"tram","service":"yard","voltage":"600"}},"geometry":{"type":"LineString","coordinates":[[15.939221,45.7970225],[15.9392305,45.7969953],[15.939243,45.7969707],[15.9392635,45.7969424],[15.9392821,45.796919],[15.93933,45.7968534],[15.9393455,45.7968286],[15.9393591,45.7967988],[15.9393676,45.7967653],[15.9394218,45.7964691],[15.9395442,45.7958341],[15.9395467,45.7958023],[15.9395457,45.7957707],[15.9395434,45.7957207]]}},{"type":"Feature","properties":{"osmId":"699222547","railway_type":"tram","name":null,"electrified":null,"voltage":null,"frequency":null,"bounds":[15.9369417,45.7960008,15.9369792,45.7962766],"tags":{"gauge":"1000","oneway":"yes","operator":"Zagrebački električni tramvaj","railway":"tram","service":"yard","tunnel":"building_passage"}},"geometry":{"type":"LineString","coordinates":[[15.9369417,45.7962766],[15.9369792,45.7960008]]}},{"type":"Feature","properties":{"osmId":"699222548","railway_type":"tram","name":null,"electrified":null,"voltage":null,"frequency":null,"bounds":[15.9369792,45.7956812,15.9371013,45.7960008],"tags":{"gauge":"1000","oneway":"yes","operator":"Zagrebački električni tramvaj","railway":"tram","service":"yard"}},"geometry":{"type":"LineString","coordinates":[[15.9369792,45.7960008],[15.9369912,45.7959022],[15.9369959,45.7958711],[15.9370058,45.7958436],[15.937021,45.7958189],[15.9370415,45.7957959],[15.9370672,45.7957665],[15.9370789,45.7957504],[15.9370875,45.79573],[15.9371013,45.7956812]]}},{"type":"Feature","properties":{"osmId":"699222549","railway_type":"tram","name":null,"electrified":null,"voltage":null,"frequency":null,"bounds":[15.9371486,45.7957235,15.9372307,45.7963848],"tags":{"gauge":"1000","operator":"Zagrebački električni tramvaj","railway":"tram","service":"yard","tunnel":"building_passage"}},"geometry":{"type":"LineString","coordinates":[[15.9371486,45.7963848],[15.9371785,45.79613],[15.9371836,45.7960863],[15.9372307,45.7957235]]}},{"type":"Feature","properties":{"osmId":"699230217","railway_type":"tram","name":null,"electrified":null,"voltage":null,"frequency":null,"bounds":[16.0376535,45.8191065,16.038868,45.8209245],"tags":{"gauge":"1000","operator":"Zagrebački električni tramvaj","railway":"tram","railway:operator":"Zagrebački električni tramvaj","service":"yard"}},"geometry":{"type":"LineString","coordinates":[[16.0386214,45.8191065],[16.0386789,45.8191196],[16.038729,45.8191375],[16.038777,45.8191648],[16.038814,45.8191948],[16.0388394,45.8192232],[16.0388541,45.8192482],[16.0388677,45.8192834],[16.038868,45.8193331],[16.0388645,45.8193693],[16.0388591,45.8193858],[16.0388344,45.8194645],[16.0387895,45.8196027],[16.0385807,45.8202415],[16.0385584,45.8202841],[16.0385294,45.8203212],[16.0384982,45.8203484],[16.0384581,45.8203752],[16.0383954,45.8204168],[16.0382692,45.8205025],[16.03823,45.8205293],[16.0381984,45.8205524],[16.0381608,45.820584],[16.0380926,45.8206596],[16.038038,45.8207197],[16.0380031,45.8207568],[16.0379459,45.8208205],[16.037902,45.8208655],[16.0378723,45.8208863],[16.037841,45.8209023],[16.0378157,45.8209114],[16.037786,45.8209198],[16.0377473,45.8209239],[16.0377118,45.8209245],[16.0376535,45.8209184]]}},{"type":"Feature","properties":{"osmId":"699230218","railway_type":"tram","name":null,"electrified":"contact_line","voltage":"600","frequency":"0","bounds":[16.0404125,45.8197971,16.0408844,45.8212504],"tags":{"covered":"yes","electrified":"contact_line","frequency":"0","gauge":"1000","operator":"Zagrebački električni tramvaj","railway":"tram","railway:operator":"Zagrebački električni tramvaj","service":"yard","voltage":"600"}},"geometry":{"type":"LineString","coordinates":[[16.0408844,45.8197971],[16.0404125,45.8212504]]}},{"type":"Feature","properties":{"osmId":"699230219","railway_type":"tram","name":null,"electrified":"contact_line","voltage":"600","frequency":"0","bounds":[16.0402755,45.819775,16.040748,45.8212275],"tags":{"covered":"yes","electrified":"contact_line","frequency":"0","gauge":"1000","operator":"Zagrebački električni tramvaj","railway":"tram","railway:operator":"Zagrebački električni tramvaj","service":"yard","voltage":"600"}},"geometry":{"type":"LineString","coordinates":[[16.040748,45.819775],[16.0402755,45.8212275]]}},{"type":"Feature","properties":{"osmId":"699230221","railway_type":"tram","name":null,"electrified":"contact_line","voltage":"600","frequency":"0","bounds":[16.0404816,45.8198086,16.0409578,45.8212615],"tags":{"covered":"yes","electrified":"contact_line","frequency":"0","gauge":"1000","operator":"Zagrebački električni tramvaj","railway":"tram","railway:operator":"Zagrebački električni tramvaj","service":"yard","voltage":"600"}},"geometry":{"type":"LineString","coordinates":[[16.0409578,45.8198086],[16.0404816,45.8212615]]}},{"type":"Feature","properties":{"osmId":"699230222","railway_type":"tram","name":null,"electrified":"contact_line","voltage":"600","frequency":"0","bounds":[16.0378459,45.8209833,16.0381777,45.8210816],"tags":{"electrified":"contact_line","frequency":"0","gauge":"1000","operator":"Zagrebački električni tramvaj","railway":"tram","railway:operator":"Zagrebački električni tramvaj","service":"yard","voltage":"600"}},"geometry":{"type":"LineString","coordinates":[[16.0378459,45.8209833],[16.0379136,45.8210006],[16.0379672,45.8210155],[16.0381777,45.8210816]]}},{"type":"Feature","properties":{"osmId":"699230223","railway_type":"tram","name":null,"electrified":"contact_line","voltage":"600","frequency":"0","bounds":[16.0378131,45.8209772,16.0384942,45.8211471],"tags":{"electrified":"contact_line","frequency":"0","gauge":"1000","operator":"Zagrebački električni tramvaj","railway":"tram","railway:operator":"Zagrebački električni tramvaj","service":"yard","voltage":"600"}},"geometry":{"type":"LineString","coordinates":[[16.0384942,45.8211471],[16.0384376,45.8211325],[16.0384002,45.8211206],[16.0382917,45.8210776],[16.0382488,45.8210613],[16.0381859,45.8210446],[16.0380663,45.8210232],[16.0378459,45.8209833],[16.0378131,45.8209772]]}},{"type":"Feature","properties":{"osmId":"699230224","railway_type":"tram","name":null,"electrified":"contact_line","voltage":"600","frequency":"0","bounds":[16.0385832,45.8211931,16.0388467,45.8212412],"tags":{"electrified":"contact_line","frequency":"0","gauge":"1000","operator":"Zagrebački električni tramvaj","railway":"tram","railway:operator":"Zagrebački električni tramvaj","service":"yard","voltage":"600"}},"geometry":{"type":"LineString","coordinates":[[16.0385832,45.8211931],[16.0388467,45.8212412]]}},{"type":"Feature","properties":{"osmId":"699230225","railway_type":"tram","name":null,"electrified":"contact_line","voltage":"600","frequency":"0","bounds":[16.038093,45.8211207,16.0388372,45.8212088],"tags":{"electrified":"contact_line","frequency":"0","gauge":"1000","operator":"Zagrebački električni tramvaj","railway":"tram","railway:operator":"Zagrebački električni tramvaj","service":"yard","voltage":"600"}},"geometry":{"type":"LineString","coordinates":[[16.038093,45.8211207],[16.0381762,45.8211327],[16.038229,45.8211386],[16.0382779,45.8211422],[16.0383246,45.8211466],[16.0383804,45.821156],[16.0384836,45.8211744],[16.0385832,45.8211931],[16.038638,45.8211991],[16.038683,45.8212002],[16.0387372,45.8212005],[16.0387754,45.8212024],[16.0388372,45.8212088]]}},{"type":"Feature","properties":{"osmId":"699230226","railway_type":"tram","name":null,"electrified":"contact_line","voltage":"600","frequency":"0","bounds":[16.0400035,45.8212504,16.0404125,45.8214842],"tags":{"electrified":"contact_line","frequency":"0","gauge":"1000","operator":"Zagrebački električni tramvaj","railway":"tram","railway:operator":"Zagrebački električni tramvaj","service":"yard","voltage":"600"}},"geometry":{"type":"LineString","coordinates":[[16.0400035,45.8214783],[16.040053,45.8214835],[16.0400957,45.8214842],[16.0401368,45.8214804],[16.0401811,45.8214733],[16.0402367,45.8214561],[16.0402771,45.8214367],[16.0403137,45.8214143],[16.0403474,45.8213858],[16.0403722,45.8213552],[16.0403885,45.8213203],[16.0404125,45.8212504]]}},{"type":"Feature","properties":{"osmId":"699230227","railway_type":"tram","name":null,"electrified":"contact_line","voltage":"600","frequency":"0","bounds":[16.0403476,45.8197859,16.0408152,45.821239],"tags":{"covered":"yes","electrified":"contact_line","frequency":"0","gauge":"1000","operator":"Zagrebački električni tramvaj","railway":"tram","railway:operator":"Zagrebački električni tramvaj","service":"yard","voltage":"600"}},"geometry":{"type":"LineString","coordinates":[[16.0408152,45.8197859],[16.0403476,45.821239]]}},{"type":"Feature","properties":{"osmId":"699230228","railway_type":"tram","name":null,"electrified":"contact_line","voltage":"600","frequency":"0","bounds":[16.0381777,45.8210816,16.0402755,45.8214103],"tags":{"electrified":"contact_line","frequency":"0","gauge":"1000","operator":"Zagrebački električni tramvaj","railway":"tram","railway:operator":"Zagrebački električni tramvaj","service":"yard","voltage":"600"}},"geometry":{"type":"LineString","coordinates":[[16.0381777,45.8210816],[16.0382125,45.8210935],[16.0382678,45.8211072],[16.0383283,45.8211191],[16.0384942,45.8211471],[16.0388372,45.8212088],[16.0389446,45.8212289],[16.0390067,45.8212402],[16.039152,45.8212668],[16.0394481,45.8213198],[16.0394777,45.821325],[16.0399279,45.8214044],[16.0399813,45.82141],[16.0400321,45.8214103],[16.0400861,45.8214028],[16.0401337,45.8213896],[16.040172,45.8213702],[16.0402055,45.8213461],[16.0402314,45.8213206],[16.0402505,45.8212924],[16.0402623,45.8212668],[16.0402755,45.8212275]]}},{"type":"Feature","properties":{"osmId":"699230229","railway_type":"tram","name":null,"electrified":"contact_line","voltage":"600","frequency":"0","bounds":[16.040688,45.8193702,16.0409396,45.8197971],"tags":{"electrified":"contact_line","frequency":"0","gauge":"1000","operator":"Zagrebački električni tramvaj","railway":"tram","railway:operator":"Zagrebački električni tramvaj","service":"yard","voltage":"600"}},"geometry":{"type":"LineString","coordinates":[[16.040688,45.8193702],[16.0407589,45.8193924],[16.0408005,45.8194122],[16.0408349,45.8194328],[16.0408674,45.8194593],[16.0408971,45.8194894],[16.0409162,45.8195218],[16.0409303,45.8195558],[16.0409375,45.8195879],[16.0409396,45.8196194],[16.0409343,45.8196517],[16.0408844,45.8197971]]}},{"type":"Feature","properties":{"osmId":"699230230","railway_type":"tram","name":null,"electrified":"contact_line","voltage":"600","frequency":"0","bounds":[16.0406771,45.8193895,16.0408602,45.8197859],"tags":{"electrified":"contact_line","frequency":"0","gauge":"1000","operator":"Zagrebački električni tramvaj","railway":"tram","railway:operator":"Zagrebački električni tramvaj","service":"yard","voltage":"600"}},"geometry":{"type":"LineString","coordinates":[[16.0406771,45.8193895],[16.0407262,45.8194132],[16.0407648,45.8194361],[16.0407955,45.8194638],[16.0408222,45.8194973],[16.0408403,45.8195279],[16.0408537,45.8195631],[16.0408602,45.8195939],[16.0408598,45.8196372],[16.0408512,45.8196779],[16.0408152,45.8197859]]}},{"type":"Feature","properties":{"osmId":"699230231","railway_type":"tram","name":null,"electrified":"contact_line","voltage":"600","frequency":"0","bounds":[16.040545,45.8193457,16.0408046,45.819775],"tags":{"electrified":"contact_line","frequency":"0","gauge":"1000","operator":"Zagrebački električni tramvaj","railway":"tram","railway:operator":"Zagrebački električni tramvaj","service":"yard","voltage":"600"}},"geometry":{"type":"LineString","coordinates":[[16.040545,45.8193457],[16.0406005,45.8193599],[16.0406459,45.8193752],[16.0406771,45.8193895],[16.0407261,45.819421],[16.040758,45.8194489],[16.0407812,45.8194797],[16.0407965,45.8195119],[16.0408028,45.8195482],[16.0408046,45.8195843],[16.0407976,45.81962],[16.040748,45.819775]]}},{"type":"Feature","properties":{"osmId":"699230232","railway_type":"tram","name":null,"electrified":null,"voltage":null,"frequency":null,"bounds":[16.0388467,45.8196768,16.0398566,45.8212475],"tags":{"gauge":"1000","operator":"Zagrebački električni tramvaj","railway":"tram","railway:operator":"Zagrebački električni tramvaj","service":"yard"}},"geometry":{"type":"LineString","coordinates":[[16.0397459,45.8196768],[16.0397991,45.8197308],[16.0398233,45.8197574],[16.0398408,45.8197832],[16.0398521,45.819809],[16.0398566,45.8198335],[16.0398554,45.8198548],[16.039851,45.8198761],[16.0394685,45.8210452],[16.039456,45.8210739],[16.0394337,45.8211044],[16.0394073,45.8211299],[16.0393685,45.8211531],[16.0393331,45.8211696],[16.0392925,45.8211803],[16.039187,45.8211987],[16.0390495,45.82123],[16.0390295,45.8212357],[16.0390067,45.8212402],[16.0389757,45.8212448],[16.0389402,45.8212475],[16.0389014,45.8212465],[16.0388467,45.8212412]]}},{"type":"Feature","properties":{"osmId":"699230233","railway_type":"tram","name":null,"electrified":null,"voltage":null,"frequency":null,"bounds":[16.039187,45.8195984,16.0398151,45.8211987],"tags":{"gauge":"1000","operator":"Zagrebački električni tramvaj","railway":"tram","railway:operator":"Zagrebački električni tramvaj","service":"yard"}},"geometry":{"type":"LineString","coordinates":[[16.0396779,45.8195984],[16.0397086,45.8196354],[16.0397333,45.8196639],[16.0397459,45.8196768],[16.0397918,45.8197416],[16.0398073,45.8197741],[16.0398151,45.8198025],[16.0398142,45.8198286],[16.0398097,45.8198616],[16.0394376,45.8210118],[16.0394258,45.821042],[16.0394069,45.8210729],[16.039385,45.8210991],[16.0393597,45.8211235],[16.0393291,45.8211449],[16.0392937,45.8211647],[16.0392561,45.8211789],[16.039187,45.8211987]]}},{"type":"Feature","properties":{"osmId":"699230234","railway_type":"tram","name":null,"electrified":null,"voltage":null,"frequency":null,"bounds":[16.0390495,45.8196873,16.0397772,45.82123],"tags":{"gauge":"1000","operator":"Zagrebački električni tramvaj","railway":"tram","railway:operator":"Zagrebački električni tramvaj","service":"yard"}},"geometry":{"type":"LineString","coordinates":[[16.0397266,45.8196873],[16.0397617,45.8197472],[16.0397724,45.8197758],[16.0397772,45.8198072],[16.0397745,45.8198391],[16.0394007,45.8209912],[16.0393854,45.8210241],[16.0393611,45.8210545],[16.0393292,45.8210815],[16.0392913,45.8211074],[16.0392333,45.8211389],[16.0391424,45.8211903],[16.0391217,45.8212032],[16.0390884,45.8212169],[16.0390495,45.82123]]}},{"type":"Feature","properties":{"osmId":"699230235","railway_type":"tram","name":null,"electrified":null,"voltage":null,"frequency":null,"bounds":[16.0392333,45.8195512,16.0397472,45.8211389],"tags":{"gauge":"1000","operator":"Zagrebački električni tramvaj","railway":"tram","railway:operator":"Zagrebački električni tramvaj","service":"yard"}},"geometry":{"type":"LineString","coordinates":[[16.0396536,45.8195512],[16.0396656,45.8195779],[16.0396779,45.8195984],[16.0397266,45.8196873],[16.0397385,45.8197222],[16.039745,45.8197527],[16.0397472,45.8197841],[16.0397441,45.8198111],[16.039738,45.8198435],[16.0393592,45.8209915],[16.0393476,45.8210214],[16.0393289,45.8210516],[16.0393113,45.8210755],[16.0392819,45.8211017],[16.0392333,45.8211389]]}},{"type":"Feature","properties":{"osmId":"699230236","railway_type":"tram","name":null,"electrified":null,"voltage":null,"frequency":null,"bounds":[16.039255,45.819615,16.0396651,45.8210569],"tags":{"gauge":"1000","operator":"Zagrebački električni tramvaj","railway":"tram","railway:operator":"Zagrebački električni tramvaj","service":"yard"}},"geometry":{"type":"LineString","coordinates":[[16.0396651,45.819615],[16.0396626,45.81965],[16.0396567,45.8196766],[16.0396494,45.8197039],[16.0392857,45.8208218],[16.0392709,45.8208765],[16.0392629,45.8209299],[16.0392623,45.8209816],[16.0392608,45.8210145],[16.039255,45.8210569]]}},{"type":"Feature","properties":{"osmId":"699230237","railway_type":"tram","name":null,"electrified":null,"voltage":null,"frequency":null,"bounds":[16.039215,45.8196985,16.0396742,45.8211297],"tags":{"gauge":"1000","operator":"Zagrebački električni tramvaj","railway":"tram","railway:operator":"Zagrebački električni tramvaj","service":"yard"}},"geometry":{"type":"LineString","coordinates":[[16.0396742,45.8196985],[16.0396708,45.8197509],[16.0396649,45.8197875],[16.0396554,45.81982],[16.039255,45.8210569],[16.0392483,45.8210736],[16.039238,45.8210947],[16.039215,45.8211297]]}},{"type":"Feature","properties":{"osmId":"699230238","railway_type":"tram","name":null,"electrified":null,"voltage":null,"frequency":null,"bounds":[16.0391424,45.819403,16.0396884,45.8211903],"tags":{"gauge":"1000","operator":"Zagrebački električni tramvaj","railway":"tram","railway:operator":"Zagrebački električni tramvaj","service":"yard"}},"geometry":{"type":"LineString","coordinates":[[16.039669,45.819403],[16.0396568,45.8194389],[16.0396519,45.819463],[16.0396481,45.8194922],[16.0396487,45.8195222],[16.0396536,45.8195512],[16.0396651,45.819615],[16.0396742,45.8196985],[16.0396867,45.8197762],[16.0396884,45.8198193],[16.0396838,45.8198558],[16.0396755,45.8198874],[16.0393121,45.8210031],[16.0392992,45.8210306],[16.0392812,45.8210568],[16.0392611,45.8210795],[16.039215,45.8211297],[16.0391995,45.8211454],[16.0391782,45.8211644],[16.0391424,45.8211903]]}},{"type":"Feature","properties":{"osmId":"699230239","railway_type":"tram","name":null,"electrified":null,"voltage":null,"frequency":null,"bounds":[16.039152,45.8195134,16.0402885,45.8212732],"tags":{"gauge":"1000","operator":"Zagrebački električni tramvaj","railway":"tram","railway:operator":"Zagrebački električni tramvaj","service":"yard"}},"geometry":{"type":"LineString","coordinates":[[16.0402885,45.8195134],[16.0402714,45.8195508],[16.0402519,45.8195757],[16.0402295,45.8195964],[16.0401969,45.8196191],[16.0401645,45.8196357],[16.0401037,45.8196594],[16.040073,45.8196727],[16.0400414,45.8196923],[16.0400174,45.8197126],[16.0399918,45.8197366],[16.0399737,45.8197611],[16.0399613,45.8197866],[16.0399291,45.8198667],[16.0395277,45.8211013],[16.0395126,45.8211325],[16.0394857,45.821167],[16.0394626,45.8211878],[16.0394313,45.8212108],[16.0393984,45.8212296],[16.0393602,45.8212485],[16.0393243,45.8212621],[16.0392824,45.8212703],[16.0392395,45.8212732],[16.0391974,45.8212713],[16.039152,45.8212668]]}},{"type":"Feature","properties":{"osmId":"699230240","railway_type":"tram","name":null,"electrified":null,"voltage":null,"frequency":null,"bounds":[16.0394481,45.8192632,16.0402954,45.8213252],"tags":{"gauge":"1000","operator":"Zagrebački električni tramvaj","railway":"tram","railway:operator":"Zagrebački električni tramvaj","service":"yard"}},"geometry":{"type":"LineString","coordinates":[[16.040065,45.8192632],[16.0401143,45.8192756],[16.0401447,45.8192855],[16.0401582,45.8192918],[16.0401744,45.8192994],[16.0402032,45.8193169],[16.0402289,45.8193366],[16.0402482,45.8193547],[16.040269,45.8193785],[16.0402859,45.819407],[16.0402938,45.8194365],[16.0402954,45.8194717],[16.0402885,45.8195134],[16.0399025,45.8206862],[16.0398944,45.8207212],[16.0398915,45.8207462],[16.0398932,45.820776],[16.0399031,45.820813],[16.0399083,45.8208455],[16.0399074,45.8208863],[16.0398986,45.8209249],[16.0398245,45.8211511],[16.0398118,45.8211795],[16.0397964,45.8212048],[16.0397775,45.8212251],[16.0397533,45.8212482],[16.0397274,45.8212669],[16.0396953,45.8212849],[16.0396602,45.8213012],[16.0396239,45.8213136],[16.0395811,45.8213228],[16.0395448,45.8213252],[16.0395112,45.821325],[16.0394783,45.821323],[16.0394481,45.8213198]]}},{"type":"Feature","properties":{"osmId":"699230241","railway_type":"tram","name":null,"electrified":"contact_line","voltage":"600","frequency":"0","bounds":[16.0375212,45.8208964,16.0378131,45.8209772],"tags":{"electrified":"contact_line","frequency":"0","gauge":"1000","operator":"Zagrebački električni tramvaj","railway":"tram","railway:operator":"Zagrebački električni tramvaj","service":"yard","voltage":"600"}},"geometry":{"type":"LineString","coordinates":[[16.0375212,45.8208964],[16.0375761,45.8209094],[16.0376215,45.8209224],[16.0376992,45.8209477],[16.0377465,45.8209613],[16.0378131,45.8209772]]}},{"type":"Feature","properties":{"osmId":"699230242","railway_type":"tram","name":null,"electrified":null,"voltage":null,"frequency":null,"bounds":[16.038191,45.8210145,16.0384003,45.8210836],"tags":{"gauge":"1000","operator":"Zagrebački električni tramvaj","railway":"tram","railway:operator":"Zagrebački električni tramvaj","service":"yard"}},"geometry":{"type":"LineString","coordinates":[[16.038191,45.8210145],[16.038237,45.8210263],[16.0382725,45.821038],[16.0383296,45.821063],[16.038355,45.8210718],[16.0384003,45.8210836]]}},{"type":"Feature","properties":{"osmId":"699230243","railway_type":"tram","name":null,"electrified":null,"voltage":null,"frequency":null,"bounds":[16.0380635,45.8191529,16.039458,45.8209977],"tags":{"gauge":"1000","operator":"Zagrebački električni tramvaj","railway":"tram","railway:operator":"Zagrebački električni tramvaj","service":"yard"}},"geometry":{"type":"LineString","coordinates":[[16.039458,45.8191588],[16.0394038,45.819153],[16.0393635,45.8191529],[16.0393328,45.8191546],[16.039287,45.819163],[16.0392543,45.81917],[16.0392221,45.8191812],[16.0391459,45.8192223],[16.0391161,45.8192491],[16.0390953,45.8192709],[16.0390802,45.8192928],[16.0390676,45.8193212],[16.0390499,45.8193728],[16.0385817,45.8208153],[16.0385673,45.8208484],[16.0385455,45.8208782],[16.038518,45.8209041],[16.0384818,45.820931],[16.0384386,45.8209546],[16.0383918,45.8209715],[16.038335,45.8209833],[16.0382868,45.8209892],[16.0381783,45.8209966],[16.0381459,45.8209977],[16.0381102,45.8209965],[16.0380635,45.8209922]]}},{"type":"Feature","properties":{"osmId":"699230244","railway_type":"tram","name":null,"electrified":null,"voltage":null,"frequency":null,"bounds":[16.0383062,45.8191812,16.0392221,45.8209676],"tags":{"gauge":"1000","operator":"Zagrebački električni tramvaj","railway":"tram","railway:operator":"Zagrebački električni tramvaj","service":"yard"}},"geometry":{"type":"LineString","coordinates":[[16.0392221,45.8191812],[16.0391567,45.8192051],[16.0391121,45.8192236],[16.039084,45.819237],[16.0390571,45.8192527],[16.0390266,45.8192767],[16.0390008,45.8193029],[16.0389824,45.8193324],[16.0389693,45.8193641],[16.0385086,45.820774],[16.0384873,45.8208214],[16.0384645,45.8208488],[16.0384393,45.8208743],[16.038391,45.8209156],[16.0383539,45.820942],[16.0383062,45.8209676]]}},{"type":"Feature","properties":{"osmId":"699230245","railway_type":"tram","name":null,"electrified":null,"voltage":null,"frequency":null,"bounds":[16.0375212,45.8191843,16.0396341,45.8210358],"tags":{"gauge":"1000","operator":"Zagrebački električni tramvaj","railway":"tram","railway:operator":"Zagrebački električni tramvaj","service":"yard"}},"geometry":{"type":"LineString","coordinates":[[16.0396341,45.8191891],[16.0395806,45.8191847],[16.039537,45.8191843],[16.0395031,45.8191861],[16.0394502,45.8191957],[16.0394181,45.8192047],[16.039389,45.8192139],[16.039343,45.8192366],[16.0393163,45.8192552],[16.0393009,45.8192692],[16.0392702,45.8193017],[16.0392543,45.819328],[16.0392417,45.8193566],[16.0392282,45.8193996],[16.0387522,45.8208593],[16.0387412,45.8208848],[16.0387269,45.8209095],[16.0387048,45.8209366],[16.0386759,45.8209625],[16.038646,45.8209831],[16.0386094,45.8210013],[16.0385697,45.8210173],[16.03852,45.8210293],[16.0384698,45.8210345],[16.0384174,45.8210358],[16.0383659,45.8210343],[16.0382991,45.8210301],[16.0382618,45.8210266],[16.038191,45.8210145],[16.0380635,45.8209922],[16.0380161,45.8209846],[16.0379699,45.8209755],[16.0376535,45.8209184],[16.0375212,45.8208964]]}},{"type":"Feature","properties":{"osmId":"699230246","railway_type":"tram","name":null,"electrified":null,"voltage":null,"frequency":null,"bounds":[16.0388943,45.8192552,16.0399221,45.8210518],"tags":{"gauge":"1000","operator":"Zagrebački električni tramvaj","railway":"tram","railway:operator":"Zagrebački električni tramvaj","service":"yard"}},"geometry":{"type":"LineString","coordinates":[[16.0399221,45.8192552],[16.039818,45.8192635],[16.0397642,45.8192709],[16.0397155,45.8192825],[16.0396721,45.8192966],[16.0396321,45.8193174],[16.0395961,45.8193418],[16.0395654,45.8193715],[16.0395436,45.819401],[16.0395271,45.8194347],[16.0390841,45.8207966],[16.0390649,45.8208391],[16.039046,45.8208728],[16.0390191,45.8209121],[16.0389467,45.8209977],[16.0389254,45.8210217],[16.0388943,45.8210518]]}},{"type":"Feature","properties":{"osmId":"699230247","railway_type":"tram","name":null,"electrified":null,"voltage":null,"frequency":null,"bounds":[16.0387956,45.8192814,16.0398158,45.8211015],"tags":{"gauge":"1000","operator":"Zagrebački električni tramvaj","railway":"tram","railway:operator":"Zagrebački električni tramvaj","service":"yard"}},"geometry":{"type":"LineString","coordinates":[[16.0398158,45.8192814],[16.0397179,45.8193187],[16.0396736,45.8193405],[16.0396355,45.8193639],[16.0396023,45.8193945],[16.0395759,45.8194279],[16.0395618,45.8194576],[16.0391223,45.8208099],[16.0391036,45.8208545],[16.0390841,45.8208878],[16.0390537,45.8209251],[16.0390135,45.8209645],[16.0388943,45.8210518],[16.0388645,45.8210698],[16.038837,45.8210849],[16.0387956,45.8211015]]}},{"type":"Feature","properties":{"osmId":"699230248","railway_type":"tram","name":null,"electrified":null,"voltage":null,"frequency":null,"bounds":[16.0388981,45.8193394,16.0397153,45.82107],"tags":{"gauge":"1000","operator":"Zagrebački električni tramvaj","railway":"tram","railway:operator":"Zagrebački električni tramvaj","service":"yard"}},"geometry":{"type":"LineString","coordinates":[[16.0397153,45.8193394],[16.0396747,45.8193704],[16.0396442,45.8194021],[16.0396195,45.8194327],[16.0395999,45.8194708],[16.0391478,45.8208481],[16.0391303,45.8208902],[16.0391117,45.8209206],[16.0390805,45.8209577],[16.0390355,45.8209959],[16.0389788,45.8210346],[16.0389511,45.821049],[16.0388981,45.82107]]}},{"type":"Feature","properties":{"osmId":"699230249","railway_type":"tram","name":null,"electrified":null,"voltage":null,"frequency":null,"bounds":[16.038452,45.8192546,16.0400429,45.8211232],"tags":{"gauge":"1000","operator":"Zagrebački električni tramvaj","railway":"tram","railway:operator":"Zagrebački električni tramvaj","service":"yard"}},"geometry":{"type":"LineString","coordinates":[[16.0400429,45.8192594],[16.0399879,45.8192549],[16.0399438,45.8192546],[16.0399221,45.8192552],[16.039879,45.8192622],[16.0398461,45.8192707],[16.0398158,45.8192814],[16.0397711,45.8193024],[16.0397401,45.8193206],[16.0397153,45.8193394],[16.039669,45.819403],[16.0396474,45.8194454],[16.0396329,45.819484],[16.0391843,45.8208804],[16.0391688,45.8209171],[16.0391509,45.8209435],[16.039126,45.8209698],[16.0390958,45.8209946],[16.0390571,45.8210163],[16.0390177,45.8210332],[16.0388981,45.82107],[16.0387956,45.8211015],[16.0387502,45.8211144],[16.0387177,45.8211199],[16.0386718,45.8211232],[16.0386298,45.8211228],[16.0385773,45.821117],[16.038452,45.8210935]]}},{"type":"Feature","properties":{"osmId":"699230250","railway_type":"tram","name":null,"electrified":null,"voltage":null,"frequency":null,"bounds":[16.0388574,45.8193056,16.0395436,45.8209806],"tags":{"gauge":"1000","operator":"Zagrebački električni tramvaj","railway":"tram","railway:operator":"Zagrebački električni tramvaj","service":"yard"}},"geometry":{"type":"LineString","coordinates":[[16.0395436,45.8193056],[16.0394825,45.8193599],[16.039457,45.8193863],[16.0394406,45.8194084],[16.0394267,45.8194356],[16.0389761,45.8208153],[16.0389575,45.8208542],[16.0389416,45.8208823],[16.0389078,45.8209298],[16.0388574,45.8209806]]}},{"type":"Feature","properties":{"osmId":"699230251","railway_type":"tram","name":null,"electrified":null,"voltage":null,"frequency":null,"bounds":[16.038757,45.819253,16.0396297,45.8210453],"tags":{"gauge":"1000","operator":"Zagrebački električni tramvaj","railway":"tram","railway:operator":"Zagrebački električni tramvaj","service":"yard"}},"geometry":{"type":"LineString","coordinates":[[16.0396297,45.819253],[16.0395588,45.8192797],[16.0395247,45.8192946],[16.0394912,45.8193119],[16.0394593,45.8193342],[16.0394285,45.8193615],[16.0394036,45.8193928],[16.0393855,45.8194267],[16.0389366,45.8208094],[16.0389216,45.820843],[16.0389024,45.8208758],[16.0388712,45.8209199],[16.0388298,45.8209745],[16.0388146,45.8209946],[16.0387957,45.821014],[16.038757,45.8210453]]}},{"type":"Feature","properties":{"osmId":"699230252","railway_type":"tram","name":null,"electrified":null,"voltage":null,"frequency":null,"bounds":[16.0381859,45.819228,16.0397568,45.8211019],"tags":{"gauge":"1000","operator":"Zagrebački električni tramvaj","railway":"tram","railway:operator":"Zagrebački električni tramvaj","service":"yard"}},"geometry":{"type":"LineString","coordinates":[[16.0397568,45.819228],[16.0396913,45.8192363],[16.0396567,45.8192439],[16.0396297,45.819253],[16.0395882,45.8192749],[16.0395618,45.8192924],[16.0395436,45.8193056],[16.0395093,45.8193458],[16.0394897,45.8193779],[16.0394752,45.8194127],[16.0390189,45.8208181],[16.0390046,45.8208513],[16.0389835,45.8208825],[16.0389601,45.8209057],[16.0389251,45.8209332],[16.0388574,45.8209806],[16.038757,45.8210453],[16.0387276,45.8210599],[16.0386986,45.8210727],[16.0386525,45.821088],[16.0385997,45.8210985],[16.0385539,45.8211019],[16.0385075,45.8211],[16.038452,45.8210935],[16.0384003,45.8210836],[16.0381859,45.8210446]]}},{"type":"Feature","properties":{"osmId":"699230253","railway_type":"tram","name":null,"electrified":null,"voltage":null,"frequency":null,"bounds":[16.0382991,45.8192692,16.0393009,45.8210301],"tags":{"gauge":"1000","operator":"Zagrebački električni tramvaj","railway":"tram","railway:operator":"Zagrebački električni tramvaj","service":"yard"}},"geometry":{"type":"LineString","coordinates":[[16.0393009,45.8192692],[16.0392477,45.8193121],[16.0392244,45.819338],[16.0392047,45.8193625],[16.0391878,45.819395],[16.0387152,45.8208464],[16.0386974,45.8208832],[16.0386693,45.8209157],[16.0386321,45.8209458],[16.0385907,45.8209694],[16.038539,45.8209901],[16.0384949,45.8210023],[16.0384218,45.8210186],[16.0383851,45.8210253],[16.0383499,45.8210293],[16.0382991,45.8210301]]}},{"type":"Feature","properties":{"osmId":"699230254","railway_type":"tram","name":null,"electrified":null,"voltage":null,"frequency":null,"bounds":[16.0384218,45.8192139,16.039389,45.8210186],"tags":{"gauge":"1000","operator":"Zagrebački električni tramvaj","railway":"tram","railway:operator":"Zagrebački električni tramvaj","service":"yard"}},"geometry":{"type":"LineString","coordinates":[[16.039389,45.8192139],[16.039307,45.8192454],[16.039271,45.8192624],[16.0392389,45.81928],[16.0392079,45.8193056],[16.0391801,45.8193326],[16.0391621,45.8193604],[16.0391477,45.8193888],[16.0386823,45.8208135],[16.0386652,45.8208509],[16.0386428,45.8208824],[16.0386204,45.8209067],[16.0385959,45.8209302],[16.0385714,45.8209493],[16.0385226,45.8209777],[16.0384889,45.8209949],[16.0384218,45.8210186]]}},{"type":"Feature","properties":{"osmId":"699230255","railway_type":"tram","name":null,"electrified":null,"voltage":null,"frequency":null,"bounds":[16.0385226,45.8191861,16.0395031,45.8209777],"tags":{"gauge":"1000","operator":"Zagrebački električni tramvaj","railway":"tram","railway:operator":"Zagrebački električni tramvaj","service":"yard"}},"geometry":{"type":"LineString","coordinates":[[16.0395031,45.8191861],[16.0393882,45.8191943],[16.039333,45.8192033],[16.03929,45.8192158],[16.0392436,45.8192332],[16.03921,45.8192513],[16.039175,45.8192774],[16.0391456,45.8193055],[16.0391236,45.8193415],[16.0391065,45.8193802],[16.0386351,45.820837],[16.0386203,45.8208756],[16.0386002,45.8209096],[16.0385743,45.8209381],[16.0385226,45.8209777]]}},{"type":"Feature","properties":{"osmId":"699230257","railway_type":"tram","name":null,"electrified":null,"voltage":null,"frequency":null,"bounds":[16.0381783,45.8192223,16.0391459,45.8209966],"tags":{"gauge":"1000","operator":"Zagrebački električni tramvaj","railway":"tram","railway:operator":"Zagrebački električni tramvaj","service":"yard"}},"geometry":{"type":"LineString","coordinates":[[16.0391459,45.8192223],[16.0391119,45.8192455],[16.0390849,45.8192673],[16.039064,45.8192903],[16.0390443,45.8193099],[16.0390241,45.819338],[16.0390095,45.8193695],[16.0385439,45.8207977],[16.0385204,45.820839],[16.0384954,45.8208691],[16.0384605,45.8208982],[16.0384209,45.82092],[16.0383716,45.8209428],[16.0383062,45.8209676],[16.0382755,45.8209798],[16.0382362,45.8209888],[16.0381783,45.8209966]]}},{"type":"Feature","properties":{"osmId":"699230259","railway_type":"tram","name":null,"electrified":null,"voltage":null,"frequency":null,"bounds":[16.038391,45.8191546,16.0393328,45.8209156],"tags":{"gauge":"1000","operator":"Zagrebački električni tramvaj","railway":"tram","railway:operator":"Zagrebački električni tramvaj","service":"yard"}},"geometry":{"type":"LineString","coordinates":[[16.0393328,45.8191546],[16.0392375,45.8191623],[16.039174,45.8191699],[16.0391257,45.8191808],[16.0390786,45.8191973],[16.0390459,45.8192144],[16.0390123,45.8192354],[16.038982,45.8192616],[16.0389579,45.8192903],[16.038939,45.8193212],[16.0389272,45.8193562],[16.038445,45.8208408],[16.038433,45.8208653],[16.0384168,45.8208881],[16.038391,45.8209156]]}},{"type":"Feature","properties":{"osmId":"699230261","railway_type":"tram","name":null,"electrified":"contact_line","voltage":"600","frequency":"0","bounds":[16.0361644,45.8190029,16.0386214,45.8236315],"tags":{"electrified":"contact_line","frequency":"0","gauge":"1000","oneway":"yes","operator":"Zagrebački električni tramvaj","railway":"tram","railway:operator":"Zagrebački električni tramvaj","service":"yard","voltage":"600"}},"geometry":{"type":"LineString","coordinates":[[16.0361644,45.8236315],[16.03621,45.8234994],[16.0362718,45.8233016],[16.0365538,45.8224506],[16.0369416,45.8212456],[16.0370147,45.8210121],[16.0371344,45.8206466],[16.0375735,45.819306],[16.0375902,45.8192598],[16.0376102,45.8192213],[16.0376365,45.8191843],[16.0376647,45.8191506],[16.0377015,45.8191127],[16.0377358,45.8190858],[16.0378024,45.8190442],[16.0378167,45.8190377],[16.037844,45.819026],[16.0378852,45.8190152],[16.0379335,45.8190063],[16.0379772,45.8190029],[16.0379894,45.8190034],[16.0380175,45.8190045],[16.0380631,45.8190081],[16.038118,45.8190172],[16.038368,45.819062],[16.0386214,45.8191065]]}},{"type":"Feature","properties":{"osmId":"699230262","railway_type":"tram","name":null,"electrified":null,"voltage":null,"frequency":null,"bounds":[16.0385895,45.8190095,16.0388677,45.8192834],"tags":{"gauge":"1000","operator":"Zagrebački električni tramvaj","railway":"tram","railway:operator":"Zagrebački električni tramvaj","service":"yard"}},"geometry":{"type":"LineString","coordinates":[[16.0388677,45.8192834],[16.0388564,45.8192235],[16.0388455,45.8191844],[16.0388314,45.8191477],[16.0388108,45.8191174],[16.0387855,45.8190925],[16.0387545,45.819067],[16.0387162,45.8190454],[16.0386731,45.8190302],[16.0385895,45.8190095]]}},{"type":"Feature","properties":{"osmId":"699230263","railway_type":"tram","name":null,"electrified":null,"voltage":null,"frequency":null,"bounds":[16.037957,45.8207568,16.0381777,45.8210816],"tags":{"gauge":"1000","operator":"Zagrebački električni tramvaj","railway":"tram","railway:operator":"Zagrebački električni tramvaj","service":"yard"}},"geometry":{"type":"LineString","coordinates":[[16.0380031,45.8207568],[16.0379802,45.8207873],[16.0379678,45.8208073],[16.0379592,45.820834],[16.037957,45.8208586],[16.0379577,45.8208835],[16.037965,45.8209123],[16.0379773,45.820939],[16.037995,45.8209623],[16.0380161,45.8209846],[16.0380386,45.8210039],[16.0380663,45.8210232],[16.0380957,45.8210415],[16.0381362,45.8210637],[16.0381777,45.8210816]]}},{"type":"Feature","properties":{"osmId":"699230264","railway_type":"tram","name":null,"electrified":null,"voltage":null,"frequency":null,"bounds":[16.038038,45.8203816,16.0381548,45.8207197],"tags":{"gauge":"1000","operator":"Zagrebački električni tramvaj","railway":"tram","railway:operator":"Zagrebački električni tramvaj","service":"yard"}},"geometry":{"type":"LineString","coordinates":[[16.0381548,45.8203816],[16.0380703,45.8206606],[16.0380579,45.8206883],[16.038038,45.8207197]]}},{"type":"Feature","properties":{"osmId":"699230265","railway_type":"tram","name":null,"electrified":null,"voltage":null,"frequency":null,"bounds":[16.0380926,45.820553,16.0381438,45.8206596],"tags":{"gauge":"1000","operator":"Zagrebački električni tramvaj","railway":"tram","railway:operator":"Zagrebački električni tramvaj","service":"yard"}},"geometry":{"type":"LineString","coordinates":[[16.0381438,45.820553],[16.0381296,45.8205963],[16.0381164,45.820624],[16.0380926,45.8206596]]}},{"type":"Feature","properties":{"osmId":"699230266","railway_type":"tram","name":null,"electrified":null,"voltage":null,"frequency":null,"bounds":[16.0381608,45.8205118,16.0382261,45.820584],"tags":{"gauge":"1000","operator":"Zagrebački električni tramvaj","railway":"tram","railway:operator":"Zagrebački električni tramvaj","service":"yard"}},"geometry":{"type":"LineString","coordinates":[[16.0382261,45.8205118],[16.0381608,45.820584]]}},{"type":"Feature","properties":{"osmId":"699230267","railway_type":"tram","name":null,"electrified":null,"voltage":null,"frequency":null,"bounds":[16.0382261,45.8204441,16.038286,45.8205118],"tags":{"gauge":"1000","operator":"Zagrebački električni tramvaj","railway":"tram","railway:operator":"Zagrebački električni tramvaj","service":"yard"}},"geometry":{"type":"LineString","coordinates":[[16.038286,45.8204441],[16.0382261,45.8205118]]}},{"type":"Feature","properties":{"osmId":"699230268","railway_type":"tram","name":null,"electrified":null,"voltage":null,"frequency":null,"bounds":[16.0381438,45.8196424,16.0385089,45.820553],"tags":{"gauge":"1000","operator":"Zagrebački električni tramvaj","railway":"tram","railway:operator":"Zagrebački električni tramvaj","service":"yard"}},"geometry":{"type":"LineString","coordinates":[[16.0385089,45.8196424],[16.0384808,45.8196612],[16.0384587,45.8196787],[16.0384335,45.8197014],[16.0384124,45.8197302],[16.0383974,45.819759],[16.0383841,45.8197902],[16.0381655,45.8204848],[16.0381438,45.820553]]}},{"type":"Feature","properties":{"osmId":"699230269","railway_type":"tram","name":null,"electrified":null,"voltage":null,"frequency":null,"bounds":[16.0381438,45.8195907,16.0386026,45.820553],"tags":{"gauge":"1000","operator":"Zagrebački električni tramvaj","railway":"tram","railway:operator":"Zagrebački električni tramvaj","service":"yard"}},"geometry":{"type":"LineString","coordinates":[[16.0386026,45.8195907],[16.0385714,45.8196122],[16.0385447,45.8196341],[16.0384705,45.8197174],[16.0384492,45.8197489],[16.0384374,45.8197738],[16.0384257,45.8198058],[16.0382375,45.8203825],[16.0382219,45.8204233],[16.0382033,45.8204564],[16.0381778,45.8204915],[16.0381622,45.8205162],[16.0381438,45.820553]]}},{"type":"Feature","properties":{"osmId":"699230270","railway_type":"tram","name":null,"electrified":null,"voltage":null,"frequency":null,"bounds":[16.038286,45.8196449,16.0385812,45.8204441],"tags":{"gauge":"1000","operator":"Zagrebački električni tramvaj","railway":"tram","railway:operator":"Zagrebački električni tramvaj","service":"yard"}},"geometry":{"type":"LineString","coordinates":[[16.0385812,45.8196449],[16.0385567,45.8196825],[16.038542,45.8197121],[16.0383242,45.8203824],[16.0383106,45.8204102],[16.038286,45.8204441]]}},{"type":"Feature","properties":{"osmId":"699230271","railway_type":"tram","name":null,"electrified":null,"voltage":null,"frequency":null,"bounds":[16.0382261,45.819537,16.0386982,45.8205118],"tags":{"gauge":"1000","operator":"Zagrebački električni tramvaj","railway":"tram","railway:operator":"Zagrebački električni tramvaj","service":"yard"}},"geometry":{"type":"LineString","coordinates":[[16.0386982,45.819537],[16.0386609,45.819564],[16.0386301,45.8195904],[16.0385812,45.8196449],[16.0385336,45.8196978],[16.0385087,45.8197273],[16.0384856,45.819762],[16.0384711,45.8197993],[16.0382637,45.820447],[16.0382493,45.8204771],[16.0382261,45.8205118]]}},{"type":"Feature","properties":{"osmId":"699230272","railway_type":"tram","name":null,"electrified":null,"voltage":null,"frequency":null,"bounds":[16.0383936,45.8196084,16.0386783,45.8203766],"tags":{"gauge":"1000","operator":"Zagrebački električni tramvaj","railway":"tram","railway:operator":"Zagrebački električni tramvaj","service":"yard"}},"geometry":{"type":"LineString","coordinates":[[16.0386783,45.8196084],[16.0386575,45.8196377],[16.0386448,45.8196645],[16.0386348,45.819692],[16.0384293,45.8203172],[16.0384155,45.8203443],[16.0383936,45.8203766]]}},{"type":"Feature","properties":{"osmId":"699230273","railway_type":"tram","name":null,"electrified":null,"voltage":null,"frequency":null,"bounds":[16.0382692,45.8195363,16.0387423,45.8205025],"tags":{"gauge":"1000","operator":"Zagrebački električni tramvaj","railway":"tram","railway:operator":"Zagrebački električni tramvaj","service":"yard"}},"geometry":{"type":"LineString","coordinates":[[16.0387423,45.8195363],[16.0387189,45.8195725],[16.0387059,45.8196021],[16.0385009,45.8202263],[16.038486,45.8202601],[16.0384654,45.8202928],[16.0384431,45.8203199],[16.0383936,45.8203766],[16.0383267,45.8204505],[16.038304,45.8204725],[16.0382692,45.8205025]]}},{"type":"Feature","properties":{"osmId":"699230274","railway_type":"tram","name":null,"electrified":null,"voltage":null,"frequency":null,"bounds":[16.038286,45.8194587,16.0388133,45.8204441],"tags":{"gauge":"1000","operator":"Zagrebački električni tramvaj","railway":"tram","railway:operator":"Zagrebački električni tramvaj","service":"yard"}},"geometry":{"type":"LineString","coordinates":[[16.0388133,45.8194587],[16.0387423,45.8195363],[16.0386783,45.8196084],[16.0386222,45.8196693],[16.0386023,45.8196947],[16.0385836,45.8197261],[16.0385713,45.8197581],[16.0383878,45.8203038],[16.0383718,45.8203383],[16.0383563,45.8203631],[16.0383356,45.8203879],[16.038286,45.8204441]]}},{"type":"Feature","properties":{"osmId":"699230275","railway_type":"tram","name":null,"electrified":null,"voltage":null,"frequency":null,"bounds":[16.0383954,45.8194645,16.0388344,45.8204168],"tags":{"gauge":"1000","operator":"Zagrebački električni tramvaj","railway":"tram","railway:operator":"Zagrebački električni tramvaj","service":"yard"}},"geometry":{"type":"LineString","coordinates":[[16.0388344,45.8194645],[16.0388153,45.8195027],[16.0387972,45.8195283],[16.0387718,45.8195644],[16.0387534,45.819595],[16.0387405,45.819624],[16.0385401,45.8202371],[16.0385216,45.8202759],[16.0385028,45.8203068],[16.0384751,45.8203383],[16.0383954,45.8204168]]}},{"type":"Feature","properties":{"osmId":"757514422","railway_type":"tram","name":null,"electrified":"contact_line","voltage":"600","frequency":"0","bounds":[15.9522832,45.7770039,15.953454,45.7775884],"tags":{"electrified":"contact_line","frequency":"0","gauge":"1000","oneway":"yes","operator":"Zagrebački električni tramvaj","railway":"tram","voltage":"600"}},"geometry":{"type":"LineString","coordinates":[[15.9525927,45.7775884],[15.9524558,45.7775439],[15.9524056,45.7775231],[15.9523763,45.7775081],[15.9523547,45.7774943],[15.9523337,45.7774762],[15.9523174,45.7774568],[15.9523091,45.7774456],[15.9522962,45.7774228],[15.9522869,45.7774018],[15.9522832,45.7773724],[15.9522836,45.7773534],[15.9522846,45.7773257],[15.9522893,45.7773039],[15.952306,45.7772323],[15.9523162,45.7772053],[15.9523307,45.7771754],[15.9523524,45.7771393],[15.9523685,45.7771164],[15.9523897,45.7770943],[15.9524189,45.7770705],[15.9524416,45.7770557],[15.9524737,45.7770386],[15.9525018,45.7770274],[15.9525464,45.7770153],[15.9525786,45.7770079],[15.9526155,45.7770045],[15.9526436,45.7770039],[15.9526927,45.7770055],[15.9527328,45.7770096],[15.9527778,45.777015],[15.9528262,45.7770253],[15.9528788,45.7770375],[15.952923,45.7770518],[15.9530087,45.7770819],[15.9530929,45.7771119],[15.9531456,45.7771312],[15.9531897,45.7771463],[15.9532378,45.7771618],[15.9532743,45.777171],[15.9533148,45.7771787],[15.9533616,45.7771856],[15.9533653,45.7771859],[15.953454,45.7771934]]}},{"type":"Feature","properties":{"osmId":"766122073","railway_type":"tram","name":null,"electrified":"contact_line","voltage":"600","frequency":"0","bounds":[15.9777348,45.8056843,15.9780056,45.8058439],"tags":{"electrified":"contact_line","frequency":"0","gauge":"1000","oneway":"yes","operator":"Zagrebački električni tramvaj","railway":"tram","voltage":"600"}},"geometry":{"type":"LineString","coordinates":[[15.9780056,45.8058439],[15.9779972,45.8058171],[15.9779928,45.8058033],[15.977979,45.8057802],[15.9779565,45.8057553],[15.977931,45.8057367],[15.9779048,45.8057214],[15.9778816,45.8057104],[15.9778694,45.8057048],[15.9778369,45.8056945],[15.9777931,45.8056887],[15.9777348,45.8056843]]}},{"type":"Feature","properties":{"osmId":"828439979","railway_type":"tram","name":null,"electrified":"contact_line","voltage":"600","frequency":"0","bounds":[15.9540369,45.809347,15.9557866,45.8097614],"tags":{"electrified":"contact_line","frequency":"0","gauge":"1000","oneway":"yes","operator":"Zagrebački električni tramvaj","railway":"tram","voltage":"600"}},"geometry":{"type":"LineString","coordinates":[[15.9548383,45.8094688],[15.9547813,45.809473],[15.9547417,45.8094787],[15.9547233,45.8094821],[15.9546675,45.8094979],[15.9546314,45.809511],[15.9545836,45.8095401],[15.9545787,45.8095431],[15.9545451,45.8095744],[15.9545223,45.8096015],[15.9544774,45.8096702],[15.9544526,45.8096983],[15.9544163,45.8097225],[15.9543769,45.8097409],[15.9543359,45.8097539],[15.954285,45.8097614],[15.9542514,45.8097614],[15.9541978,45.8097534],[15.9541649,45.8097436],[15.9541227,45.809724],[15.9540831,45.809695],[15.954061,45.8096697],[15.9540463,45.8096426],[15.9540369,45.8096113],[15.9540369,45.8095828],[15.9540398,45.8095717],[15.9540463,45.8095473],[15.9540535,45.8095361],[15.954061,45.8095244],[15.9540771,45.8095047],[15.9540968,45.8094865],[15.9541217,45.8094687],[15.9541606,45.8094494],[15.9541993,45.8094378],[15.9542444,45.809431],[15.954712,45.8094049],[15.9552996,45.8093732],[15.9557866,45.809347]]}},{"type":"Feature","properties":{"osmId":"829967674","railway_type":"tram","name":null,"electrified":"contact_line","voltage":"600","frequency":"0","bounds":[15.979334,45.8282306,15.9793937,45.8283813],"tags":{"electrified":"contact_line","frequency":"0","gauge":"1000","oneway":"yes","operator":"Zagrebački električni tramvaj","railway":"tram","voltage":"600"}},"geometry":{"type":"LineString","coordinates":[[15.979334,45.8283813],[15.9793739,45.8282811],[15.9793937,45.8282306]]}},{"type":"Feature","properties":{"osmId":"833541448","railway_type":"tram","name":null,"electrified":"contact_line","voltage":"600","frequency":"0","bounds":[15.953441,45.7864104,15.9535934,45.7866397],"tags":{"electrified":"contact_line","frequency":"0","gauge":"1000","oneway":"yes","operator":"Zagrebački električni tramvaj","railway":"tram","voltage":"600"}},"geometry":{"type":"LineString","coordinates":[[15.953441,45.7864104],[15.9535934,45.7866397]]}},{"type":"Feature","properties":{"osmId":"833541449","railway_type":"tram","name":null,"electrified":"contact_line","voltage":"600","frequency":"0","bounds":[15.9533862,45.7862655,15.953441,45.7864104],"tags":{"electrified":"contact_line","frequency":"0","gauge":"1000","oneway":"yes","operator":"Zagrebački električni tramvaj","railway":"tram","voltage":"600"}},"geometry":{"type":"LineString","coordinates":[[15.9533862,45.7862655],[15.9533974,45.7862822],[15.9534088,45.7863042],[15.9534171,45.7863251],[15.953423,45.7863431],[15.9534284,45.786365],[15.9534337,45.7863827],[15.953441,45.7864104]]}},{"type":"Feature","properties":{"osmId":"841688671","railway_type":"tram","name":null,"electrified":"contact_line","voltage":"600","frequency":"0","bounds":[16.0233894,45.8043299,16.0234736,45.8043356],"tags":{"bridge":"yes","electrified":"contact_line","frequency":"0","gauge":"1000","layer":"1","oneway":"yes","operator":"Zagrebački električni tramvaj","railway":"tram","voltage":"600"}},"geometry":{"type":"LineString","coordinates":[[16.0234736,45.8043299],[16.0233894,45.8043356]]}},{"type":"Feature","properties":{"osmId":"841688672","railway_type":"tram","name":null,"electrified":"contact_line","voltage":"600","frequency":"0","bounds":[16.0235058,45.7988542,16.0348073,45.8043001],"tags":{"electrified":"contact_line","frequency":"0","gauge":"1000","oneway":"yes","operator":"Zagrebački električni tramvaj","railway":"tram","voltage":"600"}},"geometry":{"type":"LineString","coordinates":[[16.0235058,45.8043001],[16.0235148,45.8042994],[16.0238673,45.8042439],[16.0241095,45.8041915],[16.0243072,45.8041361],[16.0245215,45.8040672],[16.0246947,45.8039968],[16.0249503,45.8038745],[16.0255159,45.803592],[16.0268043,45.8029306],[16.0268475,45.8029067],[16.0270284,45.8028177],[16.0271979,45.8027308],[16.0305515,45.8010117],[16.0305676,45.8010049],[16.0307304,45.8009334],[16.0309123,45.8008414],[16.0310181,45.8007878],[16.034186,45.7991724],[16.0348073,45.7988542]]}},{"type":"Feature","properties":{"osmId":"841688673","railway_type":"tram","name":null,"electrified":"contact_line","voltage":"600","frequency":"0","bounds":[16.0233897,45.8043001,16.0235058,45.8043092],"tags":{"bridge":"yes","electrified":"contact_line","frequency":"0","gauge":"1000","layer":"1","oneway":"yes","operator":"Zagrebački električni tramvaj","railway":"tram","voltage":"600"}},"geometry":{"type":"LineString","coordinates":[[16.0233897,45.8043092],[16.0235058,45.8043001]]}},{"type":"Feature","properties":{"osmId":"843055692","railway_type":"tram","name":null,"electrified":"contact_line","voltage":"600","frequency":"0","bounds":[15.9950112,45.8010695,15.9952873,45.8013567],"tags":{"electrified":"contact_line","frequency":"0","gauge":"1000","oneway":"yes","operator":"Zagrebački električni tramvaj","railway":"tram","voltage":"600"}},"geometry":{"type":"LineString","coordinates":[[15.995274,45.8013567],[15.9952771,45.8013493],[15.9952855,45.8013169],[15.9952873,45.8012895],[15.9952859,45.8012701],[15.9952847,45.801258],[15.9952806,45.8012374],[15.9952742,45.8012212],[15.995264,45.8012026],[15.995253,45.8011857],[15.9952345,45.8011659],[15.9952147,45.8011492],[15.9951904,45.8011307],[15.9951648,45.801113],[15.9951397,45.8010999],[15.9951174,45.8010893],[15.9950913,45.8010815],[15.9950703,45.801077],[15.9950378,45.8010709],[15.9950112,45.8010695]]}},{"type":"Feature","properties":{"osmId":"843055693","railway_type":"tram","name":null,"electrified":"contact_line","voltage":"600","frequency":"0","bounds":[15.9950222,45.8010429,15.9953269,45.8013652],"tags":{"electrified":"contact_line","frequency":"0","gauge":"1000","oneway":"yes","operator":"Zagrebački električni tramvaj","railway":"tram","voltage":"600"}},"geometry":{"type":"LineString","coordinates":[[15.9950222,45.8010429],[15.9950438,45.8010441],[15.9950764,45.8010494],[15.9951057,45.8010557],[15.9951357,45.8010643],[15.9951566,45.8010723],[15.9951697,45.8010776],[15.9951933,45.8010907],[15.99521,45.8011016],[15.9952314,45.8011174],[15.9952518,45.8011382],[15.9952805,45.80117],[15.9952965,45.8011896],[15.9953081,45.8012088],[15.995318,45.8012324],[15.9953214,45.8012441],[15.9953237,45.8012548],[15.9953249,45.8012646],[15.9953259,45.8012728],[15.9953269,45.801288],[15.9953247,45.8013113],[15.9953189,45.8013335],[15.9953051,45.8013652]]}},{"type":"Feature","properties":{"osmId":"843055694","railway_type":"tram","name":null,"electrified":"contact_line","voltage":"600","frequency":"0","bounds":[15.9953307,45.7869692,16.0042355,45.8012541],"tags":{"electrified":"contact_line","frequency":"0","gauge":"1000","oneway":"yes","operator":"Zagrebački električni tramvaj","railway":"tram","voltage":"600"}},"geometry":{"type":"LineString","coordinates":[[15.9953307,45.8012541],[15.9953737,45.8011763],[15.9954211,45.8010905],[15.9954359,45.8010643],[15.9954522,45.8010414],[15.9954895,45.8009832],[15.9955174,45.8009301],[15.9955771,45.8008156],[15.995909,45.8003644],[15.996045,45.8001834],[15.9986331,45.7968792],[15.998663,45.7968423],[15.9987033,45.7967806],[15.9987512,45.7967001],[15.998794,45.79663],[15.9988316,45.7965741],[15.9991492,45.7961658],[15.9995303,45.795686],[15.9997777,45.7953787],[16.0000424,45.7950383],[16.0001968,45.7948375],[16.0005752,45.7943474],[16.001047,45.7937408],[16.0013499,45.7933522],[16.0016739,45.7929323],[16.0017596,45.7928244],[16.0018076,45.7927697],[16.0018762,45.7927006],[16.0021752,45.7923186],[16.0022488,45.7922222],[16.0022987,45.7921505],[16.0023387,45.7920875],[16.0023646,45.7920389],[16.0023805,45.7920131],[16.0024113,45.7919703],[16.0024741,45.7918819],[16.0027175,45.7915765],[16.0028149,45.7914485],[16.0030638,45.7911303],[16.003368,45.790733],[16.0035023,45.7905615],[16.0036002,45.7904166],[16.003701,45.7902504],[16.0037482,45.7901758],[16.0038017,45.7900779],[16.0038516,45.7899822],[16.0039616,45.7897333],[16.0040433,45.7895385],[16.0040812,45.7894194],[16.0041306,45.7892503],[16.0041579,45.7891397],[16.0041789,45.7890176],[16.0042062,45.7888411],[16.0042291,45.7885377],[16.0042314,45.7884811],[16.0042355,45.7882937],[16.0042178,45.7880367],[16.0041893,45.7878356],[16.0041706,45.7877169],[16.0041084,45.7874518],[16.0040466,45.7872582],[16.0039844,45.7870724],[16.003941,45.7869692]]}},{"type":"Feature","properties":{"osmId":"843055695","railway_type":"tram","name":null,"electrified":"contact_line","voltage":"600","frequency":"0","bounds":[15.995215,45.8009301,15.9955174,45.8010534],"tags":{"electrified":"contact_line","frequency":"0","gauge":"1000","oneway":"yes","operator":"Zagrebački električni tramvaj","railway":"tram","voltage":"600"}},"geometry":{"type":"LineString","coordinates":[[15.995215,45.8010534],[15.9952556,45.8010513],[15.9952895,45.8010469],[15.9953137,45.8010408],[15.9953475,45.8010304],[15.995381,45.8010172],[15.9954145,45.8010019],[15.9954542,45.8009809],[15.9954692,45.8009735],[15.9954845,45.8009635],[15.9954991,45.8009514],[15.9955174,45.8009301]]}},{"type":"Feature","properties":{"osmId":"843055696","railway_type":"tram","name":null,"electrified":"contact_line","voltage":"600","frequency":"0","bounds":[15.9926006,45.8013652,15.9953051,45.8060947],"tags":{"electrified":"contact_line","frequency":"0","gauge":"1000","oneway":"yes","operator":"Zagrebački električni tramvaj","railway":"tram","voltage":"600"}},"geometry":{"type":"LineString","coordinates":[[15.9953051,45.8013652],[15.995253,45.8014578],[15.9949718,45.801958],[15.9946899,45.8024452],[15.9940289,45.8035905],[15.9938083,45.8039826],[15.9935969,45.8043596],[15.9935518,45.8044241],[15.9934118,45.8046718],[15.9931547,45.8051163],[15.9929917,45.8054],[15.992834,45.8056728],[15.9927097,45.8059015],[15.9926056,45.8060859],[15.9926006,45.8060947]]}},{"type":"Feature","properties":{"osmId":"843055697","railway_type":"tram","name":null,"electrified":"contact_line","voltage":"600","frequency":"0","bounds":[15.9952971,45.8009932,15.9955183,45.8010841],"tags":{"electrified":"contact_line","frequency":"0","gauge":"1000","oneway":"yes","operator":"Zagrebački električni tramvaj","railway":"tram","voltage":"600"}},"geometry":{"type":"LineString","coordinates":[[15.9955183,45.8009932],[15.9954984,45.801013],[15.9954775,45.8010271],[15.9954522,45.8010414],[15.9954275,45.8010547],[15.9954051,45.8010627],[15.9953773,45.8010717],[15.9953501,45.8010783],[15.9953242,45.8010826],[15.9952971,45.8010841]]}},{"type":"Feature","properties":{"osmId":"843055698","railway_type":"tram","name":null,"electrified":"contact_line","voltage":"600","frequency":"0","bounds":[15.9953307,45.8010769,15.9956809,45.8012541],"tags":{"electrified":"contact_line","frequency":"0","gauge":"1000","oneway":"yes","operator":"Zagrebački električni tramvaj","railway":"tram","voltage":"600"}},"geometry":{"type":"LineString","coordinates":[[15.9953307,45.8012541],[15.9953587,45.8012149],[15.9953791,45.8011892],[15.9953902,45.8011774],[15.9954033,45.8011635],[15.9954379,45.8011288],[15.9954644,45.8011142],[15.9954838,45.8011052],[15.9955104,45.8010951],[15.9955305,45.8010889],[15.9955468,45.8010849],[15.9955656,45.8010818],[15.9955939,45.801079],[15.9956099,45.801078],[15.9956319,45.8010774],[15.9956809,45.8010769]]}},{"type":"Feature","properties":{"osmId":"843570511","railway_type":"tram","name":null,"electrified":"contact_line","voltage":"600","frequency":"0","bounds":[15.9706279,45.799811,15.9950222,45.8010429],"tags":{"electrified":"contact_line","frequency":"0","gauge":"1000","oneway":"yes","operator":"Zagrebački električni tramvaj","railway":"tram","voltage":"600"}},"geometry":{"type":"LineString","coordinates":[[15.9706279,45.799811],[15.9711545,45.7998383],[15.9720963,45.7998833],[15.9731285,45.7999371],[15.9736165,45.7999631],[15.9742652,45.7999917],[15.9743016,45.7999938],[15.9745918,45.8000099],[15.9748584,45.800026],[15.9753326,45.8000496],[15.978484,45.8002084],[15.9786005,45.8002148],[15.9786737,45.8002191],[15.9793111,45.8002494],[15.9794058,45.8002539],[15.9795101,45.8002614],[15.9805224,45.8003176],[15.9810874,45.8003429],[15.9816565,45.8003703],[15.9827977,45.8004268],[15.9839386,45.8004874],[15.9847598,45.8005291],[15.985057,45.8005432],[15.9852138,45.8005496],[15.9853648,45.8005598],[15.9856398,45.8005757],[15.9871278,45.8006543],[15.9888014,45.8007309],[15.9890114,45.8007413],[15.9892563,45.8007562],[15.9894861,45.8007699],[15.9897658,45.8007818],[15.9922224,45.8008961],[15.9946722,45.801024],[15.9950222,45.8010429]]}},{"type":"Feature","properties":{"osmId":"843570512","railway_type":"tram","name":null,"electrified":"contact_line","voltage":"600","frequency":"0","bounds":[15.9698515,45.7997711,15.9706279,45.799811],"tags":{"electrified":"contact_line","frequency":"0","gauge":"1000","oneway":"yes","operator":"Zagrebački električni tramvaj","railway":"tram","voltage":"600"}},"geometry":{"type":"LineString","coordinates":[[15.9698515,45.7997711],[15.970251,45.7997899],[15.9703776,45.7997974],[15.9706279,45.799811]]}},{"type":"Feature","properties":{"osmId":"843880098","railway_type":"tram","name":null,"electrified":"contact_line","voltage":"600","frequency":"0","bounds":[15.9921906,45.8061775,15.9923964,45.8064481],"tags":{"electrified":"contact_line","frequency":"0","gauge":"1000","oneway":"yes","operator":"Zagrebački električni tramvaj","railway":"tram","voltage":"600"}},"geometry":{"type":"LineString","coordinates":[[15.9921906,45.8061775],[15.9922372,45.8062001],[15.9922652,45.8062132],[15.9922911,45.8062267],[15.9923085,45.8062377],[15.9923311,45.8062562],[15.992343,45.8062695],[15.9923559,45.8062845],[15.9923707,45.8063037],[15.9923828,45.8063257],[15.9923894,45.8063471],[15.9923941,45.8063739],[15.9923961,45.8064204],[15.9923964,45.8064481]]}},{"type":"Feature","properties":{"osmId":"843880099","railway_type":"tram","name":null,"electrified":"contact_line","voltage":"600","frequency":"0","bounds":[15.9921261,45.8061957,15.9923378,45.8064755],"tags":{"electrified":"contact_line","frequency":"0","gauge":"1000","oneway":"yes","operator":"Zagrebački električni tramvaj","railway":"tram","voltage":"600"}},"geometry":{"type":"LineString","coordinates":[[15.9923328,45.8064755],[15.9923361,45.8064573],[15.9923378,45.8064255],[15.9923367,45.8063909],[15.9923291,45.806362],[15.9923215,45.8063376],[15.9923099,45.8063188],[15.9923016,45.8063052],[15.9922812,45.8062827],[15.9922596,45.8062623],[15.9922322,45.8062444],[15.9922023,45.8062283],[15.9921261,45.8061957]]}},{"type":"Feature","properties":{"osmId":"843880100","railway_type":"tram","name":null,"electrified":"contact_line","voltage":"600","frequency":"0","bounds":[15.9925659,45.8013567,15.995274,45.8060752],"tags":{"electrified":"contact_line","frequency":"0","gauge":"1000","oneway":"yes","operator":"Zagrebački električni tramvaj","railway":"tram","voltage":"600"}},"geometry":{"type":"LineString","coordinates":[[15.9925659,45.8060752],[15.9925972,45.806029],[15.9927925,45.8056692],[15.9930406,45.8052419],[15.993321,45.8047538],[15.993515,45.8044144],[15.9935764,45.8043169],[15.9937734,45.8039744],[15.9939585,45.8036401],[15.9939943,45.8035819],[15.9946575,45.8024384],[15.9951514,45.8015669],[15.995274,45.8013567]]}},{"type":"Feature","properties":{"osmId":"843880119","railway_type":"tram","name":null,"electrified":"contact_line","voltage":"600","frequency":"0","bounds":[15.9843674,45.8055504,15.9926006,45.8062292],"tags":{"electrified":"contact_line","frequency":"0","gauge":"1000","oneway":"yes","operator":"Zagrebački električni tramvaj","railway":"tram","voltage":"600"}},"geometry":{"type":"LineString","coordinates":[[15.9926006,45.8060947],[15.9925709,45.8061403],[15.9925382,45.806168],[15.9925282,45.8061739],[15.9924983,45.8061915],[15.9924535,45.8062131],[15.9924195,45.8062224],[15.9923952,45.8062267],[15.9923683,45.8062288],[15.9923511,45.806229],[15.992335,45.8062292],[15.9923045,45.8062279],[15.9922911,45.8062267],[15.9922704,45.8062248],[15.9922315,45.8062177],[15.9921944,45.8062094],[15.9921541,45.8062006],[15.9921261,45.8061957],[15.9918974,45.8061527],[15.9914453,45.8060832],[15.9913664,45.806072],[15.9911768,45.8060463],[15.9904031,45.8059405],[15.9902162,45.8059157],[15.9901455,45.8059074],[15.9900219,45.805893],[15.9896538,45.8058572],[15.9892556,45.8058313],[15.9884694,45.805782],[15.9883535,45.8057753],[15.9875179,45.8057269],[15.9869446,45.8056935],[15.9866962,45.8056791],[15.9865637,45.80567],[15.98647,45.8056646],[15.9852791,45.8056002],[15.9844941,45.8055573],[15.9844444,45.8055546],[15.9843674,45.8055504]]}},{"type":"Feature","properties":{"osmId":"844004219","railway_type":"tram","name":null,"electrified":"contact_line","voltage":"600","frequency":"0","bounds":[15.9666271,45.8053851,15.9780126,45.8056542],"tags":{"electrified":"contact_line","frequency":"0","gauge":"1000","oneway":"yes","operator":"Zagrebački električni tramvaj","railway":"tram","voltage":"600"}},"geometry":{"type":"LineString","coordinates":[[15.9666271,45.8053851],[15.9667891,45.8053892],[15.9668967,45.8053923],[15.9676358,45.8054133],[15.9692657,45.8054537],[15.9693534,45.8054575],[15.9694513,45.8054618],[15.9710641,45.8055079],[15.9711194,45.8055095],[15.9724512,45.805545],[15.973612,45.8055802],[15.9737576,45.8055836],[15.9739952,45.8055651],[15.9741281,45.8055596],[15.974311,45.8055624],[15.9752369,45.8055876],[15.9754389,45.8055931],[15.9757374,45.8056013],[15.9760586,45.80561],[15.976453,45.8056186],[15.9768736,45.80563],[15.9777246,45.8056542],[15.9777882,45.8056496],[15.9778369,45.8056402],[15.9778855,45.8056244],[15.9779313,45.8056028],[15.9779638,45.8055778],[15.977984,45.8055558],[15.9779999,45.8055311],[15.9780126,45.8054889]]}},{"type":"Feature","properties":{"osmId":"844004220","railway_type":"tram","name":null,"electrified":"contact_line","voltage":"600","frequency":"0","bounds":[15.9665054,45.8053923,15.9668967,45.8058266],"tags":{"electrified":"contact_line","frequency":"0","gauge":"1000","oneway":"yes","operator":"Zagrebački električni tramvaj","railway":"tram","voltage":"600"}},"geometry":{"type":"LineString","coordinates":[[15.9665473,45.8058266],[15.9665217,45.805769],[15.9665113,45.805728],[15.9665058,45.8056931],[15.9665056,45.8056661],[15.9665054,45.8056239],[15.9665089,45.8055927],[15.966511,45.8055853],[15.9665183,45.8055572],[15.9665347,45.8055282],[15.9665535,45.8055018],[15.9665591,45.8054962],[15.9665773,45.8054805],[15.966604,45.8054628],[15.9666482,45.8054426],[15.9666694,45.8054346],[15.9666882,45.8054274],[15.9667417,45.8054128],[15.9667778,45.8054042],[15.9668701,45.8053933],[15.9668967,45.8053923]]}},{"type":"Feature","properties":{"osmId":"844004221","railway_type":"tram","name":null,"electrified":null,"voltage":null,"frequency":null,"bounds":[15.9661028,45.8054237,15.9663593,45.8055495],"tags":{"oneway":"yes","railway":"tram"}},"geometry":{"type":"LineString","coordinates":[[15.9663593,45.8055495],[15.9663416,45.8055292],[15.9663206,45.8055043],[15.9662993,45.8054845],[15.9662664,45.8054631],[15.9662363,45.8054492],[15.9662078,45.8054401],[15.9661741,45.8054324],[15.9661474,45.8054289],[15.9661028,45.8054237]]}},{"type":"Feature","properties":{"osmId":"844004222","railway_type":"tram","name":null,"electrified":null,"voltage":null,"frequency":null,"bounds":[15.9660793,45.8053685,15.9664719,45.8055289],"tags":{"oneway":"yes","railway":"tram"}},"geometry":{"type":"LineString","coordinates":[[15.9660793,45.8053685],[15.9661403,45.8053765],[15.9661964,45.8053854],[15.966245,45.8053968],[15.966257,45.8054004],[15.966294,45.8054115],[15.9663172,45.8054197],[15.9663351,45.8054278],[15.9663466,45.805434],[15.9663624,45.8054405],[15.9663894,45.8054551],[15.9664145,45.8054716],[15.9664351,45.8054923],[15.9664422,45.8055],[15.9664719,45.8055289]]}},{"type":"Feature","properties":{"osmId":"844231730","railway_type":"tram","name":null,"electrified":"contact_line","voltage":"600","frequency":"0","bounds":[15.964485,45.8030567,15.9647856,45.8033371],"tags":{"electrified":"contact_line","frequency":"0","gauge":"1000","oneway":"yes","operator":"Zagrebački električni tramvaj","railway":"tram","voltage":"600"}},"geometry":{"type":"LineString","coordinates":[[15.9647834,45.8030567],[15.9647856,45.8030863],[15.9647836,45.8031241],[15.9647812,45.8031391],[15.9647754,45.8031535],[15.9647712,45.803165],[15.9647662,45.8031784],[15.964763,45.8031872],[15.9647561,45.803198],[15.9647483,45.8032103],[15.9647336,45.8032273],[15.9647137,45.803246],[15.9647039,45.8032549],[15.9646827,45.8032713],[15.9646635,45.8032821],[15.9646536,45.8032891],[15.9646043,45.8033065],[15.9645591,45.8033191],[15.964485,45.8033371]]}},{"type":"Feature","properties":{"osmId":"844231731","railway_type":"tram","name":null,"electrified":"contact_line","voltage":"600","frequency":"0","bounds":[15.9391124,45.7973766,15.964485,45.8034545],"tags":{"electrified":"contact_line","frequency":"0","gauge":"1000","oneway":"yes","operator":"Zagrebački električni tramvaj","railway":"tram","voltage":"600"}},"geometry":{"type":"LineString","coordinates":[[15.964485,45.8033371],[15.964147,45.8033647],[15.9635466,45.8034117],[15.9633981,45.8034228],[15.9630978,45.8034465],[15.96305,45.8034509],[15.9630132,45.803453],[15.9629543,45.8034544],[15.9629166,45.8034545],[15.9628821,45.8034518],[15.9628564,45.8034485],[15.9628352,45.8034455],[15.9627934,45.8034373],[15.9627615,45.8034279],[15.9627462,45.8034243],[15.9626727,45.8033977],[15.9625355,45.8033339],[15.9623956,45.8032666],[15.9622955,45.8032181],[15.9622241,45.8031848],[15.9607762,45.8024808],[15.960553,45.8023749],[15.9604008,45.8023027],[15.9597444,45.8019912],[15.9595398,45.8018979],[15.9594335,45.8018521],[15.9593673,45.8018193],[15.9590412,45.8016628],[15.95893,45.8016102],[15.9586712,45.8014878],[15.9586164,45.8014616],[15.9582433,45.8012831],[15.9580199,45.8011763],[15.957704,45.8010297],[15.9576427,45.8010014],[15.957308,45.8008484],[15.9569116,45.8007114],[15.9565229,45.8005859],[15.9562057,45.8004895],[15.9558522,45.8003941],[15.9556858,45.8003498],[15.9555342,45.8003092],[15.954838,45.800147],[15.9546736,45.8001129],[15.9544417,45.8000707],[15.9541001,45.8000045],[15.9538697,45.7999695],[15.9537998,45.7999575],[15.9535981,45.7999242],[15.9533956,45.7998936],[15.9529568,45.7998274],[15.9526125,45.7997738],[15.9523051,45.7997268],[15.9516199,45.799622],[15.9514839,45.799601],[15.9514053,45.7995887],[15.9508613,45.7994981],[15.9505313,45.7994367],[15.950181,45.7993664],[15.9498473,45.7992895],[15.9497033,45.7992536],[15.94956,45.7992154],[15.949098,45.7990842],[15.9486431,45.7989432],[15.9484251,45.7988756],[15.9481261,45.7987725],[15.9479418,45.7987098],[15.9478303,45.7986655],[15.9477095,45.798621],[15.9476184,45.7985874],[15.94712,45.7984406],[15.9469566,45.798399],[15.9468128,45.7983665],[15.9446686,45.7979899],[15.9436657,45.7978148],[15.94341,45.7977739],[15.9432537,45.7977548],[15.9430934,45.7977366],[15.9423729,45.7976774],[15.9417929,45.7976223],[15.9412231,45.7975707],[15.9404835,45.7975029],[15.9397605,45.7974347],[15.9396908,45.7974287],[15.9395934,45.7974196],[15.9391124,45.7973766]]}},{"type":"Feature","properties":{"osmId":"844231732","railway_type":"tram","name":null,"electrified":"contact_line","voltage":"600","frequency":"0","bounds":[15.964485,45.8033247,15.9649089,45.8034248],"tags":{"electrified":"contact_line","frequency":"0","gauge":"1000","oneway":"yes","operator":"Zagrebački električni tramvaj","railway":"tram","voltage":"600"}},"geometry":{"type":"LineString","coordinates":[[15.9649089,45.8034248],[15.9648786,45.8033934],[15.9648498,45.8033714],[15.9648265,45.8033562],[15.9647964,45.803343],[15.9647568,45.8033326],[15.9647181,45.8033258],[15.9646562,45.8033247],[15.9645861,45.8033288],[15.964485,45.8033371]]}},{"type":"Feature","properties":{"osmId":"845139736","railway_type":"tram","name":null,"electrified":"contact_line","voltage":"600","frequency":"0","bounds":[15.9530087,45.7770819,15.953177,45.777417],"tags":{"electrified":"contact_line","frequency":"0","gauge":"1000","oneway":"yes","operator":"Zagrebački električni tramvaj","railway":"tram","voltage":"600"}},"geometry":{"type":"LineString","coordinates":[[15.9530087,45.7770819],[15.9530625,45.777108],[15.953085,45.7771229],[15.9531045,45.77714],[15.9531286,45.7771618],[15.9531444,45.7771816],[15.9531551,45.7771975],[15.9531676,45.7772286],[15.9531722,45.7772414],[15.953177,45.7772704],[15.9531768,45.7772955],[15.9531731,45.777318],[15.9531665,45.777342],[15.953157,45.7773607],[15.9531454,45.7773804],[15.9531147,45.777417]]}},{"type":"Feature","properties":{"osmId":"845139737","railway_type":"tram","name":null,"electrified":"contact_line","voltage":"600","frequency":"0","bounds":[15.9525927,45.7775477,15.9529565,45.7776166],"tags":{"electrified":"contact_line","frequency":"0","gauge":"1000","oneway":"yes","operator":"Zagrebački električni tramvaj","railway":"tram","voltage":"600"}},"geometry":{"type":"LineString","coordinates":[[15.9529565,45.7775477],[15.9529157,45.7775741],[15.9528915,45.7775862],[15.9528701,45.7775959],[15.9528319,45.7776067],[15.952806,45.777612],[15.9527808,45.7776156],[15.9527464,45.7776166],[15.9527079,45.777615],[15.9526753,45.7776097],[15.9526365,45.7776008],[15.9525927,45.7775884]]}},{"type":"Feature","properties":{"osmId":"851524195","railway_type":"tram","name":null,"electrified":"contact_line","voltage":"600","frequency":"0","bounds":[16.0147873,45.819285,16.0152436,45.8196122],"tags":{"electrified":"contact_line","frequency":"0","gauge":"1000","oneway":"yes","operator":"Zagrebački električni tramvaj","railway":"tram","voltage":"600"}},"geometry":{"type":"LineString","coordinates":[[16.0151063,45.819285],[16.0151538,45.8193095],[16.0151754,45.8193268],[16.0151929,45.8193404],[16.0152091,45.8193604],[16.0152197,45.8193749],[16.0152237,45.8193812],[16.0152335,45.8193969],[16.015239,45.8194173],[16.0152409,45.8194279],[16.0152436,45.8194433],[16.0152434,45.8194528],[16.0152431,45.8194713],[16.015238,45.8194936],[16.0152208,45.8195208],[16.0152035,45.8195424],[16.0151872,45.819557],[16.0151643,45.8195718],[16.0151359,45.8195871],[16.015114,45.8195963],[16.015082,45.8196048],[16.0150536,45.8196097],[16.0150337,45.8196119],[16.0150099,45.8196122],[16.0149829,45.8196104],[16.014958,45.8196073],[16.0149336,45.8196019],[16.0149113,45.8195952],[16.014893,45.8195881],[16.0148686,45.8195764],[16.0148523,45.8195651],[16.0148361,45.8195531],[16.0148203,45.8195371],[16.0147873,45.8195017]]}},{"type":"Feature","properties":{"osmId":"857319487","railway_type":"tram","name":null,"electrified":"contact_line","voltage":"600","frequency":"0","bounds":[16.0350455,45.7982129,16.0356005,45.7987343],"tags":{"electrified":"contact_line","frequency":"0","gauge":"1000","oneway":"yes","operator":"Zagrebački električni tramvaj","railway":"tram","service":"siding","voltage":"600"}},"geometry":{"type":"LineString","coordinates":[[16.0350455,45.7987343],[16.0350762,45.7987057],[16.0350946,45.798676],[16.035115,45.7986316],[16.0351166,45.7986188],[16.0351211,45.7985813],[16.0351104,45.7985234],[16.0350923,45.7984401],[16.0350882,45.7984088],[16.0350889,45.7983854],[16.0350929,45.7983611],[16.0350996,45.7983424],[16.0351117,45.7983181],[16.0351231,45.7983004],[16.0351466,45.798277],[16.0351747,45.7982569],[16.0351935,45.7982457],[16.0352311,45.7982316],[16.0352519,45.798226],[16.0352773,45.798219],[16.0353042,45.7982157],[16.0353323,45.7982129],[16.0353658,45.7982134],[16.035396,45.7982157],[16.0354363,45.7982246],[16.0354678,45.798234],[16.03551,45.7982545],[16.0355335,45.7982709],[16.0355556,45.7982887],[16.035571,45.7983088],[16.0355838,45.7983303],[16.0355898,45.7983443],[16.0355992,45.7983696],[16.0356005,45.7983934],[16.0355972,45.7984191],[16.0355918,45.7984359],[16.0355827,45.7984676],[16.0355657,45.7984888],[16.0355371,45.7985155]]}},{"type":"Feature","properties":{"osmId":"863288611","railway_type":"tram","name":null,"electrified":"contact_line","voltage":"600","frequency":"0","bounds":[16.0781213,45.8274608,16.0785635,45.8278157],"tags":{"electrified":"contact_line","frequency":"0","gauge":"1000","oneway":"yes","operator":"Zagrebački električni tramvaj","railway":"tram","voltage":"600"}},"geometry":{"type":"LineString","coordinates":[[16.0785096,45.8274608],[16.0785499,45.8275498],[16.0785608,45.8275836],[16.0785635,45.8276036],[16.0785617,45.8276224],[16.0785556,45.8276523],[16.0785408,45.827679],[16.0785223,45.8276988],[16.0784962,45.8277214],[16.0784601,45.8277396],[16.0784082,45.827756],[16.0783402,45.8277718],[16.0781213,45.8278157]]}},{"type":"Feature","properties":{"osmId":"875912442","railway_type":"tram","name":null,"electrified":"contact_line","voltage":"600","frequency":"0","bounds":[15.9731836,45.853085,15.9732688,45.8555619],"tags":{"electrified":"contact_line","frequency":"0","gauge":"1000","oneway":"yes","operator":"Zagrebački električni tramvaj","railway":"tram","voltage":"600"}},"geometry":{"type":"LineString","coordinates":[[15.9731836,45.8555619],[15.9732005,45.8552966],[15.9732104,45.8551333],[15.9732141,45.8549927],[15.9732181,45.854869],[15.9732194,45.8547258],[15.9732392,45.8539663],[15.9732398,45.8539088],[15.9732541,45.8535777],[15.9732617,45.8533113],[15.9732688,45.853085]]}},{"type":"Feature","properties":{"osmId":"881902115","railway_type":"tram","name":null,"electrified":"contact_line","voltage":"600","frequency":"0","bounds":[15.9455508,45.7862871,15.9523983,45.78815],"tags":{"electrified":"contact_line","frequency":"0","gauge":"1000","oneway":"yes","operator":"Zagrebački električni tramvaj","railway":"tram","voltage":"600"}},"geometry":{"type":"LineString","coordinates":[[15.9455508,45.78815],[15.9455955,45.7881454],[15.9456413,45.788138],[15.9456988,45.7881266],[15.9457446,45.7881138],[15.9457912,45.7880963],[15.9458322,45.7880782],[15.9458755,45.788055],[15.9459115,45.7880322],[15.9459461,45.7880046],[15.9459759,45.7879798],[15.9461208,45.7878278],[15.9462784,45.7876758],[15.9463374,45.787623],[15.9463971,45.7875739],[15.9464936,45.7874967],[15.94656,45.7874472],[15.9466532,45.7873817],[15.9467672,45.7873059],[15.9468678,45.7872442],[15.9469617,45.7871909],[15.9470522,45.7871418],[15.9472695,45.7870324],[15.9474646,45.786944],[15.9476684,45.7868547],[15.9480004,45.7867224],[15.9482874,45.7866116],[15.9484134,45.7865611],[15.9485301,45.7865232],[15.9486803,45.7864732],[15.9487856,45.7864446],[15.948919,45.78641],[15.9490545,45.7863806],[15.9491758,45.7863577],[15.9493039,45.7863371],[15.9494213,45.7863221],[15.9495594,45.7863058],[15.9496915,45.786295],[15.9498216,45.7862889],[15.9500395,45.7862871],[15.9501434,45.7862899],[15.9502366,45.7862936],[15.950355,45.7863013],[15.9504741,45.7863123],[15.9505922,45.7863269],[15.9507282,45.7863504],[15.9509906,45.7863982],[15.9512208,45.7864468],[15.9516827,45.7865453],[15.9517874,45.7865669],[15.9520285,45.7866198],[15.9522969,45.7866767],[15.9523983,45.7866982]]}},{"type":"Feature","properties":{"osmId":"881902117","railway_type":"tram","name":null,"electrified":"contact_line","voltage":"600","frequency":"0","bounds":[15.9455269,45.7863291,15.9523763,45.7881885],"tags":{"electrified":"contact_line","frequency":"0","gauge":"1000","oneway":"yes","operator":"Zagrebački električni tramvaj","railway":"tram","voltage":"600"}},"geometry":{"type":"LineString","coordinates":[[15.9523763,45.7867349],[15.9523018,45.7867188],[15.9517671,45.7866029],[15.9517061,45.7865896],[15.9512269,45.7864856],[15.950909,45.786426],[15.9507762,45.7864001],[15.9506603,45.7863803],[15.9505284,45.786363],[15.9503922,45.7863482],[15.9502506,45.7863365],[15.9501515,45.7863322],[15.9499763,45.7863291],[15.9498737,45.7863291],[15.9497896,45.7863322],[15.9496198,45.7863408],[15.949526,45.7863488],[15.9494225,45.7863618],[15.9492517,45.7863871],[15.9491039,45.7864142],[15.9489287,45.7864476],[15.9487969,45.7864821],[15.9486332,45.7865302],[15.9485146,45.7865703],[15.9483864,45.7866191],[15.9480456,45.7867497],[15.9476837,45.7868953],[15.9472725,45.7870815],[15.9471438,45.7871454],[15.9470234,45.7872127],[15.9468314,45.7873268],[15.9467182,45.7874009],[15.9466005,45.7874854],[15.9464802,45.7875743],[15.9463713,45.7876656],[15.9462192,45.787805],[15.9460269,45.7879958],[15.9460067,45.7880149],[15.9459755,45.7880418],[15.9459437,45.7880637],[15.9459056,45.7880871],[15.9458627,45.7881082],[15.9458133,45.7881301],[15.9457675,45.7881464],[15.9457189,45.7881601],[15.9456734,45.7881697],[15.9456086,45.7881805],[15.9455657,45.788186],[15.9455269,45.7881885]]}},{"type":"Feature","properties":{"osmId":"886539232","railway_type":"tram","name":null,"electrified":"contact_line","voltage":"600","frequency":"0","bounds":[16.0388467,45.821239,16.0403476,45.8214424],"tags":{"electrified":"contact_line","frequency":"0","gauge":"1000","operator":"Zagrebački električni tramvaj","railway":"tram","railway:operator":"Zagrebački električni tramvaj","service":"yard","voltage":"600"}},"geometry":{"type":"LineString","coordinates":[[16.0403476,45.821239],[16.0403314,45.8212844],[16.0403132,45.8213177],[16.0402932,45.8213447],[16.0402641,45.8213714],[16.040229,45.8213934],[16.0401867,45.821413],[16.0401395,45.8214287],[16.0400913,45.8214384],[16.0400466,45.8214424],[16.0399906,45.8214416],[16.0399343,45.8214357],[16.0396045,45.8213771],[16.0394684,45.8213527],[16.0388467,45.8212412]]}},{"type":"Feature","properties":{"osmId":"927246887","railway_type":"tram","name":null,"electrified":"contact_line","voltage":"600","frequency":"0","bounds":[16.0382125,45.8210935,16.0387,45.8212457],"tags":{"electrified":"contact_line","frequency":"0","gauge":"1000","operator":"Zagrebački električni tramvaj","railway":"tram","railway:operator":"Zagrebački električni tramvaj","service":"yard","voltage":"600"}},"geometry":{"type":"LineString","coordinates":[[16.0387,45.8212457],[16.0384836,45.8211744],[16.0382125,45.8210935]]}},{"type":"Feature","properties":{"osmId":"927246888","railway_type":"tram","name":null,"electrified":null,"voltage":null,"frequency":null,"bounds":[16.0388298,45.8192267,16.0398894,45.8209745],"tags":{"gauge":"1000","operator":"Zagrebački električni tramvaj","railway":"tram","railway:operator":"Zagrebački električni tramvaj","service":"yard"}},"geometry":{"type":"LineString","coordinates":[[16.0398894,45.819233],[16.039832,45.8192277],[16.0397896,45.8192267],[16.0397568,45.819228],[16.0396546,45.8192333],[16.0396043,45.8192379],[16.0395531,45.8192474],[16.0395049,45.8192628],[16.0394592,45.8192864],[16.0394186,45.819316],[16.0393874,45.8193472],[16.0393626,45.8193806],[16.0393459,45.8194203],[16.0388592,45.8209177],[16.0388485,45.8209421],[16.0388298,45.8209745]]}},{"type":"Feature","properties":{"osmId":"1055091751","railway_type":"tram","name":null,"electrified":null,"voltage":null,"frequency":null,"bounds":[15.9390545,45.7957433,15.9392999,45.795863],"tags":{"gauge":"1000","operator":"Zagrebački električni tramvaj","railway":"tram","service":"yard"}},"geometry":{"type":"LineString","coordinates":[[15.9390545,45.7957433],[15.9391062,45.7957475],[15.9391505,45.7957557],[15.9391918,45.79577],[15.9392298,45.7957892],[15.9392531,45.7958064],[15.9392757,45.7958285],[15.9392999,45.795863]]}},{"type":"Feature","properties":{"osmId":"1055091752","railway_type":"tram","name":null,"electrified":null,"voltage":null,"frequency":null,"bounds":[15.9383922,45.7957056,15.9385963,45.7957167],"tags":{"gauge":"1000","operator":"Zagrebački električni tramvaj","railway":"tram","service":"yard"}},"geometry":{"type":"LineString","coordinates":[[15.9383922,45.7957056],[15.9385963,45.7957167]]}},{"type":"Feature","properties":{"osmId":"1076060112","railway_type":"tram","name":null,"electrified":null,"voltage":null,"frequency":null,"bounds":[16.0388645,45.8191213,16.0392739,45.8193693],"tags":{"gauge":"1000","operator":"Zagrebački električni tramvaj","railway":"tram","railway:operator":"Zagrebački električni tramvaj","service":"yard"}},"geometry":{"type":"LineString","coordinates":[[16.0392739,45.8191272],[16.0392294,45.8191223],[16.0391951,45.8191213],[16.039139,45.8191251],[16.0390803,45.8191383],[16.0390273,45.8191583],[16.0389837,45.8191815],[16.038947,45.8192096],[16.0389149,45.8192435],[16.0388955,45.819279],[16.0388827,45.8193128],[16.0388645,45.8193693]]}},{"type":"Feature","properties":{"osmId":"1098657675","railway_type":"tram","name":null,"electrified":"contact_line","voltage":"600","frequency":"0","bounds":[15.9524156,45.7809062,15.9525467,45.7816191],"tags":{"bridge":"yes","electrified":"contact_line","frequency":"0","gauge":"1000","layer":"1","oneway":"yes","operator":"Zagrebački električni tramvaj","railway":"tram","voltage":"600"}},"geometry":{"type":"LineString","coordinates":[[15.9525467,45.7809062],[15.9524481,45.7814351],[15.9524156,45.7816191]]}},{"type":"Feature","properties":{"osmId":"1098657676","railway_type":"tram","name":null,"electrified":"contact_line","voltage":"600","frequency":"0","bounds":[15.952363,45.7808817,15.9524963,45.7815946],"tags":{"bridge":"yes","electrified":"contact_line","frequency":"0","gauge":"1000","layer":"1","oneway":"yes","operator":"Zagrebački električni tramvaj","railway":"tram","voltage":"600"}},"geometry":{"type":"LineString","coordinates":[[15.952363,45.7815946],[15.9524963,45.7808817]]}},{"type":"Feature","properties":{"osmId":"1110278965","railway_type":"tram","name":null,"electrified":"contact_line","voltage":"600","frequency":"0","bounds":[16.077859,45.8277469,16.0780967,45.8277965],"tags":{"electrified":"contact_line","frequency":"0","gauge":"1000","oneway":"yes","operator":"Zagrebački električni tramvaj","railway":"tram","voltage":"600"}},"geometry":{"type":"LineString","coordinates":[[16.0780967,45.8277469],[16.077859,45.8277965]]}},{"type":"Feature","properties":{"osmId":"1110278966","railway_type":"tram","name":null,"electrified":"contact_line","voltage":"600","frequency":"0","bounds":[16.077899,45.8278157,16.0781213,45.8278613],"tags":{"electrified":"contact_line","frequency":"0","gauge":"1000","oneway":"yes","operator":"Zagrebački električni tramvaj","railway":"tram","voltage":"600"}},"geometry":{"type":"LineString","coordinates":[[16.0781213,45.8278157],[16.077899,45.8278613]]}},{"type":"Feature","properties":{"osmId":"1110283913","railway_type":"tram","name":null,"electrified":"contact_line","voltage":"600","frequency":"0","bounds":[16.0371654,45.8244427,16.0376194,45.8245404],"tags":{"electrified":"contact_line","frequency":"0","gauge":"1000","oneway":"yes","operator":"Zagrebački električni tramvaj","railway":"tram","voltage":"600"}},"geometry":{"type":"LineString","coordinates":[[16.0371654,45.8244427],[16.0376194,45.8245404]]}},{"type":"Feature","properties":{"osmId":"1110283914","railway_type":"tram","name":null,"electrified":"contact_line","voltage":"600","frequency":"0","bounds":[16.0371847,45.8243792,16.0376447,45.8244792],"tags":{"electrified":"contact_line","frequency":"0","gauge":"1000","oneway":"yes","operator":"Zagrebački električni tramvaj","railway":"tram","voltage":"600"}},"geometry":{"type":"LineString","coordinates":[[16.0371847,45.8243792],[16.0376447,45.8244792]]}},{"type":"Feature","properties":{"osmId":"1134782969","railway_type":"tram","name":null,"electrified":"contact_line","voltage":"600","frequency":"0","bounds":[15.9525927,45.7775884,15.9527715,45.7777754],"tags":{"electrified":"contact_line","frequency":"0","gauge":"1000","oneway":"yes","operator":"Zagrebački električni tramvaj","railway":"tram","voltage":"600"}},"geometry":{"type":"LineString","coordinates":[[15.9527715,45.7777754],[15.9527573,45.7777347],[15.9527445,45.7777106],[15.9527306,45.7776906],[15.9527117,45.7776698],[15.9526956,45.7776527],[15.9526595,45.7776248],[15.9526435,45.7776133],[15.952619,45.7776006],[15.9525927,45.7775884]]}},{"type":"Feature","properties":{"osmId":"1134782971","railway_type":"tram","name":null,"electrified":"contact_line","voltage":"600","frequency":"0","bounds":[15.953454,45.7771868,15.953685,45.7771934],"tags":{"electrified":"contact_line","frequency":"0","gauge":"1000","oneway":"yes","operator":"Zagrebački električni tramvaj","railway":"tram","voltage":"600"}},"geometry":{"type":"LineString","coordinates":[[15.953454,45.7771934],[15.953685,45.7771868]]}},{"type":"Feature","properties":{"osmId":"1149177906","railway_type":"tram","name":null,"electrified":"contact_line","voltage":"600","frequency":"0","bounds":[16.0145107,45.8192495,16.0147873,45.8195017],"tags":{"electrified":"contact_line","frequency":"0","gauge":"1000","oneway":"yes","operator":"Zagrebački električni tramvaj","railway":"tram","voltage":"600"}},"geometry":{"type":"LineString","coordinates":[[16.0147873,45.8195017],[16.0147039,45.8193937],[16.0146501,45.8193328],[16.0146261,45.8193125],[16.0146175,45.8193052],[16.0145733,45.8192765],[16.0145474,45.8192655],[16.0145107,45.8192495]]}},{"type":"Feature","properties":{"osmId":"1222950702","railway_type":"tram","name":null,"electrified":"contact_line","voltage":"600","frequency":"0","bounds":[16.0371333,45.8206466,16.0373775,45.8208719],"tags":{"electrified":"contact_line","frequency":"0","gauge":"1000","operator":"Zagrebački električni tramvaj","railway":"tram","railway:operator":"Zagrebački električni tramvaj","service":"yard","voltage":"600"}},"geometry":{"type":"LineString","coordinates":[[16.0373775,45.8208719],[16.0373132,45.8208598],[16.037293,45.820855],[16.0372498,45.8208389],[16.0372203,45.8208225],[16.0372104,45.8208146],[16.0372001,45.8208064],[16.0371736,45.8207814],[16.037149,45.8207492],[16.037145,45.8207367],[16.0371397,45.8207201],[16.0371333,45.8206906],[16.0371344,45.8206466]]}},{"type":"Feature","properties":{"osmId":"1242807200","railway_type":"tram","name":null,"electrified":"contact_line","voltage":"600","frequency":"0","bounds":[15.9516472,45.7851715,15.951705,45.7856236],"tags":{"electrified":"contact_line","frequency":"0","gauge":"1000","oneway":"yes","operator":"Zagrebački električni tramvaj","railway":"tram","voltage":"600"}},"geometry":{"type":"LineString","coordinates":[[15.9516472,45.7856236],[15.9516554,45.7855499],[15.951705,45.7851715]]}},{"type":"Feature","properties":{"osmId":"1242807202","railway_type":"tram","name":null,"electrified":"contact_line","voltage":"600","frequency":"0","bounds":[15.9517006,45.7851946,15.9517554,45.7856321],"tags":{"electrified":"contact_line","frequency":"0","gauge":"1000","oneway":"yes","operator":"Zagrebački električni tramvaj","railway":"tram","voltage":"600"}},"geometry":{"type":"LineString","coordinates":[[15.9517554,45.7851946],[15.9517292,45.7853712],[15.9517153,45.7854804],[15.9517052,45.7855933],[15.9517006,45.7856321]]}},{"type":"Feature","properties":{"osmId":"1244907175","railway_type":"tram","name":null,"electrified":"contact_line","voltage":"600","frequency":"0","bounds":[15.952913,45.7856386,15.9531796,45.7860296],"tags":{"electrified":"contact_line","frequency":"0","gauge":"1000","oneway":"yes","operator":"Zagrebački električni tramvaj","railway":"tram","voltage":"600"}},"geometry":{"type":"LineString","coordinates":[[15.952913,45.7856386],[15.9529278,45.7856586],[15.9531796,45.7860296]]}},{"type":"Feature","properties":{"osmId":"1290272570","railway_type":"tram","name":null,"electrified":"contact_line","voltage":"600","frequency":"0","bounds":[16.0012405,45.7811235,16.0018247,45.783269],"tags":{"bridge":"yes","electrified":"contact_line","frequency":"0","gauge":"1000","layer":"1","oneway":"yes","operator":"Zagrebački električni tramvaj","railway":"tram","voltage":"600"}},"geometry":{"type":"LineString","coordinates":[[16.0018247,45.783269],[16.001685,45.7830303],[16.0016379,45.7829331],[16.0015899,45.7828354],[16.001519,45.7826725],[16.0014546,45.7825035],[16.0014149,45.7823987],[16.0013586,45.7822162],[16.0013159,45.7820229],[16.001286,45.781864],[16.0012695,45.7817563],[16.0012594,45.7816751],[16.0012472,45.781488],[16.0012405,45.7813546],[16.0012438,45.7811235]]}},{"type":"Feature","properties":{"osmId":"1290272571","railway_type":"tram","name":null,"electrified":"contact_line","voltage":"600","frequency":"0","bounds":[16.0012882,45.7811234,16.0018642,45.7832522],"tags":{"bridge":"yes","electrified":"contact_line","frequency":"0","gauge":"1000","layer":"1","oneway":"yes","operator":"Zagrebački električni tramvaj","railway":"tram","voltage":"600"}},"geometry":{"type":"LineString","coordinates":[[16.001294,45.7811234],[16.0012882,45.7813421],[16.0012943,45.7815129],[16.0013103,45.7816727],[16.0013355,45.781858],[16.0013747,45.782075],[16.0014088,45.7822272],[16.0014559,45.7823747],[16.0015032,45.7825136],[16.0015634,45.7826646],[16.0016295,45.7828112],[16.0017007,45.7829604],[16.0018642,45.7832522]]}},{"type":"Feature","properties":{"osmId":"1290272573","railway_type":"tram","name":null,"electrified":"contact_line","voltage":"600","frequency":"0","bounds":[16.0018247,45.783269,16.0019381,45.7834613],"tags":{"electrified":"contact_line","embankment":"yes","frequency":"0","gauge":"1000","oneway":"yes","operator":"Zagrebački električni tramvaj","railway":"tram","voltage":"600"}},"geometry":{"type":"LineString","coordinates":[[16.0019381,45.7834613],[16.0018247,45.783269]]}},{"type":"Feature","properties":{"osmId":"1290272574","railway_type":"tram","name":null,"electrified":"contact_line","voltage":"600","frequency":"0","bounds":[16.0018642,45.7832522,16.0019796,45.7834442],"tags":{"electrified":"contact_line","embankment":"yes","frequency":"0","gauge":"1000","oneway":"yes","operator":"Zagrebački električni tramvaj","railway":"tram","voltage":"600"}},"geometry":{"type":"LineString","coordinates":[[16.0018642,45.7832522],[16.0019796,45.7834442]]}},{"type":"Feature","properties":{"osmId":"1290272593","railway_type":"tram","name":null,"electrified":"contact_line","voltage":"600","frequency":"0","bounds":[16.0034814,45.7861167,16.003941,45.7869692],"tags":{"bridge":"yes","electrified":"contact_line","frequency":"0","gauge":"1000","layer":"1","oneway":"yes","operator":"Zagrebački električni tramvaj","railway":"tram","voltage":"600"}},"geometry":{"type":"LineString","coordinates":[[16.003941,45.7869692],[16.003875,45.786824],[16.0037998,45.7866742],[16.0036955,45.7864871],[16.0034814,45.7861167]]}},{"type":"Feature","properties":{"osmId":"1290272594","railway_type":"tram","name":null,"electrified":"contact_line","voltage":"600","frequency":"0","bounds":[16.0035203,45.7861,16.0039879,45.7869591],"tags":{"bridge":"yes","electrified":"contact_line","frequency":"0","gauge":"1000","layer":"1","oneway":"yes","operator":"Zagrebački električni tramvaj","railway":"tram","voltage":"600"}},"geometry":{"type":"LineString","coordinates":[[16.0035203,45.7861],[16.0037492,45.7864916],[16.0038415,45.7866577],[16.0039142,45.7868016],[16.0039879,45.7869591]]}},{"type":"Feature","properties":{"osmId":"1290272599","railway_type":"tram","name":null,"electrified":"contact_line","voltage":"600","frequency":"0","bounds":[16.0034047,45.785902,16.0035203,45.7861],"tags":{"electrified":"contact_line","embankment":"yes","frequency":"0","gauge":"1000","oneway":"yes","operator":"Zagrebački električni tramvaj","railway":"tram","voltage":"600"}},"geometry":{"type":"LineString","coordinates":[[16.0034047,45.785902],[16.0035203,45.7861]]}},{"type":"Feature","properties":{"osmId":"1290272600","railway_type":"tram","name":null,"electrified":"contact_line","voltage":"600","frequency":"0","bounds":[16.0033679,45.7859176,16.0034814,45.7861167],"tags":{"electrified":"contact_line","embankment":"yes","frequency":"0","gauge":"1000","oneway":"yes","operator":"Zagrebački električni tramvaj","railway":"tram","voltage":"600"}},"geometry":{"type":"LineString","coordinates":[[16.0034814,45.7861167],[16.0033679,45.7859176]]}},{"type":"Feature","properties":{"osmId":"1290286515","railway_type":"tram","name":null,"electrified":"contact_line","voltage":"600","frequency":"0","bounds":[15.9517337,45.7847012,15.9517884,45.7849982],"tags":{"electrified":"contact_line","embankment":"yes","frequency":"0","gauge":"1000","oneway":"yes","operator":"Zagrebački električni tramvaj","railway":"tram","voltage":"600"}},"geometry":{"type":"LineString","coordinates":[[15.9517337,45.7849982],[15.9517604,45.784861],[15.9517643,45.784837],[15.9517884,45.7847012]]}},{"type":"Feature","properties":{"osmId":"1290286516","railway_type":"tram","name":null,"electrified":"contact_line","voltage":"600","frequency":"0","bounds":[15.9517843,45.7847252,15.9518371,45.7850248],"tags":{"electrified":"contact_line","embankment":"yes","frequency":"0","gauge":"1000","oneway":"yes","operator":"Zagrebački električni tramvaj","railway":"tram","voltage":"600"}},"geometry":{"type":"LineString","coordinates":[[15.9518371,45.7847252],[15.9518122,45.78486],[15.9517843,45.7850248]]}},{"type":"Feature","properties":{"osmId":"1290286532","railway_type":"tram","name":null,"electrified":"contact_line","voltage":"600","frequency":"0","bounds":[15.9523122,45.7815946,15.952363,45.7818813],"tags":{"electrified":"contact_line","embankment":"yes","frequency":"0","gauge":"1000","oneway":"yes","operator":"Zagrebački električni tramvaj","railway":"tram","voltage":"600"}},"geometry":{"type":"LineString","coordinates":[[15.9523122,45.7818813],[15.952363,45.7815946]]}},{"type":"Feature","properties":{"osmId":"1290286533","railway_type":"tram","name":null,"electrified":"contact_line","voltage":"600","frequency":"0","bounds":[15.9523608,45.7816191,15.9524156,45.7819066],"tags":{"electrified":"contact_line","embankment":"yes","frequency":"0","gauge":"1000","oneway":"yes","operator":"Zagrebački električni tramvaj","railway":"tram","voltage":"600"}},"geometry":{"type":"LineString","coordinates":[[15.9524156,45.7816191],[15.9524043,45.7816802],[15.9523608,45.7819066]]}},{"type":"Feature","properties":{"osmId":"1290286536","railway_type":"tram","name":null,"electrified":"contact_line","voltage":"600","frequency":"0","bounds":[15.951705,45.7849982,15.9517337,45.7851715],"tags":{"bridge":"yes","electrified":"contact_line","frequency":"0","gauge":"1000","layer":"1","oneway":"yes","operator":"Zagrebački električni tramvaj","railway":"tram","voltage":"600"}},"geometry":{"type":"LineString","coordinates":[[15.951705,45.7851715],[15.9517337,45.7849982]]}},{"type":"Feature","properties":{"osmId":"1290286537","railway_type":"tram","name":null,"electrified":"contact_line","voltage":"600","frequency":"0","bounds":[15.9517554,45.7850248,15.9517843,45.7851946],"tags":{"bridge":"yes","electrified":"contact_line","frequency":"0","gauge":"1000","layer":"1","oneway":"yes","operator":"Zagrebački električni tramvaj","railway":"tram","voltage":"600"}},"geometry":{"type":"LineString","coordinates":[[15.9517843,45.7850248],[15.951767,45.7851266],[15.9517554,45.7851946]]}},{"type":"Feature","properties":{"osmId":"1348329651","railway_type":"tram","name":null,"electrified":"contact_line","voltage":"600","frequency":"0","bounds":[15.9741831,45.8416456,15.9746348,45.8424449],"tags":{"electrified":"contact_line","frequency":"0","gauge":"1000","oneway":"yes","operator":"Zagrebački električni tramvaj","railway":"tram","voltage":"600"}},"geometry":{"type":"LineString","coordinates":[[15.9744475,45.8424449],[15.9743722,45.8424229],[15.974297,45.8423968],[15.9742574,45.8423766],[15.9742287,45.8423516],[15.9742079,45.8423236],[15.974193,45.8422968],[15.9741846,45.8422706],[15.9741831,45.8422381],[15.974192,45.8422061],[15.9742052,45.8421837],[15.974389,45.8419521],[15.9746348,45.8416456]]}},{"type":"Feature","properties":{"osmId":"1348329653","railway_type":"tram","name":null,"electrified":"contact_line","voltage":"600","frequency":"0","bounds":[15.9746348,45.841396,15.9749289,45.8416456],"tags":{"electrified":"contact_line","frequency":"0","gauge":"1000","oneway":"yes","operator":"Zagrebački električni tramvaj","railway":"tram","voltage":"600"}},"geometry":{"type":"LineString","coordinates":[[15.9746348,45.8416456],[15.9746822,45.8415833],[15.9747304,45.8415363],[15.974789,45.8414927],[15.9748378,45.8414605],[15.97488,45.8414337],[15.9749289,45.841396]]}},{"type":"Feature","properties":{"osmId":"1355240319","railway_type":"tram","name":null,"electrified":"yes","voltage":null,"frequency":null,"bounds":[15.8649821,45.8033088,15.865492,45.8040989],"tags":{"electrified":"yes","gauge":"1000","railway":"tram","service":"spur"}},"geometry":{"type":"LineString","coordinates":[[15.8649821,45.8033165],[15.8650402,45.8033111],[15.8650866,45.8033088],[15.8651111,45.8033101],[15.8651363,45.8033137],[15.8651662,45.8033211],[15.8651929,45.8033302],[15.8652181,45.8033422],[15.8652404,45.803356],[15.8652616,45.8033728],[15.8652791,45.8033908],[15.8652908,45.8034061],[15.8653011,45.8034265],[15.8653095,45.8034482],[15.8653826,45.803721],[15.865492,45.8040989]]}},{"type":"Feature","properties":{"osmId":"1372793278","railway_type":"tram","name":null,"electrified":"contact_line","voltage":"600","frequency":"0","bounds":[15.9747143,45.841396,15.9749289,45.841665],"tags":{"electrified":"contact_line","frequency":"0","gauge":"1000","oneway":"yes","operator":"Zagrebački električni tramvaj","railway":"tram","voltage":"600"}},"geometry":{"type":"LineString","coordinates":[[15.9747143,45.841665],[15.9748398,45.8415072],[15.9749289,45.841396]]}},{"type":"Feature","properties":{"osmId":"1408638679","railway_type":"tram","name":null,"electrified":"contact_line","voltage":"600","frequency":"0","bounds":[15.9749289,45.8366416,15.9774073,45.841396],"tags":{"electrified":"contact_line","frequency":"0","gauge":"1000","oneway":"yes","operator":"Zagrebački električni tramvaj","railway":"tram","voltage":"600"}},"geometry":{"type":"LineString","coordinates":[[15.9749289,45.841396],[15.9749852,45.8413188],[15.9750692,45.8412044],[15.9750823,45.8411878],[15.9754147,45.8407507],[15.9755528,45.8405439],[15.9756765,45.8403547],[15.9757453,45.8402377],[15.9758103,45.84012],[15.9759163,45.8399332],[15.9761016,45.8396134],[15.9761793,45.8394778],[15.9763344,45.8392118],[15.9764989,45.838931],[15.9766317,45.8386936],[15.9767591,45.8384536],[15.9768374,45.8383057],[15.9769366,45.8380922],[15.9770318,45.837868],[15.9771217,45.8376408],[15.9771812,45.8374739],[15.9772419,45.8372878],[15.9772781,45.8371692],[15.9773475,45.8369017],[15.9773862,45.8367406],[15.9774073,45.8366416]]}},{"type":"Feature","properties":{"osmId":"1408638680","railway_type":"tram","name":null,"electrified":"contact_line","voltage":"600","frequency":"0","bounds":[15.974804,45.8366417,15.9774461,45.8416147],"tags":{"electrified":"contact_line","frequency":"0","gauge":"1000","oneway":"yes","operator":"Zagrebački električni tramvaj","railway":"tram","voltage":"600"}},"geometry":{"type":"LineString","coordinates":[[15.9774461,45.8366417],[15.9774424,45.8366563],[15.9774205,45.8367428],[15.9773822,45.8369056],[15.9773454,45.8370571],[15.9772844,45.8372449],[15.9772108,45.8374861],[15.9771538,45.8376449],[15.9770671,45.8378706],[15.9769663,45.8380942],[15.9768887,45.8382702],[15.9768201,45.8384102],[15.9766987,45.838622],[15.9766224,45.8387748],[15.9764687,45.8390373],[15.9763336,45.8392799],[15.9761358,45.8395928],[15.9761221,45.8396187],[15.9759297,45.8399536],[15.9758332,45.8401365],[15.9757305,45.840324],[15.9756695,45.840415],[15.9756203,45.8404984],[15.9755266,45.8406392],[15.9754005,45.8408207],[15.9751796,45.841116],[15.9751267,45.8411875],[15.9751137,45.8412051],[15.9750981,45.8412262],[15.9750214,45.8413299],[15.9748272,45.841583],[15.974804,45.8416147]]}},{"type":"Feature","properties":{"osmId":"1408638683","railway_type":"tram","name":null,"electrified":"contact_line","voltage":"600","frequency":"0","bounds":[15.9794466,45.8139833,15.9832686,45.8190658],"tags":{"electrified":"contact_line","frequency":"0","gauge":"1000","oneway":"yes","operator":"Zagrebački električni tramvaj","railway":"tram","voltage":"600"}},"geometry":{"type":"LineString","coordinates":[[15.9794466,45.8190658],[15.9795271,45.8189204],[15.9796436,45.8187262],[15.979791,45.8184845],[15.9799957,45.8181409],[15.9801501,45.8178894],[15.9802429,45.817753],[15.980463,45.8174009],[15.9805857,45.8172346],[15.9809229,45.8168198],[15.9810325,45.8166779],[15.981204,45.8163991],[15.9812417,45.8163194],[15.981616,45.8155588],[15.9818178,45.8151393],[15.9818495,45.8150814],[15.9819076,45.8149653],[15.9819328,45.8149243],[15.9819657,45.814879],[15.982,45.8148396],[15.9820375,45.8148064],[15.9821198,45.8147454],[15.9822888,45.814634],[15.9825257,45.8144922],[15.9826031,45.814447],[15.9826999,45.8143904],[15.9829863,45.8142213],[15.9831471,45.8141199],[15.9832014,45.8140699],[15.9832373,45.8140309],[15.9832532,45.8140078],[15.9832686,45.8139833]]}},{"type":"Feature","properties":{"osmId":"1408638684","railway_type":"tram","name":null,"electrified":"contact_line","voltage":"600","frequency":"0","bounds":[15.9795027,45.8139525,15.9834058,45.8191281],"tags":{"electrified":"contact_line","frequency":"0","gauge":"1000","oneway":"yes","operator":"Zagrebački električni tramvaj","railway":"tram","voltage":"600"}},"geometry":{"type":"LineString","coordinates":[[15.9834058,45.8139525],[15.9833917,45.813982],[15.9833764,45.8140079],[15.9833579,45.8140377],[15.9833305,45.81407],[15.9832416,45.8141489],[15.9831835,45.8141858],[15.9831127,45.8142284],[15.9830527,45.8142637],[15.9827553,45.8144424],[15.9826611,45.8144977],[15.9825819,45.8145443],[15.9823551,45.814675],[15.9821719,45.8147948],[15.9820782,45.8148723],[15.9820153,45.8149492],[15.9819056,45.8151596],[15.9816896,45.8155871],[15.9815111,45.815947],[15.9813184,45.816338],[15.9812096,45.8165483],[15.9809959,45.8168584],[15.9806515,45.8172519],[15.9805302,45.8174237],[15.9803076,45.8177769],[15.9798216,45.8185943],[15.9796153,45.8189467],[15.9795605,45.8190376],[15.9795027,45.8191281]]}},{"type":"Feature","properties":{"osmId":"1501131901","railway_type":"tram","name":null,"electrified":"contact_line","voltage":"600","frequency":"0","bounds":[15.9371003,45.7967711,15.9371329,45.7969377],"tags":{"covered":"yes","electrified":"contact_line","frequency":"0","gauge":"1000","oneway":"yes","operator":"Zagrebački električni tramvaj","railway":"tram","service":"yard","voltage":"600"}},"geometry":{"type":"LineString","coordinates":[[15.9371329,45.7967711],[15.9371265,45.7967854],[15.9371003,45.7969377]]}},{"type":"Feature","properties":{"osmId":"1501131902","railway_type":"tram","name":null,"electrified":"contact_line","voltage":"600","frequency":"0","bounds":[15.9370513,45.7967665,15.9370841,45.7969333],"tags":{"covered":"yes","electrified":"contact_line","frequency":"0","gauge":"1000","oneway":"yes","operator":"Zagrebački električni tramvaj","railway":"tram","service":"yard","voltage":"600"}},"geometry":{"type":"LineString","coordinates":[[15.9370513,45.7969333],[15.9370841,45.7967665]]}}]}
